{
  "task": "square",
  "num_episodes": 5,
  "seed": 42,
  "half_epsilon": 1.25,
  "success_rate": 0.0,
  "mean_speed_util_in_band": 0.953342231131224,
  "mean_progress_per_step": 0.0,
  "max_abs_e_n": 1.2976868276470608,
  "rmse_e_n": 0.34341876070499733,
  "p95_abs_e_n": 0.9542305797737983,
  "p95_abs_dkappa_exec": 2.23445742854949,
  "mean_steps": 63.0,
  "cap_ang_active_ratio": 0.5079365079365079,
  "mean_v_ratio_cap_ang": 0.4820085371809218,
  "mean_v_ratio_cap_brake": 0.20308777138726025,
  "mean_v_ratio_cap_final": 0.01946878557392652,
  "stall_rate": 0.0
}