step,x,y,velocity
0,-56.3190728230,19.3358030640,0.0000000000
1,-56.3190545304,19.3358111498,0.0200000000
2,-56.3189995523,19.3358351790,0.0600000000
3,-56.3188891245,19.3358821440,0.1200000000
4,-56.3187046427,19.3359593869,0.2000000000
5,-56.3184271958,19.3360735063,0.3000000000
6,-56.3180379071,19.3362311588,0.4200000000
7,-56.3175186691,19.3364409011,0.5600000000
8,-56.3168499803,19.3367078381,0.7200000000
9,-56.3160141544,19.3370415972,0.9000000000
10,-56.3149927081,19.3374498219,1.1000000000
11,-56.3137673625,19.3379406662,1.3200000000
12,-56.3123190027,19.3385201952,1.5600000000
13,-56.3106290037,19.3391956975,1.8200000000
14,-56.3086790832,19.3399753192,2.1000000000
15,-56.3064503261,19.3408656237,2.4000000000
16,-56.3039245918,19.3418751116,2.7200000000
17,-56.3010838717,19.3430126130,3.0600000000
18,-56.2979030784,19.3442691774,3.4200000000
19,-56.2943692509,19.3456663399,3.8000000000
20,-56.2904620242,19.3472069824,4.2000000000
21,-56.2861683249,19.3489124285,4.6200000000
22,-56.2814619761,19.3507708907,5.0600000000
23,-56.2763195550,19.3527773564,5.5200000000
24,-56.2707348596,19.3549707961,6.0000000000
25,-56.2646772013,19.3573276532,6.5000000000
26,-56.2581401637,19.3598864692,7.0200000000
27,-56.2510941735,19.3626264734,7.5600000000
28,-56.2435270545,19.3655714877,8.1200000000
29,-56.2354107513,19.3687044770,8.7000000000
30,-56.2267416158,19.3720713881,9.3000000000
31,-56.2174930432,19.3756589088,9.9200000000
32,-56.2076383589,19.3794534836,10.5600000000
33,-56.1971670493,19.3834833811,11.2200000000
34,-56.1860520314,19.3877338373,11.9000000000
35,-56.1742825739,19.3922327117,12.6000000000
36,-56.1618336217,19.3969704314,13.3200000000
37,-56.1486853508,19.4019510512,14.0600000000
38,-56.1348023122,19.4071369589,14.8200000000
39,-56.1202070067,19.4126448675,15.6000000000
40,-56.1048733391,19.4184619661,16.4000000000
41,-56.0887294362,19.4244538606,17.2200000000
42,-56.0718205459,19.4307983881,18.0600000000
43,-56.0540896799,19.4374001145,18.9200000000
44,-56.0355451794,19.4443385221,19.8000000000
45,-56.0161581483,19.4515933844,20.7000000000
46,-55.9959034647,19.4591546140,21.6200000000
47,-55.9747420180,19.4669742542,22.5600000000
48,-55.9526796463,19.4751254598,23.5200000000
49,-55.9296873134,19.4835872934,24.5000000000
50,-55.9057434850,19.4923590140,25.5000000000
51,-55.8808245008,19.5014339590,26.5200000000
52,-55.8549220394,19.5107298125,27.5200000000
53,-55.8279985693,19.5201986224,28.5400000000
54,-55.8001270866,19.5301060364,29.5800000000
55,-55.7712438790,19.5403319798,30.6400000000
56,-55.7413457297,19.5509272177,31.7200000000
57,-55.7103684064,19.5617696272,32.8200000000
58,-55.6783307147,19.5729727477,33.9400000000
59,-55.6452208572,19.5845634224,35.0800000000
60,-55.6109945220,19.5964754154,36.2400000000
61,-55.5755790242,19.6085584164,37.4200000000
62,-55.5389762549,19.6208767636,38.6200000000
63,-55.5011220669,19.6332979573,39.8400000000
64,-55.4621409105,19.6462608214,41.0800000000
65,-55.4219297398,19.6595174178,42.3400000000
66,-55.3804905949,19.6730086622,43.5800000000
67,-55.3377616229,19.6866050055,44.8400000000
68,-55.2938259369,19.7006303358,46.1200000000
69,-55.2486002683,19.7148885020,47.4200000000
70,-55.2021120017,19.7293981908,48.7000000000
71,-55.1543023157,19.7440349227,50.0000000000
72,-55.1052554994,19.7590031629,51.2800000000
73,-55.0549907231,19.7742970788,52.5400000000
74,-55.0034918769,19.7897940863,53.7800000000
75,-54.9508610872,19.8057628050,55.0000000000
76,-54.8969553080,19.8217972856,56.2400000000
77,-54.8417896589,19.8378721965,57.4600000000
78,-54.7853252475,19.8539177641,58.7000000000
79,-54.7275705425,19.8698802344,59.9200000000
80,-54.6685504302,19.8859168156,61.1600000000
81,-54.6083049671,19.9020954614,62.3800000000
82,-54.5467168165,19.9180455117,63.6200000000
83,-54.4838079014,19.9339163276,64.8800000000
84,-54.4195369337,19.9496130888,66.1600000000
85,-54.3539298450,19.9651426193,67.4200000000
86,-54.2870400839,19.9806331151,68.6600000000
87,-54.2189246441,19.9962376420,69.8800000000
88,-54.1495538467,20.0119139573,71.1200000000
89,-54.0789570113,20.0276988374,72.3400000000
90,-54.0071233585,20.0434486922,73.5400000000
91,-53.9341144657,20.0593477475,74.7200000000
92,-53.8598940646,20.0751308545,75.8800000000
93,-53.7845635323,20.0911742738,77.0200000000
94,-53.7079822310,20.1067037262,78.1400000000
95,-53.6301723684,20.1216904832,79.2400000000
96,-53.5511244860,20.1361529135,80.3600000000
97,-53.4709024276,20.1505289818,81.5000000000
98,-53.3894627365,20.1644444809,82.6200000000
99,-53.3069126970,20.1783918596,83.7200000000
100,-53.2232726001,20.1923694915,84.8000000000
101,-53.1385170186,20.2060965087,85.8600000000
102,-53.0526985954,20.2197642903,86.9000000000
103,-52.9657337945,20.2326890647,87.9200000000
104,-52.8776344224,20.2447417421,88.9200000000
105,-52.7884864308,20.2563454312,89.9000000000
106,-52.6982816802,20.2672377481,90.8600000000
107,-52.6070789059,20.2776921230,91.8000000000
108,-52.5148935368,20.2876347648,92.7200000000
109,-52.4217400194,20.2969689283,93.6200000000
110,-52.3276730502,20.3060052600,94.5000000000
111,-52.2326993031,20.3145794643,95.3600000000
112,-52.1368466951,20.3227475444,96.2000000000
113,-52.0401293372,20.3304047682,97.0200000000
114,-51.9425763143,20.3376269643,97.8200000000
115,-51.8442482597,20.3449450027,98.6000000000
116,-51.7451119199,20.3516080144,99.3600000000
117,-51.6453688302,20.3587715373,100.0000000000
118,-51.5455946984,20.3654888756,100.0000000000
119,-51.4457750133,20.3714914142,100.0000000000
120,-51.3459286886,20.3770332045,100.0000000000
121,-51.2460586152,20.3821291286,100.0000000000
122,-51.1461766711,20.3869868277,100.0000000000
123,-51.0462752481,20.3914259352,100.0000000000
124,-50.9463394035,20.3950074093,100.0000000000
125,-50.8463924159,20.3982631231,100.0000000000
126,-50.7464227784,20.4007271821,100.0000000000
127,-50.6464532951,20.4031974880,100.0000000000
128,-50.5464725243,20.4051584737,100.0000000000
129,-50.4464850684,20.4067423514,100.0000000000
130,-50.3464916116,20.4078862915,100.0000000000
131,-50.2464941617,20.4086004360,100.0000000000
132,-50.1464955141,20.4091205078,100.0000000000
133,-50.0464962979,20.4095164567,100.0000000000
134,-49.9464964647,20.4096990966,100.0000000000
135,-49.8464964855,20.4097634730,100.0000000000
136,-49.7464970192,20.4094367558,100.0000000000
137,-49.6464995624,20.4087235730,100.0000000000
138,-49.5465042880,20.4077514052,100.0000000000
139,-49.4465096141,20.4067193228,100.0000000000
140,-49.3465148503,20.4056959920,100.0000000000
141,-49.2465190090,20.4047840013,100.0000000000
142,-49.1465282477,20.4034247159,100.0000000000
143,-49.0465423800,20.4017435720,100.0000000000
144,-48.9465606712,20.3998310041,100.0000000000
145,-48.8465845364,20.3976464051,100.0000000000
146,-48.7466097350,20.3954016135,100.0000000000
147,-48.6466406117,20.3929167824,100.0000000000
148,-48.5466746339,20.3903084745,100.0000000000
149,-48.4467158073,20.3874391552,100.0000000000
150,-48.3467647263,20.3843116325,100.0000000000
151,-48.2468188217,20.3810228400,100.0000000000
152,-48.1468773933,20.3776007234,100.0000000000
153,-48.0469400931,20.3740600959,100.0000000000
154,-47.9470065387,20.3704152788,100.0000000000
155,-47.8470977022,20.3666437003,99.9800000000
156,-47.7472306809,20.3628251087,99.9400000000
157,-47.6474248686,20.3589761804,99.8800000000
158,-47.5476978331,20.3551606358,99.8000000000
159,-47.4480735344,20.3512761644,99.7000000000
160,-47.3485712160,20.3473436044,99.5800000000
161,-47.2492100814,20.3433839929,99.4400000000
162,-47.1500093102,20.3394184659,99.2800000000
163,-47.0509885585,20.3354560522,99.1000000000
164,-46.9521807497,20.3311867527,98.9000000000
165,-46.8535994529,20.3267742333,98.6800000000
166,-46.7552526494,20.3224917302,98.4400000000
167,-46.6571806044,20.3178888629,98.1800000000
168,-46.5593770178,20.3135450784,97.9000000000
169,-46.4618660570,20.3093770436,97.6000000000
170,-46.3646913812,20.3048514730,97.2800000000
171,-46.2678755338,20.2999468533,96.9400000000
172,-46.1714062030,20.2953246663,96.5800000000
173,-46.0754933628,20.2878972122,96.2000000000
174,-45.9803073991,20.2770679776,95.8000000000
175,-45.8853651221,20.2679406320,95.3800000000
176,-45.7912837204,20.2552011874,94.9400000000
177,-45.6978114453,20.2414387678,94.4800000000
178,-45.6046144575,20.2291782026,94.0000000000
179,-45.5117885943,20.2179706551,93.5000000000
180,-45.4198662728,20.2039861199,92.9800000000
181,-45.3289560561,20.1872384010,92.4400000000
182,-45.2390691401,20.1682048323,91.8800000000
183,-45.1502375499,20.1471183775,91.3000000000
184,-45.0629315217,20.1256534305,89.9059870246
185,-44.9780127869,20.1028431105,87.9289612585
186,-44.9400463697,20.0928093250,39.2699081699
187,-44.9028177956,20.0824243032,38.6499081699
188,-44.8660378769,20.0726758113,38.0499081699
189,-44.8298212490,20.0630659267,37.4699081699
190,-44.7942206451,20.0533222971,36.9099081699
191,-44.7591560049,20.0436661473,36.3699081699
192,-44.7245996185,20.0341229783,35.8499081699
193,-44.6906306549,20.0243390363,35.3499081699
194,-44.6571402799,20.0146279458,34.8699081699
195,-44.6240966589,20.0050278996,34.4099081699
196,-44.5914693826,19.9955719224,33.9699081699
197,-44.5592233327,19.9863097087,33.5499081699
198,-44.5274455697,19.9768709487,33.1499081699
199,-44.4961216791,19.9672438641,32.7699081699
200,-44.4650511802,19.9580228963,32.4099081699
201,-44.4341606532,19.9494057998,32.0699081699
202,-44.4034572675,19.9413213225,31.7499081699
203,-44.3730771324,19.9331884191,31.4499081699
204,-44.3428381476,19.9256275346,31.1699081699
205,-44.3127996865,19.9183396488,30.9099081699
206,-44.2829178485,19.9114317531,30.6699081699
207,-44.2532431855,19.9046045074,30.4499081699
208,-44.2236802404,19.8981944201,30.2499081699
209,-44.1944952807,19.8909530455,30.0699081699
210,-44.1653967610,19.8840335976,29.9099081699
211,-44.1363436824,19.8775400579,29.7699081699
212,-44.1073695996,19.8712456495,29.6499081699
213,-44.0784664244,19.8650971913,29.5499081699
214,-44.0611602920,19.8616716468,17.6418982930
215,-44.0438998068,19.8585421344,17.5418982930
216,-44.0268172233,19.8551204561,17.4218982930
217,-44.0098172766,19.8520114659,17.2818982930
218,-43.9929344395,19.8491602886,17.1218982930
219,-43.9762490627,19.8460006890,16.9818982930
220,-43.9596755140,19.8431208025,16.8218982930
221,-43.9433342547,19.8399718305,16.6418982930
222,-43.9272356428,19.8366295691,16.4418982930
223,-43.9113900375,19.8331558422,16.2218982930
224,-43.8956698670,19.8300610942,16.0218982930
225,-43.8802047404,19.8268161213,15.8018982930
226,-43.8648745265,19.8239171954,15.6018982930
227,-43.8497164817,19.8213025306,15.3818982930
228,-43.8348387149,19.8184866580,15.1418982930
229,-43.8201336868,19.8159518604,14.9218982930
230,-43.8056668598,19.8132232698,14.7218982930
231,-43.7913739004,19.8107704422,14.5018982930
232,-43.7772866892,19.8085450830,14.2618982930
233,-43.7634973544,19.8061145682,14.0018982930
234,-43.7499791125,19.8035363941,13.7618982930
235,-43.7367054341,19.8008545158,13.5418982930
236,-43.7236410585,19.7981474252,13.3418982930
237,-43.7107003573,19.7957445478,13.1618982930
238,-43.6979553737,19.7933831500,12.9618982930
239,-43.6854132705,19.7909188913,12.7818982930
240,-43.6730235683,19.7887281279,12.5818982930
241,-43.6608190124,19.7867620799,12.3618982930
242,-43.6488285643,19.7849817504,12.1218982930
243,-43.6370873288,19.7830327582,11.9018982930
244,-43.6255702659,19.7809611194,11.7018982930
245,-43.6141987844,19.7791054396,11.5218982930
246,-43.6029622945,19.7774219822,11.3618982930
247,-43.5918923947,19.7755812435,11.2218982930
248,-43.5809563388,19.7739174300,11.0618982930
249,-43.5701807292,19.7724002124,10.8818982930
250,-43.5596305899,19.7707276361,10.6818982930
251,-43.5492817114,19.7689414165,10.5018982930
252,-43.5391493063,19.7670803747,10.3018982930
253,-43.5291633272,19.7654271821,10.1218982930
254,-43.5193548414,19.7636856239,9.9618982930
255,-43.5097002389,19.7618805379,9.8218982930
256,-43.5001739109,19.7602676664,9.6618982930
257,-43.4908021003,19.7588269860,9.4818982930
258,-43.4816114073,19.7575289878,9.2818982930
259,-43.4726265002,19.7563502412,9.0618982930
260,-43.4638310096,19.7552673809,8.8618982930
261,-43.4552472715,19.7542664580,8.6418982930
262,-43.4468969838,19.7533366242,8.4018982930
263,-43.4388013883,19.7524695369,8.1418982930
264,-43.4310042018,19.7514628945,7.8618982930
265,-43.4234575167,19.7505483445,7.6018982930
266,-43.4161669501,19.7495260020,7.3618982930
267,-43.4091242748,19.7486107509,7.1018982930
268,-43.4023523496,19.7477865389,6.8218982930
269,-43.3958541413,19.7468745093,6.5618982930
270,-43.3896070572,19.7459047988,6.3218982930
271,-43.3835655223,19.7450486335,6.1018982930
272,-43.3777532018,19.7442878563,5.8618982930
273,-43.3721950698,19.7435889765,5.6018982930
274,-43.3668872430,19.7428294188,5.3618982930
275,-43.3618343387,19.7421240650,5.1018982930
276,-43.3570686629,19.7413898732,4.8218982930
277,-43.3525539837,19.7407352068,4.5618982930
278,-43.3482733086,19.7401397030,4.3218982930
279,-43.3442091566,19.7395845106,4.1018982930
280,-43.3403435693,19.7390534313,3.9018982930
281,-43.3366524050,19.7385761131,3.7218982930
282,-43.3331169945,19.7381425321,3.5618982930
283,-43.3297199124,19.7377311673,3.4218982930
284,-43.3264416640,19.7373366806,3.3018982930
285,-43.3232620803,19.7369593215,3.2018982930
286,-43.3201639569,19.7365747688,3.1218982930
287,-43.3171249388,19.7362011519,3.0618982930
288,-43.3141258217,19.7358307922,3.0218982930
289,-43.3111457167,19.7354697281,3.0018982930
290,-43.3081639932,19.7351222825,3.0018982930
291,-43.3051611675,19.7347833031,3.0218982930
292,-43.3021186305,19.7344395153,3.0618982930
293,-43.2990168984,19.7340852462,3.1218982930
294,-43.2958353318,19.7337249868,3.2018982930
295,-43.2925548446,19.7333495723,3.3018982930
296,-43.2891547308,19.7329640670,3.4218982930
297,-43.2856151692,19.7325657922,3.5618982930
298,-43.2819159639,19.7321554177,3.7218982930
299,-43.2780370981,19.7317320857,3.9018982930
300,-43.2739606276,19.7312760614,4.1018982930
301,-43.2696657377,19.7307936448,4.3218982930
302,-43.2651335905,19.7302734937,4.5618982930
303,-43.2603422220,19.7297317451,4.8218982930
304,-43.2552709241,19.7291737992,5.1018982930
305,-43.2499038038,19.7285618150,5.4018982930
306,-43.2442171507,19.7279277040,5.7218982930
307,-43.2381919773,19.7272614485,6.0618982930
308,-43.2318117154,19.7265313550,6.4218982930
309,-43.2250522017,19.7257732034,6.8018982930
310,-43.2178940166,19.7249809125,7.2018982930
311,-43.2103188444,19.7241382378,7.6218982930
312,-43.2023075735,19.7232361615,8.0618982930
313,-43.1938366816,19.7223051720,8.5218982930
314,-43.1848889979,19.7213186991,9.0018982930
315,-43.1754417314,19.7203012378,9.5018982930
316,-43.1654768119,19.7192340802,10.0218982930
317,-43.1549744881,19.7181138618,10.5618982930
318,-43.1439156412,19.7169312683,11.1218982930
319,-43.1322805542,19.7156825988,11.7018982930
320,-43.1200478687,19.7143794844,12.3018982930
321,-43.1071968883,19.7130275385,12.9218982930
322,-43.0937076953,19.7116251276,13.5618982930
323,-43.0795642126,19.7101337226,14.2218982930
324,-43.0647448733,19.7085672756,14.9018982930
325,-43.0492270115,19.7069501195,15.6018982930
326,-43.0329919601,19.7052686111,16.3218982930
327,-43.0160184741,19.7035339224,17.0618982930
328,-42.9982887754,19.7017234407,17.8218982930
329,-42.9797781459,19.6998830021,18.6018982930
330,-42.9604698629,19.6979793565,19.4018982930
331,-42.9403450171,19.6960005300,20.2218982930
332,-42.9193799612,19.6939831090,21.0618982930
333,-42.8975539279,19.6919352083,21.9218982930
334,-42.8748476384,19.6898493075,22.8018982930
335,-42.8512463702,19.6876675370,23.7018982930
336,-42.8267250260,19.6854445759,24.6218982930
337,-42.8012678793,19.6831327970,25.5618982930
338,-42.7748532775,19.6807495425,26.5218982930
339,-42.7474684050,19.6782151456,27.5018982930
340,-42.7190890101,19.6755754196,28.5018982930
341,-42.6896881946,19.6729043667,29.5218982930
342,-42.6592456936,19.6702055225,30.5618982930
343,-42.6277402533,19.6674941233,31.6218982930
344,-42.5951639961,19.6646302765,32.7018982930
345,-42.5614883765,19.6617112063,33.8018982930
346,-42.5266988430,19.6586735524,34.9218982930
347,-42.4907654776,19.6556315527,36.0618982930
348,-42.4536698214,19.6525685469,37.2218982930
349,-42.4153948709,19.6494486184,38.4018982930
350,-42.3759230448,19.6462415497,39.6018982930
351,-42.3352270755,19.6430375726,40.8218982930
352,-42.2932835646,19.6398839746,42.0618982930
353,-42.2501163725,19.6367349672,43.2818982930
354,-42.2057504591,19.6335248263,44.4818982930
355,-42.1602072793,19.6302342759,45.6618982930
356,-42.1134644958,19.6268951592,46.8618982930
357,-42.0654978941,19.6235673860,48.0818982930
358,-42.0163259932,19.6202765420,49.2818982930
359,-41.9659326122,19.6169676316,50.5018982930
360,-41.9142966151,19.6136588793,51.7418982930
361,-41.8614362051,19.6103817269,52.9618982930
362,-41.8073383585,19.6070248284,54.2018982930
363,-41.7519775293,19.6036780757,55.4618982930
364,-41.6953306551,19.6003955978,56.7418982930
365,-41.6373782436,19.5971738023,58.0418982930
366,-41.5781412612,19.5940008650,59.3218982930
367,-41.5176419285,19.5908390388,60.5818982930
368,-41.4558628346,19.5876393486,61.8618982930
369,-41.3927793818,19.5844923858,63.1618982930
370,-41.3284119450,19.5813953969,64.4418982930
371,-41.2627806227,19.5783508995,65.7018982930
372,-41.1958660430,19.5753486123,66.9818982930
373,-41.1276870960,19.5724181067,68.2418982930
374,-41.0582661590,19.5695081759,69.4818982930
375,-40.9876211726,19.5666719239,70.7018982930
376,-40.9157724304,19.5639076501,71.9018982930
377,-40.8427405899,19.5612031841,73.0818982930
378,-40.7685453925,19.5585702859,74.2418982930
379,-40.6932074256,19.5559970916,75.3818982930
380,-40.6167470343,19.5534773673,76.5018982930
381,-40.5391840951,19.5510186954,77.6018982930
382,-40.4605384417,19.5486307415,78.6818982930
383,-40.3808302043,19.5463140122,79.7418982930
384,-40.3000795094,19.5440689355,80.7818982930
385,-40.2182663384,19.5419006712,81.8418982930
386,-40.1354106360,19.5398170130,82.8818982930
387,-40.0514931788,19.5377915081,83.9418982930
388,-39.9665340030,19.5358264418,84.9818982930
389,-39.8805531127,19.5339256467,86.0018982930
390,-39.7935312516,19.5320580943,87.0418982930
391,-39.7054881581,19.5302383116,88.0618982930
392,-39.6164433340,19.5284944569,89.0618982930
393,-39.5263776005,19.5267879841,90.0818982930
394,-39.4353092394,19.5252176941,91.0818982930
395,-39.3432599631,19.5236932760,92.0618982930
396,-39.2502497146,19.5222211243,93.0218982930
397,-39.1562991302,19.5207630393,93.9618982930
398,-39.0614279037,19.5193400079,94.8818982930
399,-38.9656155122,19.5179902592,95.8218982930
400,-38.8688812462,19.5167750770,96.7418982930
401,-38.7712456175,19.5156685933,97.6418982930
402,-38.6726902177,19.5145367968,98.5618982930
403,-38.5732336442,19.5135076216,99.4618982930
404,-38.4732387592,19.5124961940,100.0000000000
405,-38.3732438320,19.5114889589,100.0000000000
406,-38.2732485339,19.5105192406,100.0000000000
407,-38.1732527253,19.5096036661,100.0000000000
408,-38.0732565057,19.5087341506,100.0000000000
409,-37.9732591575,19.5080058986,100.0000000000
410,-37.8732618814,19.5072678060,100.0000000000
411,-37.7732640220,19.5066134963,100.0000000000
412,-37.6732651609,19.5061362457,100.0000000000
413,-37.5732662758,19.5056640447,100.0000000000
414,-37.4732675683,19.5051556125,100.0000000000
415,-37.3732684201,19.5047428610,100.0000000000
416,-37.2732692654,19.5043317069,100.0000000000
417,-37.1732700504,19.5039354669,100.0000000000
418,-37.0732708025,19.5035476369,100.0000000000
419,-36.9732718834,19.5030826876,100.0000000000
420,-36.8732724753,19.5027385997,100.0000000000
421,-36.7732729066,19.5024449231,100.0000000000
422,-36.6732736180,19.5020677175,100.0000000000
423,-36.5732743985,19.5016726236,100.0000000000
424,-36.4732754294,19.5012185479,100.0000000000
425,-36.3732766580,19.5007228520,100.0000000000
426,-36.2732770272,19.5004511219,100.0000000000
427,-36.1732771654,19.5006173553,100.0000000000
428,-36.0732772240,19.5007256601,100.0000000000
429,-35.9732772570,19.5008068686,100.0000000000
430,-35.8732772575,19.5007964054,100.0000000000
431,-35.7732772929,19.5007122851,100.0000000000
432,-35.6732773016,19.5006706123,100.0000000000
433,-35.5732773763,19.5005483363,100.0000000000
434,-35.4732777678,19.5008281345,100.0000000000
435,-35.3732779780,19.5010331976,100.0000000000
436,-35.2732779863,19.5010738533,100.0000000000
437,-35.1732780617,19.5011966906,100.0000000000
438,-35.0732780645,19.5011733671,100.0000000000
439,-34.9732781476,19.5010444010,100.0000000000
440,-34.8732783136,19.5008622179,100.0000000000
441,-34.7732784060,19.5007262484,100.0000000000
442,-34.6732784632,19.5006192917,100.0000000000
443,-34.5732786639,19.5004189432,100.0000000000
444,-34.4732789472,19.5001809014,100.0000000000
445,-34.3732794226,19.5004892289,100.0000000000
446,-34.2732796653,19.5007095739,100.0000000000
447,-34.1732796858,19.5007736461,100.0000000000
448,-34.0732796945,19.5007320279,100.0000000000
449,-33.9732997984,19.5005878845,99.9800000000
450,-33.8733598123,19.5005352358,99.9400000000
451,-33.7734798683,19.5004294187,99.8800000000
452,-33.6736800234,19.5002534744,99.8000000000
453,-33.5739803246,19.5000084261,99.7000000000
454,-33.4744007697,19.4997106794,99.5800000000
455,-33.3749208137,19.4998042092,99.4800000000
456,-33.2755208166,19.4997799911,99.4000000000
457,-33.1762208710,19.4996760722,99.3000000000
458,-33.0770408897,19.4996151267,99.1800000000
459,-32.9779609035,19.4995628396,99.0800000000
460,-32.8790009225,19.4996241560,98.9600000000
461,-32.7801809233,19.4996368603,98.8200000000
462,-32.6815209585,19.4995535971,98.6600000000
463,-32.5830410594,19.4996946073,98.4800000000
464,-32.4847611158,19.4997999066,98.2800000000
465,-32.3867011162,19.4997919329,98.0600000000
466,-32.2888811809,19.4999044814,97.8200000000
467,-32.1912837947,19.5006187646,97.6000000000
468,-32.0939249553,19.5010941450,97.3600000000
469,-31.9968253422,19.5013682821,97.1000000000
470,-31.8999653886,19.5014630019,96.8600000000
471,-31.8033654005,19.5014149550,96.6000000000
472,-31.7070459401,19.5017373605,96.3200000000
473,-31.6110278922,19.5023496350,96.0200000000
474,-31.5152885787,19.5027121879,95.7400000000
475,-31.4198506454,19.5033402796,95.4400000000
476,-31.3246942635,19.5041700875,95.1600000000
477,-31.2298357354,19.5046985191,94.8600000000
478,-31.1352961681,19.5049845441,94.5400000000
479,-31.0410562131,19.5050767235,94.2400000000
480,-30.9470962335,19.5050148201,93.9600000000
481,-30.8533964132,19.5048313170,93.7000000000
482,-30.7599768282,19.5045528821,93.4200000000
483,-30.6668169083,19.5044306894,93.1600000000
484,-30.5739371817,19.5042053213,92.8800000000
485,-30.4813576853,19.5038999574,92.5800000000
486,-30.3890979136,19.5036947083,92.2600000000
487,-30.2971383534,19.5034103029,91.9600000000
488,-30.2054990024,19.5030654261,91.6400000000
489,-30.1141990173,19.5031176988,91.3000000000
490,-30.0232197594,19.5034851566,90.9800000000
491,-29.9325398965,19.5036428322,90.6800000000
492,-29.8421398987,19.5036229178,90.4000000000
493,-29.7520000606,19.5034520355,90.1400000000
494,-29.6621005606,19.5031522160,89.9000000000
495,-29.5724608620,19.5029197717,89.6400000000
496,-29.4831016050,19.5025553658,89.3600000000
497,-29.3940016142,19.5025957828,89.1000000000
498,-29.3051817893,19.5024194185,88.8200000000
499,-29.2166630201,19.5019526167,88.5200000000
500,-29.1284630267,19.5019184117,88.2000000000
501,-29.0406049699,19.5013340724,87.8600000000
502,-28.9530723268,19.5001991752,87.5400000000
503,-28.8658740231,19.4996552665,87.2000000000
504,-28.7790040596,19.4983347211,86.8800000000
505,-28.6924266330,19.4976671830,86.5800000000
506,-28.6061420678,19.4960350666,86.3000000000
507,-28.5201785183,19.4935314385,86.0000000000
508,-28.4344724712,19.4919848625,85.7200000000
509,-28.3490936112,19.4893340790,85.4200000000
510,-28.2640711747,19.4857015465,85.1000000000
511,-28.1793825984,19.4813558534,84.8000000000
512,-28.0949107506,19.4785032517,84.5200000000
513,-28.0107896598,19.4744227530,84.2200000000
514,-27.9269539783,19.4711381661,83.9000000000
515,-27.8877437947,19.4689731739,39.2699081699
516,-27.8488185720,19.4675866745,38.9499081699
517,-27.8102237693,19.4655235185,38.6499081699
518,-27.7719828837,19.4629126712,38.3299081699
519,-27.7339921749,19.4611864140,38.0299081699
520,-27.6963166387,19.4588179676,37.7499081699
521,-27.6589383002,19.4559278071,37.4899081699
522,-27.6217783896,19.4539995153,37.2099081699
523,-27.5848866701,19.4528409179,36.9099081699
524,-27.5483492348,19.4508820394,36.5899081699
525,-27.5121926957,19.4482819392,36.2499081699
526,-27.4763981140,19.4451664576,35.9299081699
527,-27.4409833669,19.4416398096,35.5899081699
528,-27.4058476219,19.4385663992,35.2699081699
529,-27.3710537494,19.4350619864,34.9699081699
530,-27.3364838534,19.4327086004,34.6499081699
531,-27.3022382793,19.4300333716,34.3499081699
532,-27.2683591419,19.4268335750,34.0299081699
533,-27.2348637420,19.4232185924,33.6899081699
534,-27.2017279477,19.4192727202,33.3699081699
535,-27.1687775516,19.4164637656,33.0699081699
536,-27.1360848939,19.4145281477,32.7499081699
537,-27.1037811335,19.4119072303,32.4099081699
538,-27.0717847011,19.4100565745,32.0499081699
539,-27.0401404255,19.4087826418,31.6699081699
540,-27.0089009734,19.4066833601,31.3099081699
541,-26.9780377309,19.4041151938,30.9699081699
542,-26.9475474000,19.4009916396,30.6499081699
543,-26.9173327563,19.3985904232,30.3099081699
544,-26.8875318771,19.3956063662,29.9499081699
545,-26.8580148160,19.3932633411,29.6099081699
546,-26.8287840815,19.3914024590,29.2899081699
547,-26.7999469343,19.3888497893,28.9499081699
548,-26.7714321649,19.3867783709,28.5899081699
549,-26.7433524854,19.3840708781,28.2099081699
550,-26.7157114545,19.3810107464,27.8099081699
551,-26.6885418109,19.3775441150,27.3899081699
552,-26.6617038832,19.3746839083,26.9899081699
553,-26.6352022218,19.3722861683,26.6099081699
554,-26.6091556560,19.3693645773,26.2099081699
555,-26.5835408281,19.3660382060,25.8299081699
556,-26.5582658231,19.3632356438,25.4299081699
557,-26.5333712083,19.3608369649,25.0099081699
558,-26.5088506304,19.3587420090,24.6099081699
559,-26.4847330193,19.3568731882,24.1899081699
560,-26.4611088984,19.3544320721,23.7499081699
561,-26.4379573128,19.3515530617,23.3299081699
562,-26.4152930736,19.3483467933,22.8899081699
563,-26.3931292118,19.3449023760,22.4299081699
564,-26.3714388528,19.3412851410,21.9899081699
565,-26.3502349691,19.3375525467,21.5299081699
566,-26.3294285675,19.3343600108,21.0499081699
567,-26.3090262056,19.3315872954,20.5899081699
568,-26.2891438107,19.3285708776,20.1099081699
569,-26.2697547046,19.3253800379,19.6499081699
570,-26.2508718428,19.3220750557,19.1699081699
571,-26.2324693179,19.3186975209,18.7099081699
572,-26.2145145777,19.3155420723,18.2299081699
573,-26.1969960339,19.3128125543,17.7299081699
574,-26.1800252307,19.3099537470,17.2099081699
575,-26.1635759664,19.3070138941,16.7099081699
576,-26.1475476631,19.3044637155,16.2299081699
577,-26.1330898803,19.3023845411,14.6065208175
578,-26.1191185172,19.3002965745,14.1265208175
579,-26.1056106136,19.2982204409,13.6665208175
580,-26.0925519073,19.2961201925,13.2265208175
581,-26.0798967810,19.2941568400,12.8065208175
582,-26.0676427695,19.2922175200,12.4065208175
583,-26.0557682192,19.2903116717,12.0265208175
584,-26.0442360095,19.2885464954,11.6665208175
585,-26.0330265992,19.2869219355,11.3265208175
586,-26.0221323508,19.2853538628,11.0065208175
587,-26.0115508717,19.2837223330,10.7065208175
588,-26.0012556684,19.2820727500,10.4265208175
589,-25.9912199043,19.2804474547,10.1665208175
590,-25.9814075325,19.2789463969,9.9265208175
591,-25.9718187497,19.2774391506,9.7065208175
592,-25.9624312766,19.2759393884,9.5065208175
593,-25.9532205382,19.2744743667,9.3265208175
594,-25.9441744883,19.2729931222,9.1665208175
595,-25.9352650290,19.2715441183,9.0265208175
596,-25.9264809670,19.2700722596,8.9065208175
597,-25.9177935293,19.2686289179,8.8065208175
598,-25.9091787044,19.2672371715,8.7265208175
599,-25.9006255722,19.2658398484,8.6665208175
600,-25.8921119309,19.2644488868,8.6265208175
601,-25.8836248594,19.2630199648,8.6065208175
602,-25.8751344235,19.2616111714,8.6065208175
603,-25.8666282602,19.2601751886,8.6265208175
604,-25.8580823855,19.2587341443,8.6665208175
605,-25.8494651635,19.2573573180,8.7265208175
606,-25.8407625758,19.2560083273,8.8065208175
607,-25.8319628628,19.2546331313,8.9065208175
608,-25.8230477824,19.2532191225,9.0265208175
609,-25.8139888697,19.2518186923,9.1665208175
610,-25.8047794874,19.2503451705,9.3265208175
611,-25.7953741588,19.2489617930,9.5065208175
612,-25.7857729028,19.2475361600,9.7065208175
613,-25.7759619740,19.2460256994,9.9265208175
614,-25.7659272617,19.2443939231,10.1665208175
615,-25.7556347086,19.2427278836,10.4265208175
616,-25.7450658618,19.2410164321,10.7065208175
617,-25.7342017348,19.2392517099,11.0065208175
618,-25.7230234432,19.2374252735,11.3265208175
619,-25.7115132621,19.2355217403,11.6665208175
620,-25.6996530375,19.2335286831,12.0265208175
621,-25.6874168749,19.2314797606,12.4065208175
622,-25.6747971396,19.2293004817,12.8065208175
623,-25.6617771332,19.2269723311,13.2265208175
624,-25.6483185322,19.2245974941,13.6665208175
625,-25.6343998960,19.2221829225,14.1265208175
626,-25.6200151860,19.2196470660,14.6065208175
627,-25.6051442536,19.2169895594,15.1065208175
628,-25.5897738463,19.2141719836,15.6265208175
629,-25.5738741367,19.2112469827,16.1665208175
630,-25.5574277728,19.2081984397,16.7265208175
631,-25.5403986723,19.2051121155,17.3065208175
632,-25.5227711502,19.2019634726,17.9065208175
633,-25.5045411655,19.1986620133,18.5265208175
634,-25.4856802198,19.1952531650,19.1665208175
635,-25.4661817270,19.1916615492,19.8265208175
636,-25.4460250395,19.1878898988,20.5065208175
637,-25.4251773204,19.1840054254,21.2065208175
638,-25.4036244632,19.1799747105,21.9265208175
639,-25.3813479033,19.1757882988,22.6665208175
640,-25.3583280837,19.1714420608,23.4265208175
641,-25.3345601340,19.1668550993,24.2065208175
642,-25.3100060870,19.1621196101,25.0065208175
643,-25.2846634959,19.1571434415,25.8265208175
644,-25.2585149435,19.1519130931,26.6665208175
645,-25.2315253125,19.1465029947,27.5265208175
646,-25.2036746890,19.1409107505,28.4065208175
647,-25.1749568135,19.1350664551,29.3065208175
648,-25.1453391363,19.1290302514,30.2265208175
649,-25.1148107647,19.1227556557,31.1665208175
650,-25.0833575607,19.1162127742,32.1265208175
651,-25.0509441369,19.1094739554,33.1065208175
652,-25.0175605002,19.1024891459,34.1065208175
653,-24.9831914039,19.0952339630,35.1265208175
654,-24.9478020816,19.0877765442,36.1665208175
655,-24.9113780909,19.0800884525,37.2265208175
656,-24.8738886538,19.0722187865,38.3065208175
657,-24.8353415885,19.0640335777,39.4065208175
658,-24.7957234864,19.0555010004,40.5265208175
659,-24.7549975874,19.0466975858,41.6665208175
660,-24.7131724558,19.0374905641,42.8265208175
661,-24.6702403108,19.0278259482,44.0065208175
662,-24.6261381696,19.0178946509,45.2065208175
663,-24.5808621288,19.0076232358,46.4265208175
664,-24.5343659461,18.9971255122,47.6665208175
665,-24.4866631119,18.9862515044,48.9265208175
666,-24.4377521962,18.9749193792,50.2065208175
667,-24.3875698669,18.9633152630,51.5065208175
668,-24.3361681246,18.9513036989,52.7865208175
669,-24.2835701634,18.9388746649,54.0465208175
670,-24.2297517591,18.9260448847,55.3265208175
671,-24.1747129507,18.9129009161,56.5865208175
672,-24.1184631966,18.8993178608,57.8665208175
673,-24.0610230389,18.8852973846,59.1265208175
674,-24.0024061944,18.8708688581,60.3665208175
675,-23.9426412182,18.8560012031,61.5865208175
676,-23.8817595269,18.8406530157,62.7865208175
677,-23.8197085937,18.8249521751,64.0065208175
678,-23.7565191907,18.8088590180,65.2065208175
679,-23.6921671416,18.7923879387,66.4265208175
680,-23.6266925990,18.7754636785,67.6265208175
681,-23.5600999372,18.7581502528,68.8065208175
682,-23.4924032839,18.7404732292,69.9665208175
683,-23.4235633219,18.7225041709,71.1465208175
684,-23.3535943852,18.7042673714,72.3065208175
685,-23.2825137260,18.6857759868,73.4465208175
686,-23.2103645913,18.6669433453,74.5665208175
687,-23.1371563086,18.6478130103,75.6665208175
688,-23.0629318530,18.6282999725,76.7465208175
689,-22.9877383053,18.6083053466,77.8065208175
690,-22.9115760643,18.5879071384,78.8465208175
691,-22.8344642980,18.5671120275,79.8665208175
692,-22.7563921796,18.5460374332,80.8665208175
693,-22.6773134530,18.5249327426,81.8465208175
694,-22.5973503776,18.5034193407,82.8065208175
695,-22.5165175474,18.4815210916,83.7465208175
696,-22.4348112530,18.4593287234,84.6665208175
697,-22.3522659543,18.4367920169,85.5665208175
698,-22.2688812040,18.4139888510,86.4465208175
699,-22.1847046159,18.3908214039,87.3065208175
700,-22.0997349472,18.3673700813,88.1465208175
701,-22.0139734016,18.3437057810,88.9665208175
702,-21.9274290995,18.3198706799,89.7665208175
703,-21.8401584504,18.2957355138,90.5465208175
704,-21.7521812501,18.2713041207,91.3065208175
705,-21.6635068769,18.2466177373,92.0465208175
706,-21.5741534810,18.2216858695,92.7665208175
707,-21.4841465511,18.1964917613,93.4665208175
708,-21.3935094500,18.1710264266,94.1465208175
709,-21.3022773105,18.1452393538,94.8065208175
710,-21.2104148953,18.1193292205,95.4465208175
711,-21.1179398376,18.0933073044,96.0665208175
712,-21.0248923224,18.0671047058,96.6665208175
713,-20.9312904260,18.0407310297,97.2465208175
714,-20.8371624429,18.0141596481,97.8065208175
715,-20.7425510180,17.9873134856,98.3465208175
716,-20.6474464123,17.9603004721,98.8665208175
717,-20.5518713009,17.9331140134,99.3665208175
718,-20.4558438013,17.9057635645,99.8465208175
719,-20.3596725163,17.8783576539,100.0000000000
720,-20.2634967389,17.8509675126,100.0000000000
721,-20.1672991975,17.8236539074,100.0000000000
722,-20.0710887597,17.7963857636,100.0000000000
723,-19.9748996318,17.7690425438,100.0000000000
724,-19.8787255263,17.7416465325,100.0000000000
725,-19.7824697606,17.7145388295,100.0000000000
726,-19.6861871104,17.6875267716,100.0000000000
727,-19.5899201855,17.6604587245,100.0000000000
728,-19.4936665309,17.6333435261,100.0000000000
729,-19.3974248514,17.6061858549,100.0000000000
730,-19.3012327765,17.5788530039,100.0000000000
731,-19.2050718352,17.5514108217,100.0000000000
732,-19.1089055493,17.5239873745,100.0000000000
733,-19.0127648012,17.4964745309,100.0000000000
734,-18.9166138428,17.4689973915,100.0000000000
735,-18.8204398350,17.4416010375,100.0000000000
736,-18.7242908954,17.4141168342,100.0000000000
737,-18.6281261368,17.3866880319,100.0000000000
738,-18.5319476690,17.3593073392,100.0000000000
739,-18.4357580227,17.3319659431,100.0000000000
740,-18.3395965527,17.3045256136,100.0000000000
741,-18.2434425731,17.2770590484,100.0000000000
742,-18.1472772562,17.2496322031,100.0000000000
743,-18.0511353090,17.2221963438,99.9800000000
744,-17.9550424117,17.1947343938,99.9400000000
745,-17.8590278767,17.1672167000,99.8800000000
746,-17.7630877957,17.1397295965,99.8000000000
747,-17.6672135552,17.1123759860,99.7000000000
748,-17.5714451087,17.0850889735,99.5800000000
749,-17.4758470588,17.0577151455,99.4400000000
750,-17.3804024833,17.0303865634,99.2800000000
751,-17.2851379488,17.0030831118,99.1000000000
752,-17.1900423177,16.9759163868,98.9000000000
753,-17.0951613733,16.9487990715,98.6800000000
754,-17.0004651782,16.9219092177,98.4400000000
755,-16.9060182458,16.8950933761,98.1800000000
756,-16.8118368208,16.8683675611,97.9000000000
757,-16.7179640451,16.8416531087,97.6000000000
758,-16.6244039125,16.8150091602,97.2800000000
759,-16.5311553163,16.7885126905,96.9400000000
760,-16.4382730273,16.7620442793,96.5800000000
761,-16.3457529253,16.7356914667,96.2000000000
762,-16.2536108098,16.7094718072,95.8000000000
763,-16.1618684974,16.6833817224,95.3800000000
764,-16.0705409693,16.6574416723,94.9400000000
765,-15.9796169787,16.6317648668,94.4800000000
766,-15.8891877873,16.6061024168,94.0000000000
767,-15.7992330907,16.5805994257,93.5000000000
768,-15.7097715706,16.5552633480,92.9800000000
769,-15.6208426040,16.5300286003,92.4400000000
770,-15.5324366330,16.5050022404,91.8800000000
771,-15.4445842839,16.4801495792,91.3000000000
772,-15.3573350346,16.4553693757,90.7000000000
773,-15.2706397796,16.4309084035,90.0800000000
774,-15.1845808074,16.4065492799,89.4400000000
775,-15.0991394820,16.3824314790,88.7800000000
776,-15.0143662428,16.3584500713,88.1000000000
777,-14.9302877930,16.3345843158,87.4000000000
778,-14.8469215413,16.3108463615,86.6800000000
779,-14.7642506765,16.2873684634,85.9400000000
780,-14.6823029559,16.2641261853,85.1800000000
781,-14.6011146998,16.2410648090,84.4000000000
782,-14.5205999114,16.2185630568,83.6000000000
783,-14.4408886709,16.1962326620,82.7800000000
784,-14.3620119764,16.1740373772,81.9400000000
785,-14.2839827772,16.1520053443,81.0800000000
786,-14.2067861911,16.1302630563,80.2000000000
787,-14.1304611519,16.1087461233,79.3000000000
788,-14.0550365921,16.0874257064,78.3800000000
789,-13.9805531282,16.0662321413,77.4400000000
790,-13.9070032899,16.0452652226,76.4800000000
791,-13.8343916104,16.0245820410,75.5000000000
792,-13.7627554015,16.0041246811,74.5000000000
793,-13.6920907146,15.9839798944,73.4800000000
794,-13.6224152587,15.9641585817,72.4400000000
795,-13.5537555348,15.9446407252,71.3800000000
796,-13.4861236588,15.9254568947,70.3000000000
797,-13.4195609338,15.9065348537,69.2000000000
798,-13.3540581156,15.8879804145,68.0800000000
799,-13.2896469457,15.8697550262,66.9400000000
800,-13.2263605558,15.8518150913,65.7800000000
801,-13.1642175260,15.8341684529,64.6000000000
802,-13.1032277124,15.8168536432,63.4000000000
803,-13.0434231071,15.7998312583,62.1800000000
804,-12.9848203227,15.7831160780,60.9400000000
805,-12.9274141937,15.7667992538,59.6800000000
806,-12.8712345366,15.7508491400,58.4000000000
807,-12.8163047623,15.7352565168,57.1000000000
808,-12.7626426437,15.7200320160,55.7800000000
809,-12.7102725920,15.7051628771,54.4400000000
810,-12.6592097866,15.6906688678,53.0800000000
811,-12.6094647525,15.6765861984,51.7000000000
812,-12.5610736496,15.6628606325,50.3000000000
813,-12.5140348648,15.6495712713,48.8800000000
814,-12.4683771005,15.6366901938,47.4400000000
815,-12.4240914454,15.6241753562,46.0200000000
816,-12.3811973645,15.6120314598,44.5800000000
817,-12.3396634052,15.6002962210,43.1600000000
818,-12.2994778741,15.5889374936,41.7600000000
819,-12.2606309347,15.5779166180,40.3800000000
820,-12.2231034308,15.5672279863,39.0200000000
821,-12.1868645062,15.5569070007,37.6800000000
822,-12.1518706120,15.5470339580,36.3600000000
823,-12.1181278882,15.5375138640,35.0600000000
824,-12.0856203491,15.5283297309,33.7800000000
825,-12.0543308042,15.5194688743,32.5200000000
826,-12.0242419097,15.5109192061,31.2800000000
827,-11.9953324397,15.5026823290,30.0600000000
828,-11.9675615118,15.4948289753,28.8600000000
829,-11.9409252305,15.4872996379,27.6800000000
830,-11.9154082146,15.4800752143,26.5200000000
831,-11.8909882539,15.4731607424,25.3800000000
832,-11.8676503651,15.4665357484,24.2600000000
833,-11.8453713294,15.4602088087,23.1600000000
834,-11.8241314111,15.4541762077,22.0800000000
835,-11.8039107154,15.4484347912,21.0200000000
836,-11.7846915962,15.4429734858,19.9800000000
837,-11.7664512215,15.4377994805,18.9600000000
838,-11.7491701577,15.4329080150,17.9600000000
839,-11.7328329279,15.4282803460,16.9800000000
840,-11.7174196350,15.4239133328,16.0200000000
841,-11.7029080145,15.4198122024,15.0800000000
842,-11.6892800491,15.4159671852,14.1600000000
843,-11.6765157905,15.4123753467,13.2600000000
844,-11.6646002941,15.4090159798,12.3800000000
845,-11.6535110390,15.4058952716,11.5200000000
846,-11.6432288325,15.4030076029,10.6800000000
847,-11.6337356165,15.4003433114,9.8600000000
848,-11.6250139283,15.3978906075,9.0600000000
849,-11.6170388440,15.3956643036,8.2800000000
850,-11.6097975808,15.3936358787,7.5200000000
851,-11.6032704567,15.3918014711,6.7800000000
852,-11.5974378570,15.3901569708,6.0600000000
853,-11.5922785116,15.3887041274,5.3600000000
854,-11.5877728261,15.3874387427,4.6800000000
855,-11.5839026701,15.3863514099,4.0200000000
856,-11.5806486829,15.3854370973,3.3800000000
857,-11.5779912666,15.3846916188,2.7600000000
858,-11.5759119756,15.3841066835,2.1600000000
859,-11.5743911870,15.3836781955,1.5800000000
860,-11.5734095119,15.3834012226,1.0200000000
861,-11.5729475238,15.3832709653,0.4800000000
862,-11.5729475238,15.3832709653,0.0000000000
863,-11.5729475238,15.3832709653,0.0000000000
864,-11.5729475238,15.3832709653,0.0000000000
865,-11.5729475238,15.3832709653,0.0000000000
866,-11.5729475238,15.3832709653,0.0000000000
867,-11.5729475238,15.3832709653,0.0000000000
868,-11.5729475238,15.3832709653,0.0000000000
869,-11.5729475238,15.3832709653,0.0000000000
870,-11.5729475238,15.3832709653,0.0000000000
871,-11.5729475238,15.3832709653,0.0000000000
872,-11.5729475238,15.3832709653,0.0000000000
873,-11.5729475238,15.3832709653,0.0000000000
874,-11.5729475238,15.3832709653,0.0000000000
875,-11.5729475238,15.3832709653,0.0000000000
876,-11.5729475238,15.3832709653,0.0000000000
877,-11.5729475238,15.3832709653,0.0000000000
878,-11.5729475238,15.3832709653,0.0000000000
879,-11.5729475238,15.3832709653,0.0000000000
880,-11.5729475238,15.3832709653,0.0000000000
881,-11.5729475238,15.3832709653,0.0000000000
882,-11.5729475238,15.3832709653,0.0000000000
883,-11.5729475238,15.3832709653,0.0000000000
884,-11.5729475238,15.3832709653,0.0000000000
885,-11.5729475238,15.3832709653,0.0000000000
886,-11.5729475238,15.3832709653,0.0000000000
887,-11.5729475238,15.3832709653,0.0000000000
888,-11.5729475238,15.3832709653,0.0000000000
889,-11.5729282558,15.3832656039,0.0200000000
890,-11.5728704585,15.3832494956,0.0600000000
891,-11.5727548515,15.3832173241,0.1200000000
892,-11.5725621553,15.3831637684,0.2000000000
893,-11.5722730549,15.3830836379,0.3000000000
894,-11.5718683528,15.3829713159,0.4200000000
895,-11.5713288448,15.3828212123,0.5600000000
896,-11.5706351868,15.3826282390,0.7200000000
897,-11.5697680739,15.3823871681,0.9000000000
898,-11.5687080971,15.3820931459,1.1000000000
899,-11.5674360021,15.3817407620,1.3200000000
900,-11.5659323341,15.3813253313,1.5600000000
901,-11.5641780217,15.3808407822,1.8200000000
902,-11.5621539525,15.3802811895,2.1000000000
903,-11.5598403777,15.3796429329,2.4000000000
904,-11.5572181393,15.3789202534,2.7200000000
905,-11.5542674826,15.3781095590,3.0600000000
906,-11.5509701332,15.3772018768,3.4200000000
907,-11.5473061645,15.3761942392,3.8000000000
908,-11.5432568915,15.3750791661,4.2000000000
909,-11.5388022851,15.3738540613,4.6200000000
910,-11.5339239427,15.3725104187,5.0600000000
911,-11.5286013549,15.3710473878,5.5200000000
912,-11.5228164965,15.3694550900,6.0000000000
913,-11.5165501572,15.3677279558,6.5000000000
914,-11.5097820789,15.3658642188,7.0200000000
915,-11.5024923734,15.3638607734,7.5600000000
916,-11.4946650567,15.3617003304,8.1200000000
917,-11.4862784747,15.3593861907,8.7000000000
918,-11.4773129054,15.3569146392,9.3000000000
919,-11.4677478539,15.3542847744,9.9200000000
920,-11.4575660378,15.3514840206,10.5600000000
921,-11.4467475539,15.3485093265,11.2200000000
922,-11.4352733813,15.3453544313,11.9000000000
923,-11.4231241234,15.3420144415,12.6000000000
924,-11.4102798515,15.3384863995,13.3200000000
925,-11.3967210067,15.3347660058,14.0600000000
926,-11.3824209463,15.3308749044,14.8200000000
927,-11.3673999539,15.3268149305,15.5600000000
928,-11.3516395959,15.3225777715,16.3200000000
929,-11.3351213208,15.3181554883,17.1000000000
930,-11.3178494588,15.3134551925,17.9000000000
931,-11.2998026289,15.3084802221,18.7200000000
932,-11.2809417819,15.3032973606,19.5600000000
933,-11.2612930957,15.2978868588,20.3800000000
934,-11.2408881716,15.2922095819,21.1800000000
935,-11.2197058097,15.2862675667,22.0000000000
936,-11.1977337652,15.2801791139,22.8000000000
937,-11.1749556025,15.2739293377,23.6200000000
938,-11.1513930113,15.2675152362,24.4200000000
939,-11.1270991846,15.2608182230,25.2000000000
940,-11.1020904509,15.2538551175,25.9600000000
941,-11.0763835048,15.2466410395,26.7000000000
942,-11.0499568818,15.2391787879,27.4600000000
943,-11.0227531124,15.2315990432,28.2400000000
944,-10.9948325975,15.2237603669,29.0000000000
945,-10.9662118100,15.2156784039,29.7400000000
946,-10.9368699600,15.2073533913,30.5000000000
947,-10.9067860912,15.1987860556,31.2800000000
948,-10.8758981162,15.1901223729,32.0800000000
949,-10.8442728854,15.1811991237,32.8600000000
950,-10.8118458746,15.1721722432,33.6600000000
951,-10.7786031741,15.1630183773,34.4800000000
952,-10.7445299495,15.1537168844,35.3200000000
953,-10.7096106261,15.1442494006,36.1800000000
954,-10.6738738926,15.1344346424,37.0600000000
955,-10.6372882497,15.1244638284,37.9200000000
956,-10.5998654911,15.1142179929,38.8000000000
957,-10.5615953247,15.1038107856,39.6600000000
958,-10.5224619543,15.0932244303,40.5400000000
959,-10.4824490425,15.0824429421,41.4400000000
960,-10.4416266789,15.0712842221,42.3200000000
961,-10.3999695186,15.0597668702,43.2200000000
962,-10.3574916582,15.0479160736,44.1000000000
963,-10.3141563782,15.0359387992,44.9600000000
964,-10.2700401279,15.0236344723,45.8000000000
965,-10.2251189710,15.0110152305,46.6600000000
966,-10.1793697244,14.9980901372,47.5400000000
967,-10.1327698391,14.9848657547,48.4400000000
968,-10.0852407879,14.9715466373,49.3600000000
969,-10.0368096467,14.9581119001,50.2600000000
970,-9.9875022752,14.9445441915,51.1400000000
971,-9.9374005960,14.9306222037,52.0000000000
972,-9.8865181452,14.9163729304,52.8400000000
973,-9.8348308218,14.9018089129,53.7000000000
974,-9.7823537967,14.8869504662,54.5400000000
975,-9.7290644030,14.8718044927,55.4000000000
976,-9.6749164897,14.8566077467,56.2400000000
977,-9.6199385776,14.8413344767,57.0600000000
978,-9.5642203022,14.8257378939,57.8600000000
979,-9.5077431447,14.8099587850,58.6400000000
980,-9.4504879321,14.7939914987,59.4400000000
981,-9.3924921365,14.7777761945,60.2200000000
982,-9.3336875289,14.7614832967,61.0200000000
983,-9.2741010572,14.7450914574,61.8000000000
984,-9.2137371637,14.7285095288,62.6000000000
985,-9.1525998516,14.7117986497,63.3800000000
986,-9.0906976239,14.6948520690,64.1800000000
987,-9.0280269433,14.6777585790,64.9600000000
988,-8.9645835318,14.6606106363,65.7200000000
989,-8.9003451203,14.6434153903,66.5000000000
990,-8.8353817968,14.6259891400,67.2600000000
991,-8.7697136434,14.6083342929,68.0000000000
992,-8.7033605687,14.5904539162,68.7200000000
993,-8.6362245117,14.5727936145,69.4200000000
994,-8.5683203625,14.5553856703,70.1000000000
995,-8.4996644949,14.5382582230,70.7600000000
996,-8.4304777076,14.5206188223,71.4000000000
997,-8.3607307055,14.5025080715,72.0600000000
998,-8.2903950739,14.4839606583,72.7400000000
999,-8.2194819161,14.4650164231,73.4000000000
1000,-8.1476131204,14.4470519413,74.0800000000
1001,-8.0748113058,14.4299655672,74.7800000000
1002,-8.0011292869,14.4136814735,75.4600000000
1003,-7.9265723106,14.3981378935,76.1600000000
1004,-7.8516154902,14.3812304790,76.8400000000
1005,-7.7757487685,14.3654035861,77.5000000000
1006,-7.6995522061,14.3480847094,78.1400000000
1007,-7.6229811970,14.3294750195,78.8000000000
1008,-7.5459882258,14.3097480637,79.4800000000
1009,-7.4685249401,14.2890533356,80.1800000000
1010,-7.3905003353,14.2676764543,80.9000000000
1011,-7.3526585102,14.2571825532,39.2699081699
1012,-7.3144437887,14.2481403883,39.2699081699
1013,-7.2759635839,14.2403046035,39.2699081699
1014,-7.2372926113,14.2334722124,39.2699081699
1015,-7.1987579881,14.2259085823,39.2699081699
1016,-7.1600384289,14.2193571380,39.2699081699
1017,-7.1213159800,14.2128227951,39.2699081699
1018,-7.0824568940,14.2071573625,39.2699081699
1019,-7.0434990273,14.2022166833,39.2699081699
1020,-7.0044689892,14.1978828847,39.2699081699
1021,-6.9655890258,14.1923625463,39.2699081699
1022,-6.9266070911,14.1876154993,39.2699081699
1023,-6.8875519743,14.1835138484,39.2699081699
1024,-6.8484438269,14.1799531609,39.2699081699
1025,-6.8094817488,14.1750458036,39.2699081699
1026,-6.7704326073,14.1708876507,39.2699081699
1027,-6.7315335974,14.1655031618,39.2699081699
1028,-6.6925212143,14.1610132118,39.2699081699
1029,-6.6534305496,14.1572654632,39.2699081699
1030,-6.6144686549,14.1523566499,39.2699081699
1031,-6.5754065713,14.1483218865,39.2699081699
1032,-6.5364140746,14.1436623923,39.2699081699
1033,-6.4973270819,14.1398765388,39.2699081699
1034,-6.4581767637,14.1368141422,39.2699081699
1035,-6.4191235130,14.1326947612,39.2699081699
1036,-6.3801622312,14.1277810857,39.2699081699
1037,-6.3412783915,14.1222881178,39.2699081699
1038,-6.3022474406,14.1179625474,39.2699081699
1039,-6.2631219095,14.1145982486,39.2699081699
1040,-6.2239362897,14.1120266949,39.2699081699
1041,-6.1848123789,14.1086436062,39.2699081699
1042,-6.1457452893,14.1046576056,39.2699081699
1043,-6.1065904201,14.1016539571,39.2699081699
1044,-6.0674849969,14.0980634741,39.2699081699
1045,-6.0283040965,14.0954209882,39.2699081699
1046,-5.9891659383,14.0922069168,39.2699081699
1047,-5.9499833202,14.0899095854,39.2499081699
1048,-5.9108324138,14.0877593703,39.2099081699
1049,-5.8732346545,14.0851957154,37.6850610765
1050,-5.8376406736,14.0835578158,35.6316459241
1051,-5.8041204792,14.0815937731,33.5776845351
1052,-5.7726739988,14.0794702141,31.5181000884
1053,-5.7433003335,14.0773092861,29.4530443339
1054,-5.7159503675,14.0759796434,27.3822678427
1055,-5.6906519208,14.0752621453,25.3086192248
1056,-5.6674385486,14.0743450861,23.2314796356
1057,-5.6462990949,14.0739112195,21.1439056181
1058,-5.6272590242,14.0733034107,19.0497695716
1059,-5.6103202243,14.0730660314,16.9404631776
1060,-5.5955018044,14.0730425936,14.8184383897
1061,-5.5828251256,14.0731767012,12.6773881508
1062,-5.5704279369,14.0732470271,12.3973881508
1063,-5.5582906872,14.0733049906,12.1373881508
1064,-5.5463954959,14.0730763694,11.8973881508
1065,-5.5347184081,14.0729926078,11.6773881508
1066,-5.5232411207,14.0729445242,11.4773881508
1067,-5.5119838576,14.0729975837,11.2573881508
1068,-5.5009269306,14.0730985736,11.0573881508
1069,-5.4900909194,14.0732713210,10.8373881508
1070,-5.4794967247,14.0735314663,10.5973881508
1071,-5.4691633431,14.0738192482,10.3373881508
1072,-5.4590718320,14.0741637043,10.0973881508
1073,-5.4492011508,14.0745276425,9.8773881508
1074,-5.4395316526,14.0749183401,9.6773881508
1075,-5.4300411740,14.0752805536,9.4973881508
1076,-5.4207088702,14.0755886482,9.3373881508
1077,-5.4115583726,14.0759438270,9.1573881508
1078,-5.4026043420,14.0761890582,8.9573881508
1079,-5.3938321633,14.0764914206,8.7773881508
1080,-5.3852192291,14.0767684458,8.6173881508
1081,-5.3767466414,14.0770536963,8.4773881508
1082,-5.3683929726,14.0773030035,8.3573881508
1083,-5.3601794201,14.0775540487,8.2173881508
1084,-5.3520826129,14.0776510436,8.0973881508
1085,-5.3441254799,14.0777147726,7.9573881508
1086,-5.3363294292,14.0778591832,7.7973881508
1087,-5.3286747947,14.0780645242,7.6573881508
1088,-5.3211793266,14.0782341896,7.4973881508
1089,-5.3138238486,14.0784018321,7.3573881508
1090,-5.3065864703,14.0784137649,7.2373881508
1091,-5.2994492050,14.0784556469,7.1373881508
1092,-5.2923926143,14.0785617359,7.0573881508
1093,-5.2854360745,14.0786703817,6.9573881508
1094,-5.2786010067,14.0788484954,6.8373881508
1095,-5.2719055717,14.0790102329,6.6973881508
1096,-5.2653282337,14.0790359230,6.5773881508
1097,-5.2588910209,14.0790834344,6.4373881508
1098,-5.2525746629,14.0791975178,6.3173881508
1099,-5.2463593011,14.0793562374,6.2173881508
1100,-5.2402247298,14.0795421635,6.1373881508
1101,-5.2341511387,14.0797569611,6.0773881508
1102,-5.2281544661,14.0798496044,5.9973881508
1103,-5.2222574064,14.0799118399,5.8973881508
1104,-5.2164408427,14.0800097764,5.8173881508
1105,-5.2107243917,14.0801132922,5.7173881508
1106,-5.2051291366,14.0802678049,5.5973881508
1107,-5.1996741759,14.0804305608,5.4573881508
1108,-5.1943384413,14.0805634104,5.3373881508
1109,-5.1891415108,14.0806323831,5.1973881508
1110,-5.1840652343,14.0807386234,5.0773881508
1111,-5.1791287820,14.0808347517,4.9373881508
1112,-5.1743133979,14.0809736928,4.8173881508
1113,-5.1695984741,14.0811261528,4.7173881508
1114,-5.1650037553,14.0812827961,4.5973881508
1115,-5.1605497659,14.0814568280,4.4573881508
1116,-5.1562560224,14.0816337806,4.2973881508
1117,-5.1521025238,14.0818135725,4.1573881508
1118,-5.1480670066,14.0819364732,4.0373881508
1119,-5.1441320678,14.0820753308,3.9373881508
1120,-5.1403151737,14.0821367484,3.8173881508
1121,-5.1365984696,14.0822080571,3.7173881508
1122,-5.1330021349,14.0822951112,3.5973881508
1123,-5.1295057540,14.0823790420,3.4973881508
1124,-5.1261290876,14.0824488639,3.3773881508
1125,-5.1228529700,14.0825401116,3.2773881508
1126,-5.1196563676,14.0826109946,3.1973881508
1127,-5.1165200014,14.0826910654,3.1373881508
1128,-5.1134243113,14.0827936138,3.0973881508
1129,-5.1103490636,14.0829083719,3.0773881508
1130,-5.1072744070,14.0830380037,3.0773881508
1131,-5.1041796188,14.0831648893,3.0973881508
1132,-5.1010442421,14.0832772147,3.1373881508
1133,-5.0978891274,14.0833970111,3.1573881508
1134,-5.0946944153,14.0835278003,3.1973881508
1135,-5.0914390063,14.0836413316,3.2573881508
1136,-5.0881029106,14.0837342032,3.3373881508
1137,-5.0847076388,14.0838541042,3.3973881508
1138,-5.0812729920,14.0839913562,3.4373881508
1139,-5.0778188030,14.0841400563,3.4573881508
1140,-5.0743251657,14.0843019881,3.4973881508
1141,-5.0708119352,14.0844729587,3.5173881508
1142,-5.0672976912,14.0846216483,3.5173881508
1143,-5.0638032953,14.0847662905,3.4973881508
1144,-5.0603096456,14.0849279542,3.4973881508
1145,-5.0568357139,14.0850829620,3.4773881508
1146,-5.0534017305,14.0852359152,3.4373881508
1147,-5.0499885124,14.0854046874,3.4173881508
1148,-5.0465762029,14.0855909292,3.4173881508
1149,-5.0431428577,14.0857575958,3.4373881508
1150,-5.0396681801,14.0858948705,3.4773881508
1151,-5.0361321000,14.0859910582,3.5373881508
1152,-5.0325165067,14.0861049990,3.6173881508
1153,-5.0288400405,14.0861873359,3.6773881508
1154,-5.0250837663,14.0862788255,3.7573881508
1155,-5.0212665674,14.0863168384,3.8173881508
1156,-5.0173698818,14.0863908324,3.8973881508
1157,-5.0133726156,14.0864220554,3.9973881508
1158,-5.0092561202,14.0865077961,4.1173881508
1159,-5.0050001234,14.0866166303,4.2573881508
1160,-5.0005838609,14.0867163465,4.4173881508
1161,-4.9960286182,14.0868561702,4.5573881508
1162,-4.9913141792,14.0870229507,4.7173881508
1163,-4.9864196426,14.0871900507,4.8973881508
1164,-4.9813252776,14.0873655828,5.0973881508
1165,-4.9760117130,14.0875671969,5.3173881508
1166,-4.9704592907,14.0878020789,5.5573881508
1167,-4.9646466025,14.0880358747,5.8173881508
1168,-4.9585954684,14.0883110597,6.0573881508
1169,-4.9523221172,14.0885361532,6.2773881508
1170,-4.9458489175,14.0887690538,6.4773881508
1171,-4.9391568372,14.0890356435,6.6973881508
1172,-4.9322256779,14.0893295560,6.9373881508
1173,-4.9250328481,14.0895856715,7.1973881508
1174,-4.9175618815,14.0898954978,7.4773881508
1175,-4.9097921194,14.0902398273,7.7773881508
1176,-4.9017030013,14.0906057003,8.0973881508
1177,-4.8932749761,14.0910030792,8.4373881508
1178,-4.8844892404,14.0914557241,8.7973881508
1179,-4.8753238741,14.0919253140,9.1773881508
1180,-4.8657560203,14.0923525567,9.5773881508
1181,-4.8558093863,14.0928152134,9.9573881508
1182,-4.8455062055,14.0933564753,10.3173881508
1183,-4.8348245515,14.0939364574,10.6973881508
1184,-4.8237424707,14.0945191317,11.0973881508
1185,-4.8122760210,14.0950201002,11.4773881508
1186,-4.8004108006,14.0955575891,11.8773881508
1187,-4.7881292619,14.0961817398,12.2973881508
1188,-4.7754494037,14.0968487190,12.6973881508
1189,-4.7623512404,14.0975586407,13.1173881508
1190,-4.7488107796,14.0982359111,13.5573881508
1191,-4.7348550931,14.0990144962,13.9773881508
1192,-4.7204630534,14.0998690568,14.4173881508
1193,-4.7056108813,14.1007348871,14.8773881508
1194,-4.6902793180,14.1016251332,15.3573881508
1195,-4.6744471689,14.1025194561,15.8573881508
1196,-4.6580973513,14.1034693544,16.3773881508
1197,-4.6412064696,14.1044160008,16.9173881508
1198,-4.6237564379,14.1053934926,17.4773881508
1199,-4.6057282423,14.1064198585,18.0573881508
1200,-4.5870964447,14.1073967176,18.6573881508
1201,-4.5678496688,14.1084826789,19.2773881508
1202,-4.5480065067,14.1096486454,19.8773881508
1203,-4.5275859843,14.1108762416,20.4573881508
1204,-4.5065596554,14.1120195211,21.0573881508
1205,-4.4849124199,14.1131624791,21.6773881508
1206,-4.4626246408,14.1143117034,22.3173881508
1207,-4.4396842137,14.1156144585,22.9773881508
1208,-4.4160682395,14.1170136646,23.6573881508
1209,-4.3917586544,14.1185389290,24.3573881508
1210,-4.3667357800,14.1201915477,25.0773881508
1211,-4.3409791672,14.1219619802,25.8173881508
1212,-4.3144668720,14.1238209481,26.5773881508
1213,-4.2871803623,14.1257889617,27.3573881508
1214,-4.2590865301,14.1276797544,28.1573881508
1215,-4.2302239317,14.1297589007,28.9373881508
1216,-4.2006072785,14.1319472134,29.6973881508
1217,-4.1702576042,14.1342562973,30.4373881508
1218,-4.1391555002,14.1366927199,31.1973881508
1219,-4.1072834885,14.1392866022,31.9773881508
1220,-4.0746127493,14.1419285663,32.7773881508
1221,-4.0411301882,14.1447039211,33.5973881508
1222,-4.0068511895,14.1475553339,34.3973881508
1223,-3.9717634530,14.1505744692,35.2173881508
1224,-3.9358805503,14.1536840575,36.0173881508
1225,-3.8991845806,14.1569088022,36.8373881508
1226,-3.8616521334,14.1602104655,37.6773881508
1227,-3.8232670140,14.1636328769,38.5373881508
1228,-3.7840427003,14.1671015812,39.3773881508
1229,-3.7439631225,14.1706617566,40.2373881508
1230,-3.7030035820,14.1742611520,41.1173881508
1231,-3.6611875568,14.1779382637,41.9773881508
1232,-3.6185036621,14.1817906470,42.8573881508
1233,-3.5749276929,14.1857710900,43.7573881508
1234,-3.5304355036,14.1898348445,44.6773881508
1235,-3.4850485336,14.1939967268,45.5773881508
1236,-3.4387761206,14.1981383103,46.4573881508
1237,-3.3916053737,14.2023386492,47.3573881508
1238,-3.3435243026,14.2066879947,48.2773881508
1239,-3.2945217904,14.2112820226,49.2173881508
1240,-3.2445641357,14.2159727602,50.1773881508
1241,-3.1936381864,14.2208334243,51.1573881508
1242,-3.1417288646,14.2259143145,52.1573881508
1243,-3.0888055316,14.2311061773,53.1773881508
1244,-3.0348572292,14.2365011603,54.2173881508
1245,-2.9798447832,14.2419067521,55.2773881508
1246,-2.9237719722,14.2475631711,56.3573881508
1247,-2.8666509369,14.2533893008,57.4173881508
1248,-2.8084650581,14.2594182244,58.4973881508
1249,-2.7492363718,14.2656668411,59.5573881508
1250,-2.6889868198,14.2721502763,60.5973881508
1251,-2.6277356917,14.2788586162,61.6173881508
1252,-2.5655032196,14.2857909119,62.6173881508
1253,-2.5022643309,14.2929014757,63.6373881508
1254,-2.4380043274,14.3002374480,64.6773881508
1255,-2.3727410306,14.3077772694,65.6973881508
1256,-2.3064867054,14.3154522924,66.6973881508
1257,-2.2392268037,14.3233104274,67.7173881508
1258,-2.1709429169,14.3313658122,68.7573881508
1259,-2.1016130095,14.3396018077,69.8173881508
1260,-2.0312181296,14.3480279889,70.8973881508
1261,-1.9597780210,14.3566405727,71.9573881508
1262,-1.8872723450,14.3654375616,73.0373881508
1263,-1.8137219960,14.3744247239,74.0973881508
1264,-1.7391468697,14.3835995614,75.1373881508
1265,-1.6635669757,14.3929605118,76.1573881508
1266,-1.5869611737,14.4024992665,77.1973881508
1267,-1.5093506542,14.4122238265,78.2173881508
1268,-1.4307569249,14.4221445268,79.2173881508
1269,-1.3511585790,14.4322510490,80.2373881508
1270,-1.2705346843,14.4425370311,81.2773881508
1271,-1.1889098841,14.4530371306,82.2973881508
1272,-1.1062586310,14.4637090860,83.3373881508
1273,-1.0226034657,14.4745710495,84.3573881508
1274,-0.9379205437,14.4855945071,85.3973881508
1275,-0.8522321419,14.4967955238,86.4173881508
1276,-0.7655532992,14.5081347470,87.4173881508
1277,-0.6779076505,14.5196385939,88.3973881508
1278,-0.5893189780,14.5313343163,89.3573881508
1279,-0.4998093206,14.5432355573,90.2973881508
1280,-0.4093918004,14.5552889359,91.2173881508
1281,-0.3180883841,14.5675077485,92.1173881508
1282,-0.2259230568,14.5799201074,92.9973881508
1283,-0.1328700819,14.5924844758,93.8973881508
1284,-0.0389103926,14.6052090143,94.8173881508
1285,0.0559341708,14.6181058043,95.7173881508
1286,0.1516430451,14.6311774064,96.5973881508
1287,0.2481919964,14.6444530423,97.4573881508
1288,0.3455324238,14.6581357945,98.2973881508
1289,0.4437069848,14.6717744237,99.1173881508
1290,0.5426629494,14.6856019873,99.9173881508
1291,0.6417131470,14.6993518371,100.0000000000
1292,0.7407760838,14.7130096022,100.0000000000
1293,0.8398444600,14.7266278558,100.0000000000
1294,0.9389048019,14.7403044292,100.0000000000
1295,1.0379745377,14.7539127889,100.0000000000
1296,1.1370359653,14.7675814962,100.0000000000
1297,1.2360996038,14.7812341713,100.0000000000
1298,1.3351664641,14.7948634481,100.0000000000
1299,1.4342453154,14.8084052804,100.0000000000
1300,1.5333333814,14.8218795214,100.0000000000
1301,1.6324284075,14.8353024799,100.0000000000
1302,1.7315158077,14.8487816162,100.0000000000
1303,1.8305731918,14.8624795961,100.0000000000
1304,1.9296375640,14.8761269459,100.0000000000
1305,2.0286968371,14.8898112586,100.0000000000
1306,2.1277344616,14.9036513794,100.0000000000
1307,2.2267722581,14.9174902691,100.0000000000
1308,2.3258056033,14.9313609769,100.0000000000
1309,2.4248466643,14.9451764842,100.0000000000
1310,2.5238857246,14.9590063257,100.0000000000
1311,2.6228783430,14.9731647691,100.0000000000
1312,2.7218830815,14.9872382106,100.0000000000
1313,2.8209106585,15.0011500393,100.0000000000
1314,2.9199297770,15.0151219460,100.0000000000
1315,3.0189608679,15.0290087395,100.0000000000
1316,3.1179870671,15.0429303732,100.0000000000
1317,3.2169977913,15.0569616411,100.0000000000
1318,3.3160029334,15.0710322434,100.0000000000
1319,3.4150047063,15.0851265314,100.0000000000
1320,3.5140049845,15.0992313152,100.0000000000
1321,3.6129637335,15.1136245773,100.0000000000
1322,3.7119435717,15.1278720905,100.0000000000
1323,3.8109435895,15.1419787015,100.0000000000
1324,3.9099690228,15.1559057817,100.0000000000
1325,4.0090027816,15.1697735359,100.0000000000
1326,4.1079631818,15.1841554406,100.0000000000
1327,4.2069567745,15.1983070701,100.0000000000
1328,4.3059758652,15.2122791738,100.0000000000
1329,4.4050031439,15.2261931259,100.0000000000
1330,4.5040454084,15.2400000027,100.0000000000
1331,4.6031009756,15.2537111153,100.0000000000
1332,4.7021355835,15.2675728050,100.0000000000
1333,4.8011202197,15.2816455513,99.9800000000
1334,4.9001041835,15.2957230266,99.9800000000
1335,4.9990543062,15.3098960582,99.9600000000
1336,5.0979892710,15.3238917406,99.9200000000
1337,5.1968602957,15.3379110160,99.8600000000
1338,5.2956522717,15.3519179384,99.7800000000
1339,5.3943467046,15.3659004742,99.6800000000
1340,5.4929170433,15.3799034002,99.5600000000
1341,5.5913686174,15.3937462310,99.4200000000
1342,5.6896771381,15.4074568966,99.2600000000
1343,5.7878191699,15.4210579259,99.0800000000
1344,5.8857719645,15.4345673462,98.8800000000
1345,5.9835230855,15.4482204901,98.7000000000
1346,6.0810549351,15.4619968582,98.5000000000
1347,6.1782937962,15.4762643835,98.2800000000
1348,6.2753115812,15.4903849711,98.0400000000
1349,6.3721390319,15.5042845108,97.8200000000
1350,6.4687448283,15.5180386551,97.5800000000
1351,6.5650981330,15.5317216035,97.3200000000
1352,6.6610877701,15.5459606758,97.0400000000
1353,6.7568069616,15.5599772362,96.7400000000
1354,6.8522443487,15.5739856892,96.4600000000
1355,6.9474302703,15.5879169610,96.2000000000
1356,7.0423926211,15.6017181753,95.9600000000
1357,7.1371393609,15.6154732799,95.7400000000
1358,7.2316251765,15.6293542252,95.5000000000
1359,7.3258543801,15.6431931121,95.2400000000
1360,7.4198249141,15.6568657250,94.9600000000
1361,7.5135103655,15.6704138541,94.6600000000
1362,7.6068855737,15.6841490238,94.3800000000
1363,7.6999775132,15.6977481859,94.0800000000
1364,7.7928180356,15.7111301658,93.8000000000
1365,7.8854196738,15.7243463758,93.5400000000
1366,7.9777345471,15.7375899314,93.2600000000
1367,8.0697742440,15.7506381423,92.9600000000
1368,8.1615141051,15.7635209790,92.6400000000
1369,8.2529579188,15.7763547055,92.3400000000
1370,8.3440234555,15.7895739498,92.0200000000
1371,8.4347778760,15.8025684700,91.6800000000
1372,8.5251932135,15.8153906832,91.3200000000
1373,8.6152483608,15.8280458813,90.9400000000
1374,8.7049417848,15.8406881160,90.5800000000
1375,8.7942710699,15.8531908686,90.2000000000
1376,8.8832005668,15.8656642231,89.8000000000
1377,8.9716681363,15.8784028871,89.3800000000
1378,9.0597080422,15.8910242409,88.9400000000
1379,9.1473070898,15.9034788488,88.4800000000
1380,9.2344460515,15.9157589687,88.0000000000
1381,9.3210956837,15.9279282433,87.5000000000
1382,9.4072714760,15.9400201091,87.0200000000
1383,9.4928676697,15.9526297098,86.5200000000
1384,9.5779555401,15.9651218797,86.0000000000
1385,9.6625696653,15.9773978653,85.5000000000
1386,9.7466732737,15.9895709274,84.9800000000
1387,9.8302866962,16.0016401437,84.4800000000
1388,9.9133222870,16.0140648069,83.9600000000
1389,9.9958753306,16.0263353654,83.4600000000
1390,10.0779390030,16.0383602257,82.9400000000
1391,10.1595248833,16.0501965147,82.4400000000
1392,10.2406527396,16.0618460871,81.9600000000
1393,10.3213397951,16.0733286419,81.5000000000
1394,10.4015623838,16.0846678073,81.0200000000
1395,10.4812989743,16.0958725623,80.5200000000
1396,10.5605306626,16.1069332836,80.0000000000
1397,10.6392416542,16.1181060099,79.5000000000
1398,10.7174111360,16.1293919530,78.9800000000
1399,10.7950166410,16.1408033155,78.4400000000
1400,10.8720710024,16.1521134787,77.8800000000
1401,10.9485377537,16.1634327515,77.3000000000
1402,11.0244690682,16.1745441456,76.7400000000
1403,11.0998491194,16.1854158285,76.1600000000
1404,11.1745993686,16.1964482280,75.5600000000
1405,11.2486794889,16.2077680944,74.9400000000
1406,11.3221616558,16.2190289451,74.3400000000
1407,11.3951039820,16.2299813259,73.7600000000
1408,11.4674063056,16.2411509097,73.1600000000
1409,11.5391723930,16.2519899640,72.5800000000
1410,11.6104126972,16.2625587602,72.0200000000
1411,11.6810970006,16.2729222954,71.4400000000
1412,11.7512513333,16.2830388160,70.8800000000
1413,11.8208401550,16.2930130782,70.3000000000
1414,11.8898386096,16.3028773199,69.7000000000
1415,11.9582388731,16.3125442922,69.0800000000
1416,12.0259893145,16.3222350758,68.4400000000
1417,12.0930743929,16.3319160189,67.7800000000
1418,12.1594891092,16.3414813446,67.1000000000
1419,12.2252677674,16.3508323724,66.4400000000
1420,12.2903855502,16.3600003580,65.7600000000
1421,12.3548193006,16.3690056570,65.0600000000
1422,12.4185293221,16.3779872359,64.3400000000
1423,12.4815184451,16.3870657811,63.6400000000
1424,12.5437928807,16.3960558355,62.9200000000
1425,12.6053511383,16.4048269993,62.1800000000
1426,12.6661929565,16.4135220989,61.4600000000
1427,12.7263537633,16.4220341452,60.7600000000
1428,12.7857508857,16.4307967616,60.0400000000
1429,12.8444650323,16.4393923765,59.3400000000
1430,12.9024432854,16.4480426116,58.6200000000
1431,12.9597049020,16.4564807191,57.8800000000
1432,13.0162570148,16.4647948119,57.1600000000
1433,13.0720383808,16.4732597756,56.4200000000
1434,13.1270830457,16.4815132877,55.6600000000
1435,13.1813810050,16.4897557399,54.9200000000
1436,13.2349711088,16.4978638082,54.2000000000
1437,13.2878338705,16.5058324988,53.4600000000
1438,13.3399650857,16.5135543121,52.7000000000
1439,13.3913603178,16.5211944506,51.9600000000
1440,13.4420458523,16.5287120432,51.2400000000
1441,13.4920047809,16.5360846580,50.5000000000
1442,13.5412274239,16.5432400064,49.7400000000
1443,13.5896919740,16.5501875947,48.9600000000
1444,13.6374151267,16.5569507822,48.2000000000
1445,13.6843667744,16.5635990283,47.4200000000
1446,13.7304930592,16.5703658777,46.6200000000
1447,13.7758383653,16.5770821873,45.8400000000
1448,13.8203980526,16.5836423603,45.0400000000
1449,13.8641887777,16.5900704232,44.2600000000
1450,13.9072033252,16.5962768955,43.4600000000
1451,13.9494534267,16.6023193559,42.6800000000
1452,13.9909505340,16.6082587570,41.9200000000
1453,14.0316591151,16.6142010648,41.1400000000
1454,14.0715830177,16.6199801309,40.3400000000
1455,14.1107469734,16.6255638729,39.5600000000
1456,14.1491221123,16.6310123876,38.7600000000
1457,14.1867201872,16.6363850184,37.9800000000
1458,14.2235750710,16.6415855897,37.2200000000
1459,14.2596994573,16.6466668407,36.4800000000
1460,14.2950616914,16.6517097369,35.7200000000
1461,14.3296599218,16.6565847810,34.9400000000
1462,14.3635118761,16.6613089303,34.1800000000
1463,14.3965810936,16.6659979447,33.4000000000
1464,14.4288857633,16.6706646261,32.6400000000
1465,14.4604523777,16.6752645018,31.9000000000
1466,14.4913043954,16.6797750897,31.1800000000
1467,14.5214714540,16.6841315765,30.4800000000
1468,14.5509739176,16.6883321290,29.8000000000
1469,14.5798241615,16.6924312780,29.1400000000
1470,14.6080453394,16.6964081007,28.5000000000
1471,14.6356575539,16.7002629694,27.8800000000
1472,14.6626360031,16.7040287203,27.2400000000
1473,14.6889921362,16.7077675231,26.6200000000
1474,14.7147594390,16.7113850510,26.0200000000
1475,14.7399541985,16.7149089253,25.4400000000
1476,14.7645923873,16.7183692803,24.8800000000
1477,14.7886984485,16.7217357938,24.3400000000
1478,14.8122913269,16.7250173309,23.8200000000
1479,14.8353838331,16.7282667242,23.3200000000
1480,14.8580046585,16.7314232822,22.8400000000
1481,14.8801308494,16.7345066694,22.3400000000
1482,14.9017834579,16.7375106913,21.8600000000
1483,14.9229818896,16.7404409628,21.4000000000
1484,14.9437395570,16.7433462760,20.9600000000
1485,14.9640831612,16.7461798903,20.5400000000
1486,14.9840295276,16.7489659385,20.1400000000
1487,15.0035951937,16.7517304115,19.7600000000
1488,15.0228033477,16.7544519590,19.4000000000
1489,15.0416740674,16.7571314252,19.0600000000
1490,15.0602214382,16.7598114690,18.7400000000
1491,15.0784702974,16.7624596266,18.4400000000
1492,15.0964419381,16.7650684058,18.1600000000
1493,15.1141590816,16.7676204299,17.9000000000
1494,15.1316372137,16.7701483737,17.6600000000
1495,15.1488987638,16.7726368446,17.4400000000
1496,15.1659653490,16.7750759570,17.2400000000
1497,15.1828557056,16.7774758428,17.0600000000
1498,15.1995477902,16.7798494292,16.8600000000
1499,15.2160619848,16.7821954420,16.6800000000
1500,15.2324195034,16.7845067161,16.5200000000
1501,15.2486389588,16.7867944370,16.3800000000
1502,15.2647367573,16.7890853938,16.2600000000
1503,15.2807341013,16.7913724411,16.1600000000
1504,15.2966547493,16.7936306187,16.0800000000
1505,15.3124737070,16.7958935764,15.9800000000
1506,15.3282142106,16.7981400281,15.9000000000
1507,15.3438561210,16.8003695212,15.8000000000
1508,15.3594193816,16.8025838652,15.7200000000
1509,15.3749220826,16.8047978801,15.6600000000
1510,15.3903809167,16.8070359259,15.6200000000
1511,15.4058208212,16.8092651294,15.6000000000
1512,15.4212619791,16.8114856342,15.6000000000
1513,15.4367198201,16.8137305290,15.6200000000
1514,15.4522153009,16.8159945246,15.6600000000
1515,15.4677301158,16.8182645286,15.6800000000
1516,15.4832865705,16.8205261909,15.7200000000
1517,15.4989034556,16.8227892198,15.7800000000
1518,15.5146014064,16.8250506225,15.8600000000
1519,15.5303855058,16.8274136302,15.9600000000
1520,15.5462470033,16.8297999446,16.0400000000
1521,15.5622123728,16.8321677655,16.1400000000
1522,15.5782956719,16.8345583911,16.2600000000
1523,15.5945107504,16.8370142475,16.4000000000
1524,15.6108424613,16.8395013380,16.5200000000
1525,15.6273155271,16.8419900526,16.6600000000
1526,15.6439518324,16.8444691142,16.8200000000
1527,15.6607566802,16.8470375943,17.0000000000
1528,15.6777646269,16.8496007465,17.2000000000
1529,15.6949919192,16.8521846969,17.4200000000
1530,15.7124521524,16.8548334436,17.6600000000
1531,15.7301741024,16.8574903004,17.9200000000
1532,15.7481732554,16.8601866854,18.2000000000
1533,15.7664669400,16.8629418806,18.5000000000
1534,15.7850813087,16.8657163496,18.8200000000
1535,15.8040325569,16.8685369513,19.1600000000
1536,15.8233412677,16.8714012288,19.5200000000
1537,15.8430316814,16.8742817858,19.9000000000
1538,15.8630781625,16.8772154179,20.2600000000
1539,15.8835026462,16.8801903239,20.6400000000
1540,15.9043240936,16.8832150429,21.0400000000
1541,15.9255612816,16.8862994307,21.4600000000
1542,15.9472253394,16.8895054563,21.9000000000
1543,15.9693438449,16.8927828505,22.3600000000
1544,15.9919397406,16.8961131808,22.8400000000
1545,16.0150272267,16.8995371526,23.3400000000
1546,16.0385911919,16.9030202468,23.8200000000
1547,16.0626537616,16.9065494304,24.3200000000
1548,16.0871975645,16.9101049532,24.8000000000
1549,16.1122387565,16.9137144823,25.3000000000
1550,16.1377914832,16.9174199596,25.8200000000
1551,16.1638712537,16.9212533871,26.3600000000
1552,16.1905059672,16.9251621514,26.9200000000
1553,16.2176734038,16.9291598997,27.4600000000
1554,16.2453964888,16.9332281865,28.0200000000
1555,16.2736503101,16.9373989392,28.5600000000
1556,16.3024166187,16.9416587387,29.0800000000
1557,16.3317176485,16.9459939497,29.6200000000
1558,16.3615727657,16.9504103253,30.1800000000
1559,16.3919624532,16.9549031304,30.7200000000
1560,16.4229085719,16.9594612149,31.2800000000
1561,16.4544300694,16.9640931468,31.8600000000
1562,16.4865512880,16.9687706375,32.4600000000
1563,16.5192865505,16.9735339333,33.0800000000
1564,16.5526191757,16.9783587134,33.6800000000
1565,16.5865228471,16.9832870663,34.2600000000
1566,16.6210132115,16.9883501055,34.8600000000
1567,16.6560686316,16.9935569394,35.4400000000
1568,16.6917221757,16.9988206253,36.0400000000
1569,16.7279901900,17.0041672821,36.6600000000
1570,16.7648600386,17.0095451873,37.2600000000
1571,16.8023376245,17.0150519977,37.8800000000
1572,16.8404465276,17.0206646535,38.5200000000
1573,16.8792125541,17.0263451100,39.1800000000
1574,16.9186552212,17.0320979884,39.8600000000
1575,16.9587546924,17.0379206003,40.5200000000
1576,16.9994851188,17.0438517023,41.1600000000
1577,17.0408303310,17.0498635091,41.7800000000
1578,17.0828054835,17.0559907416,42.4200000000
1579,17.1254366794,17.0621929616,43.0800000000
1580,17.1687333747,17.0685438496,43.7600000000
1581,17.2127255018,17.0749769168,44.4600000000
1582,17.2574318371,17.0815019441,45.1800000000
1583,17.3028383690,17.0880762322,45.8800000000
1584,17.3489587618,17.0947447674,46.6000000000
1585,17.3957785590,17.1014676085,47.3000000000
1586,17.4432736689,17.1082716469,47.9800000000
1587,17.4914656527,17.1151473358,48.6800000000
1588,17.5403727698,17.1221082189,49.4000000000
1589,17.5899985436,17.1292707729,50.1400000000
1590,17.6403434306,17.1364910190,50.8600000000
1591,17.6913724320,17.1438717108,51.5600000000
1592,17.7431117209,17.1513713365,52.2800000000
1593,17.7955486378,17.1589377194,52.9800000000
1594,17.8486490916,17.1666667170,53.6600000000
1595,17.9024464596,17.1744675374,54.3600000000
1596,17.9569600784,17.1823461006,55.0800000000
1597,18.0122037050,17.1903469832,55.8200000000
1598,18.0682065487,17.1984078701,56.5800000000
1599,18.1249820852,17.2065753704,57.3600000000
1600,18.1825544519,17.2148220779,58.1600000000
1601,18.2409314318,17.2232344865,58.9800000000
1602,18.3000921423,17.2318169529,59.7800000000
1603,18.3600661005,17.2405051255,60.6000000000
1604,18.4208793086,17.2492588289,61.4400000000
1605,18.4825412779,17.2581521714,62.3000000000
1606,18.5450801215,17.2671302248,63.1800000000
1607,18.6084759667,17.2761904899,64.0400000000
1608,18.6727498844,17.2853266763,64.9200000000
1609,18.7379073080,17.2946423918,65.8200000000
1610,18.8039786326,17.3040661741,66.7400000000
1611,18.8709380667,17.3136371606,67.6400000000
1612,18.9388026376,17.3233774690,68.5600000000
1613,19.0075574136,17.3332502793,69.4600000000
1614,19.0772131278,17.3433213208,70.3800000000
1615,19.1477386186,17.3536650894,71.2800000000
1616,19.2191442160,17.3640721188,72.1600000000
1617,19.2914003206,17.3746066214,73.0200000000
1618,19.3644844582,17.3852840943,73.8600000000
1619,19.4383870749,17.3960314498,74.6800000000
1620,19.5131303950,17.4068345282,75.5200000000
1621,19.5887267786,17.4177474189,76.3800000000
1622,19.6651431142,17.4288592170,77.2200000000
1623,19.7424208571,17.4400233045,78.0800000000
1624,19.8205824155,17.4512238576,78.9600000000
1625,19.8995997985,17.4625148089,79.8200000000
1626,19.9794891905,17.4739242369,80.7000000000
1627,20.0602309307,17.4854483413,81.5600000000
1628,20.1418522380,17.4970378107,82.4400000000
1629,20.2243218146,17.5087706250,83.3000000000
1630,20.3076504170,17.5207128368,84.1800000000
1631,20.3918346191,17.5327470266,85.0400000000
1632,20.4768842802,17.5449454503,85.9200000000
1633,20.5627809991,17.5572954331,86.7800000000
1634,20.6495135376,17.5697345316,87.6200000000
1635,20.7370356856,17.5824430804,88.4400000000
1636,20.8253430590,17.5953110798,89.2400000000
1637,20.9144352963,17.6082019155,90.0200000000
1638,21.0042873382,17.6211486896,90.7800000000
1639,21.0948441839,17.6346650244,91.5600000000
1640,21.1861792747,17.6481143211,92.3200000000
1641,21.2782605011,17.6615757975,93.0600000000
1642,21.3710736871,17.6750071383,93.7800000000
1643,21.4645865147,17.6884912577,94.4800000000
1644,21.5588313115,17.7019433305,95.2000000000
1645,21.6538049604,17.7155260263,95.9400000000
1646,21.7495248185,17.7292591523,96.7000000000
1647,21.8459582903,17.7432283727,97.4400000000
1648,21.9431261900,17.7571490365,98.1600000000
1649,22.0409819121,17.7712045426,98.8600000000
1650,22.1395290373,17.7852286542,99.5400000000
1651,22.2385391198,17.7992644504,100.0000000000
1652,22.3374969928,17.8136637342,100.0000000000
1653,22.4364265709,17.8282561489,100.0000000000
1654,22.5353733652,17.8427313656,100.0000000000
1655,22.6342991152,17.8573497100,100.0000000000
1656,22.7332274541,17.8719505237,100.0000000000
1657,22.8321714904,17.8864445801,100.0000000000
1658,22.9311556224,17.9006622314,100.0000000000
1659,23.0301426979,17.9148593749,100.0000000000
1660,23.1291021844,17.9292475659,100.0000000000
1661,23.2280767322,17.9435317840,100.0000000000
1662,23.3270859984,17.9575733370,100.0000000000
1663,23.4261504549,17.9712200749,100.0000000000
1664,23.5252464262,17.9846360531,100.0000000000
1665,23.6243464182,17.9980222996,100.0000000000
1666,23.7234522879,18.0113649599,100.0000000000
1667,23.8226303936,18.0241596205,100.0000000000
1668,23.9218105391,18.0369384601,100.0000000000
1669,24.0209575190,18.0499721234,100.0000000000
1670,24.1199881349,18.0638623039,100.0000000000
1671,24.2191240878,18.0769795768,100.0000000000
1672,24.3183772926,18.0891779922,100.0000000000
1673,24.4176794903,18.1009709361,100.0000000000
1674,24.5169469873,18.1130524938,100.0000000000
1675,24.6162008756,18.1252453465,100.0000000000
1676,24.7152945035,18.1386786228,100.0000000000
1677,24.8145670043,18.1507189961,100.0000000000
1678,24.9137783627,18.1632532037,100.0000000000
1679,25.0130582525,18.1752324977,100.0000000000
1680,25.1123259162,18.1873126854,100.0000000000
1681,25.2117020270,18.1984656498,100.0000000000
1682,25.3111744020,18.2087246265,100.0000000000
1683,25.4107660285,18.2177528016,100.0000000000
1684,25.5104469826,18.2257344924,100.0000000000
1685,25.6101066880,18.2337309613,99.9800000000
1686,25.7097980849,18.2407757459,99.9400000000
1687,25.8094059719,18.2481434616,99.8800000000
1688,25.9090010785,18.2551320487,99.8400000000
1689,26.0085951018,18.2612212949,99.7800000000
1690,26.1081432094,18.2667225917,99.7000000000
1691,26.2076266000,18.2715407855,99.6000000000
1692,26.3070161887,18.2757810769,99.4800000000
1693,26.4063243395,18.2795593808,99.3800000000
1694,26.5055277556,18.2829104750,99.2600000000
1695,26.6046376659,18.2860618685,99.1600000000
1696,26.7036565586,18.2895411338,99.0800000000
1697,26.8025735409,18.2930725660,98.9800000000
1698,26.9013730144,18.2965314140,98.8600000000
1699,27.0000481900,18.2995059955,98.7200000000
1700,27.0985747765,18.3020721873,98.5600000000
1701,27.1969571430,18.3047936505,98.4200000000
1702,27.2951895971,18.3071201446,98.2600000000
1703,27.3932421804,18.3094390471,98.0800000000
1704,27.4910996116,18.3115408439,97.8800000000
1705,27.5887833483,18.3133234237,97.7000000000
1706,27.6862446340,18.3160707476,97.5000000000
1707,27.7834957381,18.3184416450,97.2800000000
1708,27.8805149808,18.3204486656,97.0400000000
1709,27.9773182330,18.3222494336,96.8200000000
1710,28.0739208486,18.3240822095,96.6200000000
1711,28.1703069634,18.3257183223,96.4000000000
1712,28.2664963990,18.3271439746,96.2000000000
1713,28.3625097351,18.3282752120,96.0200000000
1714,28.4583644338,18.3292833434,95.8600000000
1715,28.5540396607,18.3302390414,95.6800000000
1716,28.6495164136,18.3310264742,95.4800000000
1717,28.7447742588,18.3316672077,95.2600000000
1718,28.8397914594,18.3323965817,95.0200000000
1719,28.9345488304,18.3331024465,94.7600000000
1720,29.0290270477,18.3336828395,94.4800000000
1721,29.1232033317,18.3345194604,94.1800000000
1722,29.2170577531,18.3355427746,93.8600000000
1723,29.3105717394,18.3366033239,93.5200000000
1724,29.4037620466,18.3379474410,93.2000000000
1725,29.4966168102,18.3389335787,92.8600000000
1726,29.5891131111,18.3397608210,92.5000000000
1727,29.6812313880,18.3403242568,92.1200000000
1728,29.7729507197,18.3406743923,91.7200000000
1729,29.8642896284,18.3411208884,91.3400000000
1730,29.9552288439,18.3414986117,90.9400000000
1731,30.0457841126,18.3424243115,90.5600000000
1732,30.1359411740,18.3431522316,90.1600000000
1733,30.2256774437,18.3439704646,89.7400000000
1734,30.3149750169,18.3446288083,89.3000000000
1735,30.4038524646,18.3453023745,88.8800000000
1736,30.4922915053,18.3457142960,88.4400000000
1737,30.5802707143,18.3460873710,87.9800000000
1738,30.6678105047,18.3462789455,87.5400000000
1739,30.7548904998,18.3463080539,87.0800000000
1740,30.8415304398,18.3462060232,86.6400000000
1741,30.9277501899,18.3459984658,86.2200000000
1742,31.0135699415,18.3457919831,85.8200000000
1743,31.0989697365,18.3456048311,85.4000000000
1744,31.1839289752,18.3459644858,84.9600000000
1745,31.2684288166,18.3461282091,84.5000000000
1746,31.3524488163,18.3461357794,84.0200000000
1747,31.4359688015,18.3460861281,83.5200000000
1748,31.5190086464,18.3459256267,83.0400000000
1749,31.6015482767,18.3456785923,82.5400000000
1750,31.6835676768,18.3453648944,82.0200000000
1751,31.7650474887,18.3455399831,81.4800000000
1752,31.8460073374,18.3456965155,80.9600000000
1753,31.9264672762,18.3457957407,80.4600000000
1754,32.0064472743,18.3458129606,79.9800000000
1755,32.0859272729,18.3458282620,79.4800000000
1756,32.1648872708,18.3458462172,78.9600000000
1757,32.2433072118,18.3457499661,78.4200000000
1758,32.3211670844,18.3458907714,77.8600000000
1759,32.3984470500,18.3459636725,77.2800000000
1760,32.4751670316,18.3459103972,76.7200000000
1761,32.5513069355,18.3457894323,76.1400000000
1762,32.6268866582,18.3455847166,75.5800000000
1763,32.7018864623,18.3457561526,75.0000000000
1764,32.7763263436,18.3458890567,74.4400000000
1765,32.8502263428,18.3458998909,73.9000000000
1766,32.9235663248,18.3459513770,73.3400000000
1767,32.9963262962,18.3458868637,72.7600000000
1768,33.0684862772,18.3459391435,72.1600000000
1769,33.1400262512,18.3458781400,71.5400000000
1770,33.2109662489,18.3458964453,70.9400000000
1771,33.2812862123,18.3458247398,70.3200000000
1772,33.3510060564,18.3456772765,69.7200000000
1773,33.4201458797,18.3455210044,69.1400000000
1774,33.4887257684,18.3453974335,68.5800000000
1775,33.5567256255,18.3455368651,68.0000000000
1776,33.6241256225,18.3455567627,67.4000000000
1777,33.6909056188,18.3455791031,66.7800000000
1778,33.7570456180,18.3455891324,66.1400000000
1779,33.8225256174,18.3455984572,65.4800000000
1780,33.8873255618,18.3455136181,64.8000000000
1781,33.9514653671,18.3453555616,64.1400000000
1782,34.0149251234,18.3451797116,63.4600000000
1783,34.0777247140,18.3449529496,62.8000000000
1784,34.1398841481,18.3446876986,62.1600000000
1785,34.2014234871,18.3444024675,61.5400000000
1786,34.2623233988,18.3442987465,60.9000000000
1787,34.3226031974,18.3441429436,60.2800000000
1788,34.3822831459,18.3440645047,59.6800000000
1789,34.4413429804,18.3439246885,59.0600000000
1790,34.4997628821,18.3438175217,58.4200000000
1791,34.5575626611,18.3436577140,57.8000000000
1792,34.6147223891,18.3434813543,57.1600000000
1793,34.6712621891,18.3433309605,56.5400000000
1794,34.7272021557,18.3432698633,55.9400000000
1795,34.7825618641,18.3434495355,55.3600000000
1796,34.8373214470,18.3436632661,54.7600000000
1797,34.8915013539,18.3437637206,54.1800000000
1798,34.9451208110,18.3440050154,53.6200000000
1799,34.9982006025,18.3441537794,53.0800000000
1800,35.0507205795,18.3442029785,52.5200000000
1801,35.1027005790,18.3441958653,51.9800000000
1802,35.1541205706,18.3441664430,51.4200000000
1803,35.2050005512,18.3441220272,50.8800000000
1804,35.2553205498,18.3441338545,50.3200000000
1805,35.3050605485,18.3441224830,49.7400000000
1806,35.3542405476,18.3441315836,49.1800000000
1807,35.4028405164,18.3440765054,48.6000000000
1808,35.4508805146,18.3440630945,48.0400000000
1809,35.4983404968,18.3441041731,47.4600000000
1810,35.5452004959,18.3441134101,46.8600000000
1811,35.5914404864,18.3441429989,46.2400000000
1812,35.6370804823,18.3441235798,45.6400000000
1813,35.6821404753,18.3440985737,45.0600000000
1814,35.7266403769,18.3441921796,44.5000000000
1815,35.7706001938,18.3443190637,43.9600000000
1816,35.8140401253,18.3443961726,43.4400000000
1817,35.8569800758,18.3444614126,42.9400000000
1818,35.8994399903,18.3445465985,42.4600000000
1819,35.9414398563,18.3446527136,42.0000000000
1820,35.9829588891,18.3449361028,41.5200000000
1821,36.0239778306,18.3452307979,41.0200000000
1822,36.0644767747,18.3455232474,40.5000000000
1823,36.1044354516,18.3458484225,39.9600000000
1824,36.1438747385,18.3460855914,39.4400000000
1825,36.1828144958,18.3462230685,38.9400000000
1826,36.2212743817,18.3463167626,38.4600000000
1827,36.2592342647,18.3464109762,37.9600000000
1828,36.2966741367,18.3465089014,37.4400000000
1829,36.3336137869,18.3466696661,36.9400000000
1830,36.3700736726,18.3467609301,36.4600000000
1831,36.4060734586,18.3468850616,36.0000000000
1832,36.4416333113,18.3469874134,35.5600000000
1833,36.4767732961,18.3470201327,35.1400000000
1834,36.5115131969,18.3471031348,34.7400000000
1835,36.5458731421,18.3471645306,34.3600000000
1836,36.5798731089,18.3472120452,34.0000000000
1837,36.6135331086,18.3472167490,33.6600000000
1838,36.6468731085,18.3472177890,33.3400000000
1839,36.6799131085,18.3472189251,33.0400000000
1840,36.7126730260,18.3472924678,32.7600000000
1841,36.7451730170,18.3473166127,32.5000000000
1842,36.7774330169,18.3473194870,32.2600000000
1843,36.8094723555,18.3475253573,32.0400000000
1844,36.8413121139,18.3476493738,31.8400000000
1845,36.8729715476,18.3478387435,31.6600000000
1846,36.9044709607,18.3480310317,31.5000000000
1847,36.9358306356,18.3481738212,31.3600000000
1848,36.9670304692,18.3482757210,31.2000000000
1849,36.9980903773,18.3483512870,31.0600000000
1850,37.0290302943,18.3484229450,30.9400000000
1851,37.0598701586,18.3485144236,30.8400000000
1852,37.0906300080,18.3486106955,30.7600000000
1853,37.1213298577,18.3487067604,30.7000000000
1854,37.1519897231,18.3487976055,30.6600000000
1855,37.1826295589,18.3488979080,30.6400000000
1856,37.2132694667,18.3489730691,30.6400000000
1857,37.2439294548,18.3490000997,30.6600000000
1858,37.2746294548,18.3490019072,30.7000000000
1859,37.3053894473,18.3489804671,30.7600000000
1860,37.3362294408,18.3489605509,30.8400000000
1861,37.3671294322,18.3489374308,30.9000000000
1862,37.3981094138,18.3489036477,30.9800000000
1863,37.4291894067,18.3488826669,31.0800000000
1864,37.4603894066,18.3488851832,31.2000000000
1865,37.4917293929,18.3489144416,31.3400000000
1866,37.5232293358,18.3489744238,31.5000000000
1867,37.5549092446,18.3490504384,31.6800000000
1868,37.5867891685,18.3491201017,31.8800000000
1869,37.6188891250,18.3491729832,32.1000000000
1870,37.6511891105,18.3492035313,32.3000000000
1871,37.6837090976,18.3492324950,32.5200000000
1872,37.7164290491,18.3492888499,32.7200000000
1873,37.7493690455,18.3493042521,32.9400000000
1874,37.7825490448,18.3492973575,33.1800000000
1875,37.8159890422,18.3492842516,33.4400000000
1876,37.8497090018,18.3492320301,33.7200000000
1877,37.8837289728,18.3491876009,34.0200000000
1878,37.9180289451,18.3491440172,34.3000000000
1879,37.9525889328,18.3491731672,34.5600000000
1880,37.9874289278,18.3491917244,34.8400000000
1881,38.0225688745,18.3492529373,35.1400000000
1882,38.0580288704,18.3492700631,35.4600000000
1883,38.0938287937,18.3493441745,35.8000000000
1884,38.1299887531,18.3493983361,36.1600000000
1885,38.1665286591,18.3494812361,36.5400000000
1886,38.2034686259,18.3495307654,36.9400000000
1887,38.2407885513,18.3496053418,37.3200000000
1888,38.2785084912,18.3496726859,37.7200000000
1889,38.3166484467,18.3497309948,38.1400000000
1890,38.3552284208,18.3497756538,38.5800000000
1891,38.3942683870,18.3498270445,39.0400000000
1892,38.4337883560,18.3498765281,39.5200000000
1893,38.4738083211,18.3499293823,40.0200000000
1894,38.5143479866,18.3500940754,40.5400000000
1895,38.5554276881,18.3502506821,41.0800000000
1896,38.5970673435,18.3504200704,41.6400000000
1897,38.6392871918,18.3505332421,42.2200000000
1898,38.6821069229,18.3506850041,42.8200000000
1899,38.7255465934,18.3508541981,43.4400000000
1900,38.7696263987,18.3509852014,44.0800000000
1901,38.8143662016,18.3511180199,44.7400000000
1902,38.8597860144,18.3512484209,45.4200000000
1903,38.9059059341,18.3513344672,46.1200000000
1904,38.9527457224,18.3514752981,46.8400000000
1905,39.0002853897,18.3516531582,47.5400000000
1906,39.0485451440,18.3518071623,48.2600000000
1907,39.0975448994,18.3519619862,49.0000000000
1908,39.1472647366,18.3520892024,49.7200000000
1909,39.1977244416,18.3522617427,50.4600000000
1910,39.2489442829,18.3523892571,51.2200000000
1911,39.3009442028,18.3524805677,52.0000000000
1912,39.3537441420,18.3525606712,52.8000000000
1913,39.4073241235,18.3526051955,53.5800000000
1914,39.4616641023,18.3526532080,54.3400000000
1915,39.5167838426,18.3528224011,55.1200000000
1916,39.5727033487,18.3530574384,55.9200000000
1917,39.6294430011,18.3532560466,56.7400000000
1918,39.6869826922,18.3534445771,57.5400000000
1919,39.7453424936,18.3535968113,58.3600000000
1920,39.8045423285,18.3537366494,59.2000000000
1921,39.8646021245,18.3538932014,60.0600000000
1922,39.9255418466,18.3540772215,60.9400000000
1923,39.9873416006,18.3542516055,61.8000000000
1924,40.0499814328,18.3543965924,62.6400000000
1925,40.1134413377,18.3545064338,63.4600000000
1926,40.1777411617,18.3546569028,64.3000000000
1927,40.2428610074,18.3547986535,65.1200000000
1928,40.3087808501,18.3549426394,65.9200000000
1929,40.3754807838,18.3550367405,66.7000000000
1930,40.4429407498,18.3551044565,67.4600000000
1931,40.5111807163,18.3551720148,68.2400000000
1932,40.5802206252,18.3552841891,69.0400000000
1933,40.6500805342,18.3553969411,69.8600000000
1934,40.7207404330,18.3555165272,70.6600000000
1935,40.7922203676,18.3556132204,71.4800000000
1936,40.8645402313,18.3557536167,72.3200000000
1937,40.9376800232,18.3559281233,73.1400000000
1938,41.0116199306,18.3560451463,73.9400000000
1939,41.0863396335,18.3562558423,74.7200000000
1940,41.1618195773,18.3563479824,75.4800000000
1941,41.2380395655,18.3563902758,76.2200000000
1942,41.3149789912,18.3560930075,76.9400000000
1943,41.3926177371,18.3556517086,77.6400000000
1944,41.4709772787,18.3553836867,78.3600000000
1945,41.5500371520,18.3552421578,79.0600000000
1946,41.6297771336,18.3551879324,79.7400000000
1947,41.7101635785,18.3537116294,80.4000000000
1948,41.7911815030,18.3518201989,81.0400000000
1949,41.8728055078,18.3493958529,81.6600000000
1950,41.9550898129,18.3477886399,82.3000000000
1951,42.0379741464,18.3453568406,82.9200000000
1952,42.1214497627,18.3416024983,83.5600000000
1953,42.2055093132,18.3371009012,84.1800000000
1954,42.2902251932,18.3328994646,84.8200000000
1955,42.3754616241,18.3270050230,85.4400000000
1956,42.4612847932,18.3203604728,86.0800000000
1957,42.5476311012,18.3125371036,86.7000000000
1958,42.6345866936,18.3043517178,87.3400000000
1959,42.7220508266,18.2950250331,87.9600000000
1960,42.8101347209,18.2858543647,88.5600000000
1961,42.8986339907,18.2751857734,89.1400000000
1962,42.9879216315,18.2665946617,89.7000000000
1963,43.0776645698,18.2567618883,90.2800000000
1964,43.1678527162,18.2458989304,90.8400000000
1965,43.2584174979,18.2337200671,91.3800000000
1966,43.3493438033,18.2201049806,91.9400000000
1967,43.4410382412,18.2080766615,92.4800000000
1968,43.5333923421,18.1971349954,93.0000000000
1969,43.6259742271,18.1840642432,93.5000000000
1970,43.7188274580,18.1695550081,93.9800000000
1971,43.8118735811,18.1533892236,94.4400000000
1972,43.9051055759,18.1357821359,94.8800000000
1973,43.9985334768,18.1169853985,95.3000000000
1974,44.0922530710,18.0976171857,95.7000000000
1975,44.1864152703,18.0785162272,96.0800000000
1976,44.2807544019,18.0583043828,96.4800000000
1977,44.3752275315,18.0369341375,96.8600000000
1978,44.4699605156,18.0149075782,97.2600000000
1979,44.5654627287,17.9943963689,97.6800000000
1980,44.6613833252,17.9739286979,98.0800000000
1981,44.7578796878,17.9543628191,98.4600000000
1982,44.8544603582,17.9334447290,98.8200000000
1983,44.9512767782,17.9118294376,99.2000000000
1984,45.0482670046,17.8893552394,99.5600000000
1985,45.1452218976,17.8652770600,99.9000000000
1986,45.2419407405,17.8398710484,100.0000000000
1987,45.3388973873,17.8153882248,100.0000000000
1988,45.4356492469,17.7901082395,100.0000000000
1989,45.5320486792,17.7635159578,100.0000000000
1990,45.6282346196,17.7361615272,100.0000000000
1991,45.7243326557,17.7084998667,100.0000000000
1992,45.8201153266,17.6797652195,100.0000000000
1993,45.9156434313,17.6501952819,100.0000000000
1994,46.0109129982,17.6198026901,100.0000000000
1995,46.1061373161,17.5892686226,100.0000000000
1996,46.2014464195,17.5590002429,100.0000000000
1997,46.2965367077,17.5280512997,100.0000000000
1998,46.3913607045,17.4962958334,100.0000000000
1999,46.4861368213,17.4643977508,100.0000000000
2000,46.5806586496,17.4317538544,100.0000000000
2001,46.6753118360,17.3994928204,100.0000000000
2002,46.7696902688,17.3664366347,100.0000000000
2003,46.8639811340,17.3331915878,99.9800000000
2004,46.9580599303,17.2993510722,99.9800000000
2005,47.0519003584,17.2649130751,99.9600000000
2006,47.1454834178,17.2298956882,99.9200000000
2007,47.2390044559,17.1948837610,99.8600000000
2008,47.3322292377,17.1593142734,99.7800000000
2009,47.4251602085,17.1232596334,99.6800000000
2010,47.5177973620,17.0867829093,99.5600000000
2011,47.6106021390,17.0510119021,99.4600000000
2012,47.7030593937,17.0146788364,99.3400000000
2013,47.7959739081,16.9799292607,99.2000000000
2014,47.8891957366,16.9463653353,99.0800000000
2015,47.9824317463,16.9132568758,98.9400000000
2016,48.0750110898,16.8788104889,98.7800000000
2017,48.1669755060,16.8432505938,98.6000000000
2018,48.2585409756,16.8071092273,98.4400000000
2019,48.3496649429,16.7703471519,98.2600000000
2020,48.4406999845,16.7339001383,98.0600000000
2021,48.5311658814,16.6966363877,97.8400000000
2022,48.6212190463,16.6590041212,97.6000000000
2023,48.7110149391,16.6214305501,97.3400000000
2024,48.8001995939,16.5831324961,97.0600000000
2025,48.8891803927,16.5451204578,96.7600000000
2026,48.9776829978,16.5068064592,96.4400000000
2027,49.0658286929,16.4685240032,96.1000000000
2028,49.1540455924,16.4312200216,95.7800000000
2029,49.2417697522,16.3935251655,95.4800000000
2030,49.3289550464,16.3553918458,95.1600000000
2031,49.4156045488,16.3168860522,94.8200000000
2032,49.5022259853,16.2792108834,94.4600000000
2033,49.5881792125,16.2408622573,94.1200000000
2034,49.6735217293,16.2020345296,93.7600000000
2035,49.7583806026,16.1629670492,93.4200000000
2036,49.8425462090,16.1232642245,93.0600000000
2037,49.9265900585,16.0841026392,92.7200000000
2038,50.0099376142,16.0443087383,92.3600000000
2039,50.0926280697,16.0040271174,91.9800000000
2040,50.1746777912,15.9633486267,91.5800000000
2041,50.2561442697,15.9224419221,91.1600000000
2042,50.3372208113,15.8816501093,90.7600000000
2043,50.4178285786,15.8408615882,90.3400000000
2044,50.4978767821,15.7998556288,89.9400000000
2045,50.5775259963,15.7589044838,89.5600000000
2046,50.6569446747,15.7182927425,89.2000000000
2047,50.7357922617,15.6774020294,88.8200000000
2048,50.8143100898,15.6367443478,88.4200000000
2049,50.8924051116,15.5961836825,88.0000000000
2050,50.9699858417,15.5555883143,87.5600000000
2051,51.0470725448,15.5150414254,87.1000000000
2052,51.1235584594,15.4743000400,86.6600000000
2053,51.1994561315,15.4334346101,86.2000000000
2054,51.2748348686,15.3926183830,85.7200000000
2055,51.3497580826,15.3520109895,85.2200000000
2056,51.4241113693,15.3113605732,84.7400000000
2057,51.4981716541,15.2712176805,84.2400000000
2058,51.5716801290,15.2311484591,83.7200000000
2059,51.6445743961,15.1910817868,83.1800000000
2060,51.7171413330,15.1515836342,82.6200000000
2061,51.7890310734,15.1119731351,82.0800000000
2062,51.8604552012,15.0726780417,81.5200000000
2063,51.9312176949,15.0333025432,80.9800000000
2064,52.0013780091,14.9939154652,80.4600000000
2065,52.0709832145,14.9545617237,79.9600000000
2066,52.1401592630,14.9155055088,79.4400000000
2067,52.2087542838,14.8765191891,78.9000000000
2068,52.2767294680,14.8375765398,78.3400000000
2069,52.3442257193,14.7988842143,77.8000000000
2070,52.4111144378,14.7602588736,77.2400000000
2071,52.4774643584,14.7218603888,76.6600000000
2072,52.5431892121,14.6835802738,76.0600000000
2073,52.6084683646,14.6457672357,75.4400000000
2074,52.6731328734,14.6080906263,74.8400000000
2075,52.7377617999,14.5715980206,74.2200000000
2076,52.8016202640,14.5350451417,73.5800000000
2077,52.8647254187,14.4985065887,72.9200000000
2078,52.9271843217,14.4622091641,72.2400000000
2079,52.9889951015,14.4261897374,71.5400000000
2080,53.0500362971,14.3902808968,70.8200000000
2081,53.1103147823,14.3545358183,70.0800000000
2082,53.1703970641,14.3199615243,69.3200000000
2083,53.2296020212,14.2854288637,68.5400000000
2084,53.2879478777,14.2510127536,67.7400000000
2085,53.3455584822,14.2168856405,66.9600000000
2086,53.4024087361,14.1830449219,66.1600000000
2087,53.4589431053,14.1502854852,65.3400000000
2088,53.5145434604,14.1175922059,64.5000000000
2089,53.5692828838,14.0851323056,63.6400000000
2090,53.6234597308,14.0534512884,62.7600000000
2091,53.6766637592,14.0218919639,61.8600000000
2092,53.7289143587,13.9905302283,60.9400000000
2093,53.7806248145,13.9600995077,60.0000000000
2094,53.8313533727,13.9298165129,59.0800000000
2095,53.8812742272,13.9000143671,58.1400000000
2096,53.9302384553,13.8704837598,57.1800000000
2097,53.9786361497,13.8419162403,56.2000000000
2098,54.0260033273,13.8135720964,55.2000000000
2099,54.0724245444,13.7855564043,54.2200000000
2100,54.1178910125,13.7578178414,53.2600000000
2101,54.1624021000,13.7303959252,52.2800000000
2102,54.2059980281,13.7033194141,51.3200000000
2103,54.2486851039,13.6766374133,50.3400000000
2104,54.2904586676,13.6503808908,49.3400000000
2105,54.3313469486,13.6245576827,48.3600000000
2106,54.3715176357,13.5994721191,47.3600000000
2107,54.4107739258,13.5748481616,46.3400000000
2108,54.4492579015,13.5508752767,45.3400000000
2109,54.4868310731,13.5272942169,44.3600000000
2110,54.5235229837,13.5041902498,43.3600000000
2111,54.5593269234,13.4815903936,42.3400000000
2112,54.5941976568,13.4594607312,41.3000000000
2113,54.6281635062,13.4378089537,40.2800000000
2114,54.6612669265,13.4167390424,39.2400000000
2115,54.6934803685,13.3962449809,38.1800000000
2116,54.7247530612,13.3762843022,37.1000000000
2117,54.7551599550,13.3569374055,36.0400000000
2118,54.7846146322,13.3381059534,34.9600000000
2119,54.8132009786,13.3198842412,33.9000000000
2120,54.8408721903,13.3021618360,32.8600000000
2121,54.8677037076,13.2850196285,31.8400000000
2122,54.8937667578,13.2685325726,30.8400000000
2123,54.9189757337,13.2526033562,29.8200000000
2124,54.9433078045,13.2371585276,28.8200000000
2125,54.9668277017,13.2222628893,27.8400000000
2126,54.9895101078,13.2078391988,26.8800000000
2127,55.0113815450,13.1938920185,25.9400000000
2128,55.0324584816,13.1804100623,25.0200000000
2129,55.0527564063,13.1673805323,24.1200000000
2130,55.0722871117,13.1547849320,23.2400000000
2131,55.0910844449,13.1427128210,22.3400000000
2132,55.1091259923,13.1310924007,21.4600000000
2133,55.1264412161,13.1199325160,20.6000000000
2134,55.1430208653,13.1092557359,19.7200000000
2135,55.1588568030,13.0990125589,18.8600000000
2136,55.1740323073,13.0892953335,18.0200000000
2137,55.1884930322,13.0799825769,17.2000000000
2138,55.2022675560,13.0710818750,16.4000000000
2139,55.2153713435,13.0625803955,15.6200000000
2140,55.2278530838,13.0545165404,14.8600000000
2141,55.2397078783,13.0468459312,14.1200000000
2142,55.2509620998,13.0395725208,13.4000000000
2143,55.2616605036,13.0327289722,12.7000000000
2144,55.2717806878,13.0262434290,12.0200000000
2145,55.2813332232,13.0200953668,11.3600000000
2146,55.2903507017,13.0142985159,10.7200000000
2147,55.2988504093,13.0088427875,10.1000000000
2148,55.3068375011,13.0036992125,9.5000000000
2149,55.3143348216,12.9988663474,8.9200000000
2150,55.3213571233,12.9943301730,8.3600000000
2151,55.3279262198,12.9900876064,7.8200000000
2152,55.3340498676,12.9861138251,7.3000000000
2153,55.3397663753,12.9824312255,6.8000000000
2154,55.3450805564,12.9790104246,6.3200000000
2155,55.3500107691,12.9758429961,5.8600000000
2156,55.3545675411,12.9729083362,5.4200000000
2157,55.3587748680,12.9702067810,5.0000000000
2158,55.3626445337,12.9677196768,4.6000000000
2159,55.3661913936,12.9654331544,4.2200000000
2160,55.3694378900,12.9633451264,3.8600000000
2161,55.3724003108,12.9614439522,3.5200000000
2162,55.3750964946,12.9597204114,3.2000000000
2163,55.3775403095,12.9581590759,2.9000000000
2164,55.3797464674,12.9567458288,2.6200000000
2165,55.3817362419,12.9554768144,2.3600000000
2166,55.3835234190,12.9543364644,2.1200000000
2167,55.3851267144,12.9533169333,1.9000000000
2168,55.3865605912,12.9524036988,1.7000000000
2169,55.3878429260,12.9515875998,1.5200000000
2170,55.3889894690,12.9508561360,1.3600000000
2171,55.3900170951,12.9501985765,1.2200000000
2172,55.3909434154,12.9496053390,1.1000000000
2173,55.3917841894,12.9490639529,1.0000000000
2174,55.3925580639,12.9485664407,0.9200000000
2175,55.3932809425,12.9481005581,0.8600000000
2176,55.3939704287,12.9476567014,0.8200000000
2177,55.3946429906,12.9472235035,0.8000000000
2178,55.3953162648,12.9467914134,0.8000000000
2179,55.3960070169,12.9463495293,0.8200000000
2180,55.3967318393,12.9458866767,0.8600000000
2181,55.3975075148,12.9453919773,0.9200000000
2182,55.3983502724,12.9448536840,1.0000000000
2183,55.3992777221,12.9442622139,1.1000000000
2184,55.4003066173,12.9436066418,1.2200000000
2185,55.4014523768,12.9428739515,1.3600000000
2186,55.4027317050,12.9420531473,1.5200000000
2187,55.4041616793,12.9411338141,1.7000000000
2188,55.4057613500,12.9401086051,1.9000000000
2189,55.4075458362,12.9389640488,2.1200000000
2190,55.4095332252,12.9376913018,2.3600000000
2191,55.4117417713,12.9362817898,2.6200000000
2192,55.4141868092,12.9347223701,2.9000000000
2193,55.4168864963,12.9330043220,3.2000000000
2194,55.4198572208,12.9311161494,3.5200000000
2195,55.4231153510,12.9290463214,3.8600000000
2196,55.4266765875,12.9267822555,4.2200000000
2197,55.4305584822,12.9243142820,4.6000000000
2198,55.4347800536,12.9216350404,5.0000000000
2199,55.4393490760,12.9187194900,5.4200000000
2200,55.4442883596,12.9155662254,5.8600000000
2201,55.4496132701,12.9121621502,6.3200000000
2202,55.4553492560,12.9085099638,6.8000000000
2203,55.4615075605,12.9045901059,7.3000000000
2204,55.4681042899,12.9003906344,7.8200000000
2205,55.4751616473,12.8959091941,8.3600000000
2206,55.4826938790,12.8911309218,8.9200000000
2207,55.4907126500,12.8860368752,9.5000000000
2208,55.4992352125,12.8806169187,10.1000000000
2209,55.5082866081,12.8748731710,10.7200000000
2210,55.5178884752,12.8688024421,11.3600000000
2211,55.5280379699,12.8623628648,12.0200000000
2212,55.5387642981,12.8555631674,12.7000000000
2213,55.5500593698,12.8483533579,13.4000000000
2214,55.5619588408,12.8407522402,14.1200000000
2215,55.5744739372,12.8327402514,14.8600000000
2216,55.5876181972,12.8243014821,15.6200000000
2217,55.6014238731,12.8154491765,16.4000000000
2218,55.6158915371,12.8061472038,17.2000000000
2219,55.6310404590,12.7963885888,18.0200000000
2220,55.6469210662,12.7862148031,18.8600000000
2221,55.6635272654,12.7755793649,19.7200000000
2222,55.6808777415,12.7644743669,20.6000000000
2223,55.6989710398,12.7528604719,21.5000000000
2224,55.7178466795,12.7407622643,22.4200000000
2225,55.7375054672,12.7281439576,23.3600000000
2226,55.7579943419,12.7150417282,24.3200000000
2227,55.7793306210,12.7014456554,25.3000000000
2228,55.8014914689,12.6872827879,26.3000000000
2229,55.8244548885,12.6725559497,27.2800000000
2230,55.8482405316,12.6572588395,28.2800000000
2231,55.8728594651,12.6413717971,29.3000000000
2232,55.8983877396,12.6249759806,30.3400000000
2233,55.9249677348,12.6082588081,31.4000000000
2234,55.9524062354,12.5908783857,32.4800000000
2235,55.9807483034,12.5728688443,33.5800000000
2236,56.0099656159,12.5542230873,34.6600000000
2237,56.0400761026,12.5349322556,35.7600000000
2238,56.0711258997,12.5150313889,36.8800000000
2239,56.1030946120,12.4944517427,38.0200000000
2240,56.1360333564,12.4732359110,39.1800000000
2241,56.1699377487,12.4513402085,40.3600000000
2242,56.2048229332,12.4287513284,41.5600000000
2243,56.2407793257,12.4055723242,42.7800000000
2244,56.2777659889,12.3817029476,44.0200000000
2245,56.3157976197,12.3571291107,45.2800000000
2246,56.3548767164,12.3318178917,46.5600000000
2247,56.3950275441,12.3058436076,47.8200000000
2248,56.4361827144,12.2790655951,49.1000000000
2249,56.4783801791,12.2515059512,50.4000000000
2250,56.5216328282,12.2232211363,51.6800000000
2251,56.5659883200,12.1942475148,52.9800000000
2252,56.6114771147,12.1645952037,54.3000000000
2253,56.6579936717,12.1341391709,55.6000000000
2254,56.7055814803,12.1029095877,56.9200000000
2255,56.7542749090,12.0709224403,58.2600000000
2256,56.8041128424,12.0382005088,59.6200000000
2257,56.8550323740,12.0046844992,60.9600000000
2258,56.9070821979,11.9704120871,62.3200000000
2259,56.9602372172,11.9353815359,63.6600000000
2260,57.0144756105,11.8995961046,64.9800000000
2261,57.0697482568,11.8630177917,66.2800000000
2262,57.1261968233,11.8258247904,67.6000000000
2263,57.1837920550,11.7879366276,68.9400000000
2264,57.2424216546,11.7491466799,70.3000000000
2265,57.3020998748,11.7094411079,71.6800000000
2266,57.3628856212,11.6688729008,73.0800000000
2267,57.4249503482,11.6276634399,74.5000000000
2268,57.4881138477,11.5855059266,75.9400000000
2269,57.5524026866,11.5424766948,77.3600000000
2270,57.6178818783,11.4987089778,78.7600000000
2271,57.6845771217,11.4542774112,80.1400000000
2272,57.7523767015,11.4089785306,81.5400000000
2273,57.8213647206,11.3629744045,82.9200000000
2274,57.8914294779,11.3160618030,84.3200000000
2275,57.9625334848,11.2682213369,85.7000000000
2276,58.0347704793,11.2196285366,87.0600000000
2277,58.1080514861,11.1701156328,88.4400000000
2278,58.1823824564,11.1197276694,89.8000000000
2279,58.2566897147,11.0692718326,89.8184842501
2280,58.3309363081,11.0187267687,89.8184842501
2281,58.4052135772,10.9682267943,89.8184842501
2282,58.4794674108,10.9176923674,89.8184842501
2283,58.5537718091,10.8669984387,89.9500862584
2284,58.6280450380,10.8162588537,89.9500862584
2285,58.7022764901,10.7654581692,89.9500862584
2286,58.7765080208,10.7146575997,89.9500862584
2287,58.8508342921,10.6639957460,89.9500862584
2288,58.9251365072,10.6131955012,90.0082443224
2289,58.9994013993,10.5623407093,90.0082443224
2290,59.0736500073,10.5114621456,90.0082443224
2291,59.1478337811,10.4604890963,90.0082443224
2292,59.2220482001,10.4093813287,90.1098435439
2293,59.2962068944,10.3581927366,90.1098435439
2294,59.3702844604,10.3068868099,90.1098435439
2295,59.4443518186,10.2555661478,90.1098435439
2296,59.5184761627,10.2043278269,90.1098435439
2297,59.5927791541,10.1528590306,90.3878948258
2298,59.6670805825,10.1013879779,90.3878948258
2299,59.7415132787,10.0501069360,90.3878948258
2300,59.8158911867,9.9987464614,90.3878948258
2301,59.8903031542,9.9473031710,90.4629926841
2302,59.9647126970,9.8958563733,90.4629926841
2303,60.0391081412,9.8443891903,90.4629926841
2304,60.1135122541,9.7929345401,90.4629926841
2305,60.1878926234,9.7414455733,90.4629926841
2306,60.2627980367,9.6897832753,90.9934831397
2307,60.3376115763,9.6379880219,90.9934831397
2308,60.4124184884,9.5861831971,90.9934831397
2309,60.4872190393,9.5342735794,91.0479589655
2310,60.5620395312,9.4823927079,91.0479589655
2311,60.6367897412,9.4304106251,91.0479589655
2312,60.7115057494,9.3783793945,91.0479589655
2313,60.7862030902,9.3263213681,91.0479589655
2314,60.8613589578,9.2738020633,91.6879589655
2315,60.9365814237,9.2210440475,91.8794188006
2316,61.0118331190,9.1683277318,91.8794188006
2317,61.0870364268,9.1155424109,91.8794188006
2318,61.1623265429,9.0628107863,91.9196704557
2319,61.2376167571,9.0100793017,91.9196704557
2320,61.3128701300,8.9572952542,91.9196704557
2321,61.3880693590,8.9044340984,91.9196704557
2322,61.4631922920,8.8514645718,91.9196704557
2323,61.5387005328,8.7982432502,92.3796704557
2324,61.6146058964,8.7447521838,92.8596704557
2325,61.6907061349,8.6910824587,93.1218862629
2326,61.7668834492,8.6373349302,93.2297164716
2327,61.8430339228,8.5835493801,93.2297164716
2328,61.9192025026,8.5297894741,93.2297164716
2329,61.9953195796,8.4759566716,93.2297164716
2330,62.0714572155,8.4221529502,93.2297164716
2331,62.1479147430,8.3682128137,93.5697164716
2332,62.2246289506,8.3140814068,93.8897164716
2333,62.3015913899,8.2597814471,94.1897164716
2334,62.3786210125,8.2050917353,94.4697164716
2335,62.4557304741,8.1500658313,94.7297164716
2336,62.5330451042,8.0949142672,94.9697164716
2337,62.6104030638,8.0396800924,95.0529746613
2338,62.6876476666,7.9842874997,95.0529746613
2339,62.7649443874,7.9289676574,95.0529746613
2340,62.8424090202,7.8736075525,95.2129746613
2341,62.9199737293,7.8181467044,95.3529746613
2342,62.9977328810,7.7626828183,95.5129746613
2343,63.0756034490,7.7071340451,95.6529746613
2344,63.1534525644,7.6513489404,95.7729746613
2345,63.2313872405,7.5955115557,95.8729746613
2346,63.3091807489,7.5393408925,95.9529746613
2347,63.3868704705,7.4829245966,96.0129746613
2348,63.4645960806,7.4264896475,96.0529746613
2349,63.5423026211,7.3699944262,96.0729746613
2350,63.6199767943,7.3134547121,96.0729746613
2351,63.6976029012,7.2568829747,96.0529746613
2352,63.7750839997,7.2001127948,96.0529746613
2353,63.8524426450,7.1431421317,96.0729746613
2354,63.9298008457,7.0861708649,96.0729746613
2355,64.0071522639,7.0292241174,96.0529746613
2356,64.0846387844,6.9725290520,96.0129746613
2357,64.1618768467,6.9155970305,95.9529746613
2358,64.2388563948,6.8584500581,95.8729746613
2359,64.3156751274,6.8012543853,95.7729746613
2360,64.3922692101,6.7439583290,95.6529746613
2361,64.4685834880,6.6865226317,95.5129746613
2362,64.5446193078,6.6289835678,95.3529746613
2363,64.6203919590,6.5713953708,95.1729746613
2364,64.6961601871,6.5140661378,95.0129746613
2365,64.7716210628,6.4566296570,94.8329746613
2366,64.8468317438,6.3991948822,94.6329746613
2367,64.9219827454,6.3419787010,94.4529746613
2368,64.9970307094,6.2848913279,94.2929746613
2369,65.0720925598,6.2281201151,94.1129746613
2370,65.1471521630,6.1716780848,93.9129746613
2371,65.2218215041,6.1150842424,93.6929746613
2372,65.2960486119,6.0583057698,93.4529746613
2373,65.3701819040,6.0018328956,93.1929746613
2374,65.4438974261,5.9452745835,92.9129746613
2375,65.5171337630,5.8885859424,92.6129746613
2376,65.5900275921,5.8319777906,92.2929746613
2377,65.6628937442,5.7758897043,91.9529746613
2378,65.7351814581,5.7196423983,91.5929746613
2379,65.8070090754,5.6634231833,91.2129746613
2380,65.8787329584,5.6077214690,90.8129746613
2381,65.9499141172,5.5520067268,90.3929746613
2382,66.0204564011,5.4961916407,89.9529746613
2383,66.0908744944,5.4409622586,89.4929746613
2384,66.1605942597,5.3856227249,89.0129746613
2385,66.2297544134,5.3303830669,88.5129746613
2386,66.2983040849,5.2752132732,87.9929746613
2387,66.3662743041,5.2201853524,87.4529746613
2388,66.4343241795,5.1661519969,86.8929746613
2389,66.5016202570,5.1121041704,86.3129746613
2390,66.5684780876,5.0584688788,85.7129746613
2391,66.6350542200,5.0054100249,85.1329746613
2392,66.7007549038,4.9522193870,84.5329746613
2393,66.7659163503,4.8993480980,83.9129746613
2394,66.8304414225,4.8467087272,83.2729746613
2395,66.8943849569,4.7944007164,82.6129746613
2396,66.9582072347,4.7430224214,81.9329746613
2397,67.0210960581,4.6916046029,81.2329746613
2398,67.0830931423,4.6402363185,80.5129746613
2399,67.1442231471,4.5889835137,79.7729746613
2400,67.2046210929,4.5380410137,79.0129746613
2401,67.2640945048,4.4872147252,78.2329746613
2402,67.3227573853,4.4366723468,77.4329746613
2403,67.3805341045,4.3863593404,76.6129746613
2404,67.4380185355,4.3369925107,75.7729746613
2405,67.4945691323,4.2877992346,74.9529746613
2406,67.5504746002,4.2391442074,74.1129746613
2407,67.6054366356,4.1907172215,73.2529746613
2408,67.6603186700,4.1435387331,72.3729746613
2409,67.7149601778,4.0974660543,71.4729746613
2410,67.7684012906,4.0514033830,70.5529746613
2411,67.8207682874,4.0055376671,69.6129746613
2412,67.8722511279,3.9601201808,68.6529746613
2413,67.9227466063,3.9150063958,67.7129746613
2414,67.9723005902,3.8702809858,66.7529746613
2415,68.0210855869,3.8261662684,65.7729746613
2416,68.0688777281,3.7824461415,64.7729746613
2417,68.1159259595,3.7393647357,63.7929746613
2418,68.1620418326,3.6967468531,62.7929746613
2419,68.2075452429,3.6549104636,61.8129746613
2420,68.2521495194,3.6135743243,60.8129746613
2421,68.2963542602,3.5733109326,59.7929746613
2422,68.3395186218,3.5334518067,58.7529746613
2423,68.3815823512,3.4939660878,57.6929746613
2424,68.4231219637,3.4555019552,56.6129746613
2425,68.4641958134,3.4180977863,55.5529746613
2426,68.5042576082,3.3811286504,54.5129746613
2427,68.5432555642,3.3445136566,53.4929746613
2428,68.5815104066,3.3086265895,52.4529746613
2429,68.6186626692,3.2731167708,51.3929746613
2430,68.6547611195,3.2380696981,50.3129746613
2431,68.6901303674,3.2038507972,49.2129746613
2432,68.7244639426,3.1701167067,48.1329746613
2433,68.7577923998,3.1369306457,47.0329746613
2434,68.7904486779,3.1046573015,45.9129746613
2435,68.8224634042,3.0733575163,44.7729746613
2436,68.8533917194,3.0426080304,43.6129746613
2437,68.8834143967,3.0126214302,42.4329746613
2438,68.9123763130,2.9832723995,41.2329746613
2439,68.9404797216,2.9547340183,40.0529746613
2440,68.9676124187,2.9269244806,38.8529746613
2441,68.9937678734,2.8998665248,37.6329746613
2442,69.0190308842,2.8736150120,36.4329746613
2443,69.0437279105,2.8484589170,35.2529746613
2444,69.0678457992,2.8243620631,34.0929746613
2445,69.0909466981,2.8008621267,32.9529746613
2446,69.1130778902,2.7779809421,31.8329746613
2447,69.1345356324,2.7559791005,30.7329746613
2448,69.1551757314,2.7347443512,29.6129746613
2449,69.1749459997,2.7141986407,28.5129746613
2450,69.1938757959,2.6943433917,27.4329746613
2451,69.2120196400,2.6752035194,26.3729746613
2452,69.2294265234,2.6567980849,25.3329746613
2453,69.2460193849,2.6390273876,24.3129746613
2454,69.2618400143,2.6219587311,23.2729746613
2455,69.2768861292,2.6055633260,22.2529746613
2456,69.2912091955,2.5898617750,21.2529746613
2457,69.3049586249,2.5749638996,20.2729746613
2458,69.3180424639,2.5608125495,19.2729746613
2459,69.3304451510,2.5473661271,18.2929746613
2460,69.3422420860,2.5346671376,17.3329746613
2461,69.3534077057,2.5226646981,16.3929746613
2462,69.3638676207,2.5112628068,15.4729746613
2463,69.3737752143,2.5005758437,14.5729746613
2464,69.3830803086,2.4905303087,13.6929746613
2465,69.3917791217,2.4810954854,12.8329746613
2466,69.3999443529,2.4723113839,11.9929746613
2467,69.4076137681,2.4641863957,11.1729746613
2468,69.4147517604,2.4566599311,10.3729746613
2469,69.4213509936,2.4496975117,9.5929746613
2470,69.4273623660,2.4432256616,8.8329746613
2471,69.4329190321,2.4373418108,8.0929746613
2472,69.4379685399,2.4319693601,7.3729746613
2473,69.4425849315,2.4271509040,6.6729746613
2474,69.4467370519,2.4228293716,5.9929746613
2475,69.4503937699,2.4189474865,5.3329746613
2476,69.4536232975,2.4155424663,4.6929746613
2477,69.4564048779,2.4125672465,4.0729746613
2478,69.4588332328,2.4100843761,3.4729746613
2479,69.4608472427,2.4080075837,2.8929746613
2480,69.4624663864,2.4063279575,2.3329746613
2481,69.4637109466,2.4050372878,1.7929746613
2482,69.4645929091,2.4041193518,1.2729746613
2483,69.4651268470,2.4035604241,0.7729746613
2484,69.4653282344,2.4033476395,0.2929746613
2485,69.4653282344,2.4033476395,0.0000000000
2486,69.4653282344,2.4033476395,0.0000000000
2487,69.4653282344,2.4033476395,0.0000000000
2488,69.4653282344,2.4033476395,0.0000000000
2489,69.4653282344,2.4033476395,0.0000000000
2490,69.4653282344,2.4033476395,0.0000000000
2491,69.4653282344,2.4033476395,0.0000000000
2492,69.4653282344,2.4033476395,0.0000000000
2493,69.4653282344,2.4033476395,0.0000000000
2494,69.4653282344,2.4033476395,0.0000000000
2495,69.4653282344,2.4033476395,0.0000000000
2496,69.4653282344,2.4033476395,0.0000000000
2497,69.4653282344,2.4033476395,0.0000000000
2498,69.4653282344,2.4033476395,0.0000000000
2499,69.4653282344,2.4033476395,0.0000000000
2500,69.4653282344,2.4033476395,0.0000000000
2501,69.4653282344,2.4033476395,0.0000000000
2502,69.4653282344,2.4033476395,0.0000000000
2503,69.4653282344,2.4033476395,0.0000000000
2504,69.4653282344,2.4033476395,0.0000000000
2505,69.4653282344,2.4033476395,0.0000000000
2506,69.4653282344,2.4033476395,0.0000000000
2507,69.4653282344,2.4033476395,0.0000000000
2508,69.4653282344,2.4033476395,0.0000000000
2509,69.4653418282,2.4033329695,0.0200000000
2510,69.4653828360,2.4032891704,0.0600000000
2511,69.4654643377,2.4032010939,0.1200000000
2512,69.4656002705,2.4030543892,0.2000000000
2513,69.4658051148,2.4028352116,0.3000000000
2514,69.4660913710,2.4025278724,0.4200000000
2515,69.4664727666,2.4021178268,0.5600000000
2516,69.4669622791,2.4015898329,0.7200000000
2517,69.4675748848,2.4009305043,0.9000000000
2518,69.4683214597,2.4001226516,1.1000000000
2519,69.4692153188,2.3991513556,1.3200000000
2520,69.4702707466,2.3980025858,1.5600000000
2521,69.4715033482,2.3966635214,1.8200000000
2522,69.4729470244,2.3951384644,2.1000000000
2523,69.4745967246,2.3933953382,2.4000000000
2524,69.4764656460,2.3914190960,2.7200000000
2525,69.4785688985,2.3891965009,3.0600000000
2526,69.4809209376,2.3867136976,3.4200000000
2527,69.4835303445,2.3839512720,3.8000000000
2528,69.4864101097,2.3808939934,4.2000000000
2529,69.4895463022,2.3775015464,4.6200000000
2530,69.4929553012,2.3737622516,5.0600000000
2531,69.4966545205,2.3696651579,5.5200000000
2532,69.5006470965,2.3651863928,6.0000000000
2533,69.5050093247,2.3603675791,6.5000000000
2534,69.5097332361,2.3551747898,7.0200000000
2535,69.5148564709,2.3496154675,7.5600000000
2536,69.5203625878,2.3436474631,8.1200000000
2537,69.5262736567,2.3372639480,8.7000000000
2538,69.5325985132,2.3304458697,9.3000000000
2539,69.5393244012,2.3231541738,9.9200000000
2540,69.5464719945,2.3153807891,10.5600000000
2541,69.5541310405,2.3071815565,11.2200000000
2542,69.5622292850,2.2984621278,11.9000000000
2543,69.5707413957,2.2891721347,12.6000000000
2544,69.5797688956,2.2793779198,13.3200000000
2545,69.5892936952,2.2690356865,14.0600000000
2546,69.5993256722,2.2581273485,14.8200000000
2547,69.6098826945,2.2466421719,15.6000000000
2548,69.6209037480,2.2344973631,16.4000000000
2549,69.6325226367,2.2217879247,17.2200000000
2550,69.6446736883,2.2084269538,18.0600000000
2551,69.6574021439,2.1944286389,18.9200000000
2552,69.6706799607,2.1797405627,19.8000000000
2553,69.6845984960,2.1644185402,20.7000000000
2554,69.6991815089,2.1484573330,21.6200000000
2555,69.7142867486,2.1317006826,22.5600000000
2556,69.7299361858,2.1141426213,23.5200000000
2557,69.7462200500,2.0958372733,24.5000000000
2558,69.7630358737,2.0766675557,25.5000000000
2559,69.7805296183,2.0567356892,26.5200000000
2560,69.7987423276,2.0360511342,27.5600000000
2561,69.8177444433,2.0146496389,28.6200000000
2562,69.8378008402,1.9927988598,29.6600000000
2563,69.8581436396,1.9697795438,30.7200000000
2564,69.8795925702,1.9463022489,31.8000000000
2565,69.9020684509,1.9222763298,32.9000000000
2566,69.9255247876,1.8976909548,33.9800000000
2567,69.9497946934,1.8724169904,35.0400000000
2568,69.9741264551,1.8457220514,36.1200000000
2569,69.9994612453,1.8185099069,37.1800000000
2570,70.0257102391,1.7907293611,38.2200000000
2571,70.0528211119,1.7623607485,39.2400000000
2572,70.0797925557,1.7324977477,40.2400000000
2573,70.1076906335,1.7021532976,41.2200000000
2574,70.1364649052,1.6712571863,42.2200000000
2575,70.1655389719,1.6392509956,43.2400000000
2576,70.1943839162,1.6057077878,44.2400000000
2577,70.2230808680,1.5707602077,45.2200000000
2578,70.2517241144,1.5344855218,46.2200000000
2579,70.2803708363,1.4969727864,47.2000000000
2580,70.3104431831,1.4593557748,48.1600000000
2581,70.3417964850,1.4215178301,49.1400000000
2582,70.3728361331,1.3821916270,50.1000000000
2583,70.4036505217,1.3415031144,51.0400000000
2584,70.4343378477,1.2995235001,52.0000000000
2585,70.4666348793,1.2575260936,52.9800000000
2586,70.4986655084,1.2140763617,53.9800000000
2587,70.5305118522,1.1692833714,54.9600000000
2588,70.5630000754,1.1237198228,55.9600000000
2589,70.5971907177,1.0781878167,56.9400000000
2590,70.6328351808,1.0325601689,57.9000000000
2591,70.6677336108,0.9851370312,58.8800000000
2592,70.7041493151,0.9376027186,59.8800000000
2593,70.7418906692,0.8898073193,60.9000000000
2594,70.7807744194,0.8416444293,61.9000000000
2595,70.8206437530,0.7930200462,62.8800000000
2596,70.8589822362,0.7419739268,63.8400000000
2597,70.8965186346,0.6891283859,64.8200000000
2598,70.9328764170,0.6342614190,65.8200000000
2599,70.9682471274,0.5775472369,66.8400000000
2600,71.0051388861,0.5206151393,67.8400000000
2601,71.0408883217,0.4617621236,68.8600000000
2602,71.0756332052,0.4011089863,69.9000000000
2603,71.1095336254,0.3388160660,70.9200000000
2604,71.1460982014,0.2768845055,71.9200000000
2605,71.1812249497,0.2130055454,72.9000000000
2606,71.2189431389,0.1495024919,73.8600000000
2607,71.2587942069,0.0862021571,74.8000000000
2608,71.3003646907,0.0228659710,75.7600000000
2609,71.3391566130,-0.0433010659,76.7000000000
2610,71.3797750200,-0.1094918554,77.6600000000
2611,71.4185017835,-0.1779351705,78.6400000000
2612,71.4589945358,-0.2465126202,79.6400000000
2613,71.5007754589,-0.3154614336,80.6200000000
2614,71.5387291313,-0.3877202957,81.6200000000
2615,71.5732273066,-0.4627711844,82.6000000000
2616,71.6046083313,-0.5402147438,83.5600000000
2617,71.6331860871,-0.6197780738,84.5400000000
2618,71.6592201732,-0.7012180907,85.5000000000
2619,71.6893355740,-0.7822423849,86.4400000000
2620,71.7225906139,-0.8630252538,87.3600000000
2621,71.7582060107,-0.9438239760,88.3000000000
2622,71.7886726787,-1.0277234977,89.2600000000
2623,71.8185745107,-1.1128229715,90.2000000000
2624,71.8435123708,-1.2005056308,91.1600000000
2625,71.8637974796,-1.2895452529,91.3210815813
2626,71.8874716203,-1.3756638313,89.3133499990
2627,71.9055337598,-1.4610710852,87.2962765045
2628,71.9095084712,-1.4767365560,16.1618472949
2629,71.9127600777,-1.4925679287,16.1618472949
2630,71.9166415110,-1.5082567714,16.1618472949
2631,71.9210116893,-1.5238165545,16.1618472949
2632,71.9257578136,-1.5392658137,16.1618472949
2633,71.9307897164,-1.5546243704,16.1618472949
2634,71.9346035291,-1.5703297879,16.1618472949
2635,71.9388700916,-1.5859183014,16.1618472949
2636,71.9420303325,-1.6017681653,16.1618472949
2637,71.9446673403,-1.6177134310,16.1618472949
2638,71.9464815727,-1.6337731280,16.1618472949
2639,71.9491269652,-1.6497170048,16.1618472949
2640,71.9524246682,-1.6655388398,16.1618472949
2641,71.9563221880,-1.6819029434,16.8218472949
2642,71.9591533310,-1.6991337513,17.4618472949
2643,71.9610515378,-1.7171156870,18.0818472949
2644,71.9634043329,-1.7356891068,18.7218472949
2645,71.9648260877,-1.7548946689,19.2581152892
2646,71.9672503582,-1.7739995876,19.2581152892
2647,71.9686398536,-1.7932075106,19.2581152892
2648,71.9710239585,-1.8123174831,19.2581152892
2649,71.9723455784,-1.8315301957,19.2581152892
2650,71.9746614441,-1.8506485578,19.2581152892
2651,71.9777598687,-1.8696557872,19.2581152892
2652,71.9814697772,-1.8885531834,19.2581152892
2653,71.9856534080,-1.9073513812,19.2581152892
2654,71.9892917592,-1.9262626848,19.2581152892
2655,71.9933916308,-1.9450793279,19.2581152892
2656,71.9959626772,-1.9641650483,19.2581152892
2657,71.9972792436,-1.9833781079,19.2581152892
2658,71.9975705220,-2.0026340203,19.2581152892
2659,71.9970247858,-2.0218844015,19.2581152892
2660,71.9977281858,-2.0411296667,19.2581152892
2661,71.9974806672,-2.0603861913,19.2581152892
2662,71.9983903534,-2.0796228093,19.2581152892
2663,72.0002052979,-2.0987952109,19.2581152892
2664,72.0007985843,-2.1180441853,19.2581152892
2665,72.0003960002,-2.1372980922,19.2581152892
2666,72.0011099201,-2.1565429700,19.2581152892
2667,72.0007719184,-2.1757981189,19.2581152892
2668,71.9995775963,-2.1950191647,19.2581152892
2669,71.9976856753,-2.2141841233,19.2581152892
2670,71.9971519641,-2.2334348416,19.2581152892
2671,71.9976929737,-2.2526853563,19.2581152892
2672,71.9990748955,-2.2718938257,19.2581152892
2673,72.0011070327,-2.2910444242,19.2581152892
2674,72.0036348030,-2.3101359244,19.2581152892
2675,72.0046160333,-2.3293690259,19.2581152892
2676,72.0062610332,-2.3485567558,19.2581152892
2677,72.0084137359,-2.3676941766,19.2581152892
2678,72.0109478317,-2.3867848383,19.2581152892
2679,72.0136412416,-2.4058738737,19.2781152892
2680,72.0145978290,-2.4251282412,19.2781152892
2681,72.0159840431,-2.4443364013,19.2581152892
2682,72.0170274391,-2.4635261715,19.2181152892
2683,72.0184410036,-2.4826721755,19.1981152892
2684,72.0182932123,-2.5018697219,19.1981152892
2685,72.0168766556,-2.5210355592,19.2181152892
2686,72.0146058093,-2.5401190393,19.2181152892
2687,72.0133097283,-2.5592733549,19.1981152892
2688,72.0109301715,-2.5783234294,19.1981152892
2689,72.0095244820,-2.5974499593,19.1781152892
2690,72.0088863865,-2.6166174562,19.1781152892
2691,72.0069797839,-2.6357206627,19.1981152892
2692,72.0040484224,-2.6546936633,19.1981152892
2693,72.0002923229,-2.6735003595,19.1781152892
2694,71.9977250604,-2.6925058658,19.1781152892
2695,71.9961057109,-2.7115954202,19.1581152892
2696,71.9939352521,-2.7305899310,19.1181152892
2697,71.9925890365,-2.7496405402,19.0981152892
2698,71.9900173893,-2.7685647215,19.0981152892
2699,71.9864539206,-2.7873477996,19.1181152892
2700,71.9820830899,-2.8060006605,19.1581152892
2701,71.9788768439,-2.8249494321,19.2181152892
2702,71.9765993183,-2.8440723994,19.2581152892
2703,71.9731918874,-2.8630876300,19.3181152892
2704,71.9707134384,-2.8822864299,19.3581152892
2705,71.9689611841,-2.9016253235,19.4181152892
2706,71.9674589085,-2.9210654796,19.4981152892
2707,71.9645833535,-2.9404110490,19.5581152892
2708,71.9605908760,-2.9596390415,19.6381152892
2709,71.9556844327,-2.9787576191,19.7381152892
2710,71.9518654838,-2.9982042981,19.8181152892
2711,71.9489082630,-3.0179016624,19.9181152892
2712,71.9466289937,-3.0377694642,19.9981152892
2713,71.9430598375,-3.0571181135,19.6750884189
2714,71.9389157035,-3.0742099221,17.5870341223
2715,71.9354480206,-3.0915128984,17.6470341223
2716,71.9314019419,-3.1087720115,17.7270341223
2717,71.9279783437,-3.1262672143,17.8270341223
2718,71.9250401269,-3.1439720983,17.9470341223
2719,71.9209139981,-3.1615411193,18.0470341223
2720,71.9173748605,-3.1793600877,18.1670341223
2721,71.9127125019,-3.1970634747,18.3070341223
2722,71.9087078429,-3.2150500890,18.4270341223
2723,71.9045345692,-3.2331009831,18.5270341223
2724,71.8992967028,-3.2509972575,18.6470341223
2725,71.8931958074,-3.2687238016,18.7470341223
2726,71.8879646579,-3.2868511304,18.8670341223
2727,71.8818212285,-3.3047956744,18.9670341223
2728,71.8765317412,-3.3231351454,19.0870341223
2729,71.8719296276,-3.3417620836,19.1870341223
2730,71.8678647068,-3.3606363514,19.3070341223
2731,71.8625306073,-3.3793375417,19.4470341223
2732,71.8578128874,-3.3983685403,19.6070341223
2733,71.8535732948,-3.4176550955,19.7470341223
2734,71.8480014931,-3.4367664804,19.9070341223
2735,71.8430035367,-3.4562217977,20.0870341223
2736,71.8371428013,-3.4756020498,20.2470341223
2737,71.8301789347,-3.4948053903,20.4270341223
2738,71.8223141791,-3.5138309413,20.5870341223
2739,71.8153414220,-3.5333923923,20.7670341223
2740,71.8073893515,-3.5527929360,20.9670341223
2741,71.7986157880,-3.5720780338,21.1870341223
2742,71.7891426593,-3.5912972332,21.4270341223
2743,71.7807417832,-3.6112476559,21.6470341223
2744,71.7731971689,-3.6317932408,21.8870341223
2745,71.7645713045,-3.6521914168,22.1470341223
2746,71.7567880584,-3.6731780713,22.3834444909
2747,71.7488056156,-3.6918315846,20.2897253039
2748,71.7423875160,-3.7088565460,18.1945407163
2749,71.7350207963,-3.7256897034,18.3745407163
2750,71.7281987906,-3.7429660977,18.5745407163
2751,71.7217942301,-3.7606357430,18.7945407163
2752,71.7143050983,-3.7781350757,19.0345407163
2753,71.7059233927,-3.7954695601,19.2545407163
2754,71.6981624427,-3.8133526464,19.4945407163
2755,71.6908962874,-3.8316792964,19.7145407163
2756,71.6825610854,-3.8498096054,19.9545407163
2757,71.6733457398,-3.8677564574,20.1745407163
2758,71.6648230190,-3.8862628115,20.3745407163
2759,71.6554000792,-3.9045301963,20.5545407163
2760,71.6466394956,-3.9233010347,20.7145407163
2761,71.6384360273,-3.9425178226,20.8945407163
2762,71.6291670933,-3.9614223339,21.0545407163
2763,71.6197333414,-3.9804016090,21.1945407163
2764,71.6109210820,-3.9998530998,21.3545407163
2765,71.6010626136,-4.0189985181,21.5345407163
2766,71.5903524668,-4.0378650454,21.6945407163
2767,71.5803986722,-4.0573436877,21.8745407163
2768,71.5695425709,-4.0765183076,22.0345407163
2769,71.5594304401,-4.0962529235,22.1745407163
2770,71.5499081304,-4.1164115982,22.2945407163
2771,71.5408432617,-4.1368894792,22.3945407163
2772,71.5321087372,-4.1576406870,22.5145407163
2773,71.5236128262,-4.1785986675,22.6145407163
2774,71.5152799957,-4.1997080520,22.6945407163
2775,71.5070488223,-4.2209216539,22.7545407163
2776,71.4973299210,-4.2415846452,22.8345407163
2777,71.4878966360,-4.2624893407,22.9345407163
2778,71.4786669846,-4.2835720971,23.0145407163
2779,71.4685400369,-4.3032034288,22.0894602206
2780,71.4584696167,-4.3204723267,19.9907027743
2781,71.4499088819,-4.3361693558,17.8796785429
2782,71.4426733477,-4.3501626888,15.7532956513
2783,71.4359307387,-4.3643779558,15.7332956513
2784,71.4284158412,-4.3781549600,15.6932956513
2785,71.4202900581,-4.3915573421,15.6732956513
2786,71.4116959795,-4.4046165054,15.6332956513
2787,71.4027251855,-4.4173953886,15.6132956513
2788,71.3934688841,-4.4299193026,15.5732956513
2789,71.3850386332,-4.4429420984,15.5132956513
2790,71.3772756705,-4.4563271382,15.4732956513
2791,71.3689538714,-4.4693483519,15.4532956513
2792,71.3601816298,-4.4820704635,15.4532956513
2793,71.3520823170,-4.4952546969,15.4732956513
2794,71.3445176729,-4.5087986439,15.5132956513
2795,71.3362959516,-4.5219776641,15.5332956513
2796,71.3275634996,-4.5348239693,15.5332956513
2797,71.3184143175,-4.5474016270,15.5532956513
2798,71.3099421658,-4.5604925977,15.5932956513
2799,71.3020094514,-4.5739869560,15.6532956513
2800,71.2934145045,-4.5871651000,15.7332956513
2801,71.2853322374,-4.6007801729,15.8332956513
2802,71.2765793243,-4.6140699995,15.9132956513
2803,71.2683566430,-4.6277642935,15.9732956513
2804,71.2605644788,-4.6417538543,16.0132956513
2805,71.2531173172,-4.6559526695,16.0332956513
2806,71.2448393108,-4.6696836993,16.0332956513
2807,71.2369707400,-4.6836763366,16.0532956513
2808,71.2283479639,-4.6972172388,16.0532956513
2809,71.2201945391,-4.7110226085,16.0332956513
2810,71.2113396839,-4.7243889135,16.0332956513
2811,71.2029777338,-4.7380455393,16.0132956513
2812,71.1939505043,-4.7512718300,16.0132956513
2813,71.1843885912,-4.7641418100,16.0332956513
2814,71.1744132826,-4.7766940922,16.0332956513
2815,71.1650747787,-4.7897516818,16.0532956513
2816,71.1552591877,-4.8024545348,16.0532956513
2817,71.1451364280,-4.8149397488,16.0732956513
2818,71.1346950739,-4.8271597717,16.0732956513
2819,71.1243130935,-4.8394040677,16.0532956513
2820,71.1146206571,-4.8522011367,16.0532956513
2821,71.1054834782,-4.8654247064,16.0732956513
2822,71.0958206639,-4.8782691937,16.0732956513
2823,71.0857244375,-4.8907501597,16.0532956513
2824,71.0755946060,-4.9032038666,16.0532956513
2825,71.0651017702,-4.9153797128,16.0732956513
2826,71.0543302301,-4.9273097068,16.0732956513
2827,71.0433494297,-4.9390199726,16.0532956513
2828,71.0321894965,-4.9505596516,16.0532956513
2829,71.0208705111,-4.9619715490,16.0732956513
2830,71.0102643989,-4.9740488507,16.0732956513
2831,71.0002624380,-4.9866054856,16.0532956513
2832,70.9898695001,-4.9987879517,16.0132956513
2833,70.9791612235,-5.0106672748,15.9932956513
2834,70.9690704922,-5.0230238433,15.9532956513
2835,70.9594734577,-5.0357426026,15.9332956513
2836,70.9493952386,-5.0480318803,15.8932956513
2837,70.9397954210,-5.0606732812,15.8732956513
2838,70.9297136520,-5.0728819333,15.8332956513
2839,70.9192733224,-5.0847054849,15.7732956513
2840,70.9085462236,-5.0962148699,15.7332956513
2841,70.8983924212,-5.1082068655,15.7132956513
2842,70.8887202521,-5.1205398028,15.6732956513
2843,70.8794491657,-5.1331025237,15.6132956513
2844,70.8704878639,-5.1458391876,15.5732956513
2845,70.8609228316,-5.1580528070,15.5132956513
2846,70.8509115066,-5.1697984439,15.4332956513
2847,70.8405785363,-5.1811271544,15.3332956513
2848,70.8305905382,-5.1926025305,15.2132956513
2849,70.8211043473,-5.2043164720,15.0732956513
2850,70.8112641668,-5.2155225969,14.9132956513
2851,70.8012785521,-5.2263557636,14.7332956513
2852,70.7918329776,-5.2374536043,14.5732956513
2853,70.7820867204,-5.2480992839,14.4332956513
2854,70.7728280702,-5.2590147696,14.3132956513
2855,70.7639853317,-5.2700912440,14.1732956513
2856,70.7554739769,-5.2812739073,14.0532956513
2857,70.7464924589,-5.2919522402,13.9532956513
2858,70.7378522833,-5.3028065341,13.8732956513
2859,70.7289057428,-5.3132785486,13.7732956513
2860,70.7203245107,-5.3238981031,13.6532956513
2861,70.7118360393,-5.3344639763,13.5532956513
2862,70.7029288468,-5.3445729633,13.4732956513
2863,70.6943795076,-5.3548566316,13.3732956513
2864,70.6854778369,-5.3646754964,13.2532956513
2865,70.6763389536,-5.3740797153,13.1132956513
2866,70.6670261109,-5.3831404379,12.9932956513
2867,70.6582023534,-5.3924864806,12.8532956513
2868,70.6497768436,-5.4020336059,12.7332956513
2869,70.6411881368,-5.4112982847,12.6332956513
2870,70.6325247088,-5.4203275474,12.5132956513
2871,70.6237093260,-5.4290670516,12.4132956513
2872,70.6147267432,-5.4375182875,12.3332956513
2873,70.6061887004,-5.4462793004,12.2332956513
2874,70.5974481130,-5.4547235132,12.1532956513
2875,70.5890913163,-5.4634648945,12.0932956513
2876,70.5805110888,-5.4718731623,12.0132956513
2877,70.5717855029,-5.4799843129,11.9132956513
2878,70.5629486618,-5.4878543273,11.8332956513
2879,70.5540225867,-5.4955312846,11.7732956513
2880,70.5452834172,-5.5033605338,11.7332956513
2881,70.5369184079,-5.5115597968,11.7132956513
2882,70.5283768426,-5.5195749673,11.7132956513
2883,70.5201519828,-5.5278866967,11.6932956513
2884,70.5122002162,-5.5364054235,11.6532956513
2885,70.5039476893,-5.5446047752,11.6332956513
2886,70.4959436488,-5.5530468663,11.6332956513
2887,70.4876215567,-5.5612041994,11.6532956513
2888,70.4791578405,-5.5692144932,11.6532956513
2889,70.4705013217,-5.5769861244,11.6332956513
2890,70.4616815621,-5.5845719933,11.6332956513
2891,70.4530316135,-5.5923209949,11.6132956513
2892,70.4446811363,-5.6003918168,11.6132956513
2893,70.4360830949,-5.6082280947,11.6332956513
2894,70.4273017341,-5.6158583811,11.6332956513
2895,70.4183600288,-5.6233313461,11.6532956513
2896,70.4092716611,-5.6306889773,11.6932956513
2897,70.4000747599,-5.6379428247,11.7132956513
2898,70.3908029756,-5.6451007092,11.7132956513
2899,70.3818892790,-5.6527306660,11.7332956513
2900,70.3728022864,-5.6602164563,11.7732956513
2901,70.3635546719,-5.6675994443,11.8332956513
2902,70.3546301903,-5.6754307135,11.8732956513
2903,70.3459569017,-5.6836269084,11.9332956513
2904,70.3374974026,-5.6921002007,11.9732956513
2905,70.3287249484,-5.7002784149,11.9932956513
2906,70.3201695543,-5.7087404145,12.0332956513
2907,70.3112775428,-5.7169367509,12.0932956513
2908,70.3020956465,-5.7249293668,12.1732956513
2909,70.2931274699,-5.7333082446,12.2732956513
2910,70.2838490046,-5.7414638559,12.3532956513
2911,70.2742963208,-5.7494532742,12.4532956513
2912,70.2644929139,-5.7573260739,12.5732956513
2913,70.2546312159,-5.7653494647,12.7132956513
2914,70.2450107222,-5.7738429668,12.8332956513
2915,70.2355929049,-5.7827072127,12.9332956513
2916,70.2258554387,-5.7914003294,13.0532956513
2917,70.2162807964,-5.8004771832,13.1932956513
2918,70.2063126176,-5.8093021054,13.3132956513
2919,70.1962737416,-5.8181980298,13.4132956513
2920,70.1864425437,-5.8274401386,13.4932956513
2921,70.1767558092,-5.8369766401,13.5932956513
2922,70.1666441847,-5.8461806645,13.6732956513
2923,70.1567253233,-5.8556790641,13.7332956513
2924,70.1469675029,-5.8653995895,13.7732956513
2925,70.1373448593,-5.8752818836,13.7932956513
2926,70.1272604063,-5.8847509847,13.8332956513
2927,70.1169465964,-5.8940595287,13.8932956513
2928,70.1062743507,-5.9030792938,13.9732956513
2929,70.0958301828,-5.9124522732,14.0332956513
2930,70.0850555307,-5.9215056993,14.0732956513
2931,70.0739990012,-5.9303092895,14.1332956513
2932,70.0628530025,-5.9391288408,14.2132956513
2933,70.0515123658,-5.9477958431,14.2732956513
2934,70.0404758390,-5.9569098712,14.3132956513
2935,70.0291925860,-5.9657490774,14.3332956513
2936,70.0180525709,-5.9748315711,14.3732956513
2937,70.0066727825,-5.9836444806,14.3932956513
2938,69.9951164452,-5.9922245756,14.3932956513
2939,69.9834523194,-6.0006916448,14.4132956513
2940,69.9721360972,-6.0096183578,14.4132956513
2941,69.9606349553,-6.0182722988,14.3932956513
2942,69.9489755116,-6.0267117497,14.3932956513
2943,69.9371718383,-6.0349831697,14.4132956513
2944,69.9252329259,-6.0431293422,14.4532956513
2945,69.9136358302,-6.0517886527,14.4732956513
2946,69.9019344798,-6.0603065565,14.4732956513
2947,69.8905610917,-6.0692252895,14.4532956513
2948,69.8789895621,-6.0778853968,14.4532956513
2949,69.8677193095,-6.0869021273,14.4332956513
2950,69.8567118694,-6.0961759196,14.3932956513
2951,69.8457701258,-6.1054963206,14.3732956513
2952,69.8346964799,-6.1146596167,14.3732956513
2953,69.8238272445,-6.1240338802,14.3532956513
2954,69.8126641151,-6.1329923943,14.3132956513
2955,69.8012647957,-6.1416152603,14.2932956513
2956,69.7896682434,-6.1499709933,14.2932956513
2957,69.7782026753,-6.1584720355,14.2732956513
2958,69.7669872938,-6.1673005227,14.2732956513
2959,69.7555453837,-6.1757998832,14.2532956513
2960,69.7443446454,-6.1846146379,14.2532956513
2961,69.7329127649,-6.1930939546,14.2332956513
2962,69.7213203633,-6.2012833299,14.1932956513
2963,69.7100393850,-6.2097974108,14.1332956513
2964,69.6988241231,-6.2182657648,14.0532956513
2965,69.6874435514,-6.2264079335,13.9932956513
2966,69.6760443406,-6.2343852631,13.9132956513
2967,69.6645783867,-6.2420884468,13.8132956513
2968,69.6534824445,-6.2501125612,13.6932956513
2969,69.6423229333,-6.2578039286,13.5532956513
2970,69.6311574469,-6.2652007037,13.3932956513
2971,69.6200343624,-6.2723328964,13.2132956513
2972,69.6093531754,-6.2797664762,13.0132956513
2973,69.5988899046,-6.2871277518,12.7932956513
2974,69.5888024584,-6.2946666193,12.5932956513
2975,69.5790613327,-6.3022960962,12.3732956513
2976,69.5696430841,-6.3099455050,12.1332956513
2977,69.5601323667,-6.3171199644,11.9132956513
2978,69.5505811730,-6.3239005245,11.7132956513
2979,69.5413860514,-6.3307958550,11.4932956513
2980,69.5322542241,-6.3374402704,11.2932956513
2981,69.5234534542,-6.3441607114,11.0732956513
2982,69.5146471451,-6.3504701658,10.8332956513
2983,69.5058999797,-6.3564100040,10.5732956513
2984,69.4973950177,-6.3622080689,10.2932956513
2985,69.4889887424,-6.3676854367,10.0332956513
2986,69.4806948263,-6.3728930844,9.7932956513
2987,69.4725526303,-6.3778517507,9.5332956513
2988,69.4648393586,-6.3829633961,9.2532956513
2989,69.4572841534,-6.3877676003,8.9532956513
2990,69.4501611918,-6.3926458388,8.6332956513
2991,69.4431828226,-6.3972006363,8.3332956513
2992,69.4365799838,-6.4018112860,8.0532956513
2993,69.4301077116,-6.4061523860,7.7932956513
2994,69.4237622812,-6.4102496764,7.5532956513
2995,69.4175675596,-6.4140990381,7.2932956513
2996,69.4117215438,-6.4179733659,7.0132956513
2997,69.4060188816,-6.4215909129,6.7532956513
2998,69.4005019699,-6.4250530951,6.5132956513
2999,69.3951553185,-6.4282960913,6.2532956513
3000,69.3900075751,-6.4314042198,6.0132956513
3001,69.3850414382,-6.4343874662,5.7932956513
3002,69.3803899778,-6.4374211124,5.5532956513
3003,69.3758680284,-6.4402488351,5.3332956513
3004,69.3714743969,-6.4429034021,5.1332956513
3005,69.3672582189,-6.4454261620,4.9132956513
3006,69.3633054971,-6.4479934847,4.7132956513
3007,69.3595247746,-6.4504948658,4.5332956513
3008,69.3558619217,-6.4528102404,4.3332956513
3009,69.3523640415,-6.4549745037,4.1132956513
3010,69.3491067937,-6.4571434249,3.9132956513
3011,69.3459554193,-6.4591450083,3.7332956513
3012,69.3429063436,-6.4610082257,3.5732956513
3013,69.3400730252,-6.4628755132,3.3932956513
3014,69.3373706862,-6.4645768365,3.1932956513
3015,69.3348569832,-6.4661648491,2.9732956513
3016,69.3324874133,-6.4676057888,2.7732956513
3017,69.3302673979,-6.4689462045,2.5932956513
3018,69.3282023285,-6.4701558955,2.3932956513
3019,69.3263346850,-6.4713435761,2.2132956513
3020,69.3246166211,-6.4723931550,2.0132956513
3021,69.3230842527,-6.4733995446,1.8332956513
3022,69.3217429292,-6.4743314812,1.6332956513
3023,69.3205952276,-6.4751562150,1.4132956513
3024,69.3196454546,-6.4758450937,1.1732956513
3025,69.3189151902,-6.4763935669,0.9132956513
3026,69.3184139124,-6.4767805862,0.6332956513
3027,69.3181103213,-6.4769978006,0.3732956513
3028,69.3179997004,-6.4770721696,0.1332956513
3029,69.3179997004,-6.4770721696,0.0000000000
3030,69.3179997004,-6.4770721696,0.0000000000
3031,69.3179997004,-6.4770721696,0.0000000000
3032,69.3179997004,-6.4770721696,0.0000000000
3033,69.3179997004,-6.4770721696,0.0000000000
3034,69.3179997004,-6.4770721696,0.0000000000
3035,69.3179997004,-6.4770721696,0.0000000000
3036,69.3179997004,-6.4770721696,0.0000000000
3037,69.3179997004,-6.4770721696,0.0000000000
3038,69.3179997004,-6.4770721696,0.0000000000
3039,69.3179997004,-6.4770721696,0.0000000000
3040,69.3179997004,-6.4770721696,0.0000000000
3041,69.3179997004,-6.4770721696,0.0000000000
3042,69.3179997004,-6.4770721696,0.0000000000
3043,69.3179831383,-6.4770833810,0.0200000000
3044,69.3179327080,-6.4771158893,0.0600000000
3045,69.3178317795,-6.4771808003,0.1200000000
3046,69.3176666237,-6.4772935991,0.2000000000
3047,69.3174147560,-6.4774565796,0.3000000000
3048,69.3170576659,-6.4776776829,0.4200000000
3049,69.3166165644,-6.4779530544,0.5200000000
3050,69.3160680876,-6.4782828622,0.6400000000
3051,69.3154294716,-6.4786567199,0.7400000000
3052,69.3146825469,-6.4790829869,0.8600000000
3053,69.3138128866,-6.4795766376,1.0000000000
3054,69.3128494997,-6.4801478517,1.1200000000
3055,69.3117579299,-6.4807771969,1.2600000000
3056,69.3105625765,-6.4814667839,1.3800000000
3057,69.3092788047,-6.4822032145,1.4800000000
3058,69.3079377459,-6.4830001846,1.5600000000
3059,69.3065744694,-6.4838753287,1.6200000000
3060,69.3051697035,-6.4848327380,1.7000000000
3061,69.3036574663,-6.4858090262,1.8000000000
3062,69.3020239064,-6.4868179277,1.9200000000
3063,69.3002621813,-6.4878856002,2.0600000000
3064,69.2984355392,-6.4890754652,2.1800000000
3065,69.2964655185,-6.4903007890,2.3200000000
3066,69.2943401823,-6.4915788132,2.4800000000
3067,69.2920784592,-6.4929013141,2.6200000000
3068,69.2896627791,-6.4942771374,2.7800000000
3069,69.2871127574,-6.4956997369,2.9200000000
3070,69.2844119410,-6.4971802742,3.0800000000
3071,69.2815599141,-6.4987593698,3.2600000000
3072,69.2785214852,-6.5004145283,3.4600000000
3073,69.2753189404,-6.5021446459,3.6400000000
3074,69.2719583573,-6.5040026236,3.8400000000
3075,69.2684269568,-6.5059234594,4.0200000000
3076,69.2647439760,-6.5079003389,4.1800000000
3077,69.2609285090,-6.5099263231,4.3200000000
3078,69.2571006126,-6.5121759473,4.4400000000
3079,69.2531236835,-6.5144476064,4.5800000000
3080,69.2489846724,-6.5167576253,4.7400000000
3081,69.2447281109,-6.5191442722,4.8800000000
3082,69.2403463369,-6.5215526030,5.0000000000
3083,69.2358819121,-6.5240181477,5.1000000000
3084,69.2314220458,-6.5266529139,5.1800000000
3085,69.2268757813,-6.5292585000,5.2400000000
3086,69.2222671971,-6.5318351940,5.2800000000
3087,69.2176191778,-6.5343819402,5.3000000000
3088,69.2130419321,-6.5371322896,5.3400000000
3089,69.2084066634,-6.5398237360,5.3600000000
3090,69.2037043601,-6.5424786079,5.4000000000
3091,69.1990523182,-6.5453369476,5.4600000000
3092,69.1942827496,-6.5481552477,5.5400000000
3093,69.1895575735,-6.5511606945,5.6000000000
3094,69.1847373439,-6.5540890023,5.6400000000
3095,69.1799906500,-6.5571719387,5.6600000000
3096,69.1751411309,-6.5601672959,5.7000000000
3097,69.1703282771,-6.5633317924,5.7600000000
3098,69.1654067146,-6.5664007047,5.8000000000
3099,69.1604292588,-6.5694933628,5.8600000000
3100,69.1553247087,-6.5725309882,5.9400000000
3101,69.1502584000,-6.5757454113,6.0000000000
3102,69.1450564038,-6.5788927332,6.0800000000
3103,69.1397993276,-6.5820649170,6.1400000000
3104,69.1344198483,-6.5851873524,6.2200000000
3105,69.1289457269,-6.5882650781,6.2800000000
3106,69.1233843713,-6.5913506775,6.3600000000
3107,69.1177043318,-6.5944278111,6.4600000000
3108,69.1119484470,-6.5976162574,6.5800000000
3109,69.1060374046,-6.6008128146,6.7200000000
3110,69.1000616986,-6.6042224095,6.8800000000
3111,69.0938850892,-6.6076419264,7.0600000000
3112,69.0876273745,-6.6112432328,7.2200000000
3113,69.0813717735,-6.6151209970,7.3600000000
3114,69.0749001247,-6.6189509007,7.5200000000
3115,69.0683939879,-6.6230691751,7.7000000000
3116,69.0616817971,-6.6272352878,7.9000000000
3117,69.0547984396,-6.6315426987,8.1200000000
3118,69.0478219974,-6.6361490915,8.3600000000
3119,69.0405037382,-6.6407040320,8.6200000000
3120,69.0328798600,-6.6452960338,8.9000000000
3121,69.0249097416,-6.6498913806,9.2000000000
3122,69.0166667261,-6.6545735912,9.4800000000
3123,69.0081296326,-6.6592624753,9.7400000000
3124,68.9994006255,-6.6641003296,9.9800000000
3125,68.9903826948,-6.6689515693,10.2400000000
3126,68.9810679043,-6.6738408514,10.5200000000
3127,68.9715065514,-6.6789057236,10.8200000000
3128,68.9617812240,-6.6843387345,11.1400000000
3129,68.9517176343,-6.6897791169,11.4400000000
3130,68.9413456196,-6.6952361959,11.7200000000
3131,68.9307177288,-6.7008512059,12.0200000000
3132,68.9197515033,-6.7065096066,12.3400000000
3133,68.9086361683,-6.7125278230,12.6400000000
3134,68.8972293856,-6.7185950883,12.9200000000
3135,68.8854912909,-6.7246766616,13.2200000000
3136,68.8734150356,-6.7308000313,13.5400000000
3137,68.8609902350,-6.7369870120,13.8800000000
3138,68.8482053543,-6.7432579310,14.2400000000
3139,68.8350474393,-6.7496308167,14.6200000000
3140,68.8215024194,-6.7561217978,15.0200000000
3141,68.8075553418,-6.7627454394,15.4400000000
3142,68.7932267309,-6.7694979581,15.8400000000
3143,68.7785303133,-6.7764551780,16.2600000000
3144,68.7634140974,-6.7835537708,16.7000000000
3145,68.7482293170,-6.7915467704,17.1600000000
3146,68.7326269518,-6.7996908603,17.6000000000
3147,68.7165211330,-6.8078619190,18.0600000000
3148,68.6999441343,-6.8160749035,18.5000000000
3149,68.6829254831,-6.8243412153,18.9200000000
3150,68.6656169860,-6.8329248235,19.3200000000
3151,68.6478592508,-6.8415463338,19.7400000000
3152,68.6297810771,-6.8505136097,20.1800000000
3153,68.6114163973,-6.8598462693,20.6000000000
3154,68.5929077335,-6.8698518159,21.0400000000
3155,68.5738265411,-6.8797592928,21.5000000000
3156,68.5544623762,-6.8901587888,21.9800000000
3157,68.5344823206,-6.9004615931,22.4800000000
3158,68.5139036734,-6.9107338510,23.0000000000
3159,68.4927584849,-6.9209871920,23.5000000000
3160,68.4710824116,-6.9312433240,23.9800000000
3161,68.4489163222,-6.9415378898,24.4400000000
3162,68.4262427791,-6.9518779499,24.9200000000
3163,68.4031030683,-6.9624007908,25.4200000000
3164,68.3795267324,-6.9732192928,25.9400000000
3165,68.3555753792,-6.9844177873,26.4400000000
3166,68.3310524820,-6.9956190870,26.9600000000
3167,68.3060605176,-7.0069968424,27.4600000000
3168,68.2807088239,-7.0187414252,27.9400000000
3169,68.2547929375,-7.0304546841,28.4400000000
3170,68.2284259222,-7.0423352102,28.9200000000
3171,68.2016073705,-7.0543331136,29.3800000000
3172,68.1744522489,-7.0666551172,29.8200000000
3173,68.1469442832,-7.0792157469,30.2400000000
3174,68.1190542872,-7.0919026586,30.6400000000
3175,68.0907700494,-7.1047372014,31.0600000000
3176,68.0620681956,-7.1177161686,31.5000000000
3177,68.0328896432,-7.1306582890,31.9200000000
3178,68.0033331472,-7.1438333845,32.3600000000
3179,67.9739145541,-7.1582928030,32.7800000000
3180,67.9438337060,-7.1723892911,33.2200000000
3181,67.9131183405,-7.1862062633,33.6800000000
3182,67.8819332562,-7.2001488641,34.1600000000
3183,67.8501491017,-7.2138715432,34.6200000000
3184,67.8178138195,-7.2274226734,35.0600000000
3185,67.7849524004,-7.2409059048,35.5200000000
3186,67.7515747665,-7.2542870542,35.9600000000
3187,67.7177138350,-7.2675889983,36.3800000000
3188,67.6840555173,-7.2824175534,36.7800000000
3189,67.6499004005,-7.2970563237,37.1600000000
3190,67.6155640505,-7.3121813186,37.5200000000
3191,67.5807563946,-7.3270744947,37.8600000000
3192,67.5454043566,-7.3416003958,38.2200000000
3193,67.5098867336,-7.3567152382,38.6000000000
3194,67.4737730354,-7.3714393954,39.0000000000
3195,67.4370839750,-7.3858563730,39.4200000000
3196,67.3999590703,-7.4003670949,39.8600000000
3197,67.3623965296,-7.4149113014,40.2800000000
3198,67.3246074318,-7.4299727250,40.6800000000
3199,67.2863767095,-7.4449505579,41.0600000000
3200,67.2476219384,-7.4595684959,41.4200000000
3201,67.2083561604,-7.4739016281,41.8000000000
3202,67.1687258938,-7.4884027304,42.2000000000
3203,67.1292890503,-7.5044586258,42.5800000000
3204,67.0892722507,-7.5200310165,42.9400000000
3205,67.0491449209,-7.5362469284,43.2800000000
3206,67.0084393970,-7.5519793767,43.6400000000
3207,66.9674886065,-7.5680191133,43.9800000000
3208,66.9259218347,-7.5834541087,44.3400000000
3209,66.8842723008,-7.5996287410,44.6800000000
3210,66.8422801190,-7.6158045460,45.0000000000
3211,66.7996729600,-7.6313076296,45.3400000000
3212,66.7572314716,-7.6481467407,45.6600000000
3213,66.7142647839,-7.6645742709,46.0000000000
3214,66.6708220818,-7.6806451774,46.3200000000
3215,66.6270835734,-7.6967810778,46.6200000000
3216,66.5831929582,-7.7134237186,46.9400000000
3217,66.5388445430,-7.7298132417,47.2800000000
3218,66.4938807666,-7.7454343434,47.6000000000
3219,66.4485835372,-7.7611316238,47.9400000000
3220,66.4033227512,-7.7779943415,48.3000000000
3221,66.3573182469,-7.7939106218,48.6800000000
3222,66.3108412835,-7.8095571382,49.0400000000
3223,66.2637180483,-7.8244479779,49.4200000000
3224,66.2160260885,-7.8387142098,49.7800000000
3225,66.1679445110,-7.8528625773,50.1200000000
3226,66.1196565768,-7.8674388939,50.4400000000
3227,66.0709242679,-7.8815707612,50.7400000000
3228,66.0217055919,-7.8951591950,51.0600000000
3229,65.9725699764,-7.9102473126,51.4000000000
3230,65.9231202049,-7.9255384110,51.7600000000
3231,65.8730617810,-7.9399801632,52.1000000000
3232,65.8227654031,-7.9547494139,52.4200000000
3233,65.7719637749,-7.9689906277,52.7600000000
3234,65.7208575252,-7.9834780583,53.1200000000
3235,65.6694946891,-7.9983047458,53.4600000000
3236,65.6175648330,-8.0124427246,53.8200000000
3237,65.5650439810,-8.0258292892,54.2000000000
3238,65.5120222985,-8.0388623695,54.6000000000
3239,65.4585268993,-8.0515526281,54.9800000000
3240,65.4045362819,-8.0636987729,55.3400000000
3241,65.3500956466,-8.0753812224,55.6800000000
3242,65.2952444777,-8.0866661359,56.0000000000
3243,65.2400612934,-8.0980244707,56.3400000000
3244,65.1844765243,-8.1090103272,56.6600000000
3245,65.1286317937,-8.1202267287,56.9600000000
3246,65.0728323375,-8.1331657818,57.2800000000
3247,65.0166059905,-8.1455776429,57.5800000000
3248,64.9601270102,-8.1581436441,57.8600000000
3249,64.9033806721,-8.1707049940,58.1200000000
3250,64.8465843914,-8.1841240886,58.3600000000
3251,64.7896290650,-8.1978247162,58.5800000000
3252,64.7325895340,-8.2121873170,58.8200000000
3253,64.6749876753,-8.2253201869,59.0800000000
3254,64.6168755078,-8.2374274407,59.3600000000
3255,64.5583252537,-8.2486707558,59.6200000000
3256,64.4994185624,-8.2595340762,59.9000000000
3257,64.4400871189,-8.2697232765,60.2000000000
3258,64.3804617407,-8.2798546474,60.4800000000
3259,64.3204825800,-8.2896887045,60.7800000000
3260,64.2601319369,-8.2989689786,61.0600000000
3261,64.1994478852,-8.3077773989,61.3200000000
3262,64.1386182672,-8.3172320893,61.5600000000
3263,64.0774420783,-8.3261307585,61.8200000000
3264,64.0159913395,-8.3348054512,62.0600000000
3265,63.9542154776,-8.3430228289,62.3200000000
3266,63.8921066164,-8.3508490258,62.6000000000
3267,63.8297131714,-8.3584934761,62.8600000000
3268,63.7670383259,-8.3658060505,63.1000000000
3269,63.7041124356,-8.3732102339,63.3600000000
3270,63.6409081318,-8.3802937346,63.6000000000
3271,63.5775019926,-8.3875500359,63.8200000000
3272,63.5139101914,-8.3952809102,64.0600000000
3273,63.4500018490,-8.4025463195,64.3200000000
3274,63.3858882699,-8.4104589027,64.6000000000
3275,63.3214968792,-8.4185680831,64.9000000000
3276,63.2567488003,-8.4260593229,65.1800000000
3277,63.1916967291,-8.4335331730,65.4800000000
3278,63.1263007373,-8.4408135755,65.8000000000
3279,63.0606011321,-8.4480780006,66.1000000000
3280,62.9945929764,-8.4554631058,66.4200000000
3281,62.9282166303,-8.4622261734,66.7200000000
3282,62.8615329578,-8.4687290822,67.0000000000
3283,62.7945319150,-8.4750655052,67.3000000000
3284,62.7272202164,-8.4810814536,67.5800000000
3285,62.6596346389,-8.4869513191,67.8400000000
3286,62.5918772008,-8.4935706830,68.0800000000
3287,62.5238957007,-8.5001589790,68.3000000000
3288,62.4557025776,-8.5066357040,68.5000000000
3289,62.3873058075,-8.5128666140,68.6800000000
3290,62.3187348240,-8.5193838696,68.8800000000
3291,62.2499331755,-8.5253518470,69.0600000000
3292,62.1809873829,-8.5315070146,69.2200000000
3293,62.1118560902,-8.5376081924,69.4000000000
3294,62.0426256417,-8.5443712237,69.5600000000
3295,61.9732085458,-8.5506447235,69.7000000000
3296,61.9035580672,-8.5560512414,69.8600000000
3297,61.8337322349,-8.5609861313,70.0000000000
3298,61.7637499313,-8.5653783495,70.1200000000
3299,61.6935941953,-8.5692046157,70.2600000000
3300,61.6232933221,-8.5725410251,70.3800000000
3301,61.5528936019,-8.5759040284,70.4800000000
3302,61.4824184021,-8.5793623242,70.5600000000
3303,61.4118417832,-8.5827940097,70.6600000000
3304,61.3411725186,-8.5859567065,70.7400000000
3305,61.2704387489,-8.5890183756,70.8000000000
3306,61.1996497559,-8.5917061394,70.8400000000
3307,61.1288276753,-8.5940240030,70.8600000000
3308,61.0580001836,-8.5961701694,70.8600000000
3309,60.9871894665,-8.5982068185,70.8400000000
3310,60.9163775541,-8.6002014780,70.8400000000
3311,60.8455435193,-8.6021195776,70.8600000000
3312,60.7747072816,-8.6039545259,70.8600000000
3313,60.7038858901,-8.6055781319,70.8400000000
3314,60.6330646611,-8.6072088153,70.8400000000
3315,60.5622605153,-8.6087072622,70.8200000000
3316,60.4914905399,-8.6098984711,70.7800000000
3317,60.4207790493,-8.6109955113,70.7200000000
3318,60.3501441442,-8.6118439081,70.6400000000
3319,60.2795712634,-8.6128463508,70.5800000000
3320,60.2090363332,-8.6136920646,70.5400000000
3321,60.1385590519,-8.6143111142,70.4800000000
3322,60.0681644623,-8.6151838999,70.4000000000
3323,59.9978677792,-8.6158667942,70.3000000000
3324,59.9276895347,-8.6163631806,70.1800000000
3325,59.8576102498,-8.6166797593,70.0800000000
3326,59.7876508934,-8.6169798356,69.9600000000
3327,59.7177911757,-8.6171784487,69.8600000000
3328,59.6480512082,-8.6172458404,69.7400000000
3329,59.5784512529,-8.6173246646,69.6000000000
3330,59.5090112533,-8.6173319074,69.4400000000
3331,59.4397513163,-8.6172384807,69.2600000000
3332,59.3706915396,-8.6170628524,69.0600000000
3333,59.3018515951,-8.6169754353,68.8400000000
3334,59.2332517585,-8.6171251464,68.6000000000
3335,59.1649117764,-8.6171747210,68.3400000000
3336,59.0968517786,-8.6171576666,68.0600000000
3337,59.0290920061,-8.6173332711,67.7600000000
3338,58.9616520379,-8.6173987237,67.4400000000
3339,58.8945120428,-8.6174242881,67.1400000000
3340,58.8276520552,-8.6174650811,66.8600000000
3341,58.7610920588,-8.6174868677,66.5600000000
3342,58.6948525359,-8.6177382894,66.2400000000
3343,58.6289132513,-8.6180454399,65.9400000000
3344,58.5632936179,-8.6182648007,65.6200000000
3345,58.4979737880,-8.6184138419,65.3200000000
3346,58.4329738429,-8.6184983702,65.0000000000
3347,58.3682738439,-8.6185094462,64.7000000000
3348,58.3038938457,-8.6185249700,64.3800000000
3349,58.2398539657,-8.6186489018,64.0400000000
3350,58.1761339893,-8.6187037988,63.7200000000
3351,58.1127139963,-8.6187335108,63.4200000000
3352,58.0496139964,-8.6187370901,63.1000000000
3353,57.9868139991,-8.6187187279,62.8000000000
3354,57.9242940005,-8.6187053377,62.5200000000
3355,57.8620740005,-8.6187037141,62.2200000000
3356,57.8001740006,-8.6187077212,61.9000000000
3357,57.7386140050,-8.6187309685,61.5600000000
3358,57.6774140233,-8.6187782467,61.2000000000
3359,57.6165940681,-8.6188520453,60.8200000000
3360,57.5561741506,-8.6189519090,60.4200000000
3361,57.4961742956,-8.6190838401,60.0000000000
3362,57.4365745106,-8.6192439261,59.6000000000
3363,57.3773548206,-8.6194355262,59.2200000000
3364,57.3184952769,-8.6196672946,58.8600000000
3365,57.2600158676,-8.6199301493,58.4800000000
3366,57.2018966191,-8.6202256895,58.1200000000
3367,57.1441575584,-8.6205550446,57.7400000000
3368,57.0868187046,-8.6209176016,57.3400000000
3369,57.0299000680,-8.6213115600,56.9200000000
3370,56.9733817431,-8.6217467103,56.5200000000
3371,56.9172841229,-8.6222634300,56.1000000000
3372,56.8615869505,-8.6228246734,55.7000000000
3373,56.8062703341,-8.6234365152,55.3200000000
3374,56.7513139444,-8.6240664591,54.9600000000
3375,56.6966983893,-8.6247632667,54.6200000000
3376,56.6424033829,-8.6254996653,54.3000000000
3377,56.5884095478,-8.6263156133,54.0000000000
3378,56.5346964576,-8.6271772025,53.7200000000
3379,56.4812433911,-8.6280381774,53.4600000000
3380,56.4280709922,-8.6289372856,53.1800000000
3381,56.3751591923,-8.6298688625,52.9200000000
3382,56.3224884915,-8.6308586483,52.6800000000
3383,56.2700399731,-8.6319561540,52.4600000000
3384,56.2177925196,-8.6331012335,52.2600000000
3385,56.1657262981,-8.6342991363,52.0800000000
3386,56.1138230156,-8.6356165829,51.9200000000
3387,56.0620604951,-8.6369618978,51.7800000000
3388,56.0104192502,-8.6383538150,51.6600000000
3389,55.9588788267,-8.6397744974,51.5600000000
3390,55.9074189661,-8.6412143424,51.4800000000
3391,55.8560636671,-8.6428073456,51.3800000000
3392,55.8048302105,-8.6444567466,51.2600000000
3393,55.7537360643,-8.6460823613,51.1200000000
3394,55.7028068347,-8.6478530028,50.9600000000
3395,55.6520172495,-8.6496109675,50.8200000000
3396,55.6013512276,-8.6514668294,50.7000000000
3397,55.5507907918,-8.6534674132,50.6000000000
3398,55.5003154201,-8.6555904402,50.5200000000
3399,55.4499033713,-8.6577897452,50.4600000000
3400,55.3995344232,-8.6600581074,50.4200000000
3401,55.3491890140,-8.6624032661,50.4000000000
3402,55.2988850521,-8.6647783491,50.3600000000
3403,55.2486035768,-8.6672050416,50.3400000000
3404,55.1983659284,-8.6697087755,50.3000000000
3405,55.1481605031,-8.6724462334,50.2800000000
3406,55.0979965344,-8.6752091751,50.2400000000
3407,55.0478974272,-8.6780573061,50.1800000000
3408,54.9978395806,-8.6809263822,50.1400000000
3409,54.9478545386,-8.6840089094,50.0800000000
3410,54.8979551960,-8.6871799684,50.0000000000
3411,54.8481146229,-8.6903297087,49.9400000000
3412,54.7983246838,-8.6936421051,49.9000000000
3413,54.7485638235,-8.6970875631,49.8800000000
3414,54.6988033177,-8.7005381374,49.8800000000
3415,54.6490375464,-8.7041957327,49.9000000000
3416,54.5992371796,-8.7079276320,49.9400000000
3417,54.5493879891,-8.7118081218,50.0000000000
3418,54.4994550656,-8.7156434261,50.0800000000
3419,54.4494392393,-8.7196992257,50.1800000000
3420,54.3993089769,-8.7238280019,50.3000000000
3421,54.3490989365,-8.7281997119,50.4000000000
3422,54.2987925674,-8.7328407922,50.5200000000
3423,54.2483472766,-8.7375000014,50.6600000000
3424,54.1978024049,-8.7423810203,50.7800000000
3425,54.1471637813,-8.7473311925,50.8800000000
3426,54.0964238902,-8.7524754561,51.0000000000
3427,54.0456187675,-8.7579571991,51.1000000000
3428,53.9947258404,-8.7637363315,51.2200000000
3429,53.9437593661,-8.7697497254,51.3200000000
3430,53.8926839895,-8.7758636029,51.4400000000
3431,53.8415282983,-8.7821458682,51.5400000000
3432,53.7902615787,-8.7885081839,51.6600000000
3433,53.7389265627,-8.7951273786,51.7600000000
3434,53.6875211214,-8.8018256021,51.8400000000
3435,53.6360757255,-8.8086798884,51.9000000000
3436,53.5845968721,-8.8158804475,51.9800000000
3437,53.5330290199,-8.8231662569,52.0800000000
3438,53.4813535438,-8.8305476643,52.2000000000
3439,53.4295457008,-8.8379923270,52.3400000000
3440,53.3776420369,-8.8458828073,52.5000000000
3441,53.3256085581,-8.8541107767,52.6800000000
3442,53.2734096070,-8.8625703218,52.8800000000
3443,53.2210301898,-8.8712885016,53.1000000000
3444,53.1684735804,-8.8803966519,53.3400000000
3445,53.1157056574,-8.8898044308,53.6000000000
3446,53.0627482156,-8.8995129298,53.8400000000
3447,53.0096399284,-8.9098240807,54.1000000000
3448,52.9563183698,-8.9202953267,54.3400000000
3449,52.9027645861,-8.9307253723,54.5600000000
3450,52.8490911624,-8.9417799456,54.8000000000
3451,52.7951887102,-8.9530106733,55.0600000000
3452,52.7411214583,-8.9646219724,55.3000000000
3453,52.6868761685,-8.9764507059,55.5200000000
3454,52.6324340645,-8.9885020507,55.7600000000
3455,52.5777747066,-9.0007737660,56.0200000000
3456,52.5229264948,-9.0134766658,56.3000000000
3457,52.4679303253,-9.0268550564,56.6000000000
3458,52.4128376291,-9.0410017603,56.8800000000
3459,52.3576010932,-9.0556272416,57.1400000000
3460,52.3022793969,-9.0710079539,57.4200000000
3461,52.2466976154,-9.0865727851,57.7200000000
3462,52.1908834085,-9.1024918275,58.0400000000
3463,52.1348482494,-9.1188712458,58.3800000000
3464,52.0784932083,-9.1354391951,58.7400000000
3465,52.0219486531,-9.1525611012,59.0800000000
3466,51.9651348403,-9.1700340596,59.4400000000
3467,51.9078589475,-9.1871548222,59.7800000000
3468,51.8504795231,-9.2051665199,60.1400000000
3469,51.7928042141,-9.2235030716,60.5200000000
3470,51.7347584610,-9.2419946089,60.9200000000
3471,51.6765447822,-9.2613275650,61.3400000000
3472,51.6180468738,-9.2811962117,61.7800000000
3473,51.5593721765,-9.3018388835,62.2000000000
3474,51.5005906088,-9.3234836724,62.6400000000
3475,51.4416015897,-9.3458869230,63.1000000000
3476,51.3823607926,-9.3689725106,63.5800000000
3477,51.3229405234,-9.3928545792,64.0400000000
3478,51.2628981430,-9.4163616626,64.4800000000
3479,51.2029022702,-9.4412152104,64.9400000000
3480,51.1425718369,-9.4665137325,65.4200000000
3481,51.0819804881,-9.4924778393,65.9200000000
3482,51.0211829412,-9.5191727508,66.4000000000
3483,50.9603358899,-9.5468836862,66.8600000000
3484,50.8993800460,-9.5755029227,67.3400000000
3485,50.8378434724,-9.6039650047,67.8000000000
3486,50.7762764544,-9.6333962788,68.2400000000
3487,50.7148483851,-9.6640685447,68.6600000000
3488,50.6536452422,-9.6960600890,69.0600000000
3489,50.5923027342,-9.7286025276,69.4400000000
3490,50.5313275579,-9.7625741021,69.8000000000
3491,50.4703593701,-9.7972511793,70.1400000000
3492,50.4091293382,-9.8321958954,70.5000000000
3493,50.3479656859,-9.8679354147,70.8400000000
3494,50.2869996460,-9.9046353818,71.1600000000
3495,50.2261467002,-9.9420980377,71.4600000000
3496,50.1656941392,-9.9807259481,71.7400000000
3497,50.1054254262,-10.0201173462,72.0000000000
3498,50.0453245027,-10.0601984713,72.2400000000
3499,49.9854433003,-10.1009991233,72.4600000000
3500,49.9261016009,-10.1429973697,72.7000000000
3501,49.8671611793,-10.1859995592,72.9600000000
3502,49.8083020245,-10.2295178301,73.2000000000
3503,49.7492506110,-10.2731461117,73.4200000000
3504,49.6905460272,-10.3175721879,73.6200000000
3505,49.6316807923,-10.3620842551,73.8000000000
3506,49.5737641931,-10.4081458175,74.0000000000
3507,49.5165330199,-10.4553397283,74.1800000000
3508,49.4595071498,-10.5030312972,74.3400000000
3509,49.4027425238,-10.5512500449,74.4800000000
3510,49.3464868598,-10.6002445372,74.6000000000
3511,49.2901827055,-10.6493355975,74.7000000000
3512,49.2341694759,-10.6989395340,74.8200000000
3513,49.1780992153,-10.7486901869,74.9600000000
3514,49.1225735648,-10.7992263972,75.0800000000
3515,49.0678616631,-10.8508467052,75.2200000000
3516,49.0124812607,-10.9019263160,75.3400000000
3517,48.9577819082,-10.9538798956,75.4400000000
3518,48.9035332935,-11.0064764868,75.5600000000
3519,48.8498281548,-11.0597699542,75.6600000000
3520,48.7969761944,-11.1140213863,75.7400000000
3521,48.7442511343,-11.1685353629,75.8400000000
3522,48.6920844626,-11.2236940862,75.9200000000
3523,48.6395362997,-11.2785725973,75.9800000000
3524,48.5873698156,-11.3339240339,76.0600000000
3525,48.5358057591,-11.3899186987,76.1200000000
3526,48.4846766638,-11.4463647899,76.1600000000
3527,48.4338135767,-11.5031312832,76.2200000000
3528,48.3832646467,-11.5602311368,76.2600000000
3529,48.3326971247,-11.6173412420,76.2800000000
3530,48.2828170762,-11.6751056182,76.3200000000
3531,48.2331795237,-11.7331048336,76.3400000000
3532,48.1840660593,-11.7916007481,76.3800000000
3533,48.1353155819,-11.8504254959,76.4000000000
3534,48.0867189510,-11.9094292337,76.4400000000
3535,48.0387228501,-11.9689481877,76.4600000000
3536,47.9912720390,-12.0289027716,76.4600000000
3537,47.9445131939,-12.0893732934,76.4400000000
3538,47.8979206579,-12.1499215848,76.4000000000
3539,47.8516686109,-12.2106549672,76.3400000000
3540,47.8055369925,-12.2713794383,76.2600000000
3541,47.7599757644,-12.3324082847,76.1600000000
3542,47.7147827997,-12.3936109182,76.0800000000
3543,47.6699527602,-12.4549560725,75.9800000000
3544,47.6253372425,-12.5163091098,75.8600000000
3545,47.5810234650,-12.5777078681,75.7200000000
3546,47.5372378550,-12.6392881730,75.5600000000
3547,47.4938366939,-12.7009200123,75.3800000000
3548,47.4507701202,-12.7625910641,75.2200000000
3549,47.4080259765,-12.8242671517,75.0400000000
3550,47.3656126892,-12.8859286361,74.8400000000
3551,47.3233795137,-12.9474469528,74.6200000000
3552,47.2814708364,-13.0088965025,74.3800000000
3553,47.2399851397,-13.0703189038,74.1200000000
3554,47.1989375583,-13.1316983927,73.8400000000
3555,47.1582475460,-13.1929556738,73.5400000000
3556,47.1179069162,-13.2541084431,73.2600000000
3557,47.0779578980,-13.3151595491,72.9600000000
3558,47.0384073627,-13.3760883991,72.6400000000
3559,46.9991752832,-13.4368184076,72.3000000000
3560,46.9602950643,-13.4973468487,71.9400000000
3561,46.9217171573,-13.5576652131,71.6000000000
3562,46.8834288901,-13.6177413831,71.2400000000
3563,46.8452936385,-13.6775118824,70.9000000000
3564,46.8073615528,-13.7369849727,70.5400000000
3565,46.7696942293,-13.7962235812,70.2000000000
3566,46.7322550278,-13.8552279929,69.8800000000
3567,46.6950326326,-13.9139672889,69.5400000000
3568,46.6581229678,-13.9725256789,69.2200000000
3569,46.6214702520,-14.0308912923,68.9200000000
3570,46.5849141324,-14.0889869008,68.6400000000
3571,46.5484652661,-14.1467955138,68.3400000000
3572,46.5121970090,-14.2043397049,68.0200000000
3573,46.4760241411,-14.2615893514,67.7200000000
3574,46.4399392887,-14.3185633545,67.4400000000
3575,46.4042725539,-14.3754462485,67.1400000000
3576,46.3686337919,-14.4320160129,66.8600000000
3577,46.3330223826,-14.4882955609,66.6000000000
3578,46.2978402800,-14.5445616187,66.3600000000
3579,46.2625795347,-14.6005185614,66.1400000000
3580,46.2272470449,-14.6561934999,65.9400000000
3581,46.1918469276,-14.7116119922,65.7600000000
3582,46.1569022374,-14.7670825450,65.5600000000
3583,46.1218309863,-14.8222125998,65.3400000000
3584,46.0866517184,-14.8770363056,65.1400000000
3585,46.0520467075,-14.9320117075,64.9600000000
3586,46.0172386183,-14.9866217297,64.7600000000
3587,45.9822819184,-15.0408752156,64.5400000000
3588,45.9472235448,-15.0947769822,64.3000000000
3589,45.9121016251,-15.1483267007,64.0400000000
3590,45.8777324266,-15.2020304789,63.7600000000
3591,45.8431882050,-15.2552645691,63.4600000000
3592,45.8093507778,-15.3086194276,63.1800000000
3593,45.7752198250,-15.3614777709,62.9200000000
3594,45.7408714551,-15.4138605838,62.6400000000
3595,45.7063702466,-15.4657830472,62.3400000000
3596,45.6727079971,-15.5179203329,62.0600000000
3597,45.6387488951,-15.5695538433,61.8000000000
3598,45.6055607973,-15.6213540418,61.5200000000
3599,45.5729898627,-15.6732377755,61.2600000000
3600,45.5409056666,-15.7251419638,61.0200000000
3601,45.5092190024,-15.7769853135,60.7600000000
3602,45.4772389729,-15.8283657388,60.5200000000
3603,45.4456333045,-15.8796721646,60.2600000000
3604,45.4143147623,-15.9308732321,60.0200000000
3605,45.3818573839,-15.9810983114,59.8000000000
3606,45.3498410114,-16.0313686992,59.6000000000
3607,45.3169025585,-16.0808236759,59.4200000000
3608,45.2845131413,-16.1304012318,59.2200000000
3609,45.2508320080,-16.1788914666,59.0400000000
3610,45.2160433210,-16.2263951680,58.8800000000
3611,45.1821740595,-16.2743385005,58.7000000000
3612,45.1471003328,-16.3211581939,58.5000000000
3613,45.1110018081,-16.3669634220,58.3200000000
3614,45.0740357928,-16.4118125927,58.1200000000
3615,45.0384583657,-16.4575432201,57.9400000000
3616,45.0040393486,-16.5039031043,57.7400000000
3617,44.9704298591,-16.5506316375,57.5600000000
3618,44.9349940789,-16.5957367933,57.3600000000
3619,44.8980660156,-16.6393406663,57.1400000000
3620,44.8598891840,-16.6815862948,56.9400000000
3621,44.8206547161,-16.7226028052,56.7600000000
3622,44.7828302695,-16.7646544977,56.5600000000
3623,44.7468034961,-16.8079703978,56.3400000000
3624,44.7090456410,-16.8494620160,56.1000000000
3625,44.6731556527,-16.8922406828,55.8400000000
3626,44.6592891530,-16.9072100498,20.4049445729
3627,44.6462600294,-16.9225218340,20.1049445729
3628,44.6331814234,-16.9373675101,19.7849445729
3629,44.6208539394,-16.9524571159,19.4849445729
3630,44.6078946683,-16.9666305836,19.2049445729
3631,44.5945167795,-16.9799883163,18.9049445729
3632,44.5808856454,-16.9926213027,18.5849445729
3633,44.5671008495,-17.0046345704,18.2849445729
3634,44.5532642170,-17.0160926172,17.9649445729
3635,44.5394267055,-17.0270732156,17.6649445729
3636,44.5256550222,-17.0376177801,17.3449445729
3637,44.5120049465,-17.0477589621,17.0049445729
3638,44.4986785023,-17.0577319289,16.6449445729
3639,44.4864729137,-17.0685427949,16.3049445729
3640,44.4742187581,-17.0787446049,15.9449445729
3641,44.4629847416,-17.0895756329,15.6049445729
3642,44.4515871537,-17.0997000256,15.2449445729
3643,44.4401203437,-17.1092220863,14.9049445729
3644,44.4296157867,-17.1193401340,14.5849445729
3645,44.4189443737,-17.1287762027,14.2449445729
3646,44.4085809050,-17.1380768800,13.9249445729
3647,44.3981130781,-17.1467983313,13.6249445729
3648,44.3885247956,-17.1560801622,13.3449445729
3649,44.3787493755,-17.1647179710,13.0449445729
3650,44.3688782637,-17.1728114845,12.7649445729
3651,44.3589743768,-17.1804460548,12.5049445729
3652,44.3491122633,-17.1876701802,12.2249445729
3653,44.3401541574,-17.1955414343,11.9249445729
3654,44.3313027684,-17.2030466093,11.6049445729
3655,44.3232810627,-17.2109555418,11.2649445729
3656,44.3153567895,-17.2184471178,10.9049445729
3657,44.3073770019,-17.2253098758,10.5249445729
3658,44.2994546769,-17.2316147366,10.1249445729
3659,44.2916781058,-17.2374208447,9.7049445729
3660,44.2847739719,-17.2435992047,9.2649445729
3661,44.2779652914,-17.2491821178,8.8049445729
3662,44.2719413206,-17.2549859161,8.3649445729
3663,44.2659749647,-17.2601715448,7.9049445729
3664,44.2607492245,-17.2654461483,7.4249445729
3665,44.2556047770,-17.2700818271,6.9249445729
3666,44.2506252177,-17.2741734403,6.4449445729
3667,44.2458964567,-17.2777763816,5.9449445729
3668,44.2418871098,-17.2814308530,5.4249445729
3669,44.2384901938,-17.2849968088,4.9249445729
3670,44.2356368443,-17.2883526891,4.4049445729
3671,44.2328962728,-17.2911343901,3.9049445729
3672,44.2306692531,-17.2936835533,3.3849445729
3673,44.2289023082,-17.2959132652,2.8449445729
3674,44.2275292150,-17.2977894268,2.3249445729
3675,44.2264970403,-17.2992944312,1.8249445729
3676,44.2257855420,-17.3003883464,1.3049445729
3677,44.2252816629,-17.3010160737,0.8049445729
3678,44.2250884200,-17.3012773133,0.3249445729
3679,44.2250884200,-17.3012773133,0.0000000000
3680,44.2250884200,-17.3012773133,0.0000000000
3681,44.2250884200,-17.3012773133,0.0000000000
3682,44.2250884200,-17.3012773133,0.0000000000
3683,44.2250884200,-17.3012773133,0.0000000000
3684,44.2250884200,-17.3012773133,0.0000000000
3685,44.2250884200,-17.3012773133,0.0000000000
3686,44.2250884200,-17.3012773133,0.0000000000
3687,44.2250884200,-17.3012773133,0.0000000000
3688,44.2250884200,-17.3012773133,0.0000000000
3689,44.2250884200,-17.3012773133,0.0000000000
3690,44.2250884200,-17.3012773133,0.0000000000
3691,44.2250884200,-17.3012773133,0.0000000000
3692,44.2250884200,-17.3012773133,0.0000000000
3693,44.2250884200,-17.3012773133,0.0000000000
3694,44.2250884200,-17.3012773133,0.0000000000
3695,44.2250884200,-17.3012773133,0.0000000000
3696,44.2250884200,-17.3012773133,0.0000000000
3697,44.2250884200,-17.3012773133,0.0000000000
3698,44.2250884200,-17.3012773133,0.0000000000
3699,44.2250884200,-17.3012773133,0.0000000000
3700,44.2250884200,-17.3012773133,0.0000000000
3701,44.2250884200,-17.3012773133,0.0000000000
3702,44.2250884200,-17.3012773133,0.0000000000
3703,44.2250753345,-17.3012924385,0.0200000000
3704,44.2250382467,-17.3013396031,0.0600000000
3705,44.2249676592,-17.3014366464,0.1200000000
3706,44.2248774652,-17.3015688018,0.1600000000
3707,44.2247578436,-17.3017534384,0.2200000000
3708,44.2245953595,-17.3019564135,0.2600000000
3709,44.2243760186,-17.3021894148,0.3200000000
3710,44.2240837377,-17.3024624933,0.4000000000
3711,44.2237319439,-17.3027588733,0.4600000000
3712,44.2233759519,-17.3031099711,0.5000000000
3713,44.2229873076,-17.3034554499,0.5200000000
3714,44.2226249230,-17.3038283808,0.5200000000
3715,44.2222256632,-17.3041919623,0.5400000000
3716,44.2218091128,-17.3045355984,0.5400000000
3717,44.2213953511,-17.3048505609,0.5200000000
3718,44.2209879614,-17.3051737228,0.5200000000
3719,44.2205855062,-17.3054704209,0.5000000000
3720,44.2201748195,-17.3057556163,0.5000000000
3721,44.2197744608,-17.3060204047,0.4800000000
3722,44.2193693662,-17.3062778895,0.4800000000
3723,44.2190092395,-17.3065640865,0.4600000000
3724,44.2186744790,-17.3068795788,0.4600000000
3725,44.2183753323,-17.3072022416,0.4400000000
3726,44.2181195924,-17.3075098080,0.4000000000
3727,44.2178828003,-17.3077537948,0.3400000000
3728,44.2176906088,-17.3079289017,0.2600000000
3729,44.2175363276,-17.3080561703,0.2000000000
3730,44.2174132491,-17.3081584038,0.1600000000
3731,44.2173394337,-17.3082258669,0.1000000000
3732,44.2172931959,-17.3082641039,0.0600000000
3733,44.2172645177,-17.3082919887,0.0400000000
3734,44.2172645177,-17.3082919887,0.0000000000
3735,44.2172645177,-17.3082919887,0.0000000000
3736,44.2172645177,-17.3082919887,0.0000000000
3737,44.2172645177,-17.3082919887,0.0000000000
3738,44.2172645177,-17.3082919887,0.0000000000
3739,44.2172511618,-17.3083068756,0.0200000000
3740,44.2172385774,-17.3083224202,0.0200000000
3741,44.2172110207,-17.3083514137,0.0400000000
3742,44.2171851437,-17.3083819158,0.0400000000
3743,44.2171711008,-17.3083961566,0.0200000000
3744,44.2171562309,-17.3084095314,0.0200000000
3745,44.2171562309,-17.3084095314,0.0000000000
3746,44.2171562309,-17.3084095314,0.0000000000
3747,44.2171562309,-17.3084095314,0.0000000000
3748,44.2171562309,-17.3084095314,0.0000000000
3749,44.2171562309,-17.3084095314,0.0000000000
3750,44.2171408271,-17.3084222877,0.0200000000
3751,44.2171264960,-17.3084362384,0.0200000000
3752,44.2170963225,-17.3084624978,0.0400000000
3753,44.2170682125,-17.3084909552,0.0400000000
3754,44.2170235751,-17.3085310489,0.0600000000
3755,44.2169770739,-17.3085689651,0.0600000000
3756,44.2169194111,-17.3086244178,0.0800000000
3757,44.2168588087,-17.3086766418,0.0800000000
3758,44.2168133583,-17.3087158115,0.0600000000
3759,44.2167667970,-17.3087536538,0.0600000000
3760,44.2167028472,-17.3088017208,0.0800000000
3761,44.2166434618,-17.3088553246,0.0800000000
3762,44.2165970343,-17.3088933311,0.0600000000
3763,44.2165491738,-17.3089295163,0.0600000000
3764,44.2165165367,-17.3089526424,0.0400000000
3765,44.2164833378,-17.3089749546,0.0400000000
3766,44.2164328873,-17.3090074314,0.0600000000
3767,44.2163479570,-17.3090602220,0.1000000000
3768,44.2162110099,-17.3091429595,0.1600000000
3769,44.2160387869,-17.3092446415,0.2000000000
3770,44.2158570949,-17.3093686901,0.2200000000
3771,44.2156578140,-17.3095356844,0.2600000000
3772,44.2154360214,-17.3097065880,0.2800000000
3773,44.2152005618,-17.3099232878,0.3200000000
3774,44.2149396188,-17.3101995282,0.3800000000
3775,44.2146321969,-17.3104856955,0.4200000000
3776,44.2142951508,-17.3107685381,0.4400000000
3777,44.2139815120,-17.3110771328,0.4400000000
3778,44.2136608762,-17.3114069702,0.4600000000
3779,44.2133601981,-17.3117550976,0.4600000000
3780,44.2130618475,-17.3120784966,0.4400000000
3781,44.2127716190,-17.3123537554,0.4000000000
3782,44.2124823369,-17.3126001613,0.3800000000
3783,44.2122143225,-17.3128093700,0.3400000000
3784,44.2119554880,-17.3129975313,0.3200000000
3785,44.2117452942,-17.3131825140,0.2800000000
3786,44.2115424221,-17.3133451268,0.2600000000
3787,44.2113828649,-17.3134965913,0.2200000000
3788,44.2112629750,-17.3136025460,0.1600000000
3789,44.2112071161,-17.3136598155,0.0800000000
3790,44.2112071161,-17.3136598155,0.0000000000
3791,44.2112071161,-17.3136598155,0.0000000000
3792,44.2112071161,-17.3136598155,0.0000000000
3793,44.2112071161,-17.3136598155,0.0000000000
3794,44.2112071161,-17.3136598155,0.0000000000
3795,44.2112071161,-17.3136598155,0.0000000000
3796,44.2112071161,-17.3136598155,0.0000000000
3797,44.2112071161,-17.3136598155,0.0000000000
3798,44.2112071161,-17.3136598155,0.0000000000
3799,44.2112071161,-17.3136598155,0.0000000000
3800,44.2112071161,-17.3136598155,0.0000000000
3801,44.2112071161,-17.3136598155,0.0000000000
3802,44.2112071161,-17.3136598155,0.0000000000
3803,44.2112071161,-17.3136598155,0.0000000000
3804,44.2111932313,-17.3136742103,0.0200000000
3805,44.2111541587,-17.3137197441,0.0600000000
3806,44.2110977164,-17.3137764387,0.0800000000
3807,44.2110380189,-17.3138296947,0.0800000000
3808,44.2109914050,-17.3138674723,0.0600000000
3809,44.2109769598,-17.3138813048,0.0200000000
3810,44.2109769598,-17.3138813048,0.0000000000
3811,44.2109769598,-17.3138813048,0.0000000000
3812,44.2109769598,-17.3138813048,0.0000000000
3813,44.2109604881,-17.3138926486,0.0200000000
3814,44.2109103266,-17.3139255701,0.0600000000
3815,44.2108088455,-17.3139896137,0.1200000000
3816,44.2106382045,-17.3140939289,0.2000000000
3817,44.2104324663,-17.3142528999,0.2600000000
3818,44.2101825846,-17.3144834625,0.3400000000
3819,44.2098752279,-17.3147394544,0.4000000000
3820,44.2094942337,-17.3150314191,0.4800000000
3821,44.2090371424,-17.3153884452,0.5800000000
3822,44.2085247018,-17.3158653147,0.7000000000
3823,44.2078810412,-17.3164050379,0.8400000000
3824,44.2070888625,-17.3170153271,1.0000000000
3825,44.2062208130,-17.3178146331,1.1800000000
3826,44.2051595406,-17.3186967334,1.3800000000
3827,44.2040152207,-17.3198150053,1.6000000000
3828,44.2028114493,-17.3211532632,1.8000000000
3829,44.2015396615,-17.3227226439,2.0200000000
3830,44.1999807439,-17.3243589128,2.2600000000
3831,44.1981299422,-17.3260691564,2.5200000000
3832,44.1959781935,-17.3278607974,2.8000000000
3833,44.1935158340,-17.3297440886,3.1000000000
3834,44.1909921383,-17.3320521961,3.4200000000
3835,44.1884297141,-17.3347489315,3.7200000000
3836,44.1854620714,-17.3374902262,4.0400000000
3837,44.1824835980,-17.3406468536,4.3400000000
3838,44.1795011982,-17.3441752656,4.6200000000
3839,44.1760440719,-17.3476759338,4.9200000000
3840,44.1726128616,-17.3515832085,5.2000000000
3841,44.1686876087,-17.3554357908,5.5000000000
3842,44.1643657714,-17.3592737749,5.7800000000
3843,44.1596242032,-17.3630795509,6.0800000000
3844,44.1545086899,-17.3668585883,6.3600000000
3845,44.1495206617,-17.3712716569,6.6600000000
3846,44.1446577724,-17.3762230110,6.9400000000
3847,44.1399061021,-17.3816324130,7.2000000000
3848,44.1345856907,-17.3868330689,7.4400000000
3849,44.1294315414,-17.3924996680,7.6600000000
3850,44.1244182804,-17.3985533292,7.8600000000
3851,44.1187946598,-17.4042993271,8.0400000000
3852,44.1126809663,-17.4097640093,8.2000000000
3853,44.1061732381,-17.4149798577,8.3400000000
3854,44.0993488867,-17.4199798405,8.4600000000
3855,44.0922381558,-17.4248169372,8.6000000000
3856,44.0852534562,-17.4300373177,8.7200000000
3857,44.0780782469,-17.4351665254,8.8200000000
3858,44.0706624669,-17.4401595012,8.9400000000
3859,44.0636528444,-17.4458679854,9.0400000000
3860,44.0562876427,-17.4513140301,9.1600000000
3861,44.0493134100,-17.4574056374,9.2600000000
3862,44.0419554641,-17.4631585699,9.3400000000
3863,44.0342710213,-17.4686415379,9.4400000000
3864,44.0262972091,-17.4739152386,9.5600000000
3865,44.0180907246,-17.4790112382,9.6600000000
3866,44.0096648576,-17.4839764336,9.7800000000
3867,44.0011591161,-17.4890030390,9.8800000000
3868,43.9930986089,-17.4949215036,10.0000000000
3869,43.9854262103,-17.5015512774,10.1400000000
3870,43.9773002506,-17.5078151723,10.2600000000
3871,43.9695525454,-17.5147529719,10.4000000000
3872,43.9621374292,-17.5222153075,10.5200000000
3873,43.9540961357,-17.5292133928,10.6600000000
3874,43.9458054759,-17.5361659003,10.8200000000
3875,43.9378375281,-17.5437495542,11.0000000000
3876,43.9301173005,-17.5518636214,11.2000000000
3877,43.9225725408,-17.5604364273,11.4200000000
3878,43.9151619836,-17.5693867369,11.6200000000
3879,43.9067911658,-17.5777602075,11.8400000000
3880,43.8976306171,-17.5856348978,12.0800000000
3881,43.8878006413,-17.5930946013,12.3400000000
3882,43.8773847002,-17.6002200887,12.6200000000
3883,43.8673089947,-17.6083075209,12.9200000000
3884,43.8565739164,-17.6159885425,13.2000000000
3885,43.8461652549,-17.6245856214,13.5000000000
3886,43.8360070415,-17.6339559522,13.8200000000
3887,43.8249417183,-17.6427913483,14.1600000000
3888,43.8141235700,-17.6524762885,14.5200000000
3889,43.8023592517,-17.6616201835,14.9000000000
3890,43.7908368760,-17.6716862084,15.3000000000
3891,43.7795034611,-17.6825220797,15.6800000000
3892,43.7682750296,-17.6940324544,16.0800000000
3893,43.7558234358,-17.7048587101,16.5000000000
3894,43.7423261385,-17.7150289100,16.9000000000
3895,43.7279592509,-17.7246305214,17.2800000000
3896,43.7139697491,-17.7353759128,17.6400000000
3897,43.6990826387,-17.7454582908,17.9800000000
3898,43.6841903546,-17.7561622841,18.3400000000
3899,43.6696315458,-17.7679300149,18.7200000000
3900,43.6540268438,-17.7789090710,19.0800000000
3901,43.6388025753,-17.7909655237,19.4200000000
3902,43.6231383001,-17.8029779374,19.7400000000
3903,43.6078112551,-17.8158885257,20.0400000000
3904,43.5913482231,-17.8277994861,20.3200000000
3905,43.5754076406,-17.8405376018,20.4049445729
3906,43.5599416337,-17.8538479134,20.4049445729
3907,43.5448421389,-17.8675725999,20.4049445729
3908,43.5286378353,-17.8799734993,20.4049445729
3909,43.5128720259,-17.8929273025,20.4049445729
3910,43.4974438170,-17.9062814080,20.4049445729
3911,43.4809721825,-17.9183249549,20.4049445729
3912,43.4637372852,-17.9292483279,20.4049445729
3913,43.4459398956,-17.9392290436,20.4049445729
3914,43.4287098928,-17.9501601353,20.4049445729
3915,43.4109039134,-17.9601255185,20.4049445729
3916,43.3929637240,-17.9698472141,20.4049445729
3917,43.3746268169,-17.9787981694,20.4049445729
3918,43.3559922677,-17.9871117329,20.4049445729
3919,43.3375079415,-17.9957068275,20.3849445729
3920,43.3193046032,-18.0048820354,20.3849445729
3921,43.3007459115,-18.0132668987,20.3649445729
3922,43.2819094495,-18.0210076135,20.3649445729
3923,43.2628453529,-18.0282260750,20.3849445729
3924,43.2436222688,-18.0350098058,20.3849445729
3925,43.2242580653,-18.0414432639,20.4049445729
3926,43.2047608233,-18.0475957687,20.4449445729
3927,43.1851698975,-18.0535126584,20.4649445729
3928,43.1654814989,-18.0592415074,20.5049445729
3929,43.1456880462,-18.0648214872,20.5649445729
3930,43.1261981412,-18.0715078424,20.6049445729
3931,43.1065313801,-18.0778527964,20.6649445729
3932,43.0866950486,-18.0839250839,20.7449445729
3933,43.0671240610,-18.0909835656,20.8049445729
3934,43.0473616474,-18.0976137030,20.8449445729
3935,43.0278400637,-18.1050919702,20.9049445729
3936,43.0080477885,-18.1120657596,20.9849445729
3937,42.9880119376,-18.1186338313,21.0849445729
3938,42.9681498272,-18.1260598832,21.2049445729
3939,42.9479657777,-18.1330032832,21.3449445729
3940,42.9274847084,-18.1395598405,21.5049445729
3941,42.9067579155,-18.1457971221,21.6449445729
3942,42.8858287007,-18.1517704613,21.7649445729
3943,42.8657508818,-18.1572475718,20.8114765194
3944,42.8478691442,-18.1627444399,18.7075412035
3945,42.8302039671,-18.1691992926,18.8075412035
3946,42.8127062326,-18.1764160166,18.9275412035
3947,42.7953185957,-18.1842416930,19.0675412035
3948,42.7780182460,-18.1925398636,19.1875412035
3949,42.7607834039,-18.2011983544,19.2875412035
3950,42.7435599593,-18.2101429400,19.4075412035
3951,42.7257938622,-18.2181996117,19.5075412035
3952,42.7080757332,-18.2266440347,19.6275412035
3953,42.6898861413,-18.2342804362,19.7275412035
3954,42.6713920079,-18.2413730886,19.8075412035
3955,42.6530459328,-18.2489980950,19.8675412035
3956,42.6344232851,-18.2560342295,19.9075412035
3957,42.6159762761,-18.2635717859,19.9275412035
3958,42.5972574980,-18.2704065680,19.9275412035
3959,42.5787106957,-18.2777496275,19.9475412035
3960,42.5602813227,-18.2854865530,19.9875412035
3961,42.5419540114,-18.2935122220,20.0075412035
3962,42.5232889960,-18.3007176997,20.0075412035
3963,42.5043588722,-18.3072562637,20.0275412035
3964,42.4852471268,-18.3132432156,20.0275412035
3965,42.4663057785,-18.3198105006,20.0475412035
3966,42.4475220455,-18.3268158758,20.0475412035
3967,42.4284866692,-18.3331688799,20.0675412035
3968,42.4096069967,-18.3399706572,20.0675412035
3969,42.3904924880,-18.3461468106,20.0875412035
3970,42.3714924261,-18.3527887653,20.1275412035
3971,42.3522323155,-18.3588373154,20.1875412035
3972,42.3328775045,-18.3648510096,20.2675412035
3973,42.3135740744,-18.3713482647,20.3675412035
3974,42.2942764418,-18.3782287239,20.4875412035
3975,42.2746195772,-18.3844819735,20.6275412035
3976,42.2549354169,-18.3911644657,20.7875412035
3977,42.2348747672,-18.3972643114,20.9675412035
3978,42.2147882231,-18.4038144064,21.1275412035
3979,42.1943781303,-18.4097924008,21.2675412035
3980,42.1737116424,-18.4152990512,21.3875412035
3981,42.1528038537,-18.4204273456,21.5275412035
3982,42.1316991137,-18.4252446049,21.6475412035
3983,42.1106539578,-18.4307270280,21.7475412035
3984,42.0895540330,-18.4364700699,21.8675412035
3985,42.0684429592,-18.4426873388,22.0075412035
3986,42.0470596797,-18.4483779839,22.1275412035
3987,42.0256992956,-18.4545259572,22.2275412035
3988,42.0043586813,-18.4610224622,22.3075412035
3989,41.9829973650,-18.4677894460,22.4075412035
3990,41.9613560556,-18.4739003572,22.4875412035
3991,41.9397033414,-18.4803312968,22.5875412035
3992,41.9180387572,-18.4869993713,22.6675412035
3993,41.8961400441,-18.4930811058,22.7275412035
3994,41.8740152236,-18.4986197206,22.8075412035
3995,41.8517218714,-18.5037119586,22.8675412035
3996,41.8292897497,-18.5085482341,22.9475412035
3997,41.8068686000,-18.5138850126,23.0475412035
3998,41.7842749844,-18.5188258316,23.1275412035
3999,41.7615555351,-18.5234614213,23.1875412035
4000,41.7387939898,-18.5280907548,23.2275412035
4001,41.7159728855,-18.5325230645,23.2475412035
4002,41.6931026363,-18.5366943800,23.2475412035
4003,41.6702143239,-18.5406496075,23.2275412035
4004,41.6474745143,-18.5451842658,23.1875412035
4005,41.6247371262,-18.5494144370,23.1275412035
4006,41.6020768047,-18.5536214527,23.0475412035
4007,41.5795187010,-18.5580440096,22.9875412035
4008,41.5569454842,-18.5621719061,22.9475412035
4009,41.5343899451,-18.5660561306,22.8875412035
4010,41.5118992703,-18.5698447298,22.8075412035
4011,41.4894816790,-18.5734619147,22.7075412035
4012,41.4671595040,-18.5769140908,22.5875412035
4013,41.4449181182,-18.5802322628,22.4875412035
4014,41.4228158564,-18.5836669281,22.3675412035
4015,41.4008328574,-18.5869549889,22.2275412035
4016,41.3789535544,-18.5901235025,22.1075412035
4017,41.3572009526,-18.5931889842,21.9675412035
4018,41.3355577176,-18.5961698290,21.8475412035
4019,41.3140963489,-18.5994297369,21.7075412035
4020,41.2927381725,-18.6025682454,21.5875412035
4021,41.2715044189,-18.6055889630,21.4475412035
4022,41.2504183660,-18.6085109110,21.2875412035
4023,41.2295250412,-18.6117800820,21.1475412035
4024,41.2087912608,-18.6150338851,20.9875412035
4025,41.1882134908,-18.6181175767,20.8075412035
4026,41.1678237097,-18.6211054826,20.6075412035
4027,41.1476257533,-18.6241594958,20.4275412035
4028,41.1276364650,-18.6272549403,20.2275412035
4029,41.1078954539,-18.6305098113,20.0075412035
4030,41.0883591437,-18.6337765029,19.8075412035
4031,41.0689767607,-18.6368690104,19.6275412035
4032,41.0497281014,-18.6397800713,19.4675412035
4033,41.0306576500,-18.6426657480,19.2875412035
4034,41.0117965984,-18.6455974642,19.0875412035
4035,40.9931314729,-18.6483537662,18.8675412035
4036,40.9746478980,-18.6509680639,18.6675412035
4037,40.9563395136,-18.6535355999,18.4875412035
4038,40.9382256293,-18.6560498317,18.2875412035
4039,40.9203183363,-18.6584508528,18.0675412035
4040,40.9026401064,-18.6607533325,17.8275412035
4041,40.8851753019,-18.6629907658,17.6075412035
4042,40.8679426321,-18.6651509931,17.3675412035
4043,40.8509688465,-18.6675858999,17.1475412035
4044,40.8341854817,-18.6699391569,16.9475412035
4045,40.8176049259,-18.6724362763,16.7675412035
4046,40.8011752842,-18.6748605904,16.6075412035
4047,40.7848702705,-18.6771684991,16.4675412035
4048,40.7686955246,-18.6795390893,16.3475412035
4049,40.7526040569,-18.6817857007,16.2475412035
4050,40.7365797509,-18.6839330261,16.1675412035
4051,40.7206165463,-18.6860845328,16.1075412035
4052,40.7046894697,-18.6882044652,16.0675412035
4053,40.6887775369,-18.6902862845,16.0475412035
4054,40.6728606666,-18.6923300114,16.0475412035
4055,40.6569403098,-18.6944998313,16.0675412035
4056,40.6410206106,-18.6966744714,16.0675412035
4057,40.6251186177,-18.6988309034,16.0475412035
4058,40.6092090435,-18.7009306721,16.0475412035
4059,40.5932737007,-18.7029875459,16.0675412035
4060,40.5772953762,-18.7050237263,16.1075412035
4061,40.5612563432,-18.7070581323,16.1675412035
4062,40.5451321247,-18.7090561744,16.2475412035
4063,40.5289024970,-18.7110160948,16.3475412035
4064,40.5125499086,-18.7129584561,16.4675412035
4065,40.4960546767,-18.7148866026,16.6075412035
4066,40.4794009139,-18.7168366340,16.7675412035
4067,40.4625679978,-18.7188043962,16.9475412035
4068,40.4455361077,-18.7207925835,17.1475412035
4069,40.4282829980,-18.7227829840,17.3675412035
4070,40.4108052371,-18.7249168495,17.6075412035
4071,40.3930708278,-18.7270939471,17.8675412035
4072,40.3750586393,-18.7293062574,18.1475412035
4073,40.3567424062,-18.7315033883,18.4475412035
4074,40.3381113113,-18.7337623488,18.7675412035
4075,40.3191356352,-18.7360032966,19.1075412035
4076,40.2997967268,-18.7382375263,19.4675412035
4077,40.2800822626,-18.7405320402,19.8475412035
4078,40.2600056632,-18.7428287505,20.2075412035
4079,40.2395614997,-18.7452542470,20.5875412035
4080,40.2187190192,-18.7477175563,20.9875412035
4081,40.1975051696,-18.7502757593,21.3675412035
4082,40.1758955559,-18.7528930945,21.7675412035
4083,40.1538643271,-18.7555221523,22.1875412035
4084,40.1313934738,-18.7581804167,22.6275412035
4085,40.1084713981,-18.7609395838,23.0875412035
4086,40.0850806965,-18.7638212641,23.5675412035
4087,40.0611947747,-18.7667724127,24.0675412035
4088,40.0367983426,-18.7698320338,24.5875412035
4089,40.0119135336,-18.7730149577,25.0875412035
4090,39.9865079199,-18.7762244684,25.6075412035
4091,39.9605522977,-18.7793866814,26.1475412035
4092,39.9340837982,-18.7826388017,26.6675412035
4093,39.9070693635,-18.7858746351,27.2075412035
4094,39.8794927283,-18.7891251015,27.7675412035
4095,39.8513486039,-18.7925149918,28.3475412035
4096,39.8226063868,-18.7959566621,28.9475412035
4097,39.7932761338,-18.7993642930,29.5275412035
4098,39.7633428356,-18.8027799041,30.1275412035
4099,39.7327970425,-18.8062964105,30.7475412035
4100,39.7016178742,-18.8099071175,31.3875412035
4101,39.6697860249,-18.8136190268,32.0475412035
4102,39.6372845474,-18.8174590669,32.7275412035
4103,39.6040796139,-18.8213104176,33.4275412035
4104,39.5701679217,-18.8253168753,34.1475412035
4105,39.5355157251,-18.8293623420,34.8875412035
4106,39.5001126585,-18.8335300840,35.6475412035
4107,39.4639213335,-18.8376717923,36.4275412035
4108,39.4269238022,-18.8418036808,37.2275412035
4109,39.3891150315,-18.8460595304,38.0475412035
4110,39.3504623829,-18.8503272717,38.8875412035
4111,39.3109567874,-18.8547061930,39.7475412035
4112,39.2705771139,-18.8591871610,40.6275412035
4113,39.2292939536,-18.8636857556,41.5275412035
4114,39.1870917177,-18.8682426234,42.4475412035
4115,39.1439476198,-18.8728323447,43.3875412035
4116,39.0998451278,-18.8774879453,44.3475412035
4117,39.0547713017,-18.8822771190,45.3275412035
4118,39.0086967191,-18.8871117766,46.3275412035
4119,38.9616042098,-18.8920194471,47.3475412035
4120,38.9134921632,-18.8971755223,48.3875412035
4121,38.8643649565,-18.9024312517,49.4075412035
4122,38.8141999272,-18.9077626910,50.4475412035
4123,38.7629680117,-18.9130841233,51.5075412035
4124,38.7106982896,-18.9184804400,52.5475412035
4125,38.6574190511,-18.9240305948,53.5675412035
4126,38.6031034036,-18.9296692113,54.6075412035
4127,38.5477357001,-18.9354391807,55.6675412035
4128,38.4913274101,-18.9412572601,56.7075412035
4129,38.4338962941,-18.9470998559,57.7275412035
4130,38.3754665579,-18.9530066340,58.7275412035
4131,38.3160598382,-18.9589926289,59.7075412035
4132,38.2556514169,-18.9650116147,60.7075412035
4133,38.1942663647,-18.9711130989,61.6875412035
4134,38.1319206300,-18.9772550677,62.6475412035
4135,38.0686296927,-18.9833896135,63.5875412035
4136,38.0044180633,-18.9895612841,64.5075412035
4137,37.9392684333,-18.9957987808,65.4475412035
4138,37.8732021031,-19.0021146765,66.3675412035
4139,37.8062225837,-19.0083328820,67.2675412035
4140,37.7383613448,-19.0149956918,68.1875412035
4141,37.6696322565,-19.0220242600,69.0875412035
4142,37.6000095344,-19.0293544979,70.0075412035
4143,37.5294559160,-19.0364302545,70.9075412035
4144,37.4579983784,-19.0433056738,71.7875412035
4145,37.3857094970,-19.0505155886,72.6475412035
4146,37.3125793393,-19.0577542862,73.4875412035
4147,37.2386515974,-19.0652575967,74.3075412035
4148,37.1639014135,-19.0729753003,75.1475412035
4149,37.0882973640,-19.0803979017,75.9675412035
4150,37.0118272811,-19.0875898980,76.8075412035
4151,36.9345594681,-19.0950544963,77.6275412035
4152,36.8564665078,-19.1022911233,78.4275412035
4153,36.7775740603,-19.1093491905,79.2075412035
4154,36.6979065270,-19.1162695790,79.9675412035
4155,36.6175258824,-19.1235262437,80.7075412035
4156,36.5364079204,-19.1306199529,81.4275412035
4157,36.4545765599,-19.1375885592,82.1275412035
4158,36.3720481590,-19.1448534144,82.8475412035
4159,36.2887649816,-19.1519800825,83.5875412035
4160,36.2047145342,-19.1590532717,84.3475412035
4161,36.1198748052,-19.1660474585,85.1275412035
4162,36.0342645169,-19.1734245099,85.9275412035
4163,35.9478614367,-19.1806843598,86.7075412035
4164,35.8606854350,-19.1882945171,87.5075412035
4165,35.7727119968,-19.1961957015,88.3275412035
4166,35.6838782203,-19.2039035259,89.1675412035
4167,35.5942373064,-19.2117942877,89.9875412035
4168,35.5037776088,-19.2195027730,90.7875412035
4169,35.4125204325,-19.2275071086,91.6075412035
4170,35.3204437232,-19.2353194883,92.4075412035
4171,35.2276086812,-19.2434171921,93.1875412035
4172,35.1340311958,-19.2517475416,93.9475412035
4173,35.0396876583,-19.2602683398,94.7275412035
4174,34.9445104915,-19.2679610268,95.4875412035
4175,34.8485205127,-19.2747185165,96.2275412035
4176,34.7518073834,-19.2820091797,96.9875412035
4177,34.6543868207,-19.2897490936,97.7275412035
4178,34.5560798475,-19.2957102005,98.4875412035
4179,34.4570151574,-19.3020530641,99.2675412035
4180,34.3571054417,-19.3063014413,100.0000000000
4181,34.2586252946,-19.3116507468,98.6253235807
4182,34.1620595896,-19.3144147760,96.6052547524
4183,34.0675659974,-19.3186110200,94.5867190821
4184,33.9750099015,-19.3199888032,92.5663501396
4185,33.8845166270,-19.3231503328,90.5484841858
4186,33.7961063875,-19.3277129747,88.5278947484
4187,33.7642647346,-19.3297922259,31.9094679596
4188,33.7323631418,-19.3305011142,31.9094679596
4189,33.7004675749,-19.3314428980,31.9094679596
4190,33.6685950826,-19.3329785987,31.9094679596
4191,33.6366861228,-19.3331586897,31.9094679596
4192,33.6047903316,-19.3322245330,31.9094679596
4193,33.5728809379,-19.3322933873,31.9094679596
4194,33.5409897311,-19.3312140007,31.9094679596
4195,33.5090802677,-19.3311969247,31.9094679596
4196,33.4771935227,-19.3299929162,31.9094679596
4197,33.4452845497,-19.3298151898,31.9094679596
4198,33.4134052765,-19.3284273552,31.9094679596
4199,33.3815847533,-19.3260465046,31.9094679596
4200,33.3497805385,-19.3234568975,31.9094679596
4201,33.3180514628,-19.3200686967,31.9094679596
4202,33.2863997497,-19.3160210800,31.9094679596
4203,33.2548227884,-19.3114265547,31.9094679596
4204,33.2233155439,-19.3063760412,31.9094679596
4205,33.1915431061,-19.3034220034,31.9094679596
4206,33.1596577195,-19.3021825392,31.9094679596
4207,33.1277486224,-19.3023363793,31.9094679596
4208,33.0958674024,-19.3009940109,31.9094679596
4209,33.0640623836,-19.2984142959,31.9094679596
4210,33.0323556027,-19.2948234484,31.9094679596
4211,33.0005052911,-19.2928813357,31.9094679596
4212,32.9687496514,-19.2897518808,31.9094679596
4213,32.9371045645,-19.2856527808,31.9094679596
4214,32.9052929669,-19.2831555017,31.9094679596
4215,32.8734085396,-19.2818916025,31.9094679596
4216,32.8415008411,-19.2815555591,31.9094679596
4217,32.8096523220,-19.2795842706,31.9094679596
4218,32.7778474499,-19.2770027495,31.9094679596
4219,32.7461664619,-19.2731910379,31.9094679596
4220,32.7143633444,-19.2705879886,31.9094679596
4221,32.6825186754,-19.2688982488,31.8894679596
4222,32.6506854912,-19.2678799188,31.8494679596
4223,32.6188607166,-19.2673333357,31.8294679596
4224,32.5871538386,-19.2650433229,31.7894679596
4225,32.5554293180,-19.2633539771,31.7694679596
4226,32.5237252441,-19.2620847904,31.7294679596
4227,32.4920714617,-19.2610881658,31.6694679596
4228,32.4605627298,-19.2583271778,31.6294679596
4229,32.4292319388,-19.2541390994,31.6094679596
4230,32.3980776895,-19.2487938943,31.6094679596
4231,32.3670794269,-19.2425065293,31.6294679596
4232,32.3362066713,-19.2354476228,31.6694679596
4233,32.3053525975,-19.2282193097,31.6894679596
4234,32.2746071129,-19.2203787541,31.7294679596
4235,32.2439722224,-19.2120401572,31.7494679596
4236,32.2129769280,-19.2049788541,31.7894679596
4237,32.1817113397,-19.1989083027,31.8494679596
4238,32.1502479137,-19.1935916333,31.9094679596
4239,32.1199542526,-19.1874120410,30.9175235938
4240,32.0917834553,-19.1808330539,28.9288245674
4241,32.0653759989,-19.1754392549,26.9526774473
4242,32.0408264626,-19.1709648036,24.9539665956
4243,32.0181993968,-19.1672085372,22.9367313540
4244,31.9975509016,-19.1639553813,20.9031905671
4245,31.9769714519,-19.1605262457,20.8631905671
4246,31.9564857719,-19.1566823535,20.8431905671
4247,31.9360300289,-19.1526822069,20.8431905671
4248,31.9155921076,-19.1484912532,20.8631905671
4249,31.8951651228,-19.1440548505,20.9031905671
4250,31.8746817802,-19.1395952504,20.9631905671
4251,31.8541800700,-19.1348522822,21.0431905671
4252,31.8335913040,-19.1300421653,21.1431905671
4253,31.8129023637,-19.1251339047,21.2631905671
4254,31.7920711717,-19.1202188255,21.4031905671
4255,31.7711366798,-19.1150498568,21.5631905671
4256,31.7499938997,-19.1099754910,21.7431905671
4257,31.7286305156,-19.1049645601,21.9431905671
4258,31.7070960062,-19.0997231935,22.1631905671
4259,31.6853477159,-19.0943459439,22.4031905671
4260,31.6634527523,-19.0884952364,22.6631905671
4261,31.6413520898,-19.0823348215,22.9431905671
4262,31.6189758714,-19.0760458822,23.2431905671
4263,31.5962808883,-19.0697085570,23.5631905671
4264,31.5733138354,-19.0630845854,23.9031905671
4265,31.5500817632,-19.0560864972,24.2631905671
4266,31.5264940616,-19.0489515708,24.6431905671
4267,31.5025596737,-19.0415822785,25.0431905671
4268,31.4782528961,-19.0339958013,25.4631905671
4269,31.4535515135,-19.0261972771,25.9031905671
4270,31.4283736486,-19.0183810800,26.3631905671
4271,31.4026437256,-19.0107307243,26.8431905671
4272,31.3764531798,-19.0028754470,27.3431905671
4273,31.3498308474,-18.9946529896,27.8631905671
4274,31.3227126652,-18.9862063674,28.4031905671
4275,31.2950814237,-18.9775241498,28.9631905671
4276,31.2669754278,-18.9684217819,29.5431905671
4277,31.2383314608,-18.9590337525,30.1431905671
4278,31.2091212724,-18.9493829086,30.7631905671
4279,31.1793150215,-18.9394961608,31.4031905671
4280,31.1489291434,-18.9292615822,32.0631905671
4281,31.1178472037,-18.9189645168,32.7431905671
4282,31.0861417867,-18.9083243322,33.4431905671
4283,31.0538284931,-18.8972349388,34.1631905671
4284,31.0208580251,-18.8857815135,34.9031905671
4285,30.9871621825,-18.8741001884,35.6631905671
4286,30.9527654648,-18.8620597587,36.4431905671
4287,30.9176950496,-18.8495249583,37.2431905671
4288,30.8818530010,-18.8367126975,38.0631905671
4289,30.8452372659,-18.8235694034,38.9031905671
4290,30.8078900439,-18.8099203618,39.7631905671
4291,30.7697581870,-18.7958551413,40.6431905671
4292,30.7307390365,-18.7815953176,41.5431905671
4293,30.6908999526,-18.7668994014,42.4631905671
4294,30.6502736191,-18.7516239971,43.4031905671
4295,30.6087907331,-18.7358994036,44.3631905671
4296,30.5663893436,-18.7198330691,45.3431905671
4297,30.5231259257,-18.7032207849,46.3431905671
4298,30.4789824887,-18.6860560308,47.3631905671
4299,30.4339248825,-18.6683732430,48.4031905671
4300,30.3879194043,-18.6502045006,49.4631905671
4301,30.3410004551,-18.6314101845,50.5431905671
4302,30.2930795966,-18.6121589392,51.6431905671
4303,30.2442456041,-18.5921790629,52.7631905671
4304,30.1944188618,-18.5716157531,53.9031905671
4305,30.1435977076,-18.5504222344,55.0631905671
4306,30.0917488157,-18.5286279944,56.2431905671
4307,30.0388859656,-18.5061504674,57.4431905671
4308,29.9849682912,-18.4831382345,58.6231905671
4309,29.9299553055,-18.4596353510,59.8231905671
4310,29.8739602686,-18.4354290481,61.0031905671
4311,29.8169656869,-18.4106121201,62.1631905671
4312,29.7589767929,-18.3852234983,63.3031905671
4313,29.6999802092,-18.3592445443,64.4631905671
4314,29.6399401623,-18.3327073773,65.6431905671
4315,29.5788929543,-18.3055798145,66.8031905671
4316,29.5168181581,-18.2778591745,67.9831905671
4317,29.4537838817,-18.2494433199,69.1431905671
4318,29.3897666301,-18.2204343838,70.2831905671
4319,29.3247672615,-18.1908793892,71.4031905671
4320,29.2587991102,-18.1607975732,72.5031905671
4321,29.1918433740,-18.1302784754,73.5831905671
4322,29.1239500804,-18.0992606324,74.6431905671
4323,29.0551853596,-18.0676480004,75.6831905671
4324,28.9855804483,-18.0354216794,76.7031905671
4325,28.9151317008,-18.0026381500,77.7031905671
4326,28.8438363966,-17.9692567129,78.7231905671
4327,28.7717417890,-17.9352250415,79.7231905671
4328,28.6988225254,-17.9006449032,80.7031905671
4329,28.6250481209,-17.8656275655,81.6631905671
4330,28.5504517860,-17.8301497708,82.6031905671
4331,28.4750834664,-17.7941533856,83.5231905671
4332,28.3989311526,-17.7577102764,84.4231905671
4333,28.3220448433,-17.7207626139,85.3031905671
4334,28.2444467901,-17.6833108109,86.1631905671
4335,28.1661553338,-17.6453634389,87.0031905671
4336,28.0871767974,-17.6069537580,87.8231905671
4337,28.0075084407,-17.5681333658,88.6231905671
4338,27.9271243132,-17.5290012495,89.4031905671
4339,27.8460851006,-17.4894785098,90.1631905671
4340,27.7644506034,-17.4494885245,90.9031905671
4341,27.6822009683,-17.4091176615,91.6231905671
4342,27.5993603245,-17.3683623029,92.3231905671
4343,27.5159417563,-17.3272413115,93.0031905671
4344,27.4319633359,-17.2857633876,93.6631905671
4345,27.3474414126,-17.2439407115,94.3031905671
4346,27.2623634059,-17.2018438604,94.9231905671
4347,27.1767737723,-17.1594281255,95.5231905671
4348,27.0906913028,-17.1167007141,96.1031905671
4349,27.0040737033,-17.0737919287,96.6631905671
4350,26.9169777057,-17.0306323706,97.2031905671
4351,26.8294536346,-16.9871656137,97.7231905671
4352,26.7414894969,-16.9434608584,98.2231905671
4353,26.6531037288,-16.8995259540,98.7031905671
4354,26.5643289133,-16.8553403171,99.1631905671
4355,26.4751702471,-16.8109384273,99.6031905671
4356,26.3856860983,-16.7663000234,100.0000000000
4357,26.2961996253,-16.7216662788,100.0000000000
4358,26.2066915487,-16.6770758738,100.0000000000
4359,26.1171609193,-16.6325307686,100.0000000000
4360,26.0276548967,-16.5879362406,100.0000000000
4361,25.9381709635,-16.5432974045,100.0000000000
4362,25.8487208246,-16.4985908875,100.0000000000
4363,25.7592544140,-16.4539169425,100.0000000000
4364,25.6698011201,-16.4092167388,100.0000000000
4365,25.5803509050,-16.3645103744,100.0000000000
4366,25.4908770904,-16.3198512600,100.0000000000
4367,25.4014061775,-16.2751863324,100.0000000000
4368,25.3119474138,-16.2304970764,100.0000000000
4369,25.2224988870,-16.1857873342,100.0000000000
4370,25.1330380903,-16.1411021482,100.0000000000
4371,25.0435954028,-16.0963807254,100.0000000000
4372,24.9541890143,-16.0515867783,100.0000000000
4373,24.8647887700,-16.0067805699,100.0000000000
4374,24.7753605434,-15.9620302370,100.0000000000
4375,24.6859307256,-15.9172830841,100.0000000000
4376,24.5964892056,-15.8725593264,100.0000000000
4377,24.5070203484,-15.8278902815,100.0000000000
4378,24.4175908589,-15.7831871853,99.9800000000
4379,24.3281960585,-15.7385041542,99.9400000000
4380,24.2388674181,-15.6938229680,99.8800000000
4381,24.1496233015,-15.6491516387,99.8000000000
4382,24.0604352549,-15.6045917650,99.7000000000
4383,23.9713894013,-15.5600158483,99.5800000000
4384,23.8824915225,-15.5154571146,99.4400000000
4385,23.7937544113,-15.4709347213,99.2800000000
4386,23.7051981611,-15.4264532584,99.1000000000
4387,23.6168215347,-15.3820597690,98.9000000000
4388,23.5286359225,-15.3377761354,98.6800000000
4389,23.4406489899,-15.2936316760,98.4400000000
4390,23.3529035220,-15.2495857312,98.1800000000
4391,23.2653632102,-15.2057553329,97.9000000000
4392,23.1781141024,-15.1620134400,97.6000000000
4393,23.0911202011,-15.1184765645,97.2800000000
4394,23.0044523043,-15.0750480109,96.9400000000
4395,22.9180841556,-15.0318248772,96.5800000000
4396,22.8320848984,-14.9887137677,96.2000000000
4397,22.7464476152,-14.9457731607,95.8000000000
4398,22.6611713649,-14.9030495661,95.3800000000
4399,22.5762912591,-14.8605175637,94.9400000000
4400,22.4918447723,-14.8181470400,94.4800000000
4401,22.4078203550,-14.7760056435,94.0000000000
4402,22.3242301509,-14.7341137854,93.5000000000
4403,22.2411045093,-14.6924555556,92.9800000000
4404,22.1584731259,-14.6510163463,92.4400000000
4405,22.0763110135,-14.6098906647,91.8800000000
4406,21.9947065072,-14.5689468673,91.3000000000
4407,21.9136129171,-14.5283227407,90.7000000000
4408,21.8330755976,-14.4879724425,90.0800000000
4409,21.7531401937,-14.4478495713,89.4400000000
4410,21.6738019245,-14.4080082931,88.7800000000
4411,21.5950657460,-14.3684833113,88.1000000000
4412,21.5169891751,-14.3292047028,87.4000000000
4413,21.4395509945,-14.2902592206,86.6800000000
4414,21.3627200270,-14.2517535583,85.9400000000
4415,21.2865684191,-14.2135885873,85.1800000000
4416,21.2111217000,-14.1757580100,84.4000000000
4417,21.1363670029,-14.1383321464,83.6000000000
4418,21.0623460628,-14.1012723458,82.7800000000
4419,20.9890872082,-14.0645667082,81.9400000000
4420,20.9166162049,-14.0282084894,81.0800000000
4421,20.8449025554,-13.9923031628,80.2000000000
4422,20.7740300877,-13.9567281249,79.3000000000
4423,20.7040133392,-13.9214991690,78.3800000000
4424,20.6348257826,-13.8867136030,77.4400000000
4425,20.5664780484,-13.8523948380,76.4800000000
4426,20.4989978947,-13.8185321911,75.5000000000
4427,20.4324291172,-13.7850830078,74.5000000000
4428,20.3667858401,-13.7520637622,73.4800000000
4429,20.3020469763,-13.7195609452,72.4400000000
4430,20.2382592269,-13.6875261606,71.3800000000
4431,20.1754390651,-13.6559711725,70.3000000000
4432,20.1135890360,-13.6249354850,69.2000000000
4433,20.0527198169,-13.5944424601,68.0800000000
4434,19.9928665280,-13.5644666797,66.9400000000
4435,19.9340274427,-13.5350562999,65.7800000000
4436,19.8762277844,-13.5062056588,64.6000000000
4437,19.8195238642,-13.4778467899,63.4000000000
4438,19.7639028846,-13.4500500450,62.1800000000
4439,19.7094036298,-13.4227825769,60.9400000000
4440,19.6560484463,-13.3960444618,59.6800000000
4441,19.6038007714,-13.3698640480,58.4400000000
4442,19.5526974269,-13.3442125261,57.1800000000
4443,19.5027515904,-13.3191082750,55.9000000000
4444,19.4539545914,-13.2946131145,54.6000000000
4445,19.4062962986,-13.2707026664,53.3200000000
4446,19.3597468836,-13.2473918199,52.0600000000
4447,19.3143125744,-13.2246235098,50.8200000000
4448,19.2699579171,-13.2024238617,49.6000000000
4449,19.2266511492,-13.1808117388,48.4000000000
4450,19.1844179192,-13.1596910693,47.2200000000
4451,19.1432079674,-13.1391177012,46.0600000000
4452,19.1030218281,-13.1190458152,44.9200000000
4453,19.0638296531,-13.0994904216,43.8000000000
4454,19.0256242546,-13.0804211395,42.7000000000
4455,18.9883813152,-13.0618419073,41.6200000000
4456,18.9520994461,-13.0437107305,40.5600000000
4457,18.9167486641,-13.0260428893,39.5200000000
4458,18.8823078858,-13.0088358328,38.5000000000
4459,18.8487548631,-12.9920893505,37.5000000000
4460,18.8160713778,-12.9757951741,36.5200000000
4461,18.7842512321,-12.9599209205,35.5600000000
4462,18.7532594101,-12.9444920071,34.6200000000
4463,18.7230794365,-12.9294967014,33.7000000000
4464,18.6937156489,-12.9148813676,32.8000000000
4465,18.6651337365,-12.9006700805,31.9200000000
4466,18.6373044972,-12.8868767111,31.0600000000
4467,18.6102301559,-12.8734517924,30.2200000000
4468,18.5838881155,-12.8603958778,29.4000000000
4469,18.5582714944,-12.8476778305,28.6000000000
4470,18.5333492553,-12.8353152095,27.8200000000
4471,18.5091126228,-12.8232807073,27.0600000000
4472,18.4855351936,-12.8115825351,26.3200000000
4473,18.4626078585,-12.8001940625,25.6000000000
4474,18.4403117847,-12.7891082566,24.9000000000
4475,18.4186138672,-12.7783468080,24.2200000000
4476,18.3975107702,-12.7678714609,23.5600000000
4477,18.3769813388,-12.7576798543,22.9200000000
4478,18.3569979320,-12.7477827106,22.3000000000
4479,18.3375528581,-12.7381505198,21.7000000000
4480,18.3186307115,-12.7287693275,21.1200000000
4481,18.3002060426,-12.7196454480,20.5600000000
4482,18.2822668657,-12.7107580226,20.0200000000
4483,18.2647965977,-12.7020954747,19.5000000000
4484,18.2477735801,-12.6936564657,19.0000000000
4485,18.2311739461,-12.6854441244,18.5200000000
4486,18.2149859323,-12.6774371393,18.0600000000
4487,18.1991918602,-12.6696261416,17.6200000000
4488,18.1837797220,-12.6619903051,17.2000000000
4489,18.1687295518,-12.6545248932,16.8000000000
4490,18.1540222282,-12.6472234528,16.4200000000
4491,18.1396345284,-12.6400877893,16.0600000000
4492,18.1255518458,-12.6331023436,15.7200000000
4493,18.1117551862,-12.6262604006,15.4000000000
4494,18.0982263410,-12.6195536617,15.1000000000
4495,18.0849461073,-12.6129758357,14.8200000000
4496,18.0718980885,-12.6065149685,14.5600000000
4497,18.0590621032,-12.6001667498,14.3200000000
4498,18.0464218212,-12.5939190886,14.1000000000
4499,18.0339548773,-12.5877721129,13.9000000000
4500,18.0216517119,-12.5817000027,13.7200000000
4501,18.0094959983,-12.5756906578,13.5600000000
4502,17.9974675035,-12.5697398836,13.4200000000
4503,17.9855486184,-12.5638381739,13.3000000000
4504,17.9737211322,-12.5579772380,13.2000000000
4505,17.9619645816,-12.5521533288,13.1200000000
4506,17.9502648154,-12.5463499617,13.0600000000
4507,17.9386013552,-12.5405634171,13.0200000000
4508,17.9269582439,-12.5347808606,13.0000000000
4509,17.9153131087,-12.5290023812,13.0000000000
4510,17.9036472930,-12.5232205870,13.0200000000
4511,17.8919411813,-12.5174300300,13.0600000000
4512,17.8801824547,-12.5116105156,13.1200000000
4513,17.8683547578,-12.5057500049,13.2000000000
4514,17.8564359770,-12.4998480845,13.3000000000
4515,17.8444089685,-12.4938943070,13.4200000000
4516,17.8322540929,-12.4878832671,13.5600000000
4517,17.8199596276,-12.4817935610,13.7200000000
4518,17.8075035907,-12.4756245136,13.9000000000
4519,17.7948689786,-12.4693653941,14.1000000000
4520,17.7820376217,-12.4630078254,14.3200000000
4521,17.7689899338,-12.4565462900,14.5600000000
4522,17.7557139302,-12.4499599306,14.8200000000
4523,17.7421842287,-12.4432549193,15.1000000000
4524,17.7283828925,-12.4364224146,15.4000000000
4525,17.7142935004,-12.4294505118,15.7200000000
4526,17.6999006322,-12.4223252787,16.0600000000
4527,17.6851816653,-12.4150473385,16.4200000000
4528,17.6701205095,-12.4076041144,16.8000000000
4529,17.6547025073,-12.3999801255,17.2000000000
4530,17.6389077974,-12.3921704174,17.6200000000
4531,17.6227211722,-12.3841606255,18.0600000000
4532,17.6061263088,-12.3759386484,18.5200000000
4533,17.5891014676,-12.3675033189,19.0000000000
4534,17.5716311029,-12.3588409661,19.5000000000
4535,17.5537016323,-12.3499339754,20.0200000000
4536,17.5352865782,-12.3407907057,20.5600000000
4537,17.5163675704,-12.3314031849,21.1200000000
4538,17.4969275744,-12.3217607499,21.7000000000
4539,17.4769542220,-12.3118433312,22.3000000000
4540,17.4564240860,-12.3016531438,22.9200000000
4541,17.4353165682,-12.2911867074,23.5600000000
4542,17.4136134083,-12.2804358354,24.2200000000
4543,17.3912980145,-12.2693889717,24.9000000000
4544,17.3683586136,-12.2580248224,25.6000000000
4545,17.3447623073,-12.2463647740,26.3200000000
4546,17.3205066909,-12.2343685798,27.0600000000
4547,17.2955632220,-12.2220488493,27.8200000000
4548,17.2699224782,-12.2093795061,28.6000000000
4549,17.2435635526,-12.1963577152,29.4000000000
4550,17.2164739663,-12.1829635853,30.2200000000
4551,17.1886255855,-12.1692089030,31.0600000000
4552,17.1600039420,-12.1550778052,31.9200000000
4553,17.1305941415,-12.1405552836,32.8000000000
4554,17.1003790337,-12.1256308989,33.7000000000
4555,17.0693428506,-12.1102914158,34.6200000000
4556,17.0374700838,-12.0945230826,35.5600000000
4557,17.0047394877,-12.0783237467,36.5200000000
4558,16.9711328580,-12.0616851037,37.5000000000
4559,16.9366275152,-12.0446078875,38.5000000000
4560,16.9012085943,-12.0270770448,39.5200000000
4561,16.8648627118,-12.0090745332,40.5600000000
4562,16.8275778231,-11.9905796291,41.6200000000
4563,16.7893151631,-11.9716255042,42.7000000000
4564,16.7500630197,-11.9521907612,43.8000000000
4565,16.7097894472,-11.9322948883,44.9200000000
4566,16.6684915887,-11.9118985532,46.0600000000
4567,16.6261517494,-11.8909924200,47.2200000000
4568,16.5827536524,-11.8695642801,48.4000000000
4569,16.5382779713,-11.8476081013,49.6000000000
4570,16.4927160068,-11.8250963313,50.8200000000
4571,16.4460395561,-11.8020409077,52.0600000000
4572,16.3982315208,-11.7784312877,53.3200000000
4573,16.3492874106,-11.7542314101,54.6000000000
4574,16.2991850070,-11.7294411066,55.9000000000
4575,16.2479507864,-11.7040519939,57.1800000000
4576,16.1956001482,-11.6780780785,58.4400000000
4577,16.1421159800,-11.6515088828,59.7200000000
4578,16.0874860487,-11.6244140310,60.9800000000
4579,16.0317391983,-11.5967804087,62.2200000000
4580,15.9749075555,-11.5685882472,63.4400000000
4581,15.9169917416,-11.5398813124,64.6400000000
4582,15.8580225902,-11.5106424415,65.8200000000
4583,15.7980084734,-11.4808997752,66.9800000000
4584,15.7369727359,-11.4506512522,68.1200000000
4585,15.6749450081,-11.4198821348,69.2400000000
4586,15.6119370088,-11.3886138182,70.3400000000
4587,15.5479664182,-11.3568556706,71.4200000000
4588,15.4830404149,-11.3246382143,72.4800000000
4589,15.4171936517,-11.2919366214,73.5200000000
4590,15.3504262642,-11.2587955959,74.5400000000
4591,15.2827700297,-11.2251961088,75.5400000000
4592,15.2142511974,-11.1911302900,76.5200000000
4593,15.1448592851,-11.1566641774,77.4800000000
4594,15.0746227991,-11.1217853524,78.4200000000
4595,15.0035771313,-11.0864675285,79.3400000000
4596,14.9317168943,-11.0507664931,80.2400000000
4597,14.8590521530,-11.0147069621,81.1200000000
4598,14.7856120713,-10.9782751793,81.9800000000
4599,14.7114440603,-10.9414206199,82.8200000000
4600,14.6365563692,-10.9041716827,83.6400000000
4601,14.5609077560,-10.8666563402,84.4400000000
4602,14.4845787648,-10.8287573495,85.2200000000
4603,14.4075727091,-10.7905130324,85.9800000000
4604,14.3299055127,-10.7519362907,86.7200000000
4605,14.2515927338,-10.7130407607,87.4400000000
4606,14.1726709416,-10.6737977954,88.1400000000
4607,14.0931009979,-10.6343311455,88.8200000000
4608,14.0129206675,-10.5946098034,89.4800000000
4609,13.9321380780,-10.5546624927,90.1200000000
4610,13.8508226393,-10.5143940555,90.7400000000
4611,13.7689719575,-10.4738544270,91.3400000000
4612,13.6865806097,-10.4330996455,91.9200000000
4613,13.6036325258,-10.3922075218,92.4800000000
4614,13.5201576478,-10.3511628493,93.0200000000
4615,13.4361634903,-10.3099959561,93.5400000000
4616,13.3516491942,-10.2687545283,94.0400000000
4617,13.2665906692,-10.2275346578,94.5200000000
4618,13.1809977633,-10.1863636139,94.9800000000
4619,13.0948651764,-10.1453008099,95.4200000000
4620,13.0082866013,-10.1041978181,95.8400000000
4621,12.9210847665,-10.0634795468,96.2400000000
4622,12.8334023286,-10.0228936567,96.6200000000
4623,12.7452683072,-9.9824274402,96.9800000000
4624,12.6565471325,-9.9424307458,97.3200000000
4625,12.5672419481,-9.9029572911,97.6400000000
4626,12.4772233052,-9.8643711855,97.9400000000
4627,12.3866573619,-9.8263583153,98.2200000000
4628,12.2954879280,-9.7891233221,98.4800000000
4629,12.2037746906,-9.7525949702,98.7200000000
4630,12.1114757783,-9.7169574283,98.9400000000
4631,12.0186016669,-9.6822711337,99.1400000000
4632,11.9252556542,-9.6483449741,99.3200000000
4633,11.8315547022,-9.6149323718,99.4800000000
4634,11.7374238795,-9.5823205239,99.6200000000
4635,11.6428755037,-9.5505609232,99.7400000000
4636,11.5479847390,-9.5195163043,99.8400000000
4637,11.4528018001,-9.4891154070,99.9200000000
4638,11.3573379634,-9.4594058752,99.9800000000
4639,11.2616838153,-9.4302462463,100.0000000000
4640,11.1658445920,-9.4017007867,100.0000000000
4641,11.0698690218,-9.3736171628,100.0000000000
4642,10.9737822430,-9.3459887111,99.9800000000
4643,10.8775705823,-9.3189457832,99.9400000000
4644,10.7813284975,-9.2922348208,99.8800000000
4645,10.6850443698,-9.2659782646,99.8000000000
4646,10.5887576685,-9.2401139811,99.7000000000
4647,10.4925066010,-9.2145814843,99.5800000000
4648,10.3963144097,-9.1893748199,99.4400000000
4649,10.3001996299,-9.1645058129,99.2800000000
4650,10.2041836252,-9.1399754879,99.1000000000
4651,10.1083000111,-9.1157362109,98.9000000000
4652,10.0125654819,-9.0918062650,98.6800000000
4653,9.9170091689,-9.0681541053,98.4400000000
4654,9.8216553371,-9.0447669474,98.1800000000
4655,9.7265279794,-9.0216326479,97.9000000000
4656,9.6316510061,-8.9987389819,97.6000000000
4657,9.5370475643,-8.9760765196,97.2800000000
4658,9.4427388616,-8.9536436822,96.9400000000
4659,9.3487457064,-8.9314404579,96.5800000000
4660,9.2550951537,-8.9094401401,96.2000000000
4661,9.1618053078,-8.8876537991,95.8000000000
4662,9.0689014914,-8.8660615484,95.3800000000
4663,8.9764041142,-8.8446643799,94.9400000000
4664,8.8843362360,-8.8234517374,94.4800000000
4665,8.7927169605,-8.8024301208,94.0000000000
4666,8.7015690970,-8.7815898478,93.5000000000
4667,8.6109049911,-8.7609670378,92.9800000000
4668,8.5207495246,-8.7405428987,92.4400000000
4669,8.4311259671,-8.7203054992,91.8800000000
4670,8.3420620910,-8.7002227710,91.3000000000
4671,8.2535774833,-8.6802988103,90.7000000000
4672,8.1656862679,-8.6605620261,90.0800000000
4673,8.0784145810,-8.6409873929,89.4400000000
4674,7.9917809621,-8.6215836694,88.7800000000
4675,7.9058055095,-8.6023526645,88.1000000000
4676,7.8204984631,-8.5833403571,87.4000000000
4677,7.7358866519,-8.5645184602,86.6800000000
4678,7.6519846959,-8.5459134774,85.9400000000
4679,7.5688291978,-8.5274528293,85.1800000000
4680,7.4864288591,-8.5091896371,84.4000000000
4681,7.4047987532,-8.4911484121,83.6000000000
4682,7.3239700527,-8.4732808552,82.7800000000
4683,7.2439610025,-8.4555970918,81.9400000000
4684,7.1647868832,-8.4381206726,81.0800000000
4685,7.0864687983,-8.4208488004,80.2000000000
4686,7.0090209446,-8.4038100221,79.3000000000
4687,6.9324725979,-8.3869643991,78.3800000000
4688,6.8568414575,-8.3703245614,77.4400000000
4689,6.7821401564,-8.3539262072,76.4800000000
4690,6.7084012999,-8.3377141425,75.5000000000
4691,6.6356308075,-8.3217546490,74.5000000000
4692,6.5638519752,-8.3060349279,73.4800000000
4693,6.4930918452,-8.2905250086,72.4400000000
4694,6.4233695090,-8.2752312109,71.3800000000
4695,6.3547044942,-8.2601578655,70.3000000000
4696,6.2871170898,-8.2453058364,69.2000000000
4697,6.2206194132,-8.2307131874,68.0800000000
4698,6.1552332274,-8.2163740696,66.9400000000
4699,6.0909828598,-8.2022709257,65.7800000000
4700,6.0278863313,-8.1884149491,64.6000000000
4701,5.9659602408,-8.1748238008,63.4000000000
4702,5.9052312586,-8.1614692836,62.1800000000
4703,5.8457142845,-8.1483767898,60.9400000000
4704,5.7874232447,-8.1355761230,59.6800000000
4705,5.7303756274,-8.1230809493,58.4000000000
4706,5.6745718913,-8.1107958920,57.1400000000
4707,5.6199786324,-8.0987798159,55.9000000000
4708,5.5666259787,-8.0869889745,54.6400000000
4709,5.5145157329,-8.0755080386,53.3600000000
4710,5.4636840560,-8.0642659649,52.0600000000
4711,5.4141482200,-8.0532774004,50.7400000000
4712,5.3658572429,-8.0426804606,49.4400000000
4713,5.3188654835,-8.0323214573,48.1200000000
4714,5.2731492975,-8.0222148882,46.8200000000
4715,5.2286892273,-8.0123561989,45.5400000000
4716,5.1854641343,-8.0027484033,44.2800000000
4717,5.1434922660,-7.9934016247,43.0000000000
4718,5.1027921398,-7.9843247460,41.7000000000
4719,5.0633434467,-7.9755169645,40.4200000000
4720,5.0251404472,-7.9670964403,39.1200000000
4721,4.9881933872,-7.9589245154,37.8400000000
4722,4.9524811809,-7.9510039899,36.5800000000
4723,4.9179997455,-7.9434461722,35.3000000000
4724,4.8847951499,-7.9361348908,34.0000000000
4725,4.8528460085,-7.9290743838,32.7200000000
4726,4.8221503887,-7.9223665284,31.4200000000
4727,4.7926932201,-7.9159872792,30.1400000000
4728,4.7644764976,-7.9098333396,28.8800000000
4729,4.7374608448,-7.9039917555,27.6400000000
4730,4.7116297664,-7.8984445232,26.4200000000
4731,4.6869660576,-7.8931767086,25.2200000000
4732,4.6634519648,-7.8881758047,24.0400000000
4733,4.6411223640,-7.8833742919,22.8400000000
4734,4.6199451792,-7.8788264964,21.6600000000
4735,4.5998976855,-7.8745430402,20.5000000000
4736,4.5809617538,-7.8705131406,19.3600000000
4737,4.5631690163,-7.8666844996,18.2000000000
4738,4.5465348442,-7.8630810678,17.0200000000
4739,4.5310786569,-7.8597078390,15.8200000000
4740,4.5168182808,-7.8565770765,14.6000000000
4741,4.5037718371,-7.8536995937,13.3600000000
4742,4.4919188661,-7.8510753457,12.1400000000
4743,4.4812390515,-7.8487036036,10.9400000000
4744,4.4717513147,-7.8465914364,9.7200000000
4745,4.4634303356,-7.8447606698,8.5200000000
4746,4.4563022986,-7.8431855223,7.3000000000
4747,4.4503828551,-7.8418879138,6.0600000000
4748,4.4456923197,-7.8408686602,4.8000000000
4749,4.4422124102,-7.8401177741,3.5600000000
4750,4.4399635941,-7.8396352536,2.3000000000
4751,4.4389660966,-7.8394221836,1.0200000000
4752,4.4389660966,-7.8394221836,0.0000000000
4753,4.4389660966,-7.8394221836,0.0000000000
4754,4.4389660966,-7.8394221836,0.0000000000
4755,4.4389660966,-7.8394221836,0.0000000000
4756,4.4389660966,-7.8394221836,0.0000000000
4757,4.4389660966,-7.8394221836,0.0000000000
4758,4.4389660966,-7.8394221836,0.0000000000
4759,4.4389660966,-7.8394221836,0.0000000000
4760,4.4389660966,-7.8394221836,0.0000000000
4761,4.4389660966,-7.8394221836,0.0000000000
4762,4.4389660966,-7.8394221836,0.0000000000
4763,4.4389660966,-7.8394221836,0.0000000000
4764,4.4389660966,-7.8394221836,0.0000000000
4765,4.4389660966,-7.8394221836,0.0000000000
4766,4.4389660966,-7.8394221836,0.0000000000
4767,4.4389660966,-7.8394221836,0.0000000000
4768,4.4389660966,-7.8394221836,0.0000000000
4769,4.4389660966,-7.8394221836,0.0000000000
4770,4.4389660966,-7.8394221836,0.0000000000
4771,4.4389660966,-7.8394221836,0.0000000000
4772,4.4389660966,-7.8394221836,0.0000000000
4773,4.4389660966,-7.8394221836,0.0000000000
4774,4.4389660966,-7.8394221836,0.0000000000
4775,4.4389660966,-7.8394221836,0.0000000000
4776,4.4389660966,-7.8394221836,0.0000000000
4777,4.4389660966,-7.8394221836,0.0000000000
4778,4.4389660966,-7.8394221836,0.0000000000
4779,4.4389660966,-7.8394221836,0.0000000000
4780,4.4389660966,-7.8394221836,0.0000000000
4781,4.4389660966,-7.8394221836,0.0000000000
4782,4.4389660966,-7.8394221836,0.0000000000
4783,4.4389660966,-7.8394221836,0.0000000000
4784,4.4389660966,-7.8394221836,0.0000000000
4785,4.4389660966,-7.8394221836,0.0000000000
4786,4.4389660966,-7.8394221836,0.0000000000
4787,4.4389660966,-7.8394221836,0.0000000000
4788,4.4389660966,-7.8394221836,0.0000000000
4789,4.4389660966,-7.8394221836,0.0000000000
4790,4.4389660966,-7.8394221836,0.0000000000
4791,4.4389660966,-7.8394221836,0.0000000000
4792,4.4389660966,-7.8394221836,0.0000000000
4793,4.4389660966,-7.8394221836,0.0000000000
4794,4.4389660966,-7.8394221836,0.0000000000
4795,4.4389660966,-7.8394221836,0.0000000000
4796,4.4389660966,-7.8394221836,0.0000000000
4797,4.4389660966,-7.8394221836,0.0000000000
4798,4.4389660966,-7.8394221836,0.0000000000
4799,4.4389660966,-7.8394221836,0.0000000000
4800,4.4389660966,-7.8394221836,0.0000000000
4801,4.4389660966,-7.8394221836,0.0000000000
4802,4.4389660966,-7.8394221836,0.0000000000
4803,4.4389660966,-7.8394221836,0.0000000000
4804,4.4389660966,-7.8394221836,0.0000000000
4805,4.4389660966,-7.8394221836,0.0000000000
4806,4.4389660966,-7.8394221836,0.0000000000
4807,4.4389660966,-7.8394221836,0.0000000000
4808,4.4389660966,-7.8394221836,0.0000000000
4809,4.4389660966,-7.8394221836,0.0000000000
4810,4.4389660966,-7.8394221836,0.0000000000
4811,4.4389660966,-7.8394221836,0.0000000000
4812,4.4389660966,-7.8394221836,0.0000000000
4813,4.4389660966,-7.8394221836,0.0000000000
4814,4.4389660966,-7.8394221836,0.0000000000
4815,4.4389660966,-7.8394221836,0.0000000000
4816,4.4389660966,-7.8394221836,0.0000000000
4817,4.4389465565,-7.8394179193,0.0200000000
4818,4.4388879569,-7.8394050319,0.0600000000
4819,4.4387707165,-7.8393794452,0.1200000000
4820,4.4385752615,-7.8393370499,0.2000000000
4821,4.4382820148,-7.8392737540,0.3000000000
4822,4.4379107379,-7.8391928004,0.3800000000
4823,4.4374419297,-7.8390897528,0.4800000000
4824,4.4368951503,-7.8389687889,0.5600000000
4825,4.4362504751,-7.8388273890,0.6600000000
4826,4.4354883466,-7.8386613763,0.7800000000
4827,4.4346288397,-7.8384725699,0.8800000000
4828,4.4336524313,-7.8382566380,1.0000000000
4829,4.4325396063,-7.8380092100,1.1400000000
4830,4.4312708547,-7.8377258917,1.3000000000
4831,4.4298265605,-7.8374027597,1.4800000000
4832,4.4282263656,-7.8370436272,1.6400000000
4833,4.4264507554,-7.8366441169,1.8200000000
4834,4.4245192392,-7.8362086341,1.9800000000
4835,4.4224513190,-7.8357416160,2.1200000000
4836,4.4202650648,-7.8352538736,2.2400000000
4837,4.4179417691,-7.8347374463,2.3800000000
4838,4.4155018687,-7.8341925736,2.5000000000
4839,4.4129243737,-7.8336215050,2.6400000000
4840,4.4101913583,-7.8330127136,2.8000000000
4841,4.4073204226,-7.8323792090,2.9400000000
4842,4.4043327990,-7.8317176163,3.0600000000
4843,4.4012483501,-7.8310307573,3.1600000000
4844,4.3980864861,-7.8303234978,3.2400000000
4845,4.3948666239,-7.8296006648,3.3000000000
4846,4.3916060608,-7.8288765599,3.3400000000
4847,4.3883246445,-7.8281541283,3.3600000000
4848,4.3850421783,-7.8274364825,3.3600000000
4849,4.3817393396,-7.8267183904,3.3800000000
4850,4.3784358430,-7.8260033307,3.3800000000
4851,4.3751122784,-7.8252864495,3.4000000000
4852,4.3717883058,-7.8245714627,3.4000000000
4853,4.3684856543,-7.8238525102,3.3800000000
4854,4.3652214270,-7.8231451063,3.3400000000
4855,4.3620153281,-7.8224527695,3.2800000000
4856,4.3588479324,-7.8217707109,3.2400000000
4857,4.3557017680,-7.8210851093,3.2200000000
4858,4.3525940527,-7.8204109387,3.1800000000
4859,4.3495073477,-7.8197342909,3.1600000000
4860,4.3464218310,-7.8190522449,3.1600000000
4861,4.3433177548,-7.8183615128,3.1800000000
4862,4.3402124499,-7.8176763257,3.1800000000
4863,4.3370866374,-7.8169912738,3.2000000000
4864,4.3339229989,-7.8162919943,3.2400000000
4865,4.3307018030,-7.8155751285,3.3000000000
4866,4.3274033697,-7.8148370646,3.3800000000
4867,4.3240058426,-7.8140839315,3.4800000000
4868,4.3205312456,-7.8133088346,3.5600000000
4869,4.3169989392,-7.8125168674,3.6200000000
4870,4.3134259593,-7.8117235111,3.6600000000
4871,4.3098321495,-7.8109317212,3.6800000000
4872,4.3062373079,-7.8101446292,3.6800000000
4873,4.3026615722,-7.8093637870,3.6600000000
4874,4.2990874161,-7.8085757467,3.6600000000
4875,4.2955340642,-7.8077862590,3.6400000000
4876,4.2920207807,-7.8070008682,3.6000000000
4877,4.2885646011,-7.8062350858,3.5400000000
4878,4.2851485653,-7.8054730492,3.5000000000
4879,4.2817897607,-7.8047300610,3.4400000000
4880,4.2785101770,-7.8039993554,3.3600000000
4881,4.2753274012,-7.8032939915,3.2600000000
4882,4.2722615726,-7.8026155413,3.1400000000
4883,4.2692943930,-7.8019541449,3.0400000000
4884,4.2664060957,-7.8013065808,2.9600000000
4885,4.2636160023,-7.8006781078,2.8600000000
4886,4.2609026509,-7.8000730258,2.7800000000
4887,4.2582876301,-7.7994864543,2.6800000000
4888,4.2557512422,-7.7989148454,2.6000000000
4889,4.2533128547,-7.7983632418,2.5000000000
4890,4.2509918556,-7.7978365890,2.3800000000
4891,4.2488075789,-7.7973400661,2.2400000000
4892,4.2467795361,-7.7968780676,2.0800000000
4893,4.2448881600,-7.7964464468,1.9400000000
4894,4.2431139029,-7.7960409697,1.8200000000
4895,4.2414751197,-7.7956711188,1.6800000000
4896,4.2399526548,-7.7953309709,1.5600000000
4897,4.2385662915,-7.7950237303,1.4200000000
4898,4.2373357671,-7.7947527883,1.2600000000
4899,4.2362811765,-7.7945198960,1.0800000000
4900,4.2353831745,-7.7943199154,0.9200000000
4901,4.2346217369,-7.7941507619,0.7800000000
4902,4.2340163001,-7.7940171722,0.6200000000
4903,4.2335868100,-7.7939215778,0.4400000000
4904,4.2333526201,-7.7938690890,0.2400000000
4905,4.2333331095,-7.7938646917,0.0200000000
4906,4.2333331095,-7.7938646917,0.0000000000
4907,4.2333331095,-7.7938646917,0.0000000000
4908,4.2333331095,-7.7938646917,0.0000000000
4909,4.2333331095,-7.7938646917,0.0000000000
4910,4.2333331095,-7.7938646917,0.0000000000
4911,4.2333331095,-7.7938646917,0.0000000000
4912,4.2333331095,-7.7938646917,0.0000000000
4913,4.2333331095,-7.7938646917,0.0000000000
4914,4.2333331095,-7.7938646917,0.0000000000
4915,4.2333331095,-7.7938646917,0.0000000000
4916,4.2333331095,-7.7938646917,0.0000000000
4917,4.2333135937,-7.7938603174,0.0200000000
4918,4.2332550639,-7.7938471165,0.0600000000
4919,4.2331380327,-7.7938205891,0.1200000000
4920,4.2329430076,-7.7937762586,0.2000000000
4921,4.2326895187,-7.7937184368,0.2600000000
4922,4.2323580798,-7.7936426192,0.3400000000
4923,4.2319292084,-7.7935442864,0.4400000000
4924,4.2314224084,-7.7934278659,0.5200000000
4925,4.2308571757,-7.7932978199,0.5800000000
4926,4.2302530007,-7.7931586345,0.6200000000
4927,4.2296289452,-7.7930166673,0.6400000000
4928,4.2289660061,-7.7928653009,0.6800000000
4929,4.2282446787,-7.7927001137,0.7400000000
4930,4.2274454662,-7.7925166487,0.8200000000
4931,4.2265488772,-7.7923104251,0.9200000000
4932,4.2255744029,-7.7920859261,1.0000000000
4933,4.2245018208,-7.7918418612,1.1000000000
4934,4.2233506741,-7.7915825137,1.1800000000
4935,4.2221405309,-7.7913120445,1.2400000000
4936,4.2208527836,-7.7910220326,1.3200000000
4937,4.2195069004,-7.7907170762,1.3800000000
4938,4.2180833365,-7.7903929377,1.4600000000
4939,4.2165625644,-7.7900452999,1.5600000000
4940,4.2149629692,-7.7896835052,1.6400000000
4941,4.2132662840,-7.7892976823,1.7400000000
4942,4.2114517429,-7.7888889762,1.8600000000
4943,4.2095402316,-7.7884557044,1.9600000000
4944,4.2075108193,-7.7879997594,2.0800000000
4945,4.2053455356,-7.7875099160,2.2200000000
4946,4.2030622829,-7.7869977082,2.3400000000
4947,4.2006806916,-7.7864670268,2.4400000000
4948,4.1981813399,-7.7859130941,2.5600000000
4949,4.1955465353,-7.7853233444,2.7000000000
4950,4.1927956706,-7.7847027454,2.8200000000
4951,4.1899071700,-7.7840560890,2.9600000000
4952,4.1869027132,-7.7833781222,3.0800000000
4953,4.1838016674,-7.7826739096,3.1800000000
4954,4.1805844071,-7.7819395826,3.3000000000
4955,4.1772313379,-7.7811711251,3.4400000000
4956,4.1737204720,-7.7803749967,3.6000000000
4957,4.1700350555,-7.7795346958,3.7800000000
4958,4.1661918383,-7.7786667781,3.9400000000
4959,4.1622132995,-7.7777625497,4.0800000000
4960,4.1580797819,-7.7768182868,4.2400000000
4961,4.1538076998,-7.7758519977,4.3800000000
4962,4.1493807723,-7.7748450655,4.5400000000
4963,4.1447762951,-7.7738071880,4.7200000000
4964,4.1399750351,-7.7727328031,4.9200000000
4965,4.1350001412,-7.7716101141,5.1000000000
4966,4.1298708608,-7.7704447459,5.2600000000
4967,4.1246064628,-7.7692422015,5.4000000000
4968,4.1191834698,-7.7680155202,5.5600000000
4969,4.1135866567,-7.7667414388,5.7400000000
4970,4.1077922506,-7.7654343591,5.9400000000
4971,4.1018242908,-7.7640786836,6.1200000000
4972,4.0957019946,-7.7626801525,6.2800000000
4973,4.0894446101,-7.7612443462,6.4200000000
4974,4.0830669028,-7.7597964343,6.5400000000
4975,4.0765499476,-7.7583295683,6.6800000000
4976,4.0699183635,-7.7568255434,6.8000000000
4977,4.0631912607,-7.7552905880,6.9000000000
4978,4.0563878016,-7.7537306700,6.9800000000
4979,4.0494882145,-7.7521425583,7.0800000000
4980,4.0425067480,-7.7505536199,7.1600000000
4981,4.0354296780,-7.7489341506,7.2600000000
4982,4.0282371954,-7.7472810950,7.3800000000
4983,4.0209432623,-7.7456231019,7.4800000000
4984,4.0135734148,-7.7439381843,7.5600000000
4985,4.0061023955,-7.7422471874,7.6600000000
4986,3.9985558211,-7.7405276481,7.7400000000
4987,3.9909500774,-7.7387977168,7.8000000000
4988,3.9832685007,-7.7370405088,7.8800000000
4989,3.9754912202,-7.7352532463,7.9800000000
4990,3.9675926411,-7.7334581286,8.1000000000
4991,3.9595540353,-7.7316474884,8.2400000000
4992,3.9513624539,-7.7297879202,8.4000000000
4993,3.9430308048,-7.7279130275,8.5400000000
4994,3.9345833021,-7.7260063817,8.6600000000
4995,3.9259960803,-7.7240829415,8.8000000000
4996,3.9172565462,-7.7221075570,8.9600000000
4997,3.9083445921,-7.7200785983,9.1400000000
4998,3.8992732479,-7.7180290339,9.3000000000
4999,3.8900228202,-7.7159553924,9.4800000000
5000,3.8806200518,-7.7138299407,9.6400000000
5001,3.8710380293,-7.7116811631,9.8200000000
5002,3.8612969094,-7.7095106830,9.9800000000
5003,3.8513841334,-7.7072830225,10.1600000000
5004,3.8412747036,-7.7050182865,10.3600000000
5005,3.8309474830,-7.7027193923,10.5800000000
5006,3.8203910747,-7.7003456520,10.8200000000
5007,3.8096163368,-7.6979401119,11.0400000000
5008,3.7986043467,-7.6954958381,11.2800000000
5009,3.7873807601,-7.6929896247,11.5000000000
5010,3.7759197387,-7.6904454967,11.7400000000
5011,3.7642413291,-7.6878655066,11.9600000000
5012,3.7523654954,-7.6852520463,12.1600000000
5013,3.7403176528,-7.6825827602,12.3400000000
5014,3.7280719832,-7.6798818016,12.5400000000
5015,3.7156536266,-7.6771281100,12.7200000000
5016,3.7030422408,-7.6743210923,12.9200000000
5017,3.6902566636,-7.6714681960,13.1000000000
5018,3.6772721947,-7.6685883407,13.3000000000
5019,3.6640742983,-7.6656547541,13.5200000000
5020,3.6506428909,-7.6626656247,13.7600000000
5021,3.6369970197,-7.6596274343,13.9800000000
5022,3.6231521755,-7.6565626851,14.1800000000
5023,3.6091285377,-7.6534728336,14.3600000000
5024,3.5949101095,-7.6503375665,14.5600000000
5025,3.5805132701,-7.6471755079,14.7400000000
5026,3.5659603562,-7.6439782125,14.9000000000
5027,3.5512704768,-7.6407519077,15.0400000000
5028,3.5364237426,-7.6374939197,15.2000000000
5029,3.5214003192,-7.6342013299,15.3800000000
5030,3.5061804134,-7.6308710345,15.5800000000
5031,3.4907442633,-7.6274997926,15.8000000000
5032,3.4751111903,-7.6240928836,16.0000000000
5033,3.4593005940,-7.6206552328,16.1800000000
5034,3.4433318731,-7.6171917732,16.3400000000
5035,3.4272244507,-7.6137073302,16.4800000000
5036,3.4109995924,-7.6101982030,16.6000000000
5037,3.3946377946,-7.6066599585,16.7400000000
5038,3.3781167218,-7.6031012856,16.9000000000
5039,3.3614559908,-7.5995261432,17.0400000000
5040,3.3446399623,-7.5959121169,17.2000000000
5041,3.3276880104,-7.5922642512,17.3400000000
5042,3.3105804360,-7.5885790239,17.5000000000
5043,3.2933310935,-7.5848871702,17.6400000000
5044,3.2759208462,-7.5811826747,17.8000000000
5045,3.2583857212,-7.5773928207,17.9400000000
5046,3.2407261706,-7.5736107747,18.0600000000
5047,3.2229712776,-7.5697964108,18.1600000000
5048,3.2051394754,-7.5659591680,18.2400000000
5049,3.1872022185,-7.5621368106,18.3400000000
5050,3.1691502754,-7.5582768951,18.4600000000
5051,3.1509922455,-7.5544350791,18.5600000000
5052,3.1327598810,-7.5505581620,18.6400000000
5053,3.1144207118,-7.5467029743,18.7400000000
5054,3.0959692339,-7.5427988019,18.8600000000
5055,3.0773953709,-7.5387973501,19.0000000000
5056,3.0586489552,-7.5348378683,19.1600000000
5057,3.0397311278,-7.5308189871,19.3400000000
5058,3.0206606743,-7.5267486304,19.5000000000
5059,3.0014565013,-7.5226341025,19.6400000000
5060,2.9820735897,-7.5185914871,19.8000000000
5061,2.9625537317,-7.5145197867,19.9400000000
5062,2.9428954200,-7.5105254935,20.0600000000
5063,2.9230817696,-7.5065936673,20.2000000000
5064,2.9031265038,-7.5025542407,20.3600000000
5065,2.8829737294,-7.4985846960,20.5400000000
5066,2.8626064664,-7.4946703379,20.7400000000
5067,2.8420464189,-7.4908062929,20.9200000000
5068,2.8213148878,-7.4869892234,21.0800000000
5069,2.8004328622,-7.4832170345,21.2200000000
5070,2.7793817031,-7.4794816500,21.3800000000
5071,2.7582256278,-7.4755407261,21.5200000000
5072,2.7369633437,-7.4715151986,21.6400000000
5073,2.7156293625,-7.4673332316,21.7400000000
5074,2.6941456039,-7.4632949505,21.8600000000
5075,2.6724977211,-7.4593745969,22.0000000000
5076,2.6507094813,-7.4555579220,22.1200000000
5077,2.6288527597,-7.4515564071,22.2200000000
5078,2.6069118907,-7.4473523773,22.3400000000
5079,2.5847960482,-7.4433224999,22.4800000000
5080,2.5625586265,-7.4390720091,22.6400000000
5081,2.5401032043,-7.4350092003,22.8200000000
5082,2.5174570070,-7.4311066180,22.9800000000
5083,2.4946455250,-7.4273422205,23.1200000000
5084,2.4716929560,-7.4236984345,23.2400000000
5085,2.4486225301,-7.4201613380,23.3400000000
5086,2.4254905615,-7.4162519102,23.4600000000
5087,2.4023105240,-7.4120377125,23.5600000000
5088,2.3790063013,-7.4080674728,23.6400000000
5089,2.3556943553,-7.4037962701,23.7000000000
5090,2.3322920590,-7.3998062664,23.7400000000
5091,2.3089241440,-7.3955076446,23.7600000000
5092,2.2855623256,-7.3909617188,23.8000000000
5093,2.2620707014,-7.3867852142,23.8600000000
5094,2.2384851541,-7.3829210250,23.9000000000
5095,2.2149131713,-7.3788555570,23.9200000000
5096,2.1912879860,-7.3751116264,23.9200000000
5097,2.1677456821,-7.3709921690,23.9000000000
5098,2.1441434356,-7.3672313237,23.9000000000
5099,2.1206252286,-7.3630902679,23.8800000000
5100,2.0971148867,-7.3591393919,23.8400000000
5101,2.0736858229,-7.3548415589,23.8200000000
5102,2.0502185011,-7.3509979659,23.7800000000
5103,2.0268357658,-7.3467807047,23.7600000000
5104,2.0035491886,-7.3422669789,23.7200000000
5105,1.9803309217,-7.3375128143,23.7000000000
5106,1.9571928152,-7.3325707875,23.6600000000
5107,1.9339853364,-7.3282844220,23.6000000000
5108,1.9108723444,-7.3237167970,23.5600000000
5109,1.8876686077,-7.3197521780,23.5400000000
5110,1.8644254167,-7.3162874884,23.5000000000
5111,1.8412606503,-7.3127059808,23.4400000000
5112,1.8182450172,-7.3087097031,23.3600000000
5113,1.7952015833,-7.3052614931,23.3000000000
5114,1.7721358001,-7.3022619521,23.2600000000
5115,1.7492029311,-7.2987514652,23.2000000000
5116,1.7264150449,-7.2948467702,23.1200000000
5117,1.7037426912,-7.2906363099,23.0600000000
5118,1.6811561681,-7.2861900333,23.0200000000
5119,1.6584621458,-7.2824508687,23.0000000000
5120,1.6358624450,-7.2783993105,22.9600000000
5121,1.6132878348,-7.2745526271,22.9000000000
5122,1.5908410196,-7.2704425313,22.8200000000
5123,1.5685324047,-7.2661385678,22.7200000000
5124,1.5462373348,-7.2624385869,22.6000000000
5125,1.5240871635,-7.2584863832,22.5000000000
5126,1.5020928267,-7.2543495309,22.3800000000
5127,1.4802265515,-7.2500758431,22.2800000000
5128,1.4583503860,-7.2465404528,22.1600000000
5129,1.4366416546,-7.2428510925,22.0200000000
5130,1.4149851169,-7.2398755294,21.8600000000
5131,1.3935166302,-7.2365797020,21.7200000000
5132,1.3721189238,-7.2339392928,21.5600000000
5133,1.3508031450,-7.2318288489,21.4200000000
5134,1.3297001412,-7.2292499283,21.2600000000
5135,1.3086792197,-7.2272065835,21.1200000000
5136,1.2878699355,-7.2246975409,20.9600000000
5137,1.2671832038,-7.2227309368,20.7800000000
5138,1.2467466364,-7.2203054242,20.5800000000
5139,1.2265765600,-7.2175309662,20.3600000000
5140,1.2065713903,-7.2153844377,20.1200000000
5141,1.1867791795,-7.2137449282,19.8600000000
5142,1.1671979676,-7.2125118252,19.6200000000
5143,1.1478805643,-7.2107235499,19.4000000000
5144,1.1287274804,-7.2093821409,19.2000000000
5145,1.1097328705,-7.2083996990,19.0200000000
5146,1.0909385045,-7.2068276279,18.8600000000
5147,1.0722542929,-7.2056706325,18.7200000000
5148,1.0537427530,-7.2043303004,18.5600000000
5149,1.0354126384,-7.2025128026,18.4200000000
5150,1.0172428562,-7.2003335789,18.3000000000
5151,0.9992085230,-7.1978835127,18.2000000000
5152,0.9812832784,-7.1952339834,18.1200000000
5153,0.9634405621,-7.1924409425,18.0600000000
5154,0.9455829039,-7.1903470366,17.9800000000
5155,0.9278529327,-7.1880356474,17.8800000000
5156,0.9101339769,-7.1863390017,17.8000000000
5157,0.8924746224,-7.1851401698,17.7000000000
5158,0.8749633035,-7.1835877163,17.5800000000
5159,0.8575163664,-7.1825131069,17.4800000000
5160,0.8401700387,-7.1818242558,17.3600000000
5161,0.8229855451,-7.1807190054,17.2200000000
5162,0.8059001219,-7.1800130911,17.1000000000
5163,0.7889354082,-7.1789183352,17.0000000000
5164,0.7720403724,-7.1779995517,16.9200000000
5165,0.7552292713,-7.1774524863,16.8200000000
5166,0.7385153891,-7.1765177456,16.7400000000
5167,0.7218845738,-7.1759649491,16.6400000000
5168,0.7053264021,-7.1757188815,16.5600000000
5169,0.6888264021,-7.1757200077,16.5000000000
5170,0.6723728608,-7.1752589438,16.4600000000
5171,0.6559736798,-7.1750950529,16.4000000000
5172,0.6396634044,-7.1745317429,16.3200000000
5173,0.6234051352,-7.1742945030,16.2600000000
5174,0.6072364045,-7.1736907256,16.1800000000
5175,0.5911585539,-7.1734278222,16.0800000000
5176,0.5751700141,-7.1728223509,16.0000000000
5177,0.5592321298,-7.1725626514,15.9400000000
5178,0.5433721408,-7.1725813855,15.8600000000
5179,0.5276161620,-7.1722253932,15.7600000000
5180,0.5119762533,-7.1721719559,15.6400000000
5181,0.4964401640,-7.1718233464,15.5400000000
5182,0.4809802269,-7.1717792212,15.4600000000
5183,0.4655847559,-7.1714057622,15.4000000000
5184,0.4502776028,-7.1707784961,15.3200000000
5185,0.4350397318,-7.1699569792,15.2600000000
5186,0.4198905156,-7.1689907252,15.1800000000
5187,0.4048485660,-7.1679201402,15.0800000000
5188,0.3899322201,-7.1667781137,14.9600000000
5189,0.3751199429,-7.1655881367,14.8600000000
5190,0.3603962538,-7.1648948983,14.7400000000
5191,0.3458188757,-7.1640824657,14.6000000000
5192,0.3313441439,-7.1636919009,14.4800000000
5193,0.3169749355,-7.1631349006,14.3800000000
5194,0.3026912239,-7.1624525636,14.3000000000
5195,0.2884540591,-7.1621684192,14.2400000000
5196,0.2743011021,-7.1617218679,14.1600000000
5197,0.2602524827,-7.1611562785,14.0600000000
5198,0.2462876623,-7.1605049781,13.9800000000
5199,0.2323699653,-7.1602517789,13.9200000000
5200,0.2185353248,-7.1598666526,13.8400000000
5201,0.2047637593,-7.1593845899,13.7800000000
5202,0.1910748002,-7.1588346819,13.7000000000
5203,0.1774758122,-7.1586687785,13.6000000000
5204,0.1639587458,-7.1583871434,13.5200000000
5205,0.1505437152,-7.1580219673,13.4200000000
5206,0.1372037260,-7.1580050172,13.3400000000
5207,0.1239644634,-7.1578652794,13.2400000000
5208,0.1108454745,-7.1580281608,13.1200000000
5209,0.0978317112,-7.1584311061,13.0200000000
5210,0.0848934826,-7.1586452082,12.9400000000
5211,0.0720136734,-7.1587153068,12.8800000000
5212,0.0591779597,-7.1590470506,12.8400000000
5213,0.0463591662,-7.1592229281,12.8200000000
5214,0.0335860253,-7.1596415830,12.7800000000
5215,0.0208404080,-7.1602472560,12.7600000000
5216,0.0081433326,-7.1610105890,12.7200000000
5217,-0.0045052028,-7.1615492454,12.6600000000
5218,-0.0170652299,-7.1622578506,12.5800000000
5219,-0.0295167959,-7.1630998140,12.4800000000
5220,-0.0418616449,-7.1637116180,12.3600000000
5221,-0.0540978760,-7.1644746693,12.2600000000
5222,-0.0662058955,-7.1653552747,12.1400000000
5223,-0.0782064552,-7.1663290130,12.0400000000
5224,-0.0901204367,-7.1673771759,11.9600000000
5225,-0.1019288829,-7.1684818013,11.8600000000
5226,-0.1136598325,-7.1695556830,11.7800000000
5227,-0.1253299039,-7.1706363459,11.7200000000
5228,-0.1369655962,-7.1716527447,11.6800000000
5229,-0.1485835183,-7.1726424341,11.6600000000
5230,-0.1602052486,-7.1735863535,11.6600000000
5231,-0.1718475857,-7.1745235768,11.6800000000
5232,-0.1835262818,-7.1755066630,11.7200000000
5233,-0.1952650049,-7.1764919439,11.7800000000
5234,-0.2070822008,-7.1774986620,11.8600000000
5235,-0.2189971021,-7.1785363168,11.9600000000
5236,-0.2310319290,-7.1795800321,12.0800000000
5237,-0.2432087309,-7.1806066260,12.2200000000
5238,-0.2555468108,-7.1816245570,12.3800000000
5239,-0.2680613247,-7.1826925187,12.5600000000
5240,-0.2807773247,-7.1837512653,12.7600000000
5241,-0.2937122526,-7.1848320250,12.9800000000
5242,-0.3068867157,-7.1859283471,13.2200000000
5243,-0.3203240478,-7.1870000306,13.4800000000
5244,-0.3340351414,-7.1881591301,13.7600000000
5245,-0.3480415910,-7.1893850865,14.0600000000
5246,-0.3623647776,-7.1906620857,14.3800000000
5247,-0.3770282957,-7.1919503547,14.7200000000
5248,-0.3920440674,-7.1933406782,15.0800000000
5249,-0.4074376857,-7.1947718025,15.4600000000
5250,-0.4232301238,-7.1962341633,15.8600000000
5251,-0.4394396333,-7.1977475037,16.2800000000
5252,-0.4560826080,-7.1993505618,16.7200000000
5253,-0.4731824131,-7.2010085920,17.1800000000
5254,-0.4907615522,-7.2026966290,17.6600000000
5255,-0.5088369186,-7.2044478374,18.1600000000
5256,-0.5274315428,-7.2062317516,18.6800000000
5257,-0.5465598366,-7.2081070580,19.2200000000
5258,-0.5662408915,-7.2100830340,19.7800000000
5259,-0.5864966582,-7.2121405846,20.3600000000
5260,-0.6073508763,-7.2142437221,20.9600000000
5261,-0.6288197219,-7.2164312019,21.5800000000
5262,-0.6509224981,-7.2187106065,22.2200000000
5263,-0.6736835526,-7.2210405840,22.8800000000
5264,-0.6971227778,-7.2234230881,23.5600000000
5265,-0.7212588152,-7.2258724339,24.2600000000
5266,-0.7461096529,-7.2284094143,24.9800000000
5267,-0.7716892444,-7.2310932353,25.7200000000
5268,-0.7980237128,-7.2338656302,26.4800000000
5269,-0.8251281848,-7.2367734126,27.2600000000
5270,-0.8530189627,-7.2398504424,28.0600000000
5271,-0.8817189410,-7.2430700144,28.8800000000
5272,-0.9112496453,-7.2464190297,29.7200000000
5273,-0.9416274915,-7.2499294224,30.5800000000
5274,-0.9728781047,-7.2535530640,31.4600000000
5275,-1.0050217854,-7.2572884880,32.3600000000
5276,-1.0380760979,-7.2611577027,33.2800000000
5277,-1.0720633644,-7.2651419365,34.2200000000
5278,-1.1069946356,-7.2693179020,35.1800000000
5279,-1.1428903027,-7.2736821532,36.1600000000
5280,-1.1797803796,-7.2781529278,37.1600000000
5281,-1.2176797833,-7.2827732740,38.1800000000
5282,-1.2566068069,-7.2875581698,39.2200000000
5283,-1.2965762662,-7.2925502358,40.2800000000
5284,-1.3376139610,-7.2977036042,41.3600000000
5285,-1.3797296815,-7.3030996849,42.4600000000
5286,-1.4229551735,-7.3086470483,43.5800000000
5287,-1.4673035367,-7.3144004028,44.7200000000
5288,-1.5127934523,-7.3203704933,45.8800000000
5289,-1.5594328185,-7.3266484800,47.0600000000
5290,-1.6072554044,-7.3331313711,48.2600000000
5291,-1.6562768989,-7.3398517490,49.4800000000
5292,-1.7065113369,-7.3468531513,50.7200000000
5293,-1.7579332491,-7.3541709750,51.9400000000
5294,-1.8105595879,-7.3618247891,53.1800000000
5295,-1.8643733544,-7.3697896205,54.4000000000
5296,-1.9193618974,-7.3780127663,55.6000000000
5297,-1.9754935993,-7.3865684925,56.7800000000
5298,-2.0327975317,-7.3953968406,57.9800000000
5299,-2.0912534481,-7.4044969194,59.1600000000
5300,-2.1508399669,-7.4138750420,60.3200000000
5301,-2.2115315356,-7.4235634412,61.4600000000
5302,-2.2733034205,-7.4335879432,62.5800000000
5303,-2.3361351633,-7.4439472141,63.6800000000
5304,-2.4000060326,-7.4546415894,64.7600000000
5305,-2.4649026639,-7.4656279285,65.8200000000
5306,-2.5308006819,-7.4769288494,66.8600000000
5307,-2.5976827685,-7.4885254393,67.8800000000
5308,-2.6655246458,-7.5004390486,68.8800000000
5309,-2.7343109265,-7.5126401628,69.8600000000
5310,-2.8040184744,-7.5251433687,70.8200000000
5311,-2.8746269345,-7.5379473903,71.7600000000
5312,-2.9461203261,-7.5510270445,72.6800000000
5313,-3.0184745793,-7.5644015892,73.5800000000
5314,-3.0916716163,-7.5780575541,74.4600000000
5315,-3.1656918163,-7.5919899766,75.3200000000
5316,-3.2405153392,-7.6061951171,76.1600000000
5317,-3.3161225001,-7.6206684587,76.9800000000
5318,-3.3924941216,-7.6354029022,77.7800000000
5319,-3.4696106668,-7.6503933012,78.5600000000
5320,-3.5474517878,-7.6656387034,79.3200000000
5321,-3.6259999486,-7.6811238583,80.0600000000
5322,-3.7052350885,-7.6968464858,80.7800000000
5323,-3.7851353058,-7.7128135040,81.4800000000
5324,-3.8656829442,-7.7290105269,82.1600000000
5325,-3.9468631472,-7.7454095218,82.8200000000
5326,-4.0286533696,-7.7620206967,83.4600000000
5327,-4.1110326802,-7.7788461413,84.0800000000
5328,-4.1939835579,-7.7958712485,84.6800000000
5329,-4.2774826872,-7.8131096651,85.2600000000
5330,-4.3615163433,-7.8305285356,85.8200000000
5331,-4.4460653937,-7.8481213660,86.3600000000
5332,-4.5311077080,-7.8658960437,86.8800000000
5333,-4.6166229503,-7.8838517595,87.3800000000
5334,-4.7026001787,-7.9019430779,87.8600000000
5335,-4.7890124514,-7.9202007210,88.3200000000
5336,-4.8758471209,-7.9385876124,88.7600000000
5337,-4.9630889064,-7.9570793202,89.1800000000
5338,-5.0507143053,-7.9756902276,89.5800000000
5339,-5.1387041780,-7.9944141132,89.9600000000
5340,-5.2270389232,-8.0132469354,90.3200000000
5341,-5.3157013945,-8.0321731551,90.6600000000
5342,-5.4046736053,-8.0511812089,90.9800000000
5343,-5.4939381488,-8.0702568391,91.2800000000
5344,-5.5834509153,-8.0895103643,91.5600000000
5345,-5.6732165029,-8.1088249101,91.8200000000
5346,-5.7632120578,-8.1282115989,92.0600000000
5347,-5.8534121665,-8.1476933541,92.2800000000
5348,-5.9437950310,-8.1672762090,92.4800000000
5349,-6.0343516268,-8.1869072701,92.6600000000
5350,-6.1250620254,-8.2065840580,92.8200000000
5351,-6.2159032660,-8.2263180542,92.9600000000
5352,-6.3068546893,-8.2461100980,93.0800000000
5353,-6.3979026309,-8.2659288956,93.1800000000
5354,-6.4890336478,-8.2857421577,93.2600000000
5355,-6.5802165438,-8.3055991939,93.3200000000
5356,-6.6714426249,-8.3254458994,93.3600000000
5357,-6.7626844386,-8.3453143624,93.3800000000
5358,-6.8539189153,-8.3652164895,93.3800000000
5359,-6.9451337926,-8.3851146243,93.3600000000
5360,-7.0362958882,-8.4050669353,93.3200000000
5361,-7.1273986189,-8.4250098554,93.2600000000
5362,-7.2184330049,-8.4448908253,93.1800000000
5363,-7.3093714618,-8.4647423610,93.0800000000
5364,-7.4001981800,-8.4845430894,92.9600000000
5365,-7.4908836599,-8.5043344042,92.8200000000
5366,-7.5814098833,-8.5241050512,92.6600000000
5367,-7.6717425950,-8.5439179658,92.4800000000
5368,-7.7618906474,-8.5636391995,92.2800000000
5369,-7.8518343650,-8.5832649802,92.0600000000
5370,-7.9415529756,-8.6027965777,91.8200000000
5371,-8.0310065708,-8.6223231727,91.5600000000
5372,-8.1201847027,-8.6417987778,91.2800000000
5373,-8.2090773787,-8.6611753757,90.9800000000
5374,-8.2976479483,-8.6805271150,90.6600000000
5375,-8.3858792172,-8.6998389137,90.3200000000
5376,-8.4737641533,-8.7190493177,89.9600000000
5377,-8.5612667792,-8.7382291731,89.5800000000
5378,-8.6483814349,-8.7573108179,89.1800000000
5379,-8.7350831594,-8.7763147272,88.7600000000
5380,-8.8213619863,-8.7951929270,88.3200000000
5381,-8.9071887640,-8.8139850486,87.8600000000
5382,-8.9925387657,-8.8327104752,87.3800000000
5383,-9.0774002755,-8.8513292440,86.8800000000
5384,-9.1617416200,-8.8698923045,86.3600000000
5385,-9.2455418931,-8.8884014002,85.8200000000
5386,-9.3287729302,-8.9068909124,85.2600000000
5387,-9.4114089323,-8.9253839805,84.6800000000
5388,-9.4933531095,-8.9442147587,84.0800000000
5389,-9.5746865878,-8.9629347189,83.4600000000
5390,-9.6553900255,-8.9815386850,82.8200000000
5391,-9.7353551818,-9.0004023903,82.1600000000
5392,-9.8146720046,-9.0190526455,81.4800000000
5393,-9.8933083257,-9.0375387862,80.7800000000
5394,-9.9315357817,-9.0465269617,39.2699081699
5395,-9.9690335583,-9.0555577184,38.5699081699
5396,-10.0057834801,-9.0647820551,37.8899081699
5397,-10.0418469605,-9.0740282134,37.2299081699
5398,-10.0772856080,-9.0831344555,36.5899081699
5399,-10.1120775775,-9.0922642503,35.9699081699
5400,-10.1462179514,-9.1015089933,35.3699081699
5401,-10.1797875133,-9.1106425701,34.7899081699
5402,-10.2128032064,-9.1196786432,34.2299081699
5403,-10.2452723640,-9.1286655068,33.6899081699
5404,-10.2772413241,-9.1375101890,33.1699081699
5405,-10.3087050951,-9.1463053020,32.6699081699
5406,-10.3396764506,-9.1550782905,32.1899081699
5407,-10.3702312759,-9.1636333898,31.7299081699
5408,-10.4003458456,-9.1721287440,31.2899081699
5409,-10.4300162928,-9.1806502340,30.8699081699
5410,-10.4592612299,-9.1892029506,30.4699081699
5411,-10.4881116559,-9.1977502012,30.0899081699
5412,-10.5166202178,-9.2061840222,29.7299081699
5413,-10.5447715432,-9.2146261533,29.3899081699
5414,-10.5726028344,-9.2230213181,29.0699081699
5415,-10.6001402626,-9.2313518444,28.7699081699
5416,-10.6273779903,-9.2397053499,28.4899081699
5417,-10.6543304142,-9.2481014538,28.2299081699
5418,-10.6810103696,-9.2565640150,27.9899081699
5419,-10.7074417938,-9.2650815036,27.7699081699
5420,-10.7336564658,-9.2736191150,27.5699081699
5421,-10.7596728302,-9.2821839183,27.3899081699
5422,-10.7855235860,-9.2907399875,27.2299081699
5423,-10.8112285212,-9.2992909778,27.0899081699
5424,-10.8367893553,-9.3078944483,26.9699081699
5425,-10.8622302235,-9.3165404988,26.8699081699
5426,-10.8875931329,-9.3251673179,26.7899081699
5427,-10.9129001341,-9.3337721818,26.7299081699
5428,-10.9381471958,-9.3424288019,26.6899081699
5429,-10.9633499661,-9.3511525838,26.6699081699
5430,-10.9885284730,-9.3599461491,26.6699081699
5431,-11.0137144928,-9.3687787934,26.6899081699
5432,-11.0389186933,-9.3776802691,26.7299081699
5433,-11.0641892648,-9.3865739408,26.7899081699
5434,-11.0895012497,-9.3955903362,26.8699081699
5435,-11.1149031360,-9.4046523512,26.9699081699
5436,-11.1403675340,-9.4138950542,27.0899081699
5437,-11.1659352123,-9.4232631771,27.2299081699
5438,-11.1916392839,-9.4327240318,27.3899081699
5439,-11.2174635014,-9.4423785451,27.5699081699
5440,-11.2434838798,-9.4520794579,27.7699081699
5441,-11.2697187084,-9.4618349040,27.9899081699
5442,-11.2961394936,-9.4717782347,28.2299081699
5443,-11.3227866694,-9.4818580605,28.4899081699
5444,-11.3496671361,-9.4921122364,28.7699081699
5445,-11.3767977034,-9.5025521541,29.0699081699
5446,-11.4042331201,-9.5130908736,29.3899081699
5447,-11.4319689346,-9.5237956407,29.7299081699
5448,-11.4599327156,-9.5346862521,30.0096395681
5449,-11.4859577812,-9.5448838801,27.9516664368
5450,-11.5100386528,-9.5543881259,25.8885894612
5451,-11.5321815691,-9.5631665961,23.8195357129
5452,-11.5523817542,-9.5712109053,21.7430077489
5453,-11.5706223521,-9.5785383213,19.6573252943
5454,-11.5869133948,-9.5850939173,17.5605783534
5455,-11.6012383013,-9.5908786703,15.4488288991
5456,-11.6135789189,-9.5958846578,13.3173102896
5457,-11.6239171171,-9.6000831329,11.1582048586
5458,-11.6344095753,-9.6043269618,11.3182048586
5459,-11.6450789307,-9.6086134020,11.4982048586
5460,-11.6559465472,-9.6129427102,11.6982048586
5461,-11.6670171068,-9.6173570410,11.9182048586
5462,-11.6783167856,-9.6218447134,12.1582048586
5463,-11.6898637333,-9.6264141565,12.4182048586
5464,-11.7016784955,-9.6310677361,12.6982048586
5465,-11.7137757113,-9.6358228068,12.9982048586
5466,-11.7261673555,-9.6407035584,13.3182048586
5467,-11.7388712965,-9.6457191784,13.6582048586
5468,-11.7519086434,-9.6508706491,14.0182048586
5469,-11.7652939184,-9.6561756202,14.3982048586
5470,-11.7790470857,-9.6616379691,14.7982048586
5471,-11.7931772134,-9.6672889204,15.2182048586
5472,-11.8077131822,-9.6731100019,15.6582048586
5473,-11.8226770409,-9.6790999486,16.1182048586
5474,-11.8380778923,-9.6852897936,16.5982048586
5475,-11.8539477582,-9.6916534376,17.0982048586
5476,-11.8703061484,-9.6981959304,17.6182048586
5477,-11.8871663611,-9.7049378611,18.1582048586
5478,-11.9045418007,-9.7118995630,18.7182048586
5479,-11.9224480464,-9.7190958867,19.2982048586
5480,-11.9409059504,-9.7265285403,19.8982048586
5481,-11.9599342225,-9.7342045803,20.5182048586
5482,-11.9795491538,-9.7421370518,21.1582048586
5483,-11.9997641818,-9.7503459925,21.8182048586
5484,-12.0206050678,-9.7588210553,22.4982048586
5485,-12.0420853285,-9.7675820547,23.1982048586
5486,-12.0642351832,-9.7766078210,23.9182048586
5487,-12.0870576396,-9.7859439097,24.6582048586
5488,-12.1105729093,-9.7955936366,25.4182048586
5489,-12.1347989505,-9.8055658412,26.1982048586
5490,-12.1597461700,-9.8158876291,26.9982048586
5491,-12.1854520463,-9.8265206176,27.8182048586
5492,-12.2119300429,-9.8374845768,28.6582048586
5493,-12.2391786506,-9.8488352508,29.5182048586
5494,-12.2672407649,-9.8605215076,30.3982048586
5495,-12.2961121704,-9.8726053635,31.2982048586
5496,-12.3258182295,-9.8850778443,32.2182048586
5497,-12.3563804854,-9.8979392229,33.1582048586
5498,-12.3878083379,-9.9112186050,34.1182048586
5499,-12.4201279281,-9.9249053898,35.0982048586
5500,-12.4533613398,-9.9389986769,36.0982048586
5501,-12.4875218643,-9.9535183083,37.1182048586
5502,-12.5226625624,-9.9683904278,38.1582048586
5503,-12.5587692614,-9.9836997020,39.2182048586
5504,-12.5958532796,-9.9994705900,40.2982048586
5505,-12.6339074040,-10.0157707428,41.3982048586
5506,-12.6729621082,-10.0325793069,42.5182048586
5507,-12.7130283029,-10.0499211319,43.6582048586
5508,-12.7541489615,-10.0677470377,44.8182048586
5509,-12.7963202242,-10.0861160186,45.9982048586
5510,-12.8395555870,-10.1050467856,47.1982048586
5511,-12.8838757617,-10.1245415202,48.4182048586
5512,-12.9293076989,-10.1445883751,49.6582048586
5513,-12.9758301975,-10.1651856772,50.8782048586
5514,-13.0234377652,-10.1862963125,52.0782048586
5515,-13.0720884832,-10.2079652771,53.2582048586
5516,-13.1218054619,-10.2301895454,54.4582048586
5517,-13.1726254711,-10.2529357354,55.6782048586
5518,-13.2245675049,-10.2762103390,56.9182048586
5519,-13.2776294825,-10.3000667856,58.1782048586
5520,-13.3318381979,-10.3244940923,59.4582048586
5521,-13.3872042250,-10.3495173314,60.7582048586
5522,-13.4437422288,-10.3751524176,62.0782048586
5523,-13.5014618668,-10.4014262086,63.4182048586
5524,-13.5603815490,-10.4283462175,64.7782048586
5525,-13.6205202368,-10.4559187818,66.1582048586
5526,-13.6819009989,-10.4841413453,67.5582048586
5527,-13.7444987725,-10.5130203138,68.9382048586
5528,-13.8082984741,-10.5425404034,70.2982048586
5529,-13.8732820494,-10.5726928051,71.6382048586
5530,-13.9394639474,-10.6034936863,72.9982048586
5531,-14.0068255876,-10.6349353487,74.3382048586
5532,-14.0753858258,-10.6670244739,75.6982048586
5533,-14.1451276255,-10.6997500968,77.0382048586
5534,-14.2160317852,-10.7331058819,78.3582048586
5535,-14.2880799553,-10.7670836803,79.6582048586
5536,-14.3612543620,-10.8016741301,80.9382048586
5537,-14.4355343328,-10.8368739997,82.1982048586
5538,-14.5109012194,-10.8726757655,83.4382048586
5539,-14.5873441486,-10.9090555706,84.6582048586
5540,-14.6648405674,-10.9460141477,85.8582048586
5541,-14.7433720728,-10.9835434931,87.0382048586
5542,-14.8229563081,-11.0216529445,88.2382048586
5543,-14.9035836999,-11.0603160929,89.4182048586
5544,-14.9852674662,-11.0995515535,90.6182048586
5545,-15.0679849886,-11.1393601193,91.7982048586
5546,-15.1517273607,-11.1797140902,92.9582048586
5547,-15.2364646835,-11.2206293475,94.0982048586
5548,-15.3221942139,-11.2620654930,95.2182048586
5549,-15.4088998411,-11.3040098704,96.3182048586
5550,-15.4965548325,-11.3464717686,97.3982048586
5551,-15.5851462007,-11.3894320710,98.4582048586
5552,-15.6746511268,-11.4328919487,99.4982048586
5553,-15.7645814869,-11.4766244348,100.0000000000
5554,-15.8545091724,-11.5203624203,100.0000000000
5555,-15.9444215860,-11.5641317918,100.0000000000
5556,-16.0343206047,-11.6079286688,100.0000000000
5557,-16.1242026213,-11.6517604277,100.0000000000
5558,-16.2140629599,-11.6956366120,100.0000000000
5559,-16.3039064006,-11.7395473871,100.0000000000
5560,-16.3937321298,-11.7834943822,100.0000000000
5561,-16.4835404745,-11.8274768925,100.0000000000
5562,-16.5733384133,-11.8714806444,100.0000000000
5563,-16.6631157251,-11.9155264647,100.0000000000
5564,-16.7528624303,-11.9596346149,100.0000000000
5565,-16.8426072783,-12.0037465437,100.0000000000
5566,-16.9323387215,-12.0478857337,100.0000000000
5567,-17.0220435990,-12.0920788887,100.0000000000
5568,-17.1117444911,-12.1362801326,100.0000000000
5569,-17.2014374670,-12.1804974377,100.0000000000
5570,-17.2911337085,-12.2247081181,100.0000000000
5571,-17.3808392693,-12.2688998861,100.0000000000
5572,-17.4705560554,-12.3130688604,100.0000000000
5573,-17.5602467570,-12.3572907787,100.0000000000
5574,-17.6499316508,-12.4015244742,100.0000000000
5575,-17.7396142834,-12.4457627541,100.0000000000
5576,-17.8292851458,-12.4900248873,100.0000000000
5577,-17.9189375854,-12.5343243239,100.0000000000
5578,-18.0085987263,-12.5786061464,100.0000000000
5579,-18.0982597690,-12.6228881679,100.0000000000
5580,-18.1879545937,-12.6671017226,100.0000000000
5581,-18.2776225630,-12.7113697165,100.0000000000
5582,-18.3672838806,-12.7556511814,100.0000000000
5583,-18.4569370035,-12.7999492350,100.0000000000
5584,-18.5465292359,-12.8443703098,100.0000000000
5585,-18.6361393855,-12.8887552293,100.0000000000
5586,-18.7257339733,-12.9331715535,100.0000000000
5587,-18.8153584104,-12.9775276159,100.0000000000
5588,-18.9049825178,-13.0218843445,100.0000000000
5589,-18.9945918969,-13.0662708196,100.0000000000
5590,-19.0842353262,-13.1105884863,100.0000000000
5591,-19.1738578598,-13.1549483947,100.0000000000
5592,-19.2634323922,-13.1994051505,100.0000000000
5593,-19.3530294291,-13.2438165341,100.0000000000
5594,-19.4426117621,-13.2882575692,100.0000000000
5595,-19.5322167491,-13.3326529103,100.0000000000
5596,-19.6218621311,-13.3769666270,100.0000000000
5597,-19.7115073575,-13.4212806585,100.0000000000
5598,-19.8011037935,-13.4656932541,100.0000000000
5599,-19.8907156541,-13.5100747193,100.0000000000
5600,-19.9803391084,-13.5544327674,100.0000000000
5601,-20.0699495642,-13.5988170687,100.0000000000
5602,-20.1595830496,-13.6431548438,100.0000000000
5603,-20.2492310948,-13.6874631725,100.0000000000
5604,-20.3388767846,-13.7317762665,100.0000000000
5605,-20.4285088305,-13.7760718279,99.9800000000
5606,-20.5181011530,-13.8203574841,99.9400000000
5607,-20.6075648537,-13.8647676254,99.8800000000
5608,-20.6969346796,-13.9091869254,99.8000000000
5609,-20.7861085186,-13.9537752247,99.7000000000
5610,-20.8751145552,-13.9984305923,99.5800000000
5611,-20.9639963948,-14.0430213111,99.4400000000
5612,-21.0527941883,-14.0874225528,99.2800000000
5613,-21.1414704275,-14.1316643271,99.1000000000
5614,-21.2299944235,-14.1757632176,98.9000000000
5615,-21.3182899107,-14.2198273678,98.6800000000
5616,-21.4063799046,-14.2637658086,98.4400000000
5617,-21.4942751869,-14.3075120283,98.1800000000
5618,-21.5819625156,-14.3510475584,97.9000000000
5619,-21.6694015603,-14.3944085256,97.6000000000
5620,-21.7565614541,-14.4376121285,97.2800000000
5621,-21.8433840517,-14.4807305718,96.9400000000
5622,-21.9299391841,-14.5235780391,96.5800000000
5623,-22.0161012930,-14.5663627443,96.2000000000
5624,-22.1019053020,-14.6089692230,95.8000000000
5625,-22.1873446172,-14.6513657774,95.3800000000
5626,-22.2724205072,-14.6935047917,94.9400000000
5627,-22.3570906688,-14.7354265539,94.4800000000
5628,-22.4413285306,-14.7771396529,94.0000000000
5629,-22.5251527970,-14.8185611736,93.5000000000
5630,-22.6084661111,-14.8598427929,92.9800000000
5631,-22.6912811274,-14.9009137883,92.4400000000
5632,-22.7735817486,-14.9417615810,91.8800000000
5633,-22.8554106284,-14.9822550919,91.3000000000
5634,-22.9366358354,-15.0226154157,90.7000000000
5635,-23.0173310969,-15.0626489164,90.0800000000
5636,-23.0974539910,-15.1023960601,89.4400000000
5637,-23.1769917776,-15.1418375220,88.7800000000
5638,-23.2559354813,-15.1809463654,88.1000000000
5639,-23.3342289451,-15.2197908442,87.4000000000
5640,-23.4118916000,-15.2582867458,86.6800000000
5641,-23.4889008445,-15.2964346142,85.9400000000
5642,-23.5652030638,-15.3342975740,85.1800000000
5643,-23.6407868149,-15.3718536197,84.4000000000
5644,-23.7156379588,-15.4090862163,83.6000000000
5645,-23.7897585327,-15.4459463429,82.7800000000
5646,-23.8631605220,-15.4823649035,81.9400000000
5647,-23.9357794642,-15.5184267344,81.0800000000
5648,-24.0075946005,-15.5541286418,80.2000000000
5649,-24.0786169447,-15.5894035143,79.3000000000
5650,-24.1488343630,-15.6242307819,78.3800000000
5651,-24.2182250797,-15.6586092931,77.4400000000
5652,-24.2867496575,-15.6925735778,76.4800000000
5653,-24.3543674490,-15.7261605436,75.5000000000
5654,-24.4209622122,-15.7595579613,74.5000000000
5655,-24.4866499387,-15.7924886914,73.4800000000
5656,-24.5513878970,-15.8249933120,72.4400000000
5657,-24.6152116383,-15.8569563289,71.3800000000
5658,-24.6780687972,-15.8884375546,70.3000000000
5659,-24.7399785662,-15.9193539014,69.2000000000
5660,-24.8008729075,-15.9497967266,68.0800000000
5661,-24.8607805269,-15.9796637777,66.9400000000
5662,-24.9196549011,-16.0090034516,65.7800000000
5663,-24.9774980260,-16.0377668466,64.6000000000
5664,-25.0342630052,-16.0660032972,63.4000000000
5665,-25.0899621284,-16.0936431248,62.1800000000
5666,-25.1445577831,-16.1207170622,60.9400000000
5667,-25.1980283020,-16.1472237786,59.6800000000
5668,-25.2503476412,-16.1731707774,58.4000000000
5669,-25.3015224116,-16.1984996714,57.1000000000
5670,-25.3515121414,-16.2232471018,55.7800000000
5671,-25.4002942448,-16.2474136073,54.4400000000
5672,-25.4478563141,-16.2709791747,53.0800000000
5673,-25.4941823440,-16.2939310581,51.7000000000
5674,-25.5392514197,-16.3162664206,50.3000000000
5675,-25.5830499610,-16.3379676229,48.8800000000
5676,-25.6255584896,-16.3590289285,47.4400000000
5677,-25.6667574636,-16.3794447298,45.9800000000
5678,-25.7066766090,-16.3992000691,44.5400000000
5679,-25.7453198423,-16.4183321082,43.1200000000
5680,-25.7826714512,-16.4369174710,41.7200000000
5681,-25.8187967544,-16.4548695760,40.3400000000
5682,-25.8537132011,-16.4721982270,38.9800000000
5683,-25.8874187162,-16.4889525652,37.6400000000
5684,-25.9199354836,-16.5051328692,36.3200000000
5685,-25.9513039809,-16.5207026406,35.0200000000
5686,-25.9815115808,-16.5357322283,33.7400000000
5687,-26.0105759898,-16.5502308672,32.4800000000
5688,-26.0385341932,-16.5641691764,31.2400000000
5689,-26.0653801863,-16.5776039468,30.0200000000
5690,-26.0911585488,-16.5904907007,28.8200000000
5691,-26.1158788396,-16.6028550375,27.6400000000
5692,-26.1395642552,-16.6146952861,26.4800000000
5693,-26.1622314506,-16.6260228565,25.3400000000
5694,-26.1838816208,-16.6368800445,24.2200000000
5695,-26.2045550671,-16.6472310357,23.1200000000
5696,-26.2242684864,-16.6570871353,22.0400000000
5697,-26.2430365107,-16.6664637905,20.9800000000
5698,-26.2608679747,-16.6753880547,19.9400000000
5699,-26.2777879228,-16.6838545627,18.9200000000
5700,-26.2938113438,-16.6918780519,17.9200000000
5701,-26.3089609901,-16.6994577496,16.9400000000
5702,-26.3232446502,-16.7066227655,15.9800000000
5703,-26.3366898764,-16.7133627576,15.0400000000
5704,-26.3493121877,-16.7196913954,14.1200000000
5705,-26.3611277059,-16.7256211449,13.2200000000
5706,-26.3721606189,-16.7311483894,12.3400000000
5707,-26.3824255673,-16.7362885483,11.4800000000
5708,-26.3919406116,-16.7410502216,10.6400000000
5709,-26.4007163917,-16.7454568171,9.8200000000
5710,-26.4087771675,-16.7495045687,9.0200000000
5711,-26.4161405652,-16.7532029433,8.2400000000
5712,-26.4228251378,-16.7565595620,7.4800000000
5713,-26.4288489196,-16.7595830787,6.7400000000
5714,-26.4342279467,-16.7622861265,6.0200000000
5715,-26.4389823131,-16.7646732586,5.3200000000
5716,-26.4431283674,-16.7667564854,4.6400000000
5717,-26.4466852005,-16.7685423573,3.9800000000
5718,-26.4496695138,-16.7700421819,3.3400000000
5719,-26.4520998083,-16.7712636846,2.7200000000
5720,-26.4539931225,-16.7722174987,2.1200000000
5721,-26.4553687272,-16.7729098221,1.5400000000
5722,-26.4562440925,-16.7733504303,0.9800000000
5723,-26.4566370389,-16.7735484029,0.4400000000
5724,-26.4566370389,-16.7735484029,0.0000000000
5725,-26.4566370389,-16.7735484029,0.0000000000
5726,-26.4566370389,-16.7735484029,0.0000000000
5727,-26.4566370389,-16.7735484029,0.0000000000
5728,-26.4566370389,-16.7735484029,0.0000000000
5729,-26.4566370389,-16.7735484029,0.0000000000
5730,-26.4566370389,-16.7735484029,0.0000000000
5731,-26.4566370389,-16.7735484029,0.0000000000
5732,-26.4566370389,-16.7735484029,0.0000000000
5733,-26.4566370389,-16.7735484029,0.0000000000
5734,-26.4566370389,-16.7735484029,0.0000000000
5735,-26.4566370389,-16.7735484029,0.0000000000
5736,-26.4566370389,-16.7735484029,0.0000000000
5737,-26.4566370389,-16.7735484029,0.0000000000
5738,-26.4566370389,-16.7735484029,0.0000000000
5739,-26.4566370389,-16.7735484029,0.0000000000
5740,-26.4566370389,-16.7735484029,0.0000000000
5741,-26.4566370389,-16.7735484029,0.0000000000
5742,-26.4566370389,-16.7735484029,0.0000000000
5743,-26.4566370389,-16.7735484029,0.0000000000
5744,-26.4566370389,-16.7735484029,0.0000000000
5745,-26.4566370389,-16.7735484029,0.0000000000
5746,-26.4566370389,-16.7735484029,0.0000000000
5747,-26.4566370389,-16.7735484029,0.0000000000
5748,-26.4566370389,-16.7735484029,0.0000000000
5749,-26.4566370389,-16.7735484029,0.0000000000
5750,-26.4566370389,-16.7735484029,0.0000000000
5751,-26.4566548562,-16.7735574882,0.0200000000
5752,-26.4567083112,-16.7735847382,0.0600000000
5753,-26.4568151880,-16.7736393034,0.1200000000
5754,-26.4569933225,-16.7737302325,0.2000000000
5755,-26.4572605212,-16.7738666321,0.3000000000
5756,-26.4576345443,-16.7740576994,0.4200000000
5757,-26.4581333582,-16.7743122277,0.5600000000
5758,-26.4587745586,-16.7746397366,0.7200000000
5759,-26.4595760346,-16.7750491706,0.9000000000
5760,-26.4605553427,-16.7755501253,1.1000000000
5761,-26.4617303742,-16.7761515411,1.3200000000
5762,-26.4631189789,-16.7768624399,1.5600000000
5763,-26.4647393092,-16.7776912522,1.8200000000
5764,-26.4666088750,-16.7786476639,2.1000000000
5765,-26.4687446051,-16.7797424960,2.4000000000
5766,-26.4711648089,-16.7809838716,2.7200000000
5767,-26.4738872493,-16.7823809823,3.0600000000
5768,-26.4769303709,-16.7839416908,3.4200000000
5769,-26.4803103463,-16.7856782869,3.8000000000
5770,-26.4840452531,-16.7875993468,4.2000000000
5771,-26.4881523952,-16.7897149517,4.6200000000
5772,-26.4926515347,-16.7920304092,5.0600000000
5773,-26.4975602836,-16.7945552031,5.5200000000
5774,-26.5028941165,-16.7973029707,6.0000000000
5775,-26.5086722079,-16.8002801606,6.5000000000
5776,-26.5149153958,-16.8034899900,7.0200000000
5777,-26.5216374623,-16.8069493862,7.5600000000
5778,-26.5288577207,-16.8106645266,8.1200000000
5779,-26.5365918260,-16.8146486972,8.7000000000
5780,-26.5448577118,-16.8189107544,9.3000000000
5781,-26.5536764949,-16.8234533821,9.9200000000
5782,-26.5630654898,-16.8282866392,10.5600000000
5783,-26.5730440457,-16.8334166316,11.2200000000
5784,-26.5836316466,-16.8388491914,11.9000000000
5785,-26.5948394619,-16.8446063501,12.6000000000
5786,-26.6066881522,-16.8506916552,13.3200000000
5787,-26.6191905904,-16.8571238120,14.0600000000
5788,-26.6323681933,-16.8639049019,14.8200000000
5789,-26.6462345630,-16.8710521945,15.6000000000
5790,-26.6608044442,-16.8785807110,16.4000000000
5791,-26.6761087539,-16.8864741580,17.2200000000
5792,-26.6921566049,-16.8947584853,18.0600000000
5793,-26.7089655238,-16.9034433368,18.9200000000
5794,-26.7265565452,-16.9125315691,19.8000000000
5795,-26.7449490263,-16.9220292865,20.7000000000
5796,-26.7641562496,-16.9319543546,21.6200000000
5797,-26.7842036512,-16.9423011072,22.5600000000
5798,-26.8050378034,-16.9531292420,23.4800000000
5799,-26.8267043599,-16.9643071096,24.3800000000
5800,-26.8491808103,-16.9758343286,25.2600000000
5801,-26.8724371861,-16.9878129173,26.1600000000
5802,-26.8965038772,-17.0001399598,27.0400000000
5803,-26.9213589248,-17.0128142097,27.9000000000
5804,-26.9469810027,-17.0258333005,28.7400000000
5805,-26.9733850047,-17.0392119655,29.6000000000
5806,-27.0005506277,-17.0529459571,30.4400000000
5807,-27.0283865879,-17.0671708269,31.2600000000
5808,-27.0569200470,-17.0818763264,32.1000000000
5809,-27.0861414074,-17.0970367516,32.9200000000
5810,-27.1161518569,-17.1124999505,33.7600000000
5811,-27.1469623129,-17.1282879271,34.6200000000
5812,-27.1785067315,-17.1445728788,35.5000000000
5813,-27.2108780688,-17.1612178937,36.4000000000
5814,-27.2441030365,-17.1782144794,37.3200000000
5815,-27.2781581670,-17.1955643060,38.2200000000
5816,-27.3130565793,-17.2132854917,39.1400000000
5817,-27.3488122223,-17.2313946162,40.0800000000
5818,-27.3853542609,-17.2500751145,41.0400000000
5819,-27.4227991704,-17.2691423418,42.0200000000
5820,-27.4610715369,-17.2887878594,43.0200000000
5821,-27.5002542764,-17.3088056744,44.0000000000
5822,-27.5402683924,-17.3293937906,45.0000000000
5823,-27.5811985220,-17.3503433703,45.9800000000
5824,-27.6230552358,-17.3716772848,46.9800000000
5825,-27.6658147317,-17.3933979458,47.9600000000
5826,-27.7094542052,-17.4155059250,48.9200000000
5827,-27.7539516707,-17.4380002614,49.8600000000
5828,-27.7992858348,-17.4608786784,50.7800000000
5829,-27.8453952032,-17.4842185272,51.6800000000
5830,-27.8923080637,-17.5079195213,52.5600000000
5831,-27.9399403041,-17.5321917540,53.4600000000
5832,-27.9883888728,-17.5568001222,54.3400000000
5833,-28.0375304334,-17.5819426562,55.2000000000
5834,-28.0873613703,-17.6075816759,56.0400000000
5835,-28.1379765359,-17.6334885208,56.8600000000
5836,-28.1892845079,-17.6598851496,57.7000000000
5837,-28.2412794469,-17.6867387661,58.5200000000
5838,-28.2939539188,-17.7140199393,59.3200000000
5839,-28.3473966931,-17.7415132089,60.1000000000
5840,-28.4015769010,-17.7692340435,60.8600000000
5841,-28.4565016289,-17.7972119610,61.6400000000
5842,-28.5120852393,-17.8256586806,62.4400000000
5843,-28.5683573404,-17.8545598611,63.2600000000
5844,-28.6254319779,-17.8836488514,64.0600000000
5845,-28.6831542918,-17.9131845938,64.8400000000
5846,-28.7417154636,-17.9428358797,65.6400000000
5847,-28.8009123109,-17.9729581251,66.4200000000
5848,-28.8607752407,-18.0035352086,67.2200000000
5849,-28.9215272531,-18.0340834163,68.0000000000
5850,-28.9828840293,-18.0651202269,68.7600000000
5851,-29.0450759766,-18.0961429878,69.5000000000
5852,-29.1079338106,-18.1275334369,70.2600000000
5853,-29.1713600043,-18.1594413975,71.0000000000
5854,-29.2357131928,-18.1911025020,71.7200000000
5855,-29.3005954177,-18.2233631357,72.4600000000
5856,-29.3665220933,-18.2551276733,73.1800000000
5857,-29.4334651807,-18.2863827122,73.8800000000
5858,-29.5007790546,-18.3185386195,74.6000000000
5859,-29.5692361988,-18.3499027616,75.3000000000
5860,-29.6379975089,-18.3823206986,76.0200000000
5861,-29.7079479423,-18.4138309392,76.7200000000
5862,-29.7791288396,-18.4443306681,77.4400000000
5863,-29.8504047811,-18.4763556546,78.1400000000
5864,-29.9230186620,-18.5070120844,78.8200000000
5865,-29.9956108071,-18.5393764302,79.4800000000
5866,-30.0682389472,-18.5732049338,80.1200000000
5867,-30.1425041808,-18.6048849383,80.7400000000
5868,-30.2166371976,-18.6383586806,81.3400000000
5869,-30.2924391026,-18.6694224472,81.9200000000
5870,-30.3679428507,-18.7026208572,82.4800000000
5871,-30.4432611405,-18.7376368368,83.0600000000
5872,-30.5206291721,-18.7694673769,83.6600000000
5873,-30.5477031436,-18.7813184135,29.5541368146
5874,-30.5745689337,-18.7936341078,29.5541368146
5875,-30.6012711796,-18.8063004833,29.5541368146
5876,-30.6285906402,-18.8175740841,29.5541368146
5877,-30.6556847883,-18.8293789196,29.5541368146
5878,-30.6833021906,-18.8399015661,29.5541368146
5879,-30.7113020687,-18.8493595698,29.5541368146
5880,-30.7389902309,-18.8596945915,29.5541368146
5881,-30.7664129434,-18.8707146570,29.5541368146
5882,-30.7942959217,-18.8805119282,29.5541368146
5883,-30.8225144469,-18.8892961092,29.5541368146
5884,-30.8509803014,-18.8972423117,29.5541368146
5885,-30.8790949187,-18.9063535846,29.5541368146
5886,-30.9073954039,-18.9148700124,29.5541368146
5887,-30.9359358377,-18.9225440361,29.5541368146
5888,-30.9646543865,-18.9295219983,29.5541368146
5889,-30.9935067599,-18.9359241505,29.5541368146
5890,-31.0219831199,-18.9438326224,29.5541368146
5891,-31.0501012006,-18.9529332013,29.5541368146
5892,-31.0778978974,-18.9629726560,29.5541368146
5893,-31.1061113474,-18.9717731242,29.5541368146
5894,-31.1346237780,-18.9795505472,29.5541368146
5895,-31.1633529445,-18.9864846651,29.5541368146
5896,-31.1922410122,-18.9927237794,29.5541368146
5897,-31.2212469790,-18.9983895447,29.5541368146
5898,-31.2503415111,-19.0035813850,29.5541368146
5899,-31.2794625840,-19.0086222297,29.5541368146
5900,-31.3084182672,-19.0145396117,29.5541368146
5901,-31.3374832947,-19.0198941595,29.5541368146
5902,-31.3666301241,-19.0247838772,29.5541368146
5903,-31.3958191644,-19.0292855619,29.5341368146
5904,-31.4250161420,-19.0334617566,29.4941368146
5905,-31.4539234922,-19.0392141339,29.4741368146
5906,-31.4829425598,-19.0443734418,29.4741368146
5907,-31.5119272444,-19.0496112118,29.4541368146
5908,-31.5408000352,-19.0554342803,29.4541368146
5909,-31.5698182238,-19.0605985295,29.4741368146
5910,-31.5986195293,-19.0668602820,29.4741368146
5911,-31.6275982552,-19.0723500497,29.4941368146
5912,-31.6564178718,-19.0788072113,29.5341368146
5913,-31.6854160881,-19.0845125118,29.5541368146
5914,-31.7145841079,-19.0895164658,29.5941368146
5915,-31.7436306614,-19.0954885307,29.6541368146
5916,-31.7728672062,-19.1006814306,29.6941368146
5917,-31.8022308667,-19.1052317464,29.7141368146
5918,-31.8316718319,-19.1092516337,29.7141368146
5919,-31.8610795932,-19.1133656747,29.6941368146
5920,-31.8905091329,-19.1170084790,29.6541368146
5921,-31.9199239686,-19.1202612278,29.5941368146
5922,-31.9493322322,-19.1231939804,29.5541368146
5923,-31.9785452400,-19.1272565261,29.4941368146
5924,-32.0077834524,-19.1308164576,29.4541368146
5925,-32.0370448078,-19.1340010285,29.4341368146
5926,-32.0661803189,-19.1381831814,29.4341368146
5927,-32.0950844408,-19.1431104830,29.3210941335
5928,-32.1220626104,-19.1470286974,27.2612186073
5929,-32.1469748392,-19.1508395648,25.2020208869
5930,-32.1697628100,-19.1548242225,23.1337223748
5931,-32.1905885520,-19.1578994416,21.0515676820
5932,-32.2094064779,-19.1602664934,18.9662139096
5933,-32.2280352039,-19.1632505506,18.8662139096
5934,-32.2466094556,-19.1657838705,18.7462139096
5935,-32.2649609709,-19.1688519448,18.6062139096
5936,-32.2832071039,-19.1715614541,18.4462139096
5937,-32.3013689698,-19.1738558153,18.3062139096
5938,-32.3194491538,-19.1758167647,18.1862139096
5939,-32.3373564489,-19.1783544640,18.0862139096
5940,-32.3551941189,-19.1804997777,17.9662139096
5941,-32.3729265558,-19.1823258622,17.8262139096
5942,-32.3904728998,-19.1846998510,17.7062139096
5943,-32.4079250181,-19.1866987095,17.5662139096
5944,-32.4252884038,-19.1883967142,17.4462139096
5945,-32.4425335107,-19.1898497541,17.3062139096
5946,-32.4596338601,-19.1911030314,17.1462139096
5947,-32.4765650240,-19.1921930322,16.9662139096
5948,-32.4932466259,-19.1938753184,16.7662139096
5949,-32.5097717438,-19.1952976304,16.5862139096
5950,-32.5260862201,-19.1972103162,16.4262139096
5951,-32.5422175662,-19.1994509494,16.2862139096
5952,-32.5581844864,-19.2019815480,16.1662139096
5953,-32.5740745905,-19.2040658042,16.0262139096
5954,-32.5897631879,-19.2064332194,15.8662139096
5955,-32.6052374628,-19.2090030688,15.6862139096
5956,-32.6206011931,-19.2112434054,15.5262139096
5957,-32.6358376478,-19.2130755435,15.3462139096
5958,-32.6509091086,-19.2145784959,15.1462139096
5959,-32.6657839210,-19.2158161613,14.9262139096
5960,-32.6804546455,-19.2170933538,14.7262139096
5961,-32.6948717975,-19.2186983361,14.5062139096
5962,-32.7090723544,-19.2204338308,14.3062139096
5963,-32.7230649943,-19.2223718576,14.1262139096
5964,-32.7369026625,-19.2239397775,13.9262139096
5965,-32.7505337420,-19.2257151841,13.7462139096
5966,-32.7639825769,-19.2276423702,13.5862139096
5967,-32.7772985470,-19.2291952746,13.4062139096
5968,-32.7904850848,-19.2304512222,13.2462139096
5969,-32.8035116546,-19.2314682896,13.0662139096
5970,-32.8163513850,-19.2322933858,12.8662139096
5971,-32.8290197337,-19.2329664112,12.6862139096
5972,-32.8415118789,-19.2338896361,12.5262139096
5973,-32.8538424503,-19.2350623696,12.3862139096
5974,-32.8660308298,-19.2360234692,12.2262139096
5975,-32.8780521722,-19.2367971588,12.0462139096
5976,-32.8898943299,-19.2378195977,11.8862139096
5977,-32.9016098814,-19.2386677686,11.7462139096
5978,-32.9132157094,-19.2393559592,11.6262139096
5979,-32.9246885181,-19.2399107313,11.4862139096
5980,-32.9360058913,-19.2403581524,11.3262139096
5981,-32.9471862353,-19.2407204904,11.1862139096
5982,-32.9581989374,-19.2412661873,11.0262139096
5983,-32.9690168553,-19.2420491362,10.8462139096
5984,-32.9796848742,-19.2426724668,10.6862139096
5985,-32.9901793984,-19.2431679381,10.5062139096
5986,-33.0004709002,-19.2437184254,10.3062139096
5987,-33.0105477477,-19.2441529996,10.0862139096
5988,-33.0204279876,-19.2444966359,9.8862139096
5989,-33.0300899155,-19.2447844560,9.6662139096
5990,-33.0395134135,-19.2450107175,9.4262139096
5991,-33.0486779131,-19.2451879884,9.1662139096
5992,-33.0575946630,-19.2455989199,8.9262139096
5993,-33.0662812171,-19.2461836753,8.7062139096
5994,-33.0747575043,-19.2468965778,8.5062139096
5995,-33.0830251102,-19.2474515861,8.2862139096
5996,-33.0910598268,-19.2478815716,8.0462139096
5997,-33.0988742113,-19.2483117106,7.8262139096
5998,-33.1064799786,-19.2488697808,7.6262139096
5999,-33.1139135537,-19.2493034431,7.4462139096
6000,-33.1211520206,-19.2496384234,7.2462139096
6001,-33.1281735343,-19.2498953820,7.0262139096
6002,-33.1349513536,-19.2502328202,6.7862139096
6003,-33.1414725278,-19.2504892471,6.5262139096
6004,-33.1477557383,-19.2506835436,6.2862139096
6005,-33.1537798100,-19.2508442151,6.0262139096
6006,-33.1595647784,-19.2509642616,5.7862139096
6007,-33.1651302429,-19.2510555961,5.5662139096
6008,-33.1704960375,-19.2511226821,5.3662139096
6009,-33.1756820243,-19.2511712173,5.1862139096
6010,-33.1807079463,-19.2512253845,5.0262139096
6011,-33.1855540071,-19.2512639053,4.8462139096
6012,-33.1902001463,-19.2512902616,4.6462139096
6013,-33.1946640801,-19.2514329553,4.4662139096
6014,-33.1989670174,-19.2516009093,4.3062139096
6015,-33.2030913155,-19.2517266357,4.1262139096
6016,-33.2070564223,-19.2518203417,3.9662139096
6017,-33.2108817231,-19.2519039251,3.8262139096
6018,-33.2145463369,-19.2520122301,3.6662139096
6019,-33.2180680385,-19.2521905640,3.5262139096
6020,-33.2214302737,-19.2523541812,3.3662139096
6021,-33.2246141782,-19.2524754702,3.1862139096
6022,-33.2276390643,-19.2525651060,3.0262139096
6023,-33.2305216157,-19.2527104605,2.8862139096
6024,-33.2332457088,-19.2528179753,2.7262139096
6025,-33.2357896012,-19.2529266800,2.5462139096
6026,-33.2381719856,-19.2530618140,2.3862139096
6027,-33.2404159816,-19.2531616093,2.2462139096
6028,-33.2425408619,-19.2532369024,2.1262139096
6029,-33.2445640440,-19.2533477048,2.0262139096
6030,-33.2464685069,-19.2534293903,1.9062139096
6031,-33.2482732551,-19.2535021404,1.8062139096
6032,-33.2499965166,-19.2536030570,1.7262139096
6033,-33.2516208147,-19.2536819704,1.6262139096
6034,-33.2531259460,-19.2537390687,1.5062139096
6035,-33.2545315516,-19.2537804268,1.4062139096
6036,-33.2558574264,-19.2538104152,1.3262139096
6037,-33.2571234536,-19.2538321610,1.2662139096
6038,-33.2583095525,-19.2538486742,1.1862139096
6039,-33.2594356738,-19.2538631215,1.1262139096
6040,-33.2605218402,-19.2538732828,1.0862139096
6041,-33.2615479720,-19.2538862581,1.0262139096
6042,-33.2624935663,-19.2539204952,0.9462139096
6043,-33.2633793271,-19.2539488332,0.8862139096
6044,-33.2641852952,-19.2539687371,0.8062139096
6045,-33.2649312691,-19.2539876615,0.7462139096
6046,-33.2656373303,-19.2540023495,0.7062139096
6047,-33.2662830136,-19.2540285310,0.6462139096
6048,-33.2668489459,-19.2540463882,0.5662139096
6049,-33.2673544949,-19.2540723243,0.5062139096
6050,-33.2677803588,-19.2540895944,0.4262139096
6051,-33.2681463678,-19.2541018437,0.3662139096
6052,-33.2684724493,-19.2541111375,0.3262139096
6053,-33.2687785895,-19.2541178564,0.3062139096
6054,-33.2690847522,-19.2541234548,0.3062139096
6055,-33.2693709389,-19.2541274006,0.2862139096
6056,-33.2696171400,-19.2541299108,0.2462139096
6057,-33.2698033489,-19.2541312753,0.1862139096
6058,-33.2699495610,-19.2541320121,0.1462139096
6059,-33.2700757178,-19.2541358062,0.1262139096
6060,-33.2701618236,-19.2541401230,0.0862139096
6061,-33.2701880173,-19.2541411522,0.0262139096
6062,-33.2701880173,-19.2541411522,0.0000000000
6063,-33.2701880173,-19.2541411522,0.0000000000
6064,-33.2701880173,-19.2541411522,0.0000000000
6065,-33.2702080118,-19.2541416206,0.0200000000
6066,-33.2702680021,-19.2541426982,0.0600000000
6067,-33.2703479947,-19.2541437861,0.0800000000
6068,-33.2704679812,-19.2541455902,0.1200000000
6069,-33.2706078795,-19.2541509243,0.1400000000
6070,-33.2707478177,-19.2541550862,0.1400000000
6071,-33.2708676685,-19.2541610682,0.1200000000
6072,-33.2709475752,-19.2541649294,0.0800000000
6073,-33.2710074964,-19.2541680035,0.0600000000
6074,-33.2710674478,-19.2541704187,0.0600000000
6075,-33.2711473736,-19.2541738642,0.0800000000
6076,-33.2712273281,-19.2541765621,0.0800000000
6077,-33.2713272936,-19.2541791867,0.1000000000
6078,-33.2714672649,-19.2541820239,0.1400000000
6079,-33.2716671970,-19.2541872325,0.2000000000
6080,-33.2719471039,-19.2541944541,0.2800000000
6081,-33.2722870365,-19.2542012221,0.3400000000
6082,-33.2726669926,-19.2542069969,0.3800000000
6083,-33.2730669658,-19.2542116266,0.4000000000
6084,-33.2734668921,-19.2542193061,0.4000000000
6085,-33.2738468514,-19.2542248655,0.3800000000
6086,-33.2741868310,-19.2542285965,0.3400000000
6087,-33.2744668219,-19.2542308498,0.2800000000
6088,-33.2747067486,-19.2542367829,0.2400000000
6089,-33.2748867159,-19.2542402110,0.1800000000
6090,-33.2750265966,-19.2542459894,0.1400000000
6091,-33.2751065495,-19.2542487339,0.0800000000
6092,-33.2751465352,-19.2542498025,0.0400000000
6093,-33.2751665297,-19.2542502739,0.0200000000
6094,-33.2751865264,-19.2542506363,0.0200000000
6095,-33.2751865264,-19.2542506363,0.0000000000
6096,-33.2751865264,-19.2542506363,0.0000000000
6097,-33.2752065180,-19.2542512143,0.0200000000
6098,-33.2752264939,-19.2542521972,0.0200000000
6099,-33.2752664641,-19.2542537406,0.0400000000
6100,-33.2753064452,-19.2542549690,0.0400000000
6101,-33.2753264371,-19.2542555393,0.0200000000
6102,-33.2753264371,-19.2542555393,0.0000000000
6103,-33.2753264371,-19.2542555393,0.0000000000
6104,-33.2753464219,-19.2542563176,0.0200000000
6105,-33.2753664127,-19.2542569253,0.0200000000
6106,-33.2754064016,-19.2542578674,0.0400000000
6107,-33.2754863885,-19.2542593142,0.0800000000
6108,-33.2756262739,-19.2542649796,0.1400000000
6109,-33.2758061217,-19.2542723800,0.1800000000
6110,-33.2760457804,-19.2542851738,0.2400000000
6111,-33.2763654997,-19.2542985738,0.3200000000
6112,-33.2767852749,-19.2543123153,0.4200000000
6113,-33.2772851138,-19.2543250062,0.5000000000
6114,-33.2778849616,-19.2543385191,0.6000000000
6115,-33.2786047372,-19.2543564931,0.7200000000
6116,-33.2794242025,-19.2543861020,0.8200000000
6117,-33.2803238482,-19.2544113513,0.9000000000
6118,-33.2812835177,-19.2544365400,0.9600000000
6119,-33.2823231868,-19.2544627730,1.0400000000
6120,-33.2834225546,-19.2545000634,1.1000000000
6121,-33.2845621622,-19.2545299699,1.1400000000
6122,-33.2857208964,-19.2545841468,1.1600000000
6123,-33.2869200719,-19.2546286228,1.2000000000
6124,-33.2881390522,-19.2546784929,1.2200000000
6125,-33.2893984169,-19.2547184993,1.2600000000
6126,-33.2906780348,-19.2547497708,1.2800000000
6127,-33.2919577701,-19.2547758005,1.2800000000
6128,-33.2932568975,-19.2548234247,1.3000000000
6129,-33.2945563774,-19.2548601960,1.3000000000
6130,-33.2958760698,-19.2548886914,1.3200000000
6131,-33.2972358911,-19.2549107377,1.3600000000
6132,-33.2986557361,-19.2549317136,1.4200000000
6133,-33.3001153854,-19.2549637142,1.4600000000
6134,-33.3016351805,-19.2549886728,1.5200000000
6135,-33.3031950681,-19.2550073957,1.5600000000
6136,-33.3047750117,-19.2550207427,1.5800000000
6137,-33.3063949865,-19.2550297893,1.6200000000
6138,-33.3080349777,-19.2550351588,1.6400000000
6139,-33.3096749760,-19.2550374648,1.6400000000
6140,-33.3113349760,-19.2550372854,1.6600000000
6141,-33.3129949746,-19.2550350618,1.6600000000
6142,-33.3146748348,-19.2550567331,1.6800000000
6143,-33.3163537907,-19.2551159525,1.6800000000
6144,-33.3180131907,-19.2551605793,1.6600000000
6145,-33.3196326781,-19.2552013315,1.6200000000
6146,-33.3211922971,-19.2552358080,1.5600000000
6147,-33.3226709652,-19.2552985810,1.4800000000
6148,-33.3240485934,-19.2553794545,1.3800000000
6149,-33.3253053692,-19.2554695362,1.2600000000
6150,-33.3264623941,-19.2555525632,1.1600000000
6151,-33.3274989121,-19.2556375940,1.0400000000
6152,-33.3284369897,-19.2556976812,0.9400000000
6153,-33.3292546460,-19.2557596349,0.8200000000
6154,-33.3299333383,-19.2558017852,0.6800000000
6155,-33.3304925853,-19.2558308178,0.5600000000
6156,-33.3309521022,-19.2558518942,0.4600000000
6157,-33.3312918934,-19.2558638070,0.3400000000
6158,-33.3314918237,-19.2558690853,0.2000000000
6159,-33.3315318105,-19.2558701123,0.0400000000
6160,-33.3315318105,-19.2558701123,0.0000000000
6161,-33.3315318105,-19.2558701123,0.0000000000
6162,-33.3315318105,-19.2558701123,0.0000000000
6163,-33.3315318105,-19.2558701123,0.0000000000
6164,-33.3315318105,-19.2558701123,0.0000000000
6165,-33.3315318105,-19.2558701123,0.0000000000
6166,-33.3315318105,-19.2558701123,0.0000000000
6167,-33.3315318105,-19.2558701123,0.0000000000
6168,-33.3315518075,-19.2558704616,0.0200000000
6169,-33.3315718054,-19.2558707535,0.0200000000
6170,-33.3316117851,-19.2558720262,0.0400000000
6171,-33.3316517740,-19.2558729697,0.0400000000
6172,-33.3316717711,-19.2558733093,0.0200000000
6173,-33.3316917668,-19.2558737240,0.0200000000
6174,-33.3316917668,-19.2558737240,0.0000000000
6175,-33.3316917668,-19.2558737240,0.0000000000
6176,-33.3317117639,-19.2558740632,0.0200000000
6177,-33.3317317626,-19.2558742949,0.0200000000
6178,-33.3317717615,-19.2558745851,0.0400000000
6179,-33.3318117610,-19.2558747864,0.0400000000
6180,-33.3318317610,-19.2558748259,0.0200000000
6181,-33.3318517608,-19.2558749195,0.0200000000
6182,-33.3318517608,-19.2558749195,0.0000000000
6183,-33.3318517608,-19.2558749195,0.0000000000
6184,-33.3318717607,-19.2558749855,0.0200000000
6185,-33.3319317533,-19.2558759260,0.0600000000
6186,-33.3320117490,-19.2558767546,0.0800000000
6187,-33.3320917348,-19.2558782603,0.0800000000
6188,-33.3321917186,-19.2558800605,0.1000000000
6189,-33.3322917097,-19.2558813998,0.1000000000
6190,-33.3324117054,-19.2558824120,0.1200000000
6191,-33.3325717021,-19.2558834378,0.1600000000
6192,-33.3327917002,-19.2558843583,0.2200000000
6193,-33.3330917000,-19.2558846560,0.3000000000
6194,-33.3334516996,-19.2558840846,0.3600000000
6195,-33.3338916966,-19.2558824662,0.4400000000
6196,-33.3343916966,-19.2558823345,0.5000000000
6197,-33.3349316952,-19.2558835654,0.5400000000
6198,-33.3355316951,-19.2558837698,0.6000000000
6199,-33.3362115415,-19.2558982262,0.6800000000
6200,-33.3369913726,-19.2559144557,0.7800000000
6201,-33.3378912827,-19.2559271728,0.9000000000
6202,-33.3389312151,-19.2559390303,1.0400000000
6203,-33.3401311708,-19.2559493479,1.2000000000
6204,-33.3415110091,-19.2559704730,1.3800000000
6205,-33.3430507097,-19.2560008387,1.5400000000
6206,-33.3447300818,-19.2560467638,1.6800000000
6207,-33.3465295841,-19.2560890929,1.8000000000
6208,-33.3484687401,-19.2561463095,1.9400000000
6209,-33.3505682154,-19.2561932523,2.1000000000
6210,-33.3528075252,-19.2562488551,2.2400000000
6211,-33.3552071814,-19.2562894751,2.4000000000
6212,-33.3577870374,-19.2563167340,2.5800000000
6213,-33.3605269969,-19.2563316314,2.7400000000
6214,-33.3634069932,-19.2563362595,2.8800000000
6215,-33.3664069926,-19.2563343880,3.0000000000
6216,-33.3695069849,-19.2563412932,3.1000000000
6217,-33.3726869764,-19.2563486493,3.1800000000
6218,-33.3759669758,-19.2563466540,3.2800000000
6219,-33.3793269635,-19.2563375475,3.3600000000
6220,-33.3827869229,-19.2563207896,3.4600000000
6221,-33.3863268306,-19.2562952224,3.5400000000
6222,-33.3899266793,-19.2562622190,3.6000000000
6223,-33.3935666706,-19.2562701619,3.6400000000
6224,-33.3972666705,-19.2562691336,3.7000000000
6225,-33.4010066698,-19.2562669810,3.7400000000
6226,-33.4048066391,-19.2562516849,3.8000000000
6227,-33.4086865486,-19.2562251881,3.8800000000
6228,-33.4126265334,-19.2562361349,3.9400000000
6229,-33.4166065290,-19.2562302603,3.9800000000
6230,-33.4206465227,-19.2562231171,4.0400000000
6231,-33.4247264675,-19.2562018823,4.0800000000
6232,-33.4288663768,-19.2561744780,4.1400000000
6233,-33.4330863748,-19.2561704004,4.2200000000
6234,-33.4374063271,-19.2561500966,4.3200000000
6235,-33.4418462395,-19.2561222033,4.4400000000
6236,-33.4463861194,-19.2560891810,4.5400000000
6237,-33.4510459252,-19.2560466426,4.6600000000
6238,-33.4558456603,-19.2559962180,4.8000000000
6239,-33.4607656148,-19.2559750408,4.9200000000
6240,-33.4658254750,-19.2559374360,5.0600000000
6241,-33.4710052053,-19.2558845797,5.1800000000
6242,-33.4763251158,-19.2558537081,5.3200000000
6243,-33.4818049429,-19.2558101757,5.4800000000
6244,-33.4874647752,-19.2557666096,5.6600000000
6245,-33.4933244897,-19.2557087664,5.8600000000
6246,-33.4994043267,-19.2556642505,6.0800000000
6247,-33.5056841648,-19.2556191523,6.2800000000
6248,-33.5121839907,-19.2555715739,6.5000000000
6249,-33.5189236168,-19.2555005801,6.7400000000
6250,-33.5258830758,-19.2554138027,6.9600000000
6251,-33.5330422955,-19.2553080979,7.1600000000
6252,-33.5404212718,-19.2551851844,7.3800000000
6253,-33.5480408751,-19.2551074307,7.6200000000
6254,-33.5559203206,-19.2550139499,7.8800000000
6255,-33.5640797344,-19.2549161384,8.1600000000
6256,-33.5724989099,-19.2547983115,8.4200000000
6257,-33.5811983088,-19.2546960449,8.7000000000
6258,-33.5901575409,-19.2545787349,8.9600000000
6259,-33.5993564005,-19.2544338857,9.2000000000
6260,-33.6088149511,-19.2542682930,9.4600000000
6261,-33.6185532627,-19.2540869450,9.7400000000
6262,-33.6285923211,-19.2539494472,10.0400000000
6263,-33.6389514137,-19.2538123294,10.3600000000
6264,-33.6496100168,-19.2536397598,10.6600000000
6265,-33.6605489651,-19.2534880685,10.9400000000
6266,-33.6717475502,-19.2533100487,11.2000000000
6267,-33.6832258023,-19.2531097281,11.4800000000
6268,-33.6950040061,-19.2529040183,11.7800000000
6269,-33.7070623901,-19.2527065985,12.0600000000
6270,-33.7194217043,-19.2525764016,12.3600000000
6271,-33.7321003806,-19.2523931850,12.6800000000
6272,-33.7450789191,-19.2521984040,12.9800000000
6273,-33.7583377875,-19.2520251762,13.2600000000
6274,-33.7718561932,-19.2518175559,13.5200000000
6275,-33.7856538764,-19.2515646941,13.8000000000
6276,-33.7997507139,-19.2512660789,14.1000000000
6277,-33.8141685937,-19.2510188086,14.4200000000
6278,-33.8289255218,-19.2507176879,14.7600000000
6279,-33.8440020051,-19.2503920303,15.0800000000
6280,-33.8594175175,-19.2500200396,15.4200000000
6281,-33.8751522619,-19.2496133234,15.7400000000
6282,-33.8912261942,-19.2491716238,16.0800000000
6283,-33.9076595410,-19.2487039561,16.4400000000
6284,-33.9244732177,-19.2482427866,16.8200000000
6285,-33.9416873374,-19.2477928037,17.2200000000
6286,-33.9592818763,-19.2473543973,17.6000000000
6287,-33.9772766415,-19.2469203170,18.0000000000
6288,-33.9956921080,-19.2465116686,18.4200000000
6289,-34.0145487583,-19.2461562301,18.8600000000
6290,-34.0338655939,-19.2458065651,19.3200000000
6291,-34.0536613264,-19.2453954996,19.8000000000
6292,-34.0739565998,-19.2449574636,20.3000000000
6293,-34.0947713510,-19.2444899871,20.8200000000
6294,-34.1161256057,-19.2439946039,21.3600000000
6295,-34.1380397465,-19.2434878181,21.9200000000
6296,-34.1605342211,-19.2429892050,22.5000000000
6297,-34.1836305138,-19.2425753666,23.1000000000
6298,-34.2073463378,-19.2421302920,23.7200000000
6299,-34.2317007789,-19.2416099058,24.3600000000
6300,-34.2567130835,-19.2409894097,25.0200000000
6301,-34.2824054037,-19.2403611732,25.7000000000
6302,-34.3087965529,-19.2396776184,26.4000000000
6303,-34.3359056309,-19.2389080148,27.1200000000
6304,-34.3637539517,-19.2381013983,27.8600000000
6305,-34.3923610526,-19.2372422271,28.6200000000
6306,-34.4217076844,-19.2363563360,29.3600000000
6307,-34.4518118861,-19.2353809193,30.1200000000
6308,-34.4826959704,-19.2343892844,30.9000000000
6309,-34.5143778816,-19.2333185361,31.7000000000
6310,-34.5468788243,-19.2322053765,32.5200000000
6311,-34.5801781602,-19.2310320777,33.3200000000
6312,-34.6142984713,-19.2298727814,34.1400000000
6313,-34.6492585565,-19.2286925922,34.9800000000
6314,-34.6850757396,-19.2274139230,35.8400000000
6315,-34.7217725707,-19.2261097051,36.7200000000
6316,-34.7593288120,-19.2247736143,37.5800000000
6317,-34.7977635660,-19.2233803140,38.4600000000
6318,-34.8370957944,-19.2219020007,39.3600000000
6319,-34.8773466208,-19.2203692338,40.2800000000
6320,-34.9185325092,-19.2186926307,41.2200000000
6321,-34.9606785814,-19.2170011841,42.1800000000
6322,-35.0038013273,-19.2152083119,43.1600000000
6323,-35.0479197544,-19.2132925906,44.1600000000
6324,-35.0930556420,-19.2112965810,45.1800000000
6325,-35.1392330866,-19.2093136530,46.2200000000
6326,-35.1864675100,-19.2072381657,47.2800000000
6327,-35.2347780809,-19.2050522233,48.3600000000
6328,-35.2841869266,-19.2028033214,49.4600000000
6329,-35.3347104432,-19.2004136186,50.5800000000
6330,-35.3863723003,-19.1979619013,51.7200000000
6331,-35.4391508948,-19.1954152245,52.8400000000
6332,-35.4930683022,-19.1928164602,53.9800000000
6333,-35.5481404746,-19.1900823366,55.1400000000
6334,-35.6043462438,-19.1871927156,56.2800000000
6335,-35.6617075601,-19.1841872234,57.4400000000
6336,-35.7202455356,-19.1810872509,58.6200000000
6337,-35.7799766367,-19.1778271962,59.8200000000
6338,-35.8408808113,-19.1744093722,61.0000000000
6339,-35.9029809130,-19.1708855433,62.2000000000
6340,-35.9662948171,-19.1672186718,63.4200000000
6341,-36.0308423570,-19.1634067572,64.6600000000
6342,-36.0966520505,-19.1595948503,65.9200000000
6343,-36.1636942892,-19.1556194463,67.1600000000
6344,-36.2319969528,-19.1516141316,68.4200000000
6345,-36.3015313350,-19.1474325900,69.6600000000
6346,-36.3722780098,-19.1430872007,70.8800000000
6347,-36.4442603877,-19.1386339238,72.1200000000
6348,-36.5174573205,-19.1340552100,73.3400000000
6349,-36.5918467681,-19.1293200559,74.5400000000
6350,-36.6674098697,-19.1244480870,75.7200000000
6351,-36.7441287636,-19.1194735804,76.8800000000
6352,-36.8220226923,-19.1143844282,78.0600000000
6353,-36.9010676219,-19.1091206353,79.2200000000
6354,-36.9812492812,-19.1037698314,80.3600000000
6355,-37.0625872620,-19.0983252670,81.5200000000
6356,-37.1450593789,-19.0927552100,82.6600000000
6357,-37.2286448046,-19.0870486332,83.7800000000
6358,-37.3133139593,-19.0810696169,84.8800000000
6359,-37.3990884478,-19.0748457016,86.0000000000
6360,-37.4859896933,-19.0683995297,87.1400000000
6361,-37.5740247502,-19.0621022003,88.2600000000
6362,-37.6631445246,-19.0555542683,89.3600000000
6363,-37.7533959496,-19.0491269306,90.4800000000
6364,-37.8447705010,-19.0424250082,91.6200000000
6365,-37.9372500246,-19.0354791228,92.7400000000
6366,-38.0308560559,-19.0283121640,93.8800000000
6367,-38.1255962984,-19.0212917337,95.0000000000
6368,-38.2214864320,-19.0143648376,96.1400000000
6369,-38.3185180289,-19.0071427049,97.3000000000
6370,-38.4167385230,-18.9999981309,98.4800000000
6371,-38.5161397173,-18.9925479645,99.6800000000
6372,-38.6158715488,-18.9852293727,100.0000000000
6373,-38.7156115558,-18.9780230570,100.0000000000
6374,-38.8153570146,-18.9708925978,100.0000000000
6375,-38.9150941255,-18.9636463072,100.0000000000
6376,-39.0148352448,-18.9564554030,100.0000000000
6377,-39.1145785340,-18.9492946586,100.0000000000
6378,-39.2143010764,-18.9418505645,100.0000000000
6379,-39.3140277876,-18.9344625287,100.0000000000
6380,-39.4137357557,-18.9268257029,100.0000000000
6381,-39.5134279584,-18.9189857589,100.0000000000
6382,-39.6131070210,-18.9109804807,100.0000000000
6383,-39.7127976977,-18.9031211560,100.0000000000
6384,-39.8124751382,-18.8950957055,100.0000000000
6385,-39.9121416461,-18.8869356077,100.0000000000
6386,-40.0117908084,-18.8785663519,100.0000000000
6387,-40.1114438407,-18.8702433020,100.0000000000
6388,-40.2110322866,-18.8611801106,100.0000000000
6389,-40.3105375669,-18.8512453640,100.0000000000
6390,-40.4099409462,-18.8403381095,100.0000000000
6391,-40.5092237093,-18.8283826526,100.0000000000
6392,-40.6086326386,-18.8175260980,100.0000000000
6393,-40.7081383265,-18.8075954353,100.0000000000
6394,-40.8073136806,-18.7984739834,99.5939342929
6395,-40.9041756262,-18.7867108633,97.5736003453
6396,-40.9991733606,-18.7764112072,95.5544476478
6397,-41.0917524778,-18.7630807601,93.5339177323
6398,-41.1825621174,-18.7517304243,91.5162322744
6399,-41.2713532060,-18.7405200572,89.4959760791
6400,-41.3575657349,-18.7257102043,87.4753216252
6401,-41.3766884406,-18.7216392491,19.5512287562
6402,-41.3959418272,-18.7182395952,19.5512287562
6403,-41.4152836082,-18.7153854655,19.5512287562
6404,-41.4346854426,-18.7129731294,19.5512287562
6405,-41.4539331884,-18.7095416825,19.5512287562
6406,-41.4730150813,-18.7052835244,19.5512287562
6407,-41.4922458122,-18.7017579698,19.5512287562
6408,-41.5113028890,-18.6973900907,19.5512287562
6409,-41.5304029362,-18.6932141185,19.5512287562
6410,-41.5493256401,-18.6882966168,19.5512287562
6411,-41.5680810319,-18.6827752197,19.5512287562
6412,-41.5868131137,-18.6771752505,19.5512287562
6413,-41.6058264652,-18.6726208007,19.5512287562
6414,-41.6246510867,-18.6673402543,19.5512287562
6415,-41.6437292095,-18.6630652364,19.5512287562
6416,-41.6626057012,-18.6579732226,19.5512287562
6417,-41.6817214646,-18.6538697930,19.5512287562
6418,-41.7009927338,-18.6505730171,19.5512287562
6419,-41.7200493142,-18.6462029725,19.5512287562
6420,-41.7388863685,-18.6409669500,19.5512287562
6421,-41.7579837703,-18.6367788969,19.5512287562
6422,-41.7772489110,-18.6334464955,19.5512287562
6423,-41.7962828524,-18.6289788761,19.5512287562
6424,-41.8150788141,-18.6235972066,19.5512287562
6425,-41.8341573761,-18.6193241492,19.5512287562
6426,-41.8529874691,-18.6140631470,19.5512287562
6427,-41.8715768067,-18.6080061615,19.5512287562
6428,-41.8899440120,-18.6013056903,19.5512287562
6429,-41.9087630042,-18.5960051168,19.5512287562
6430,-41.9273276044,-18.5898727301,19.5512287562
6431,-41.9456568541,-18.5830691172,19.5512287562
6432,-41.9637749331,-18.5757216170,19.5512287562
6433,-41.9824240019,-18.5699180723,19.5312287562
6434,-42.0013770203,-18.5653693261,19.4912287562
6435,-42.0199869952,-18.5597799178,19.4312287562
6436,-42.0382460030,-18.5533706519,19.3512287562
6437,-42.0561966980,-18.5463049562,19.2912287562
6438,-42.0745673437,-18.5406843971,19.2112287562
6439,-42.0931914372,-18.5362220319,19.1512287562
6440,-42.1119312172,-18.5326819172,19.0712287562
6441,-42.1305793388,-18.5291955029,18.9712287562
6442,-42.1488109668,-18.5244021154,18.8512287562
6443,-42.1665970547,-18.5185913358,18.7112287562
6444,-42.1839733666,-18.5119809220,18.5912287562
6445,-42.2009502332,-18.5047536236,18.4512287562
6446,-42.2175430875,-18.4970564660,18.2912287562
6447,-42.2345882202,-18.4908170303,18.1512287562
6448,-42.2518936685,-18.4857527760,18.0312287562
6449,-42.2693036355,-18.4816309906,17.8912287562
6450,-42.2867103774,-18.4782543343,17.7312287562
6451,-42.3040375542,-18.4754588778,17.5512287562
6452,-42.3212291157,-18.4731103994,17.3512287562
6453,-42.3379597876,-18.4692457240,17.1712287562
6454,-42.3541685791,-18.4642160437,16.9712287562
6455,-42.3698414946,-18.4583030594,16.7512287562
6456,-42.3856167733,-18.4534285073,16.5112287562
6457,-42.4013567302,-18.4493842285,16.2512287562
6458,-42.4164994254,-18.4443069330,15.9712287562
6459,-42.4316332581,-18.4400867648,15.7112287562
6460,-42.4461742136,-18.4349211639,15.4312287562
6461,-42.4601255479,-18.4290633183,15.1312287562
6462,-42.4741622735,-18.4242126141,14.8512287562
6463,-42.4876476101,-18.4186403926,14.5912287562
6464,-42.5006338113,-18.4125316820,14.3512287562
6465,-42.5138215705,-18.4074548097,14.1312287562
6466,-42.5270502333,-18.4032158572,13.8912287562
6467,-42.5402452281,-18.3996389021,13.6712287562
6468,-42.5529438808,-18.3951424342,13.4712287562
6469,-42.5656132662,-18.3912589129,13.2512287562
6470,-42.5777550183,-18.3865823832,13.0112287562
6471,-42.5893753245,-18.3813324006,12.7512287562
6472,-42.6004933616,-18.3756825512,12.4712287562
6473,-42.6113280711,-18.3701374742,12.1712287562
6474,-42.6222554312,-18.3655500540,11.8512287562
6475,-42.6331558663,-18.3617275677,11.5512287562
6476,-42.6439580367,-18.3585098491,11.2712287562
6477,-42.6546220945,-18.3557666706,11.0112287562
6478,-42.6650887133,-18.3533983035,10.7312287562
6479,-42.6753507080,-18.3513154937,10.4712287562
6480,-42.6854100751,-18.3494480960,10.2312287562
6481,-42.6950260709,-18.3466628983,10.0112287562
6482,-42.7041671517,-18.3432107172,9.7712287562
6483,-42.7129944310,-18.3395631001,9.5512287562
6484,-42.7214155023,-18.3354972624,9.3512287562
6485,-42.7294442052,-18.3311476337,9.1312287562
6486,-42.7375440819,-18.3274807622,8.8912287562
6487,-42.7455956665,-18.3243710847,8.6312287562
6488,-42.7532143936,-18.3208543082,8.3912287562
6489,-42.7608157831,-18.3178563327,8.1712287562
6490,-42.7680948504,-18.3147067979,7.9312287562
6491,-42.7752808462,-18.3120217998,7.6712287562
6492,-42.7820512824,-18.3089584104,7.4312287562
6493,-42.7887694326,-18.3063376705,7.2112287562
6494,-42.7953641894,-18.3040777561,6.9712287562
6495,-42.8018192141,-18.3020999425,6.7512287562
6496,-42.8078711252,-18.2996977619,6.5112287562
6497,-42.8135562752,-18.2970035776,6.2912287562
6498,-42.8189177356,-18.2941125899,6.0912287562
6499,-42.8239646734,-18.2911126322,5.8712287562
6500,-42.8287396369,-18.2880528023,5.6712287562
6501,-42.8335456376,-18.2854802059,5.4512287562
6502,-42.8380648623,-18.2828058815,5.2512287562
6503,-42.8426008673,-18.2805382793,5.0712287562
6504,-42.8468814918,-18.2781307033,4.9112287562
6505,-42.8509453352,-18.2756307431,4.7712287562
6506,-42.8547949633,-18.2730922802,4.6112287562
6507,-42.8584314758,-18.2705601733,4.4312287562
6508,-42.8618539991,-18.2680722765,4.2312287562
6509,-42.8653285722,-18.2659890586,4.0512287562
6510,-42.8687101522,-18.2640638111,3.8912287562
6511,-42.8719045297,-18.2620971720,3.7512287562
6512,-42.8750911678,-18.2604411945,3.5912287562
6513,-42.8780643093,-18.2587687976,3.4112287562
6514,-42.8808317667,-18.2570624366,3.2512287562
6515,-42.8835909638,-18.2556248776,3.1112287562
6516,-42.8861762721,-18.2541203409,2.9912287562
6517,-42.8887307990,-18.2528538902,2.8512287562
6518,-42.8910779952,-18.2515373105,2.6912287562
6519,-42.8932162342,-18.2502204188,2.5112287562
6520,-42.8951768163,-18.2489225765,2.3512287562
6521,-42.8969879959,-18.2476540494,2.2112287562
6522,-42.8987944531,-18.2466005076,2.0912287562
6523,-42.9004754906,-18.2455332191,1.9912287562
6524,-42.9020573046,-18.2444605309,1.9112287562
6525,-42.9036673611,-18.2435468758,1.8512287562
6526,-42.9051714426,-18.2426114667,1.7712287562
6527,-42.9066501690,-18.2418327666,1.6712287562
6528,-42.9080982236,-18.2411731099,1.5912287562
6529,-42.9094524524,-18.2404584591,1.5312287562
6530,-42.9108089467,-18.2398390348,1.4912287562
6531,-42.9121095442,-18.2391513138,1.4712287562
6532,-42.9134473244,-18.2385390570,1.4712287562
6533,-42.9147297103,-18.2378596815,1.4512287562
6534,-42.9160488118,-18.2372546723,1.4512287562
6535,-42.9173130209,-18.2365837094,1.4312287562
6536,-42.9185103419,-18.2358752322,1.3912287562
6537,-42.9196984387,-18.2352747359,1.3312287562
6538,-42.9208434593,-18.2347702546,1.2512287562
6539,-42.9219022166,-18.2342243069,1.1912287562
6540,-42.9229526139,-18.2337531453,1.1512287562
6541,-42.9239667321,-18.2333502254,1.0912287562
6542,-42.9249565491,-18.2329961856,1.0512287562
6543,-42.9259367658,-18.2326758608,1.0312287562
6544,-42.9268855129,-18.2323887836,0.9912287562
6545,-42.9277876684,-18.2320290604,0.9712287562
6546,-42.9286326788,-18.2316377237,0.9312287562
6547,-42.9294360841,-18.2312077495,0.9112287562
6548,-42.9301844219,-18.2307616217,0.8712287562
6549,-42.9309071110,-18.2303930940,0.8112287562
6550,-42.9315757160,-18.2300086969,0.7712287562
6551,-42.9321775624,-18.2296297151,0.7112287562
6552,-42.9327337601,-18.2292539596,0.6712287562
6553,-42.9332651180,-18.2289518680,0.6112287562
6554,-42.9337496486,-18.2286493248,0.5712287562
6555,-42.9342011476,-18.2284095260,0.5112287562
6556,-42.9345927043,-18.2282288562,0.4312287562
6557,-42.9348848807,-18.2280728259,0.3312287562
6558,-42.9351128004,-18.2279671448,0.2512287562
6559,-42.9352897334,-18.2278945971,0.1912287562
6560,-42.9354255112,-18.2278280049,0.1512287562
6561,-42.9355051541,-18.2277835112,0.0912287562
6562,-42.9355152680,-18.2277786332,0.0112287562
6563,-42.9355152680,-18.2277786332,0.0000000000
6564,-42.9355152680,-18.2277786332,0.0000000000
6565,-42.9355152680,-18.2277786332,0.0000000000
6566,-42.9355152680,-18.2277786332,0.0000000000
6567,-42.9355152680,-18.2277786332,0.0000000000
6568,-42.9355152680,-18.2277786332,0.0000000000
6569,-42.9355152680,-18.2277786332,0.0000000000
6570,-42.9355321973,-18.2277679844,0.0200000000
6571,-42.9355851088,-18.2277396934,0.0600000000
6572,-42.9356939519,-18.2276891644,0.1200000000
6573,-42.9358419657,-18.2276284032,0.1600000000
6574,-42.9360035474,-18.2275490852,0.1800000000
6575,-42.9361955755,-18.2274417296,0.2200000000
6576,-42.9364339101,-18.2272947718,0.2800000000
6577,-42.9367003867,-18.2271175989,0.3200000000
6578,-42.9370317877,-18.2269316598,0.3800000000
6579,-42.9374230346,-18.2266897386,0.4600000000
6580,-42.9379184608,-18.2264286775,0.5600000000
6581,-42.9384697633,-18.2261036152,0.6400000000
6582,-42.9391301247,-18.2257696648,0.7400000000
6583,-42.9398419846,-18.2253626569,0.8200000000
6584,-42.9406673309,-18.2249562046,0.9200000000
6585,-42.9415744947,-18.2244476243,1.0400000000
6586,-42.9426034043,-18.2238699177,1.1800000000
6587,-42.9437428030,-18.2231646726,1.3400000000
6588,-42.9450516250,-18.2224737420,1.4800000000
6589,-42.9465416553,-18.2217886073,1.6400000000
6590,-42.9481898069,-18.2211163005,1.7800000000
6591,-42.9499729690,-18.2204603029,1.9000000000
6592,-42.9519062727,-18.2198091986,2.0400000000
6593,-42.9539679305,-18.2191648638,2.1600000000
6594,-42.9561747760,-18.2185169187,2.3000000000
6595,-42.9584274654,-18.2176327295,2.4200000000
6596,-42.9608007424,-18.2167854066,2.5200000000
6597,-42.9631746534,-18.2157249602,2.6000000000
6598,-42.9656446869,-18.2147377750,2.6600000000
6599,-42.9680757037,-18.2135629740,2.7000000000
6600,-42.9705760214,-18.2124920812,2.7200000000
6601,-42.9730368399,-18.2112422924,2.7600000000
6602,-42.9755742411,-18.2101065128,2.7800000000
6603,-42.9780520351,-18.2088459824,2.7800000000
6604,-42.9804431091,-18.2074674452,2.7600000000
6605,-42.9828757089,-18.2062505399,2.7200000000
6606,-42.9851870630,-18.2049340134,2.6600000000
6607,-42.9873716427,-18.2035614203,2.5800000000
6608,-42.9895895607,-18.2023650759,2.5200000000
6609,-42.9917499897,-18.2012309919,2.4400000000
6610,-42.9939104439,-18.2002325744,2.3800000000
6611,-42.9959361049,-18.1991432180,2.3000000000
6612,-42.9979254147,-18.1982037253,2.2000000000
6613,-42.9998415290,-18.1973944628,2.0800000000
6614,-43.0016526830,-18.1966992497,1.9400000000
6615,-43.0033306746,-18.1961053268,1.7800000000
6616,-43.0048305112,-18.1954419340,1.6400000000
6617,-43.0061427788,-18.1947575703,1.4800000000
6618,-43.0072974635,-18.1940776414,1.3400000000
6619,-43.0083223443,-18.1934158111,1.2200000000
6620,-43.0092669041,-18.1928921635,1.0800000000
6621,-43.0100839817,-18.1923881950,0.9600000000
6622,-43.0108067078,-18.1919220759,0.8600000000
6623,-43.0114149316,-18.1915005741,0.7400000000
6624,-43.0119318685,-18.1911959822,0.6000000000
6625,-43.0123350034,-18.1909354400,0.4800000000
6626,-43.0126672565,-18.1907510276,0.3800000000
6627,-43.0129292259,-18.1906048359,0.3000000000
6628,-43.0131088847,-18.1905169569,0.2000000000
6629,-43.0132135103,-18.1904581906,0.1200000000
6630,-43.0132304846,-18.1904476136,0.0200000000
6631,-43.0132304846,-18.1904476136,0.0000000000
6632,-43.0132304846,-18.1904476136,0.0000000000
6633,-43.0132304846,-18.1904476136,0.0000000000
6634,-43.0132304846,-18.1904476136,0.0000000000
6635,-43.0132304846,-18.1904476136,0.0000000000
6636,-43.0132481106,-18.1904381624,0.0200000000
6637,-43.0132661929,-18.1904296167,0.0200000000
6638,-43.0133017681,-18.1904113299,0.0400000000
6639,-43.0133745661,-18.1903781568,0.0800000000
6640,-43.0134628054,-18.1903311055,0.1000000000
6641,-43.0135894926,-18.1902715208,0.1400000000
6642,-43.0137299425,-18.1901948798,0.1600000000
6643,-43.0138669253,-18.1901122014,0.1600000000
6644,-43.0139893213,-18.1900442366,0.1400000000
6645,-43.0141136309,-18.1899798384,0.1400000000
6646,-43.0142573627,-18.1899095451,0.1600000000
6647,-43.0143965150,-18.1898305726,0.1600000000
6648,-43.0145485143,-18.1897341558,0.1800000000
6649,-43.0146994421,-18.1896360700,0.1800000000
6650,-43.0148629857,-18.1895209463,0.2000000000
6651,-43.0150659180,-18.1893928116,0.2400000000
6652,-43.0153258035,-18.1892429466,0.3000000000
6653,-43.0156256371,-18.1890826350,0.3400000000
6654,-43.0159334566,-18.1888959612,0.3600000000
6655,-43.0162329022,-18.1886961304,0.3600000000
6656,-43.0165090005,-18.1884977123,0.3400000000
6657,-43.0167476669,-18.1883159478,0.3000000000
6658,-43.0169466504,-18.1881817630,0.2400000000
6659,-43.0171174417,-18.1880776941,0.2000000000
6660,-43.0172337595,-18.1879997828,0.1400000000
6661,-43.0173192845,-18.1879479611,0.1000000000
6662,-43.0173858403,-18.1879035728,0.0800000000
6663,-43.0174183273,-18.1878802363,0.0400000000
6664,-43.0174351549,-18.1878694274,0.0200000000
6665,-43.0174515577,-18.1878579841,0.0200000000
6666,-43.0174836491,-18.1878341064,0.0400000000
6667,-43.0175466460,-18.1877847974,0.0800000000
6668,-43.0176551832,-18.1876963684,0.1400000000
6669,-43.0177945977,-18.1875825106,0.1800000000
6670,-43.0179573161,-18.1874662234,0.2000000000
6671,-43.0181166825,-18.1873453832,0.2000000000
6672,-43.0182992878,-18.1872226831,0.2200000000
6673,-43.0184799080,-18.1870970793,0.2200000000
6674,-43.0186726284,-18.1869540448,0.2400000000
6675,-43.0188617602,-18.1868062979,0.2400000000
6676,-43.0190324231,-18.1866674663,0.2200000000
6677,-43.0191790269,-18.1865630282,0.1800000000
6678,-43.0192801938,-18.1864984895,0.1200000000
6679,-43.0193130561,-18.1864756845,0.0400000000
6680,-43.0193130561,-18.1864756845,0.0000000000
6681,-43.0193130561,-18.1864756845,0.0000000000
6682,-43.0193130561,-18.1864756845,0.0000000000
6683,-43.0193130561,-18.1864756845,0.0000000000
6684,-43.0193130561,-18.1864756845,0.0000000000
6685,-43.0193130561,-18.1864756845,0.0000000000
6686,-43.0193130561,-18.1864756845,0.0000000000
6687,-43.0193130561,-18.1864756845,0.0000000000
6688,-43.0193130561,-18.1864756845,0.0000000000
6689,-43.0193283240,-18.1864627658,0.0200000000
6690,-43.0193434373,-18.1864496666,0.0200000000
6691,-43.0193754271,-18.1864256531,0.0400000000
6692,-43.0194068429,-18.1864008933,0.0400000000
6693,-43.0194223150,-18.1863882198,0.0200000000
6694,-43.0194223150,-18.1863882198,0.0000000000
6695,-43.0194223150,-18.1863882198,0.0000000000
6696,-43.0194373111,-18.1863749866,0.0200000000
6697,-43.0194522048,-18.1863616384,0.0200000000
6698,-43.0194522048,-18.1863616384,0.0000000000
6699,-43.0194522048,-18.1863616384,0.0000000000
6700,-43.0194522048,-18.1863616384,0.0000000000
6701,-43.0194522048,-18.1863616384,0.0000000000
6702,-43.0194672574,-18.1863484695,0.0200000000
6703,-43.0195120766,-18.1863085792,0.0600000000
6704,-43.0196072868,-18.1862355379,0.1200000000
6705,-43.0197340862,-18.1861379577,0.1600000000
6706,-43.0199055669,-18.1860001376,0.2200000000
6707,-43.0201054486,-18.1858338628,0.2600000000
6708,-43.0203320798,-18.1856694295,0.2800000000
6709,-43.0205670967,-18.1855172222,0.2800000000
6710,-43.0207798992,-18.1853678399,0.2600000000
6711,-43.0209660334,-18.1852505622,0.2200000000
6712,-43.0211308663,-18.1851372921,0.2000000000
6713,-43.0212597782,-18.1850425201,0.1600000000
6714,-43.0213769010,-18.1849658243,0.1400000000
6715,-43.0214972369,-18.1848942751,0.1400000000
6716,-43.0215975188,-18.1848283697,0.1200000000
6717,-43.0216627489,-18.1847820551,0.0800000000
6718,-43.0217133742,-18.1847498515,0.0600000000
6719,-43.0217652678,-18.1847197341,0.0600000000
6720,-43.0218324918,-18.1846763645,0.0800000000
6721,-43.0219308057,-18.1846075575,0.1200000000
6722,-43.0220832038,-18.1845117722,0.1800000000
6723,-43.0223057553,-18.1843773444,0.2600000000
6724,-43.0225721936,-18.1842001140,0.3200000000
6725,-43.0228805568,-18.1840143396,0.3600000000
6726,-43.0232478385,-18.1838106140,0.4200000000
6727,-43.0236563176,-18.1835990843,0.4600000000
6728,-43.0240693533,-18.1833545407,0.4800000000
6729,-43.0245256015,-18.1831050662,0.5200000000
6730,-43.0250062977,-18.1828590353,0.5400000000
6731,-43.0254719965,-18.1825856773,0.5400000000
6732,-43.0259144207,-18.1823124359,0.5200000000
6733,-43.0263320544,-18.1820758305,0.4800000000
6734,-43.0266869396,-18.1818512054,0.4200000000
6735,-43.0269668158,-18.1816581527,0.3400000000
6736,-43.0271599661,-18.1815156994,0.2400000000
6737,-43.0272862882,-18.1814175020,0.1600000000
6738,-43.0273329035,-18.1813797262,0.0600000000
6739,-43.0273329035,-18.1813797262,0.0000000000
6740,-43.0273329035,-18.1813797262,0.0000000000
6741,-43.0273329035,-18.1813797262,0.0000000000
6742,-43.0273329035,-18.1813797262,0.0000000000
6743,-43.0273329035,-18.1813797262,0.0000000000
6744,-43.0273329035,-18.1813797262,0.0000000000
6745,-43.0273497527,-18.1813689510,0.0200000000
6746,-43.0273670285,-18.1813588739,0.0200000000
6747,-43.0273670285,-18.1813588739,0.0000000000
6748,-43.0273670285,-18.1813588739,0.0000000000
6749,-43.0273670285,-18.1813588739,0.0000000000
6750,-43.0273670285,-18.1813588739,0.0000000000
6751,-43.0273835151,-18.1813475517,0.0200000000
6752,-43.0274318627,-18.1813120199,0.0600000000
6753,-43.0274987847,-18.1812681856,0.0800000000
6754,-43.0275675340,-18.1812272768,0.0800000000
6755,-43.0276201235,-18.1811983917,0.0600000000
6756,-43.0276371304,-18.1811878672,0.0200000000
6757,-43.0276371304,-18.1811878672,0.0000000000
6758,-43.0276371304,-18.1811878672,0.0000000000
6759,-43.0276543029,-18.1811776151,0.0200000000
6760,-43.0277058611,-18.1811469271,0.0600000000
6761,-43.0278061157,-18.1810809802,0.1200000000
6762,-43.0279691477,-18.1809651329,0.2000000000
6763,-43.0282221897,-18.1808039816,0.3000000000
6764,-43.0285507228,-18.1806130210,0.3800000000
6765,-43.0289539132,-18.1803525645,0.4800000000
6766,-43.0294365934,-18.1800686282,0.5600000000
6767,-43.0299559654,-18.1797300241,0.6200000000
6768,-43.0305236941,-18.1793934471,0.6600000000
6769,-43.0311257494,-18.1789985681,0.7200000000
6770,-43.0318082531,-18.1785812090,0.8000000000
6771,-43.0325553509,-18.1780793674,0.9000000000
6772,-43.0333821527,-18.1774820411,1.0200000000
6773,-43.0343228753,-18.1768742245,1.1200000000
6774,-43.0353054885,-18.1761854058,1.2000000000
6775,-43.0363714532,-18.1755136028,1.2600000000
6776,-43.0375322135,-18.1748440988,1.3400000000
6777,-43.0387436791,-18.1740656702,1.4400000000
6778,-43.0400227598,-18.1731726122,1.5600000000
6779,-43.0413539658,-18.1721809013,1.6600000000
6780,-43.0428154296,-18.1711647695,1.7800000000
6781,-43.0443568490,-18.1700200310,1.9200000000
6782,-43.0459951650,-18.1687385004,2.0800000000
6783,-43.0478213326,-18.1674761568,2.2200000000
6784,-43.0497027785,-18.1660848403,2.3400000000
6785,-43.0516268757,-18.1645843570,2.4400000000
6786,-43.0535818460,-18.1629942341,2.5200000000
6787,-43.0555562894,-18.1613335194,2.5800000000
6788,-43.0576676645,-18.1597822311,2.6200000000
6789,-43.0598741356,-18.1583327190,2.6400000000
6790,-43.0620255362,-18.1568026616,2.6400000000
6791,-43.0641466060,-18.1551974630,2.6600000000
6792,-43.0663857595,-18.1536887578,2.7000000000
6793,-43.0685872264,-18.1520912774,2.7200000000
6794,-43.0707432436,-18.1504329681,2.7200000000
6795,-43.0728460128,-18.1487393442,2.7000000000
6796,-43.0749180120,-18.1470082119,2.7000000000
6797,-43.0770804366,-18.1454250758,2.6800000000
6798,-43.0792875195,-18.1439764954,2.6400000000
6799,-43.0814223061,-18.1424575859,2.6200000000
6800,-43.0834799115,-18.1409010962,2.5800000000
6801,-43.0855687071,-18.1394913683,2.5200000000
6802,-43.0876821331,-18.1381937433,2.4800000000
6803,-43.0898214226,-18.1369792307,2.4600000000
6804,-43.0918625325,-18.1356791269,2.4200000000
6805,-43.0938326164,-18.1343084448,2.4000000000
6806,-43.0958628402,-18.1330285262,2.4000000000
6807,-43.0978213900,-18.1316763123,2.3800000000
6808,-43.0997335861,-18.1302593063,2.3800000000
6809,-43.1017322168,-18.1289305943,2.4000000000
6810,-43.1037832630,-18.1276843161,2.4000000000
6811,-43.1058910677,-18.1264953841,2.4200000000
6812,-43.1079344008,-18.1251987770,2.4200000000
6813,-43.1100058834,-18.1239867704,2.4000000000
6814,-43.1121113043,-18.1228347277,2.4000000000
6815,-43.1141336561,-18.1215799395,2.3800000000
6816,-43.1161623731,-18.1204137888,2.3400000000
6817,-43.1181127219,-18.1191573894,2.3200000000
6818,-43.1201079380,-18.1179735343,2.3200000000
6819,-43.1220274318,-18.1167064339,2.3000000000
6820,-43.1238643329,-18.1153898495,2.2600000000
6821,-43.1257434891,-18.1141706809,2.2400000000
6822,-43.1276320899,-18.1130423251,2.2000000000
6823,-43.1294482365,-18.1118365010,2.1800000000
6824,-43.1311846604,-18.1105857286,2.1400000000
6825,-43.1329604779,-18.1094277681,2.1200000000
6826,-43.1346561141,-18.1082231031,2.0800000000
6827,-43.1362964769,-18.1069769852,2.0600000000
6828,-43.1379043994,-18.1056892797,2.0600000000
6829,-43.1395984868,-18.1044824377,2.0800000000
6830,-43.1412533140,-18.1032223000,2.0800000000
6831,-43.1429548215,-18.1019914986,2.1000000000
6832,-43.1447448311,-18.1008186960,2.1400000000
6833,-43.1466282192,-18.0996816608,2.2000000000
6834,-43.1485223181,-18.0984124920,2.2800000000
6835,-43.1504479827,-18.0970138441,2.3800000000
6836,-43.1524178779,-18.0955403745,2.4600000000
6837,-43.1544248201,-18.0939511032,2.5600000000
6838,-43.1565803942,-18.0924269312,2.6400000000
6839,-43.1588504192,-18.0909650878,2.7000000000
6840,-43.1610901307,-18.0893867049,2.7400000000
6841,-43.1634120737,-18.0878946658,2.7600000000
6842,-43.1657834597,-18.0864825296,2.7600000000
6843,-43.1680661871,-18.0849670246,2.7400000000
6844,-43.1704030126,-18.0835363442,2.7400000000
6845,-43.1726870754,-18.0819869388,2.7600000000
6846,-43.1749438125,-18.0803294896,2.8000000000
6847,-43.1773239443,-18.0787437491,2.8600000000
6848,-43.1798284482,-18.0772039244,2.9400000000
6849,-43.1823411521,-18.0754928081,3.0400000000
6850,-43.1849850968,-18.0738363189,3.1200000000
6851,-43.1876939157,-18.0720954283,3.2200000000
6852,-43.1905264871,-18.0704023426,3.3000000000
6853,-43.1933218105,-18.0685380017,3.3600000000
6854,-43.1960733949,-18.0665408078,3.4000000000
6855,-43.1989587962,-18.0646313420,3.4600000000
6856,-43.2018292892,-18.0625596591,3.5400000000
6857,-43.2048350225,-18.0605783548,3.6000000000
6858,-43.2078217536,-18.0584285088,3.6800000000
6859,-43.2109790982,-18.0563501502,3.7800000000
6860,-43.2141126374,-18.0540961466,3.8600000000
6861,-43.2174200317,-18.0519183626,3.9600000000
6862,-43.2206989596,-18.0495582287,4.0400000000
6863,-43.2241551821,-18.0472791662,4.1400000000
6864,-43.2275783732,-18.0448113407,4.2200000000
6865,-43.2311490568,-18.0424515486,4.2800000000
6866,-43.2346507406,-18.0399216058,4.3200000000
6867,-43.2382684301,-18.0375241233,4.3400000000
6868,-43.2419611715,-18.0352439344,4.3400000000
6869,-43.2456933736,-18.0330683731,4.3200000000
6870,-43.2493817374,-18.0308971124,4.2800000000
6871,-43.2529340062,-18.0285457328,4.2600000000
6872,-43.2563837877,-18.0260464113,4.2600000000
6873,-43.2599121693,-18.0236952152,4.2400000000
6874,-43.2633067610,-18.0212220093,4.2000000000
6875,-43.2666978021,-18.0188470483,4.1400000000
6876,-43.2699338539,-18.0163951982,4.0600000000
6877,-43.2730169746,-18.0139100489,3.9600000000
6878,-43.2759782414,-18.0114029991,3.8800000000
6879,-43.2788153644,-18.0089051734,3.7800000000
6880,-43.2815244664,-18.0064442048,3.6600000000
6881,-43.2842981932,-18.0042126046,3.5600000000
6882,-43.2869551873,-18.0019652100,3.4800000000
6883,-43.2896470203,-17.9999210880,3.3800000000
6884,-43.2923236467,-17.9980601013,3.2600000000
6885,-43.2948143453,-17.9961810536,3.1200000000
6886,-43.2971519129,-17.9943006873,3.0000000000
6887,-43.2993349950,-17.9924530529,2.8600000000
6888,-43.3013969582,-17.9906486395,2.7400000000
6889,-43.3033738045,-17.9888988742,2.6400000000
6890,-43.3052639204,-17.9871722990,2.5600000000
6891,-43.3071753413,-17.9856237286,2.4600000000
6892,-43.3090934376,-17.9842147195,2.3800000000
6893,-43.3109186305,-17.9828483115,2.2800000000
6894,-43.3126051130,-17.9814987276,2.1600000000
6895,-43.3141491351,-17.9801962700,2.0200000000
6896,-43.3155457038,-17.9789677767,1.8600000000
6897,-43.3168181064,-17.9778104558,1.7200000000
6898,-43.3180624445,-17.9768046612,1.6000000000
6899,-43.3192050699,-17.9758328551,1.5000000000
6900,-43.3203326970,-17.9749698040,1.4200000000
6901,-43.3213870831,-17.9741108105,1.3600000000
6902,-43.3224023298,-17.9733312759,1.2800000000
6903,-43.3233998804,-17.9726289279,1.2200000000
6904,-43.3243379256,-17.9719130569,1.1800000000
6905,-43.3252069583,-17.9712065287,1.1200000000
6906,-43.3259992800,-17.9705328624,1.0400000000
6907,-43.3267328887,-17.9698830790,0.9800000000
6908,-43.3273968494,-17.9692754969,0.9000000000
6909,-43.3280485726,-17.9687455375,0.8400000000
6910,-43.3286921313,-17.9682703194,0.8000000000
6911,-43.3293364430,-17.9678307032,0.7800000000
6912,-43.3299619632,-17.9673647370,0.7800000000
6913,-43.3305872980,-17.9668657818,0.8000000000
6914,-43.3312342929,-17.9663952526,0.8000000000
6915,-43.3318799080,-17.9658897024,0.8200000000
6916,-43.3325461152,-17.9653458568,0.8600000000
6917,-43.3332852442,-17.9647980537,0.9200000000
6918,-43.3340773477,-17.9642556773,0.9600000000
6919,-43.3349021328,-17.9637264046,0.9800000000
6920,-43.3357393044,-17.9632169504,0.9800000000
6921,-43.3365653412,-17.9626533342,1.0000000000
6922,-43.3374075794,-17.9621142287,1.0000000000
6923,-43.3382395295,-17.9615240938,1.0200000000
6924,-43.3390801185,-17.9608783307,1.0600000000
6925,-43.3399470665,-17.9601692459,1.1200000000
6926,-43.3408267744,-17.9594131282,1.1600000000
6927,-43.3417064358,-17.9586266196,1.1800000000
6928,-43.3426282043,-17.9578899087,1.1800000000
6929,-43.3435977663,-17.9571828377,1.2000000000
6930,-43.3445415475,-17.9564417053,1.2000000000
6931,-43.3454791937,-17.9556611802,1.2200000000
6932,-43.3464289316,-17.9548331717,1.2600000000
6933,-43.3474078719,-17.9539476911,1.3200000000
6934,-43.3484504708,-17.9530744286,1.3600000000
6935,-43.3495501171,-17.9522406553,1.3800000000
6936,-43.3506225161,-17.9513721160,1.3800000000
6937,-43.3516875148,-17.9504633928,1.4000000000
6938,-43.3528284375,-17.9495848170,1.4400000000
6939,-43.3539950379,-17.9486419260,1.5000000000
6940,-43.3552670332,-17.9477046812,1.5800000000
6941,-43.3565525861,-17.9466863719,1.6400000000
6942,-43.3579127446,-17.9457002843,1.6800000000
6943,-43.3592832589,-17.9446282345,1.7400000000
6944,-43.3607549776,-17.9435575133,1.8200000000
6945,-43.3622341237,-17.9423971139,1.8800000000
6946,-43.3637924567,-17.9412755086,1.9200000000
6947,-43.3653235900,-17.9400841939,1.9400000000
6948,-43.3668183833,-17.9388475884,1.9400000000
6949,-43.3682679902,-17.9375886048,1.9200000000
6950,-43.3696634400,-17.9363287954,1.8800000000
6951,-43.3710019608,-17.9350956035,1.8200000000
6952,-43.3723465062,-17.9339911590,1.7400000000
6953,-43.3736917181,-17.9329847770,1.6800000000
6954,-43.3749708295,-17.9319583881,1.6400000000
6955,-43.3761758265,-17.9309364379,1.5800000000
6956,-43.3772984247,-17.9299415644,1.5000000000
6957,-43.3783593005,-17.9289678383,1.4400000000
6958,-43.3794421392,-17.9280804487,1.4000000000
6959,-43.3805476152,-17.9272544203,1.3800000000
6960,-43.3816819334,-17.9264684673,1.3800000000
6961,-43.3827987088,-17.9256241849,1.4000000000
6962,-43.3839179801,-17.9247181872,1.4400000000
6963,-43.3850584247,-17.9237438227,1.5000000000
6964,-43.3862764942,-17.9228015348,1.5400000000
6965,-43.3875790565,-17.9218723785,1.6000000000
6966,-43.3889566645,-17.9209108191,1.6800000000
6967,-43.3904115946,-17.9199564722,1.7400000000
6968,-43.3918851335,-17.9188882571,1.8200000000
6969,-43.3933963811,-17.9177039724,1.9200000000
6970,-43.3950079849,-17.9164532392,2.0400000000
6971,-43.3966571455,-17.9150894690,2.1400000000
6972,-43.3984294815,-17.9137525975,2.2200000000
6973,-43.4002022527,-17.9123188325,2.2800000000
6974,-43.4019659216,-17.9108115595,2.3200000000
6975,-43.4038152299,-17.9093778026,2.3400000000
6976,-43.4056187313,-17.9078868355,2.3400000000
6977,-43.4073993236,-17.9063379356,2.3600000000
6978,-43.4091780184,-17.9047266489,2.4000000000
6979,-43.4109742704,-17.9030458518,2.4600000000
6980,-43.4128929137,-17.9014431017,2.5000000000
6981,-43.4147871349,-17.8997810770,2.5200000000
6982,-43.4166486517,-17.8980825026,2.5200000000
6983,-43.4185828882,-17.8964986058,2.5000000000
6984,-43.4205509976,-17.8950227517,2.4600000000
6985,-43.4224507269,-17.8934915336,2.4400000000
6986,-43.4242763625,-17.8919336329,2.4000000000
6987,-43.4261566054,-17.8904744940,2.3800000000
6988,-43.4279894677,-17.8889562661,2.3800000000
6989,-43.4298704653,-17.8875309773,2.3600000000
6990,-43.4317015757,-17.8860421406,2.3600000000
6991,-43.4335766106,-17.8846421962,2.3400000000
6992,-43.4354988390,-17.8833077908,2.3400000000
6993,-43.4374416891,-17.8819680396,2.3600000000
6994,-43.4394087034,-17.8805929560,2.4000000000
6995,-43.4414324792,-17.8791944097,2.4600000000
6996,-43.4434899245,-17.8777049404,2.5400000000
6997,-43.4456451881,-17.8761803295,2.6400000000
6998,-43.4479276000,-17.8746284931,2.7600000000
6999,-43.4503036012,-17.8729657790,2.9000000000
7000,-43.4528171646,-17.8712206145,3.0600000000
7001,-43.4554671417,-17.8693564200,3.2400000000
7002,-43.4582996515,-17.8674043728,3.4400000000
7003,-43.4612997589,-17.8653079579,3.6600000000
7004,-43.4645700386,-17.8631830412,3.9000000000
7005,-43.4680302106,-17.8608737535,4.1600000000
7006,-43.4717183862,-17.8584017178,4.4400000000
7007,-43.4756631760,-17.8557737464,4.7400000000
7008,-43.4798742814,-17.8529683602,5.0600000000
7009,-43.4843034768,-17.8498793105,5.4000000000
7010,-43.4891307770,-17.8467368954,5.7600000000
7011,-43.4943273438,-17.8434665295,6.1400000000
7012,-43.4998893426,-17.8400262142,6.5400000000
7013,-43.5057657533,-17.8362966837,6.9600000000
7014,-43.5119640321,-17.8322542415,7.4000000000
7015,-43.5184082948,-17.8277541216,7.8600000000
7016,-43.5252715544,-17.8230158447,8.3400000000
7017,-43.5324852659,-17.8179062492,8.8400000000
7018,-43.5401365139,-17.8125147741,9.3600000000
7019,-43.5482791566,-17.8068838443,9.9000000000
7020,-43.5567941017,-17.8008087056,10.4600000000
7021,-43.5657856314,-17.7944029275,11.0400000000
7022,-43.5751601855,-17.7875031206,11.6400000000
7023,-43.5849574540,-17.7801328337,12.2600000000
7024,-43.5952983689,-17.7724207990,12.9000000000
7025,-43.6062524378,-17.7644281790,13.5600000000
7026,-43.6176664527,-17.7559136112,14.2400000000
7027,-43.6296076307,-17.7469352000,14.9400000000
7028,-43.6420605471,-17.7374399132,15.6600000000
7029,-43.6553362530,-17.7278110174,16.4000000000
7030,-43.6691771747,-17.7176673254,17.1600000000
7031,-43.6835160225,-17.7068858115,17.9400000000
7032,-43.6983189288,-17.6953940072,18.7400000000
7033,-43.7138398030,-17.6834903916,19.5600000000
7034,-43.7301879120,-17.6712879603,20.4000000000
7035,-43.7472058314,-17.6585451967,21.2600000000
7036,-43.7647388973,-17.6450259068,22.1400000000
7037,-43.7829736723,-17.6309427757,23.0400000000
7038,-43.8022234281,-17.6166764342,23.9600000000
7039,-43.8221206722,-17.6017061411,24.9000000000
7040,-43.8423718281,-17.5856241547,25.8600000000
7041,-43.8632035825,-17.5687001005,26.8400000000
7042,-43.8845203661,-17.5507931093,27.8400000000
7043,-43.9067140307,-17.5323447801,28.8600000000
7044,-43.9294576252,-17.5129350168,29.9000000000
7045,-43.9529560279,-17.4927769745,30.9600000000
7046,-43.9770940618,-17.4717076385,32.0400000000
7047,-44.0019368467,-17.4497737461,33.1400000000
7048,-44.0274630432,-17.4269229060,34.2600000000
7049,-44.0537800665,-17.4032464560,35.4000000000
7050,-44.0810007090,-17.3788400998,36.5600000000
7051,-44.1087676759,-17.3532803042,37.7400000000
7052,-44.1374636252,-17.3269579545,38.9400000000
7053,-44.1669417588,-17.2996840615,40.1600000000
7054,-44.1972491497,-17.2714808337,41.4000000000
7055,-44.2280046744,-17.2419177943,42.6600000000
7056,-44.2592161147,-17.2109893350,43.9400000000
7057,-44.2911420039,-17.1789363290,45.2400000000
7058,-44.3237222546,-17.1456743256,46.5600000000
7059,-44.3569518213,-17.1111749648,47.9000000000
7060,-44.3909747485,-17.0755521066,49.2600000000
7061,-44.4258442110,-17.0388297676,50.6400000000
7062,-44.4613929673,-17.0008238795,52.0400000000
7063,-44.4980326006,-16.9618943423,53.4600000000
7064,-44.5352633085,-16.9215472930,54.9000000000
7065,-44.5728673427,-16.8796202252,56.3200000000
7066,-44.6112340416,-16.8364436804,57.7600000000
7067,-44.6503037796,-16.7919933939,59.1800000000
7068,-44.6897830050,-16.7460442137,60.5800000000
7069,-44.7298788585,-16.6987544417,62.0000000000
7070,-44.7706325722,-16.6501358402,63.4400000000
7071,-44.8115849204,-16.5998394708,64.8600000000
7072,-44.8529318842,-16.5480628719,66.2600000000
7073,-44.8949320070,-16.4950425052,67.6400000000
7074,-44.9376946123,-16.4408912394,69.0000000000
7075,-44.9808334593,-16.3852820290,70.3800000000
7076,-45.0242536719,-16.3281741247,71.7400000000
7077,-45.0683870743,-16.2699252690,73.0800000000
7078,-45.1127723622,-16.2102150837,74.4000000000
7079,-45.1575435215,-16.1491738412,75.7000000000
7080,-45.2026377811,-16.0867845140,76.9800000000
7081,-45.2478596999,-16.0229372301,78.2400000000
7082,-45.2934416848,-15.9578269156,79.4800000000
7083,-45.3394263057,-15.8915102161,80.7000000000
7084,-45.3859524763,-15.8241089887,81.9000000000
7085,-45.4328418578,-15.7555256649,83.0800000000
7086,-45.4798086001,-15.6855935355,84.2400000000
7087,-45.5270294585,-15.6144603159,85.3800000000
7088,-45.5745388931,-15.5421754377,86.5000000000
7089,-45.6222818343,-15.4687290520,87.6000000000
7090,-45.6703224774,-15.3941888681,88.6800000000
7091,-45.7186288350,-15.3185597506,89.7400000000
7092,-45.7671932823,-15.2418622744,90.7800000000
7093,-45.8160070907,-15.1641161998,91.8000000000
7094,-45.8650925145,-15.0853604942,92.8000000000
7095,-45.9144433540,-15.0056160083,93.7800000000
7096,-45.9641283122,-14.9249495807,94.7400000000
7097,-46.0141543968,-14.8433894602,95.6800000000
7098,-46.0645044073,-14.7609489578,96.6000000000
7099,-46.1152507723,-14.6776959912,97.5000000000
7100,-46.1663296430,-14.5936152362,98.3800000000
7101,-46.2178170777,-14.5087764381,99.2400000000
7102,-46.2696186429,-14.4232393242,100.0000000000
7103,-46.3213638413,-14.3376680998,100.0000000000
7104,-46.3731488092,-14.2521209368,100.0000000000
7105,-46.4249436137,-14.1665797291,100.0000000000
7106,-46.4768018042,-14.0810769333,100.0000000000
7107,-46.5287368012,-13.9956207686,100.0000000000
7108,-46.5807755027,-13.9102277154,100.0000000000
7109,-46.6329231246,-13.8249011338,100.0000000000
7110,-46.6852009147,-13.7396542414,100.0000000000
7111,-46.7376017412,-13.6544829235,100.0000000000
7112,-46.7901385529,-13.5693954190,100.0000000000
7113,-46.8429106077,-13.4844536141,100.0000000000
7114,-46.8960180757,-13.3997211123,100.0000000000
7115,-46.9494204592,-13.3151741702,100.0000000000
7116,-47.0031246873,-13.2308186375,100.0000000000
7117,-47.0571255184,-13.1466526691,100.0000000000
7118,-47.1113509199,-13.0626312086,100.0000000000
7119,-47.1658367188,-12.9787783749,100.0000000000
7120,-47.2207545963,-12.8952078853,100.0000000000
7121,-47.2760606213,-12.8118937593,100.0000000000
7122,-47.3317461458,-12.7288328036,100.0000000000
7123,-47.3879231122,-12.6461034348,100.0000000000
7124,-47.4444797417,-12.5636331514,100.0000000000
7125,-47.5015376578,-12.4815088906,100.0000000000
7126,-47.5591406428,-12.3997660247,100.0000000000
7127,-47.6174717087,-12.3185411101,100.0000000000
7128,-47.6764055494,-12.2377524821,100.0000000000
7129,-47.7360662157,-12.1574991027,100.0000000000
7130,-47.7963491421,-12.0777120814,100.0000000000
7131,-47.8572438438,-11.9983909914,100.0000000000
7132,-47.9184638438,-11.9193206961,100.0000000000
7133,-47.9804493856,-11.8408490923,100.0000000000
7134,-48.0434204594,-11.7631661220,100.0000000000
7135,-48.1072917630,-11.6862216188,100.0000000000
7136,-48.1715717737,-11.6096182232,100.0000000000
7137,-48.2362254664,-11.5333299539,100.0000000000
7138,-48.3017895481,-11.4578226616,100.0000000000
7139,-48.3682744436,-11.3831248794,100.0000000000
7140,-48.4358550014,-11.3094168866,100.0000000000
7141,-48.5043634207,-11.2365704970,100.0000000000
7142,-48.5737002248,-11.1645121345,100.0000000000
7143,-48.6440378394,-11.0934303508,100.0000000000
7144,-48.7153412963,-11.0233174631,100.0000000000
7145,-48.7882199830,-10.9548726135,99.9800000000
7146,-48.8616148014,-10.8870404366,99.9400000000
7147,-48.9356705525,-10.8200198417,99.8800000000
7148,-49.0109259661,-10.7544709079,99.8000000000
7149,-49.0870266629,-10.6900599310,99.7000000000
7150,-49.1643600844,-10.6273246273,99.5800000000
7151,-49.2425035496,-10.5658273718,99.4400000000
7152,-49.3218315364,-10.5061315686,99.2800000000
7153,-49.4016553950,-10.4474037082,99.1000000000
7154,-49.4823833206,-10.3902704252,98.9000000000
7155,-49.5643314418,-10.3352954506,98.6800000000
7156,-49.6466352179,-10.2812906170,98.4400000000
7157,-49.7292974224,-10.2283163559,98.1800000000
7158,-49.8119723996,-10.1758829873,97.9000000000
7159,-49.8955741343,-10.1255192110,97.6000000000
7160,-49.9799884309,-10.0771702201,97.2800000000
7161,-50.0642682256,-10.0292715791,96.9400000000
7162,-50.1488916146,-9.9827250601,96.5800000000
7163,-50.2335418333,-9.9370218821,96.2000000000
7164,-50.3186840944,-9.8931079280,95.8000000000
7165,-50.4042869931,-9.8510426436,95.3800000000
7166,-50.4900189498,-9.8102549594,94.9400000000
7167,-50.5762187844,-9.7715760385,94.4800000000
7168,-50.6625744426,-9.7344451849,94.0000000000
7169,-50.7489243826,-9.6985852090,93.5000000000
7170,-50.8353384159,-9.6642647304,92.9800000000
7171,-50.9214790809,-9.6307246137,92.4400000000
7172,-51.0076474592,-9.5988350390,91.8800000000
7173,-51.0938393417,-9.5687244196,91.3000000000
7174,-51.1798098287,-9.5398182721,90.7000000000
7175,-51.2656501841,-9.5125082047,90.0800000000
7176,-51.3511624688,-9.4862944151,89.4400000000
7177,-51.4361827934,-9.4607320834,88.7800000000
7178,-51.5207950979,-9.4361888985,88.1000000000
7179,-51.6051024076,-9.4131446466,87.4000000000
7180,-51.6888934571,-9.3909527018,86.6800000000
7181,-51.7721946848,-9.3698200476,85.9400000000
7182,-51.8549508168,-9.3496444433,85.1800000000
7183,-51.9370823214,-9.3302079838,84.4000000000
7184,-52.0186275579,-9.3117869522,83.6000000000
7185,-52.0995443209,-9.2943225354,82.7800000000
7186,-52.1797252690,-9.2774352869,81.9400000000
7187,-52.2591918666,-9.2613409938,81.0800000000
7188,-52.3379373672,-9.2461361874,80.2000000000
7189,-52.4158652067,-9.2314480346,79.3000000000
7190,-52.4929584234,-9.2173037658,78.3800000000
7191,-52.5691294683,-9.2033421930,77.4400000000
7192,-52.6444490000,-9.1900697196,76.4800000000
7193,-52.7188487795,-9.1772274922,75.5000000000
7194,-52.7923765105,-9.1652307103,74.5000000000
7195,-52.8649871075,-9.1539607680,73.4800000000
7196,-52.9366423698,-9.1433270017,72.4400000000
7197,-53.0073330890,-9.1334312134,71.3800000000
7198,-53.0770549537,-9.1241265280,70.3400000000
7199,-53.1457519709,-9.1151577914,69.2800000000
7200,-53.2134175522,-9.1066366940,68.2000000000
7201,-53.2800290475,-9.0985546956,67.1000000000
7202,-53.3455447940,-9.0907414147,65.9800000000
7203,-53.4099442065,-9.0831954708,64.8400000000
7204,-53.4732077653,-9.0759246712,63.6800000000
7205,-53.5353640233,-9.0693787110,62.5000000000
7206,-53.5963619112,-9.0633002515,61.3000000000
7207,-53.6561742588,-9.0576354939,60.0800000000
7208,-53.7147681784,-9.0522597907,58.8400000000
7209,-53.7721178161,-9.0471143608,57.5800000000
7210,-53.8282560413,-9.0423504050,56.3400000000
7211,-53.8831879276,-9.0378004299,55.1200000000
7212,-53.9369341214,-9.0334745720,53.9200000000
7213,-53.9894798563,-9.0294452118,52.7000000000
7214,-54.0408396097,-9.0256470889,51.5000000000
7215,-54.0910287649,-9.0220206448,50.3200000000
7216,-54.1400688283,-9.0185887674,49.1600000000
7217,-54.1879835356,-9.0154105251,48.0200000000
7218,-54.2347845765,-9.0123654356,46.9000000000
7219,-54.2804510859,-9.0094418211,45.7600000000
7220,-54.3249630619,-9.0066411087,44.6000000000
7221,-54.3683423619,-9.0039938598,43.4600000000
7222,-54.4105682456,-9.0014909112,42.3000000000
7223,-54.4516602957,-8.9991268010,41.1600000000
7224,-54.4916415838,-8.9969592672,40.0400000000
7225,-54.5305303220,-8.9949618595,38.9400000000
7226,-54.5683429600,-8.9930687118,37.8600000000
7227,-54.6050965138,-8.9912203934,36.8000000000
7228,-54.6408158555,-8.9895156267,35.7600000000
7229,-54.6755209651,-8.9879590366,34.7400000000
7230,-54.7092290582,-8.9864920469,33.7400000000
7231,-54.7419586842,-8.9850816643,32.7600000000
7232,-54.7737315446,-8.9837681417,31.8000000000
7233,-54.8045681148,-8.9825658349,30.8600000000
7234,-54.8344871739,-8.9814462375,29.9400000000
7235,-54.8635082240,-8.9803973069,29.0400000000
7236,-54.8916500935,-8.9793869709,28.1600000000
7237,-54.9189331709,-8.9784258831,27.3000000000
7238,-54.9453781102,-8.9775332543,26.4600000000
7239,-54.9710042262,-8.9766895846,25.6400000000
7240,-54.9958317161,-8.9759013327,24.8400000000
7241,-55.0198804007,-8.9751635188,24.0600000000
7242,-55.0431703249,-8.9744783669,23.3000000000
7243,-55.0657211285,-8.9738342724,22.5600000000
7244,-55.0875525766,-8.9732231489,21.8400000000
7245,-55.1086846916,-8.9726458136,21.1400000000
7246,-55.1291373386,-8.9720973331,20.4600000000
7247,-55.1489302790,-8.9715686455,19.8000000000
7248,-55.1680839394,-8.9710758046,19.1600000000
7249,-55.1866182783,-8.9706176752,18.5400000000
7250,-55.2045533990,-8.9701992923,17.9400000000
7251,-55.2219090207,-8.9698094241,17.3600000000
7252,-55.2387047403,-8.9694302098,16.8000000000
7253,-55.2549610715,-8.9690848185,16.2600000000
7254,-55.2706978228,-8.9687650425,15.7400000000
7255,-55.2859348214,-8.9684625923,15.2400000000
7256,-55.3006920556,-8.9681768671,14.7600000000
7257,-55.3149894696,-8.9679049286,14.3000000000
7258,-55.3288471564,-8.9676517129,13.8600000000
7259,-55.3422850613,-8.9674144111,13.4400000000
7260,-55.3553231060,-8.9671886050,13.0400000000
7261,-55.3679811787,-8.9669677054,12.6600000000
7262,-55.3802794003,-8.9667585508,12.3000000000
7263,-55.3922377026,-8.9665570385,11.9600000000
7264,-55.4038762160,-8.9663710146,11.6400000000
7265,-55.4152149669,-8.9662027063,11.3400000000
7266,-55.4262737810,-8.9660407489,11.0600000000
7267,-55.4370726647,-8.9658854697,10.8000000000
7268,-55.4476316429,-8.9657385741,10.5600000000
7269,-55.4579706412,-8.9655946492,10.3400000000
7270,-55.4681097464,-8.9654599438,10.1400000000
7271,-55.4780689284,-8.9653322961,9.9600000000
7272,-55.4878681334,-8.9652074689,9.8000000000
7273,-55.4975273118,-8.9650814810,9.6600000000
7274,-55.5070665895,-8.9649640895,9.5400000000
7275,-55.5165059148,-8.9648512278,9.4400000000
7276,-55.5258652994,-8.9647438955,9.3600000000
7277,-55.5351647377,-8.9646416846,9.3000000000
7278,-55.5444242266,-8.9645443944,9.2600000000
7279,-55.5536637328,-8.9644488642,9.2400000000
7280,-55.5629032718,-8.9643565692,9.2400000000
7281,-55.5721628483,-8.9642680046,9.2600000000
7282,-55.5814624567,-8.9641826695,9.3000000000
7283,-55.5908221182,-8.9641030557,9.3600000000
7284,-55.6002618074,-8.9640264638,9.4400000000
7285,-55.6098014930,-8.9639490068,9.5400000000
7286,-55.6194612018,-8.9638740038,9.6600000000
7287,-55.6292609248,-8.9638003231,9.8000000000
7288,-55.6392206292,-8.9637235896,9.9600000000
7289,-55.6493603690,-8.9636509419,10.1400000000
7290,-55.6597001508,-8.9635837689,10.3400000000
7291,-55.6702599478,-8.9635182998,10.5600000000
7292,-55.6810597271,-8.9634492513,10.8000000000
7293,-55.6921195330,-8.9633837280,11.0600000000
7294,-55.7034593509,-8.9633194547,11.3400000000
7295,-55.7150992018,-8.9632605417,11.6400000000
7296,-55.7270590737,-8.9632051989,11.9600000000
7297,-55.7393589527,-8.9631506393,12.3000000000
7298,-55.7520188428,-8.9630978701,12.6600000000
7299,-55.7650587438,-8.9630470623,13.0400000000
7300,-55.7784986496,-8.9629967400,13.4400000000
7301,-55.7923585766,-8.9629517619,13.8600000000
7302,-55.8066585193,-8.9629112826,14.3000000000
7303,-55.8214184766,-8.9628757800,14.7600000000
7304,-55.8366584537,-8.9628493541,15.2400000000
7305,-55.8523984389,-8.9628277982,15.7400000000
7306,-55.8686584302,-8.9628109446,16.2600000000
7307,-55.8854584265,-8.9627998445,16.8000000000
7308,-55.9028184264,-8.9627973711,17.3600000000
7309,-55.9207584249,-8.9628044719,17.9400000000
7310,-55.9392984202,-8.9628177074,18.5400000000
7311,-55.9584584096,-8.9628378519,19.1600000000
7312,-55.9782583882,-8.9628669990,19.8000000000
7313,-55.9987183507,-8.9629061604,20.4600000000
7314,-56.0198582831,-8.9629596273,21.1400000000
7315,-56.0416981842,-8.9630253401,21.8400000000
7316,-56.0642580498,-8.9631032085,22.5600000000
7317,-56.0875578662,-8.9631957102,23.3000000000
7318,-56.1116176126,-8.9633061924,24.0600000000
7319,-56.1364572833,-8.9634340841,24.8400000000
7320,-56.1620968725,-8.9635792316,25.6400000000
7321,-56.1885563801,-8.9637406572,26.4600000000
7322,-56.2158557932,-8.9639196586,27.3000000000
7323,-56.2440150885,-8.9641188747,28.1600000000
7324,-56.2730542514,-8.9643393712,29.0400000000
7325,-56.3029932712,-8.9645816475,29.9400000000
7326,-56.3338521116,-8.9648491715,30.8600000000
7327,-56.3656507688,-8.9651413961,31.8000000000
7328,-56.3984092233,-8.9654596168,32.7600000000
7329,-56.4321474590,-8.9658046549,33.7400000000
7330,-56.4668854488,-8.9661783723,34.7400000000
7331,-56.5026431729,-8.9665818161,35.7600000000
7332,-56.5394406105,-8.9670160764,36.8000000000
7333,-56.5772977363,-8.9674825808,37.8600000000
7334,-56.6162345072,-8.9679840522,38.9400000000
7335,-56.6562709080,-8.9685209068,40.0400000000
7336,-56.6974269138,-8.9690943009,41.1600000000
7337,-56.7397225382,-8.9697027110,42.3000000000
7338,-56.7831777311,-8.9703490934,43.4600000000
7339,-56.8278124764,-8.9710340115,44.6400000000
7340,-56.8736466803,-8.9717629472,45.8400000000
7341,-56.9207005177,-8.9725245152,47.0600000000
7342,-56.9689939571,-8.9733205774,48.3000000000
7343,-57.0185468845,-8.9741578232,49.5600000000
7344,-57.0693393248,-8.9750341839,50.8000000000
7345,-57.1213911613,-8.9759560934,52.0600000000
7346,-57.1747223513,-8.9769255164,53.3400000000
7347,-57.2293531635,-8.9779274901,54.6400000000
7348,-57.2853036263,-8.9789605978,55.9600000000
7349,-57.3425536126,-8.9800314267,57.2600000000
7350,-57.4011233380,-8.9811285453,58.5800000000
7351,-57.4610324856,-8.9822689070,59.9200000000
7352,-57.5222610940,-8.9834500588,61.2400000000
7353,-57.5847895803,-8.9846500597,62.5400000000
7354,-57.6486378572,-8.9858736350,63.8600000000
7355,-57.7137860728,-8.9871128303,65.1600000000
7356,-57.7802140694,-8.9883757115,66.4400000000
7357,-57.8479026111,-8.9896212321,67.7000000000
7358,-57.9168316313,-8.9908515870,68.9400000000
7359,-57.9870203954,-8.9921075314,70.2000000000
7360,-58.0584484162,-8.9934157530,71.4400000000
7361,-58.1310965366,-8.9947295990,72.6600000000
7362,-58.2049449407,-8.9960383438,73.8600000000
7363,-58.2799741409,-8.9973114199,75.0400000000
7364,-58.3561630802,-8.9986097001,76.2000000000
7365,-58.4334941903,-8.9997823065,77.3400000000
7366,-58.5119860579,-9.0009122293,78.5000000000
7367,-58.5916597829,-9.0019122010,79.6800000000
7368,-58.6724940708,-9.0028731859,80.8400000000
7369,-58.7544697689,-9.0037130236,81.9800000000
7370,-58.8375662391,-9.0044789499,83.1000000000
7371,-58.9217635699,-9.0051493849,84.2000000000
7372,-59.0070408296,-9.0058330359,85.2800000000
7373,-59.0933794911,-9.0063137869,86.3400000000
7374,-59.1807588267,-9.0066545492,87.3800000000
7375,-59.2691580270,-9.0070305536,88.4000000000
7376,-59.3585579177,-9.0071703922,89.4000000000
7377,-59.4489376683,-9.0069580696,90.3800000000
7378,-59.5402775358,-9.0068025295,91.3400000000
7379,-59.6325564874,-9.0063626353,92.2800000000
7380,-59.7257547462,-9.0057929388,93.2000000000
7381,-59.8198502959,-9.0048777813,94.1000000000
7382,-59.9148234779,-9.0037397513,94.9800000000
7383,-60.0106496191,-9.0021099457,95.8400000000
7384,-60.1073117474,-9.0002510885,96.6800000000
7385,-60.2047845385,-8.9979478328,97.5000000000
7386,-60.3030534611,-8.9954762223,98.3000000000
7387,-60.4020891627,-8.9925137580,99.0800000000
7388,-60.5018778945,-8.9893145993,99.8400000000
7389,-60.6018095581,-8.9856183014,100.0000000000
7390,-60.7017393396,-8.9818714670,100.0000000000
7391,-60.8016595903,-8.9778785372,100.0000000000
7392,-60.9015729155,-8.9737159112,100.0000000000
7393,-61.0014560684,-8.9688831316,100.0000000000
7394,-61.1013229954,-8.9637259128,100.0000000000
7395,-61.2011610633,-8.9580373117,100.0000000000
7396,-61.3009571227,-8.9516540106,100.0000000000
7397,-61.4007065240,-8.9445789181,100.0000000000
7398,-61.5004210411,-8.9370280846,100.0000000000
7399,-61.6000971937,-8.9289866541,100.0000000000
7400,-61.6997624669,-8.9208114894,100.0000000000
7401,-61.7993841844,-8.9121216442,100.0000000000
7402,-61.8989272849,-8.9025732867,100.0000000000
7403,-61.9984233829,-8.8925469973,100.0000000000
7404,-62.0978520800,-8.8818730011,100.0000000000
7405,-62.1972133966,-8.8705889959,100.0000000000
7406,-62.2964828717,-8.8585237021,100.0000000000
7407,-62.3956706800,-8.8458044773,100.0000000000
7408,-62.4947797479,-8.8324855936,100.0000000000
7409,-62.5938084860,-8.8185820318,100.0000000000
7410,-62.6927497157,-8.8040688287,100.0000000000
7411,-62.7915662987,-8.7887298939,100.0000000000
7412,-62.8902772084,-8.7727250100,100.0000000000
7413,-62.9888370418,-8.7558146809,100.0000000000
7414,-63.0873209248,-8.7384674969,100.0000000000
7415,-63.1856822725,-8.7204384845,100.0000000000
7416,-63.2839270308,-8.7017845984,100.0000000000
7417,-63.3820918905,-8.6827147188,100.0000000000
7418,-63.4800947796,-8.6628292033,100.0000000000
7419,-63.5780198440,-8.6425639182,100.0000000000
7420,-63.6757981141,-8.6216018124,100.0000000000
7421,-63.7733219302,-8.5994860874,100.0000000000
7422,-63.8705884557,-8.5762649113,100.0000000000
7423,-63.9675495602,-8.5517997478,100.0000000000
7424,-64.0643541265,-8.5267223487,100.0000000000
7425,-64.1610730748,-8.5013167385,100.0000000000
7426,-64.2575894559,-8.4751521025,100.0000000000
7427,-64.3538794926,-8.4482405949,99.9800000000
7428,-64.4499772055,-8.4207955012,99.9400000000
7429,-64.5457017881,-8.3922855259,99.8800000000
7430,-64.6408914366,-8.3623026839,99.8000000000
7431,-64.7358523642,-8.3319297975,99.7000000000
7432,-64.8302930455,-8.3003523669,99.5800000000
7433,-64.9244349164,-8.2683270373,99.4400000000
7434,-65.0181264351,-8.2354877663,99.2800000000
7435,-65.1112624644,-8.2016279073,99.1000000000
7436,-65.2040766322,-8.1674703275,98.9000000000
7437,-65.2963834400,-8.1325819967,98.6800000000
7438,-65.3882734786,-8.0972740031,98.4400000000
7439,-65.4795490052,-8.0611064674,98.1800000000
7440,-65.5701102740,-8.0239168641,97.9000000000
7441,-65.6600083518,-7.9859156060,97.6000000000
7442,-65.7491339737,-7.9469281476,97.2800000000
7443,-65.8374144924,-7.9068792573,96.9400000000
7444,-65.9248385926,-7.8658338785,96.5800000000
7445,-66.0117331034,-7.8245569601,96.2000000000
7446,-66.0978795358,-7.7826471500,95.8000000000
7447,-66.1834182649,-7.7404515316,95.3800000000
7448,-66.2681065280,-7.6975388097,94.9400000000
7449,-66.3519875060,-7.6540594820,94.4800000000
7450,-66.4351132304,-7.6101719674,94.0000000000
7451,-66.5175808541,-7.5661113155,93.5000000000
7452,-66.5992306401,-7.5216299391,92.9800000000
7453,-66.6799183496,-7.4765228761,92.4400000000
7454,-66.7598597248,-7.4312314759,91.8800000000
7455,-66.8391453427,-7.3859602842,91.3000000000
7456,-66.9171639993,-7.3397046984,90.7000000000
7457,-66.9941235474,-7.2928898038,90.0800000000
7458,-67.0700626191,-7.2456375977,89.4400000000
7459,-67.1451797071,-7.1983162336,88.7800000000
7460,-67.2194394977,-7.1509127159,88.1000000000
7461,-67.2925771224,-7.1030624509,87.4000000000
7462,-67.3651247543,-7.0556255085,86.6800000000
7463,-67.4363845840,-7.0075867714,85.9400000000
7464,-67.5067571089,-6.9595936453,85.1800000000
7465,-67.5763868621,-6.9118253392,84.4400000000
7466,-67.6445792842,-6.8633265149,83.6800000000
7467,-67.7119189842,-6.8149759740,82.9000000000
7468,-67.7783654233,-6.7667548093,82.1000000000
7469,-67.8439032666,-6.7186795609,81.2800000000
7470,-67.9083626748,-6.6705591049,80.4400000000
7471,-67.9719748232,-6.6227420475,79.5800000000
7472,-68.0343391159,-6.5747380373,78.7000000000
7473,-68.0958835561,-6.5271447406,77.8000000000
7474,-68.1560905270,-6.4793362157,76.8800000000
7475,-68.2152277789,-6.4316951722,75.9400000000
7476,-68.2734213436,-6.3844139980,74.9800000000
7477,-68.3308548071,-6.3376880003,74.0400000000
7478,-68.3871580537,-6.2910979710,73.0800000000
7479,-68.4423700465,-6.2447293841,72.1000000000
7480,-68.4967339743,-6.1989061001,71.1000000000
7481,-68.5499841604,-6.1532855775,70.1200000000
7482,-68.6024754796,-6.1083163013,69.1200000000
7483,-68.6537852423,-6.0635399878,68.1000000000
7484,-68.7039503270,-6.0190370903,67.0600000000
7485,-68.7532697846,-5.9751783272,66.0000000000
7486,-68.8014339637,-5.9316488171,64.9200000000
7487,-68.8483127132,-5.8883432142,63.8200000000
7488,-68.8942154575,-5.8456322312,62.7000000000
7489,-68.9391349854,-5.8035386496,61.5600000000
7490,-68.9830562732,-5.7620768542,60.4000000000
7491,-69.0259157058,-5.7212102732,59.2200000000
7492,-69.0673385385,-5.6805843046,58.0200000000
7493,-69.1078054986,-5.6407262422,56.8000000000
7494,-69.1471611636,-5.6014516749,55.6000000000
7495,-69.1856037539,-5.5629328009,54.4200000000
7496,-69.2228885554,-5.5249002994,53.2600000000
7497,-69.2593494084,-5.4877124976,52.0800000000
7498,-69.2947932969,-5.4511532694,50.9200000000
7499,-69.3294980925,-5.4155211945,49.7400000000
7500,-69.3632884075,-5.3806180282,48.5800000000
7501,-69.3958463440,-5.3461139072,47.4400000000
7502,-69.4275754719,-5.3123677246,46.3200000000
7503,-69.4583991214,-5.2792807025,45.2200000000
7504,-69.4883148227,-5.2468247259,44.1400000000
7505,-69.5174531240,-5.2151482204,43.0400000000
7506,-69.5457831946,-5.1841958586,41.9600000000
7507,-69.5733213708,-5.1539558380,40.9000000000
7508,-69.5998488924,-5.1242050363,39.8600000000
7509,-69.6254472863,-5.0949942878,38.8400000000
7510,-69.6503314043,-5.0664873365,37.8400000000
7511,-69.6746087850,-5.0387516485,36.8600000000
7512,-69.6983254258,-5.0118011208,35.9000000000
7513,-69.7212674939,-4.9854219033,34.9600000000
7514,-69.7434267530,-4.9595822277,34.0400000000
7515,-69.7649005575,-4.9343406881,33.1400000000
7516,-69.7856078239,-4.9096037376,32.2600000000
7517,-69.8056853148,-4.8854613608,31.4000000000
7518,-69.8253044649,-4.8620305574,30.5600000000
7519,-69.8444652397,-4.8392856171,29.7400000000
7520,-69.8630626587,-4.8171122185,28.9400000000
7521,-69.8810283733,-4.7954276918,28.1600000000
7522,-69.8984836545,-4.7743072477,27.4000000000
7523,-69.9154050089,-4.7537057098,26.6600000000
7524,-69.9317951111,-4.7335997865,25.9400000000
7525,-69.9477964007,-4.7140801469,25.2400000000
7526,-69.9632770559,-4.6950133455,24.5600000000
7527,-69.9783138306,-4.6764363326,23.9000000000
7528,-69.9929352463,-4.6583465067,23.2600000000
7529,-70.0070913833,-4.6406780777,22.6400000000
7530,-70.0208135480,-4.6234309388,22.0400000000
7531,-70.0342640696,-4.6067092443,21.4600000000
7532,-70.0473859546,-4.5904419110,20.9000000000
7533,-70.0601274982,-4.5745616507,20.3600000000
7534,-70.0725415370,-4.5590853061,19.8400000000
7535,-70.0845721851,-4.5439426807,19.3400000000
7536,-70.0962947232,-4.5291683211,18.8600000000
7537,-70.1076970157,-4.5147271396,18.4000000000
7538,-70.1187888479,-4.5006015295,17.9600000000
7539,-70.1296173693,-4.4868031700,17.5400000000
7540,-70.1402163621,-4.4733331681,17.1400000000
7541,-70.1505608671,-4.4601464772,16.7600000000
7542,-70.1606960658,-4.4472531554,16.4000000000
7543,-70.1705930480,-4.4346050985,16.0600000000
7544,-70.1802544018,-4.4221790838,15.7400000000
7545,-70.1896736939,-4.4099450927,15.4400000000
7546,-70.1988726110,-4.3978949673,15.1600000000
7547,-70.2078698670,-4.3860181249,14.9000000000
7548,-70.2166997327,-4.3743156008,14.6600000000
7549,-70.2253847245,-4.3627793745,14.4400000000
7550,-70.2339553986,-4.3514074289,14.2400000000
7551,-70.2424145919,-4.3401768613,14.0600000000
7552,-70.2508008033,-4.3290916703,13.9000000000
7553,-70.2590754090,-4.3180976492,13.7600000000
7554,-70.2672216967,-4.3071574666,13.6400000000
7555,-70.2753272112,-4.2963116270,13.5400000000
7556,-70.2834270732,-4.2855615649,13.4600000000
7557,-70.2915053934,-4.2748704124,13.4000000000
7558,-70.2995725868,-4.2642209996,13.3600000000
7559,-70.3076448668,-4.2536005526,13.3400000000
7560,-70.3157129870,-4.2429769451,13.3400000000
7561,-70.3237379595,-4.2322956804,13.3600000000
7562,-70.3317887122,-4.2215837533,13.4000000000
7563,-70.3398460519,-4.2108017833,13.4600000000
7564,-70.3479143742,-4.1999282478,13.5400000000
7565,-70.3560451424,-4.1889765260,13.6400000000
7566,-70.3642248724,-4.1779117343,13.7600000000
7567,-70.3724476679,-4.1667047885,13.9000000000
7568,-70.3807787967,-4.1553788937,14.0600000000
7569,-70.3891795113,-4.1438808246,14.2400000000
7570,-70.3976986362,-4.1322215745,14.4400000000
7571,-70.4062989038,-4.1203492960,14.6600000000
7572,-70.4150696321,-4.1083042006,14.9000000000
7573,-70.4239769483,-4.0960369548,15.1600000000
7574,-70.4330085256,-4.0835140074,15.4400000000
7575,-70.4421727176,-4.0707169302,15.7400000000
7576,-70.4514508280,-4.0576081443,16.0600000000
7577,-70.4609222503,-4.0442196358,16.4000000000
7578,-70.4706326261,-4.0305592478,16.7600000000
7579,-70.4805710726,-4.0165947614,17.1400000000
7580,-70.4906978432,-4.0022734444,17.5400000000
7581,-70.5010220040,-3.9875774142,17.9600000000
7582,-70.5116401136,-3.9725502473,18.4000000000
7583,-70.5225127123,-3.9571396601,18.8600000000
7584,-70.5336345829,-3.9413175364,19.3400000000
7585,-70.5449964336,-3.9250530368,19.8400000000
7586,-70.5565882797,-3.9083150948,20.3600000000
7587,-70.5685275588,-3.8911609812,20.9000000000
7588,-70.5807596210,-3.8735283904,21.4600000000
7589,-70.5932762300,-3.8553873845,22.0400000000
7590,-70.6061169419,-3.8367410519,22.6400000000
7591,-70.6192909719,-3.8175714787,23.2600000000
7592,-70.6327733360,-3.7978373495,23.9000000000
7593,-70.6465993752,-3.7775387229,24.5600000000
7594,-70.6607579885,-3.7566439564,25.2400000000
7595,-70.6752635006,-3.7351387543,25.9400000000
7596,-70.6901058865,-3.7129924412,26.6600000000
7597,-70.7053102512,-3.6901979837,27.4000000000
7598,-70.7208763799,-3.6667313854,28.1600000000
7599,-70.7367750957,-3.6425496891,28.9400000000
7600,-70.7530229191,-3.6176403367,29.7400000000
7601,-70.7696152623,-3.5919769826,30.5600000000
7602,-70.7866783973,-3.5656177446,31.4000000000
7603,-70.8041323989,-3.5384872189,32.2600000000
7604,-70.8219699614,-3.5105572893,33.1400000000
7605,-70.8403046958,-3.4818769979,34.0400000000
7606,-70.8590266592,-3.4523526065,34.9600000000
7607,-70.8779788596,-3.4218628689,35.9000000000
7608,-70.8973173081,-3.3904831938,36.8600000000
7609,-70.9169643192,-3.3581434264,37.8400000000
7610,-70.9370235980,-3.3248842783,38.8400000000
7611,-70.9575477741,-3.2907144408,39.8600000000
7612,-70.9784468503,-3.2555570999,40.9000000000
7613,-70.9998094799,-3.2194422878,41.9600000000
7614,-71.0215768152,-3.1823124519,43.0400000000
7615,-71.0438095971,-3.1441805360,44.1400000000
7616,-71.0664644384,-3.1049985789,45.2600000000
7617,-71.0895251815,-3.0647349213,46.4000000000
7618,-71.1127737025,-3.0232444419,47.5600000000
7619,-71.1364701703,-2.9806525998,48.7400000000
7620,-71.1605347667,-2.9368930432,49.9400000000
7621,-71.1848483443,-2.8918797613,51.1600000000
7622,-71.2095002155,-2.8456407599,52.4000000000
7623,-71.2344141402,-2.7981150621,53.6600000000
7624,-71.2595502792,-2.7493074345,54.9000000000
7625,-71.2850319405,-2.6992611505,56.1600000000
7626,-71.3110656001,-2.6480595669,57.4400000000
7627,-71.3375836071,-2.5956459913,58.7400000000
7628,-71.3644876876,-2.5419936768,60.0200000000
7629,-71.3918072679,-2.4871404277,61.2800000000
7630,-71.4193702812,-2.4310242028,62.5200000000
7631,-71.4472793695,-2.3736746501,63.7800000000
7632,-71.4751306205,-2.3149217079,65.0200000000
7633,-71.5030452429,-2.2548508210,66.2400000000
7634,-71.5312420132,-2.1935883060,67.4400000000
7635,-71.5591212270,-2.1308869995,68.6200000000
7636,-71.5867326561,-2.0668022323,69.7800000000
7637,-71.6146905201,-2.0016255168,70.9200000000
7638,-71.6424186649,-1.9351355809,72.0400000000
7639,-71.6698863170,-1.8673492424,73.1400000000
7640,-71.6970188553,-1.7982664387,74.2200000000
7641,-71.7236257003,-1.7278451763,75.2800000000
7642,-71.7500286760,-1.6562377376,76.3200000000
7643,-71.7763862387,-1.5835276662,77.3400000000
7644,-71.8022930765,-1.5095953231,78.3400000000
7645,-71.8275454576,-1.4344023736,79.3200000000
7646,-71.8523622594,-1.3580544545,80.2800000000
7647,-71.8765915885,-1.2805326639,81.2200000000
7648,-71.9008643576,-1.2020609348,82.1400000000
7649,-71.9255036233,-1.1227605679,83.0400000000
7650,-71.9491733695,-1.0422477769,83.9200000000
7651,-71.9725026982,-0.9607407783,84.7800000000
7652,-71.9952005426,-0.8781841780,85.6200000000
7653,-72.0169889961,-0.7945352874,86.4400000000
7654,-72.0378104166,-0.7098164226,87.2400000000
7655,-72.0576441993,-0.6240601315,88.0200000000
7656,-72.0765163608,-0.5373091666,88.7800000000
7657,-72.0941348090,-0.4495400337,89.5200000000
7658,-72.1104749212,-0.3607917473,90.2400000000
7659,-72.1256593974,-0.2711284032,90.9400000000
7660,-72.1391267291,-0.1805035977,91.6200000000
7661,-72.1518565494,-0.0891058402,92.2800000000
7662,-72.1633839745,0.0030963554,92.9200000000
7663,-72.1736296037,0.0960735498,93.5400000000
7664,-72.1832705772,0.1897185776,94.1400000000
7665,-72.1914299667,0.2840864894,94.7200000000
7666,-72.1979225151,0.3791450251,95.2800000000
7667,-72.2033328392,0.4748121605,95.8200000000
7668,-72.2072494189,0.5710725158,96.3400000000
7669,-72.2092460163,0.6678919312,96.8400000000
7670,-72.2102724271,0.7652065184,97.3200000000
7671,-72.2103531493,0.8629864851,97.7800000000
7672,-72.2080157717,0.9611786694,98.2200000000
7673,-72.2039706669,1.0597356921,98.6400000000
7674,-72.1972897355,1.1585500977,99.0400000000
7675,-72.1892171942,1.2576418253,99.4200000000
7676,-72.1794786271,1.3569454441,99.7800000000
7677,-72.1670700833,1.4561725979,100.0000000000
7678,-72.1530686000,1.5551875385,100.0000000000
7679,-72.1370214581,1.6538915872,100.0000000000
7680,-72.1192972476,1.7523083153,100.0000000000
7681,-72.1007832444,1.8491342120,98.5800313297
7682,-72.0808232109,1.9456723890,98.5800313297
7683,-72.0587979690,2.0417604283,98.5800313297
7684,-72.0358477373,2.1376317454,98.5800313297
7685,-72.0110593124,2.2332302694,98.7600313297
7686,-71.9845052582,2.3285195910,98.9200313297
7687,-71.9564551205,2.4235252728,99.0600313297
7688,-71.9268589597,2.5181864891,99.1800313297
7689,-71.8958689247,2.6125058528,99.2800313297
7690,-71.8626268083,2.7061401281,99.3600313297
7691,-71.8291195337,2.7997435745,99.4200313297
7692,-71.7937462030,2.8927006900,99.4600313297
7693,-71.7565093471,2.9849486883,99.4800313297
7694,-71.7178547135,3.0766116357,99.4800313297
7695,-71.6773634128,3.1674562965,99.4600313297
7696,-71.6356903207,3.2577208855,99.4200313297
7697,-71.5921862996,3.3470507012,99.3600313297
7698,-71.5473427418,3.4356259796,99.2800313297
7699,-71.5016817014,3.5236699914,99.1800313297
7700,-71.4549997014,3.6110409287,99.0600313297
7701,-71.4071049009,3.6975929979,98.9200313297
7702,-71.3591052113,3.7839039102,98.7600313297
7703,-71.3098874538,3.8693183992,98.5800313297
7704,-71.2596644722,3.9539132139,98.3800313297
7705,-71.2091046427,4.0380505742,98.1600313297
7706,-71.1578992532,4.1215151812,97.9200313297
7707,-71.1059920083,4.2042383318,97.6600313297
7708,-71.0528028105,4.2858090357,97.3800313297
7709,-70.9989191570,4.3665622671,97.0800313297
7710,-70.9441972046,4.4463620890,96.7600313297
7711,-70.8885794176,4.5251242894,96.4200313297
7712,-70.8324672773,4.6030919579,96.0600313297
7713,-70.7758594327,4.6802296291,95.6800313297
7714,-70.7189169904,4.7566223162,95.2800313297
7715,-70.6616089506,4.8322147372,94.8600313297
7716,-70.6038695195,4.9069228386,94.4200313297
7717,-70.5456830887,4.9806983546,93.9600313297
7718,-70.4870547471,5.0535079269,93.4800313297
7719,-70.4284556495,5.1256981754,92.9800313297
7720,-70.3699404741,5.1972861049,92.4600313297
7721,-70.3114342744,5.2681826263,91.9200313297
7722,-70.2528082562,5.3382514876,91.3600313297
7723,-70.1940233673,5.4074277185,90.7800313297
7724,-70.1350611166,5.4756618086,90.1800313297
7725,-70.0759318320,5.5429278989,89.5600313297
7726,-70.0169204983,5.6094443215,88.9200313297
7727,-69.9581230901,5.6752675538,88.2600313297
7728,-69.8994463315,5.7402852429,87.5800313297
7729,-69.8406721115,5.8042675131,86.8800313297
7730,-69.7820571554,5.8674168434,86.1600313297
7731,-69.7236384609,5.9297372886,85.4200313297
7732,-69.6654454251,5.9912262428,84.6600313297
7733,-69.6074433452,6.0518201236,83.8800313297
7734,-69.5497228103,6.1115748845,83.0800313297
7735,-69.4924481592,6.1706200121,82.2600313297
7736,-69.4357372549,6.2290417104,81.4200313297
7737,-69.3794187997,6.2866450980,80.5600313297
7738,-69.3234539029,6.3433622710,79.6800313297
7739,-69.2678303570,6.3991503923,78.7800313297
7740,-69.2127615833,6.4541923276,77.8600313297
7741,-69.1582779502,6.5084898869,76.9200313297
7742,-69.1043958556,6.5620309574,75.9600313297
7743,-69.0511085172,6.6147800301,74.9800313297
7744,-68.9983996086,6.6666916472,73.9800313297
7745,-68.9462557795,6.7177228853,72.9600313297
7746,-68.8947255412,6.7678938475,71.9200313297
7747,-68.8438085216,6.8171746871,70.8600313297
7748,-68.7935559269,6.8655888327,69.7800313297
7749,-68.7439574224,6.9130960433,68.6800313297
7750,-68.6951408534,6.9598004373,67.5600313297
7751,-68.6470378843,7.0056013644,66.4200313297
7752,-68.5996639145,7.0505435616,65.3000313297
7753,-68.5530233742,7.0946022681,64.1600313297
7754,-68.5071696859,7.1378046200,63.0000313297
7755,-68.4621028630,7.1801212568,61.8200313297
7756,-68.4179011822,7.2216061892,60.6200313297
7757,-68.3745274993,7.2621905131,59.4000313297
7758,-68.3320311322,7.3018975406,58.1600313297
7759,-68.2903742305,7.3406572633,56.9000313297
7760,-68.2495747997,7.3785181341,55.6600313297
7761,-68.2096902122,7.4155124997,54.4000313297
7762,-68.1706761443,7.4516219367,53.1600313297
7763,-68.1325078510,7.4868490319,51.9400313297
7764,-68.0951872177,7.5212252026,50.7400313297
7765,-68.0587163851,7.5547822448,49.5600313297
7766,-68.0230794869,7.5875324282,48.4000313297
7767,-67.9882227752,7.6194466917,47.2600313297
7768,-67.9541985616,7.6506116621,46.1400313297
7769,-67.9209721774,7.6810190924,45.0400313297
7770,-67.8885369344,7.7106912908,43.9600313297
7771,-67.8568868943,7.7396513953,42.9000313297
7772,-67.8260126825,7.7679187841,41.8600313297
7773,-67.7958520398,7.7954550109,40.8400313297
7774,-67.7664217133,7.8223080178,39.8400313297
7775,-67.7377066970,7.8484910252,38.8600313297
7776,-67.7096762080,7.8739999268,37.9000313297
7777,-67.6823304732,7.8988646549,36.9600313297
7778,-67.6556455403,7.9230885732,36.0400313297
7779,-67.6296472276,7.9467298408,35.1400313297
7780,-67.6042778796,7.9697547389,34.2600313297
7781,-67.5795522306,7.9922092345,33.4000313297
7782,-67.5554403429,8.0140901054,32.5600313297
7783,-67.5319233977,8.0354063639,31.7400313297
7784,-67.5089820043,8.0561663737,30.9400313297
7785,-67.4866234812,8.0764080124,30.1600313297
7786,-67.4648194797,8.0961297608,29.4000313297
7787,-67.4435647419,8.1153556162,28.6600313297
7788,-67.4228618299,8.1341182063,27.9400313297
7789,-67.4026801001,8.1524134814,27.2400313297
7790,-67.3829982791,8.1702477513,26.5600313297
7791,-67.3637937359,8.1876258164,25.9000313297
7792,-67.3450774535,8.2045896000,25.2600313297
7793,-67.3268177383,8.2211339025,24.6400313297
7794,-67.3090114985,8.2372850922,24.0400313297
7795,-67.2916293030,8.2530404834,23.4600313297
7796,-67.2746603458,8.2684179319,22.9000313297
7797,-67.2580931058,8.2834345081,22.3600313297
7798,-67.2419070981,8.2980973906,21.8400313297
7799,-67.2260907572,8.3124236009,21.3400313297
7800,-67.2106330030,8.3264306970,20.8600313297
7801,-67.1955127444,8.3401251870,20.4000313297
7802,-67.1807151197,8.3535204531,19.9600313297
7803,-67.1662277418,8.3666326118,19.5400313297
7804,-67.1520319262,8.3794708211,19.1400313297
7805,-67.1381208160,8.3920573135,18.7600313297
7806,-67.1244783646,8.4044041622,18.4000313297
7807,-67.1110948158,8.4165303880,18.0600313297
7808,-67.0979503658,8.4284439158,17.7400313297
7809,-67.0850329397,8.4401612020,17.4400313297
7810,-67.0723258189,8.4516935806,17.1600313297
7811,-67.0598111207,8.4630511062,16.9000313297
7812,-67.0474747829,8.4742480440,16.6600313297
7813,-67.0352968010,8.4852921096,16.4400313297
7814,-67.0232728598,8.4962083112,16.2400313297
7815,-67.0113773884,8.5069982308,16.0600313297
7816,-66.9995949321,8.5176745934,15.9000313297
7817,-66.9879170947,8.5282579154,15.7600313297
7818,-66.9763281774,8.5387606567,15.6400313297
7819,-66.9648101486,8.5491927028,15.5400313297
7820,-66.9533562493,8.5595763804,15.4600313297
7821,-66.9419474218,8.5699204424,15.4000313297
7822,-66.9305724110,8.5802422491,15.3600313297
7823,-66.9192164626,8.5905552988,15.3400313297
7824,-66.9078595050,8.6008672374,15.3400313297
7825,-66.8964849454,8.6111895411,15.3600313297
7826,-66.8850783322,8.6215360450,15.4000313297
7827,-66.8736285600,8.6319242731,15.4600313297
7828,-66.8621226154,8.6423696459,15.5400313297
7829,-66.8505456016,8.6528855069,15.6400313297
7830,-66.8388765924,8.6634785618,15.7600313297
7831,-66.8271051776,8.6741670972,15.9000313297
7832,-66.8152148366,8.6849626702,16.0600313297
7833,-66.8031911591,8.6958791622,16.2400313297
7834,-66.7910183070,8.7069288817,16.4400313297
7835,-66.7786835219,8.7181275300,16.6600313297
7836,-66.7661694675,8.7294857648,16.9000313297
7837,-66.7534621215,8.7410178953,17.1600313297
7838,-66.7405479278,8.7527387440,17.4400313297
7839,-66.7274156199,8.7646656548,17.7400313297
7840,-66.7140466527,8.7768079548,18.0600313297
7841,-66.7004271494,8.7891801123,18.4000313297
7842,-66.6865429899,8.8017963277,18.7600313297
7843,-66.6723828648,8.8146738918,19.1400313297
7844,-66.6579270922,8.8278208862,19.5400313297
7845,-66.6431612718,8.8412512026,19.9600313297
7846,-66.6280718000,8.8549796082,20.4000313297
7847,-66.6126445472,8.8690202912,20.8600313297
7848,-66.5968674380,8.8833896948,21.3400313297
7849,-66.5807224469,8.8980977277,21.8400313297
7850,-66.5641955354,8.9131586771,22.3600313297
7851,-66.5472710686,8.9285850784,22.9000313297
7852,-66.5299344150,8.9443905683,23.4600313297
7853,-66.5121713118,8.9605891878,24.0400313297
7854,-66.4939687411,8.9771963417,24.6400313297
7855,-66.4753125107,8.9942261465,25.2600313297
7856,-66.4561901394,9.0116945906,25.9000313297
7857,-66.4365852019,9.0296133431,26.5600313297
7858,-66.4164809715,9.0479937464,27.2400313297
7859,-66.3958633667,9.0668500377,27.9400313297
7860,-66.3747206997,9.0861990694,28.6600313297
7861,-66.3530342978,9.1060500597,29.4000313297
7862,-66.3307910617,9.1264183178,30.1600313297
7863,-66.3079800456,9.1473215014,30.9400313297
7864,-66.2845795275,9.1687655062,31.7400313297
7865,-66.2605791379,9.1907686182,32.5600313297
7866,-66.2359625572,9.2133426309,33.4000313297
7867,-66.2107154178,9.2365014672,34.2600313297
7868,-66.1848252238,9.2602610896,35.1400313297
7869,-66.1582774322,9.2846352279,36.0400313297
7870,-66.1310582268,9.3096384032,36.9600313297
7871,-66.1031565864,9.3352881758,37.9000313297
7872,-66.0745628941,9.3616036237,38.8600313297
7873,-66.0452564306,9.3885917561,39.8400313297
7874,-66.0152261143,9.4162700556,40.8400313297
7875,-65.9844624073,9.4446576683,41.8600313297
7876,-65.9529475727,9.4737648477,42.9000313297
7877,-65.9206741878,9.5036130131,43.9600313297
7878,-65.8876285428,9.5342167672,45.0400313297
7879,-65.8538010312,9.5655951348,46.1400313297
7880,-65.8191691783,9.5977532648,47.2600313297
7881,-65.7837239285,9.6307107723,48.4000313297
7882,-65.7474506690,9.6644812823,49.5600313297
7883,-65.7103354616,9.6990791459,50.7400313297
7884,-65.6723631347,9.7345173914,51.9400313297
7885,-65.6335212074,9.7708119311,53.1600313297
7886,-65.5938182659,9.8080011748,54.4000313297
7887,-65.5532141233,9.8460714084,55.6600313297
7888,-65.5117289069,9.8850148339,56.9000313297
7889,-65.4694011926,9.9248432489,58.1200313297
7890,-65.4261857117,9.9655376654,59.3600313297
7891,-65.3821204497,10.0071674730,60.6200313297
7892,-65.3371949011,10.0497504387,61.9000313297
7893,-65.2914199494,10.0932687492,63.1600313297
7894,-65.2447919903,10.1377474078,64.4400313297
7895,-65.1973185536,10.1831651018,65.7000313297
7896,-65.1490191175,10.2295130496,66.9400313297
7897,-65.0998673594,10.2767348088,68.1600313297
7898,-65.0499136575,10.3248538447,69.3600313297
7899,-64.9991839968,10.3738681032,70.5400313297
7900,-64.9476881483,10.4237587044,71.7000313297
7901,-64.8954533278,10.4745247727,72.8400313297
7902,-64.8425558644,10.5262156287,73.9600313297
7903,-64.7889566281,10.5787620860,75.0600313297
7904,-64.7347104879,10.6321911104,76.1400313297
7905,-64.6798628190,10.6865195381,77.2000313297
7906,-64.6244095034,10.7417140332,78.2400313297
7907,-64.5683299418,10.7977250619,79.2600313297
7908,-64.5116595671,10.8545593936,80.2600313297
7909,-64.4544151839,10.9122050637,81.2400313297
7910,-64.3966582973,10.9706942695,82.2000313297
7911,-64.3384297684,11.0300382097,83.1400313297
7912,-64.2796681707,11.0901478054,84.0600313297
7913,-64.2204355780,11.1510551686,84.9600313297
7914,-64.1607580197,11.2127568704,85.8400313297
7915,-64.1006967312,11.2752831614,86.7000313297
7916,-64.0402487098,11.3386021459,87.5400313297
7917,-63.9794117389,11.4026830175,88.3600313297
7918,-63.9181920569,11.4675032437,89.1600313297
7919,-63.8565976828,11.5330421048,89.9400313297
7920,-63.7946833103,11.5993226160,90.7000313297
7921,-63.7324660853,11.6663322887,91.4400313297
7922,-63.6699798018,11.7340739727,92.1600313297
7923,-63.6071758542,11.8024746275,92.8600313297
7924,-63.5441391334,11.8715840284,93.5400313297
7925,-63.4808859855,11.9413886499,94.2000313297
7926,-63.4174016334,12.0118469254,94.8400313297
7927,-63.3537156399,12.0829574859,95.4600313297
7928,-63.2897964406,12.1546642888,96.0600313297
7929,-63.2256359207,12.2269327006,96.6400313297
7930,-63.1612751049,12.2997717799,97.2000313297
7931,-63.0967196480,12.3731591542,97.7400313297
7932,-63.0319334555,12.4470359639,98.2600313297
7933,-62.9669903339,12.5214398264,98.7600313297
7934,-62.9018704118,12.5963262709,99.2400313297
7935,-62.8366432775,12.6717286395,99.7000313297
7936,-62.7713830609,12.7474987136,100.0000000000
7937,-62.7062624866,12.8233888369,100.0000000000
7938,-62.6413183468,12.8994300014,100.0000000000
7939,-62.5764887217,12.9755688200,100.0000000000
7940,-62.5118075841,13.0518338215,100.0000000000
7941,-62.4472773668,13.1282265636,100.0000000000
7942,-62.3828818342,13.2047328730,100.0000000000
7943,-62.3186094555,13.2813426723,100.0000000000
7944,-62.2544550677,13.3580513062,100.0000000000
7945,-62.1904070551,13.4348487807,100.0000000000
7946,-62.1264591370,13.5117296220,100.0000000000
7947,-62.0626030858,13.5886867837,100.0000000000
7948,-61.9988332896,13.6657154348,100.0000000000
7949,-61.9351452750,13.7428117174,100.0000000000
7950,-61.8715350779,13.8199722178,100.0000000000
7951,-61.8079726823,13.8971721004,100.0000000000
7952,-61.7444593446,13.9744123486,100.0000000000
7953,-61.6809761405,14.0516773652,100.0000000000
7954,-61.6175333855,14.1289755983,100.0000000000
7955,-61.5540831853,14.2062677201,100.0000000000
7956,-61.4906720880,14.2835919255,100.0000000000
7957,-61.4273008041,14.3609487634,100.0000000000
7958,-61.3639385378,14.4383129878,100.0000000000
7959,-61.3005017667,14.5155902579,99.9800000000
7960,-61.2370950316,14.5928404329,99.9400000000
7961,-61.1737514438,14.6700648092,99.8800000000
7962,-61.1103966784,14.7471765054,99.8000000000
7963,-61.0470888262,14.8241973198,99.7000000000
7964,-60.9838112105,14.9010876297,99.5800000000
7965,-60.9205958078,14.9778478176,99.4400000000
7966,-60.8573971278,15.0544144243,99.2800000000
7967,-60.7942341807,15.1307770598,99.1000000000
7968,-60.7311058246,15.2069086607,98.9000000000
7969,-60.6679654680,15.2827442577,98.6800000000
7970,-60.6049085770,15.3583369961,98.4400000000
7971,-60.5418624211,15.4335998331,98.1800000000
7972,-60.4788239941,15.5085035494,97.9000000000
7973,-60.4158350911,15.5830566050,97.6000000000
7974,-60.3529193491,15.6572523448,97.2800000000
7975,-60.2900348857,15.7310284105,96.9400000000
7976,-60.2272544782,15.8044199415,96.5800000000
7977,-60.1645507399,15.8773766493,96.2000000000
7978,-60.1019263908,15.9498737589,95.8000000000
7979,-60.0393181783,16.0218289959,95.3800000000
7980,-59.9769643622,16.0934223280,94.9400000000
7981,-59.9147926181,16.1645640503,94.4800000000
7982,-59.8527941476,16.2352194794,94.0000000000
7983,-59.7907845796,16.3051985010,93.5000000000
7984,-59.7289395408,16.3746281170,92.9800000000
7985,-59.6670193462,16.4432651559,92.4400000000
7986,-59.6051685185,16.5112093205,91.8800000000
7987,-59.5433671889,16.5784126364,91.3000000000
7988,-59.4817660519,16.6449843264,90.7000000000
7989,-59.4203150019,16.7108491490,90.0800000000
7990,-59.3588737643,16.7758452099,89.4400000000
7991,-59.2978356138,16.8403140596,88.7800000000
7992,-59.2368873204,16.9039294314,88.1000000000
7993,-59.1761078283,16.9667355882,87.4000000000
7994,-59.1155758483,17.0287783300,86.6800000000
7995,-59.0552795216,17.0900158722,85.9400000000
7996,-58.9952686216,17.1504668795,85.1800000000
7997,-58.9355073614,17.2100651327,84.4000000000
7998,-58.8760213046,17.2688049747,83.6000000000
7999,-58.8170172291,17.3268656970,82.7800000000
8000,-58.7580937025,17.3838058552,81.9400000000
