step,x,y,velocity
0,0.0000000000,0.0000000000,0.0000000000
1,0.0000083823,0.0000181587,0.0200000000
2,0.0000335905,0.0000726063,0.0600000000
3,0.0000840859,0.0001814650,0.1200000000
4,0.0001683968,0.0003628256,0.2000000000
5,0.0002951144,0.0006347496,0.3000000000
6,0.0004726470,0.0010153835,0.4200000000
7,0.0007094101,0.0015228707,0.5600000000
8,0.0010137415,0.0021753907,0.7200000000
9,0.0013942675,0.0029909887,0.9000000000
10,0.0018594418,0.0039877899,1.1000000000
11,0.0024181272,0.0051837292,1.3200000000
12,0.0030788360,0.0065969043,1.5600000000
13,0.0038496095,0.0082456336,1.8200000000
14,0.0047388637,0.0101480602,2.1000000000
15,0.0057544490,0.0123225915,2.4000000000
16,0.0069042971,0.0147875964,2.7200000000
17,0.0081980754,0.0175606341,3.0600000000
18,0.0096447359,0.0206595973,3.4200000000
19,0.0112522674,0.0241028287,3.8000000000
20,0.0130314228,0.0279073795,4.2000000000
21,0.0149873291,0.0320929296,4.6200000000
22,0.0171301438,0.0366768085,5.0600000000
23,0.0194657685,0.0416783340,5.5200000000
24,0.0220057653,0.0471141795,6.0000000000
25,0.0247549029,0.0530041916,6.5000000000
26,0.0277237241,0.0593655201,7.0200000000
27,0.0309196629,0.0662167663,7.5600000000
28,0.0343534525,0.0735749923,8.1200000000
29,0.0380334642,0.0814583618,8.7000000000
30,0.0419693620,0.0898844349,9.3000000000
31,0.0461733938,0.0988695624,9.9200000000
32,0.0506505096,0.1084335069,10.5600000000
33,0.0554040631,0.1185967804,11.2200000000
34,0.0604455811,0.1293760706,11.9000000000
35,0.0657837044,0.1407894154,12.6000000000
36,0.0714225648,0.1528569609,13.3200000000
37,0.0773782346,0.1655932711,14.0600000000
38,0.0836606627,0.1790157707,14.8200000000
39,0.0902798979,0.1931418362,15.6000000000
40,0.0972333128,0.2079947827,16.4000000000
41,0.1045315081,0.2235917294,17.2200000000
42,0.1121840302,0.2399061189,18.0200000000
43,0.1201878699,0.2569614450,18.8400000000
44,0.1285618609,0.2747709559,19.6800000000
45,0.1373060919,0.2933567037,20.5400000000
46,0.1464220715,0.3127400810,21.4200000000
47,0.1559294659,0.3329339378,22.3200000000
48,0.1658308003,0.3539591887,23.2400000000
49,0.1761429494,0.3758299908,24.1800000000
50,0.1868510611,0.3985754506,25.1400000000
51,0.1979810166,0.4222054843,26.1200000000
52,0.2095425243,0.4467376252,27.1200000000
53,0.2215374715,0.4721488676,28.1000000000
54,0.2339742828,0.4984573401,29.1000000000
55,0.2467707168,0.5255441904,29.9574060812
56,0.2594803950,0.5524578423,29.7637460632
57,0.2721864922,0.5793731850,29.7637460632
58,0.2849184555,0.6062763018,29.7637460632
59,0.2976815496,0.6331846518,29.7818043520
60,0.3104570927,0.6600870935,29.7818043520
61,0.3232599229,0.6869765600,29.7818043520
62,0.3360026848,0.7136991400,29.6053080640
63,0.3487478334,0.7404205818,29.6053080640
64,0.3614863465,0.7671451875,29.6053080640
65,0.3742408397,0.7938621703,29.6053080640
66,0.3869952911,0.8205791731,29.6053080640
67,0.3998026276,0.8472974297,29.6292610155
68,0.4125009559,0.8738893481,29.4682484370
69,0.4251706835,0.9004949052,29.4682484370
70,0.4379021377,0.9270709798,29.4682484370
71,0.4506806459,0.9536244616,29.4682484370
72,0.4634949641,0.9801606805,29.4682484370
73,0.4763361109,1.0066839272,29.4682484370
74,0.4891544018,1.0330881067,29.3511375649
75,0.5019707156,1.0594932459,29.3511375649
76,0.5147623884,1.0859103310,29.3511375649
77,0.5276217503,1.1122945324,29.3511375649
78,0.5404747525,1.1386818326,29.3511375649
79,0.5533391622,1.1650635733,29.3511375649
80,0.5662042373,1.1914449894,29.3511375649
81,0.5790254760,1.2176988146,29.2172465511
82,0.5918689243,1.2439813455,29.2527878230
83,0.6047276528,1.2702564039,29.2527878230
84,0.6176176388,1.2965161422,29.2527878230
85,0.6306052000,1.3227277590,29.2527878230
86,0.6435878450,1.3489418110,29.2527878230
87,0.6565001209,1.3750543439,29.1305895096
88,0.6693859608,1.4011799324,29.1305895096
89,0.6823259792,1.4273251939,29.1722260608
90,0.6952479294,1.4534793901,29.1722260608
91,0.7081511153,1.4796428487,29.1722260608
92,0.7209883581,1.5058387256,29.1722260608
93,0.7337755989,1.5320590469,29.1722260608
94,0.7464771460,1.5581971135,29.0607609038
95,0.7591524170,1.5843479324,29.0607609038
96,0.7718099876,1.6105073233,29.0607609038
97,0.7847640498,1.6365746790,29.1086716446
98,0.7979452069,1.6625279421,29.1086716446
99,0.8113145271,1.6883847795,29.1086716446
100,0.8245409795,1.7143149882,29.1086716446
101,0.8376087826,1.7402117961,29.0071049107
102,0.8508993210,1.7659950023,29.0071049107
103,0.8643751000,1.7916818767,29.0071049107
104,0.8780060080,1.8172867684,29.0071049107
105,0.8917772680,1.8428391699,29.0271049107
106,0.9056599056,1.8683312312,29.0271049107
107,0.9196284943,1.8937534787,29.0071049107
108,0.9333120664,1.9192848911,28.9671049107
109,0.9467542098,1.9448764814,28.9071049107
110,0.9600080204,1.9705210959,28.8671049107
111,0.9734915343,1.9960230628,28.8471049107
112,0.9867766159,2.0215838902,28.8071049107
113,1.0000874803,2.0468752405,28.5802643029
114,1.0136037228,2.0720120238,28.5402643029
115,1.0272974080,2.0970297867,28.5202643029
116,1.0406690227,2.1214787680,27.8666963489
117,1.0539986660,2.1459278806,27.8466963489
118,1.0670991382,2.1705005509,27.8466963489
119,1.0797408491,2.1946413895,27.2505585868
120,1.0922283717,2.2188173337,27.2105585868
121,1.1050181756,2.2428120704,27.1905585868
122,1.1180645730,2.2666682644,27.1905585868
123,1.1308090670,2.2900581992,26.6366509939
124,1.1433487241,2.3135585859,26.6366509939
125,1.1557260085,2.3371448957,26.6366509939
126,1.1681551066,2.3600665213,26.0745738343
127,1.1808224925,2.3828115508,26.0345738343
128,1.1932288620,2.4056317279,25.9745738343
129,1.2054323182,2.4285157349,25.9345738343
130,1.2177926877,2.4509368839,25.6024736395
131,1.2303717894,2.4731441544,25.5224736395
132,1.2431142694,2.4951425945,25.4224736395
133,1.2559734360,2.5169338085,25.3024736395
134,1.2684767578,2.5377932629,24.3197429086
135,1.2805593103,2.5587146659,24.1597429086
136,1.2923010389,2.5796688984,24.0197429086
137,1.3039100990,2.5997886843,23.2287765799
138,1.3152332623,2.6199102543,23.0887765799
139,1.3267373057,2.6397442095,22.9287765799
140,1.3383646687,2.6593435148,22.7887765799
141,1.3496155390,2.6789771453,22.6287765799
142,1.3606835274,2.6981960385,22.1780573083
143,1.3715555462,2.7172966723,21.9780573083
144,1.3821254646,2.7363605682,21.7980573083
145,1.3929164255,2.7550696901,21.5980573083
146,1.4038489280,2.7734256249,21.3649233910
147,1.4143868639,2.7917344833,21.1249233910
148,1.4245996923,2.8099749317,20.9049233910
149,1.4350368660,2.8278567453,20.7049233910
150,1.4456440942,2.8454282902,20.5249233910
151,1.4563606620,2.8626984287,20.3249233910
152,1.4671574714,2.8797056874,20.1449233910
153,1.4779924367,2.8964509403,19.9449233910
154,1.4883614295,2.9132775913,19.7649233910
155,1.4988491896,2.9298414046,19.6049233910
156,1.5089300712,2.9464925027,19.4649233910
157,1.5189148810,2.9630147192,19.3049233910
158,1.5290561508,2.9792294453,19.1249233910
159,1.5388083519,2.9954948347,18.9649233910
160,1.5487400799,3.0114395556,18.7849233910
161,1.5587866669,3.0270749472,18.5849233910
162,1.5688941321,3.0424082298,18.3649233910
163,1.5789495979,3.0575360866,18.1649233910
164,1.5885393026,3.0727510474,17.9849233910
165,1.5977291929,3.0879776497,17.7849233910
166,1.6070930317,3.1028385062,17.5649233910
167,1.6165604066,3.1173478750,17.3249233910
168,1.6260952020,3.1315487934,17.1049233910
169,1.6354807080,3.1455608566,16.8649233910
170,1.6443979944,3.1596155881,16.6449233910
171,1.6534229129,3.1733149443,16.4049233910
172,1.6624952964,3.1866697340,16.1449233910
173,1.6715647662,3.1996866658,15.8649233910
174,1.6801176873,3.2127389136,15.6049233910
175,1.6887444316,3.2254534782,15.3649233910
176,1.6973910092,3.2378387681,15.1049233910
177,1.7055474201,3.2502661134,14.8649233910
178,1.7137942432,3.2623683317,14.6449233910
179,1.7220987620,3.2741874171,14.4449233910
180,1.7304149038,3.2857282243,14.2249233910
181,1.7383245882,3.2973099068,14.0249233910
182,1.7458042793,3.3089129293,13.8049233910
183,1.7534169273,3.3201886346,13.6049233910
184,1.7611222091,3.3311821418,13.4249233910
185,1.7684183100,3.3422602781,13.2649233910
186,1.7753824377,3.3533852294,13.1249233910
187,1.7825430905,3.3641932953,12.9649233910
188,1.7898278834,3.3746997723,12.7849233910
189,1.7968797542,3.3851233712,12.5849233910
190,1.8035680335,3.3955708132,12.4049233910
191,1.8104327642,3.4057105184,12.2449233910
192,1.8174051796,3.4155567258,12.0649233910
193,1.8239740327,3.4254373420,11.8649233910
194,1.8306484901,3.4349796614,11.6449233910
195,1.8373650524,3.4441970400,11.4049233910
196,1.8436590123,3.4534430435,11.1849233910
197,1.8496060822,3.4626788922,10.9849233910
198,1.8556880133,3.4715611041,10.7649233910
199,1.8618566396,3.4801381465,10.5649233910
200,1.8680785024,3.4884528959,10.3849233910
201,1.8743065543,3.4965116820,10.1849233910
202,1.8801229130,3.5046522264,10.0049233910
203,1.8860113160,3.5125420444,9.8449233910
204,1.8915237159,3.5204808221,9.6649233910
205,1.8967075364,3.5283999622,9.4649233910
206,1.9016016954,3.5362431641,9.2449233910
207,1.9066329712,3.5437114242,9.0049233910
208,1.9117227401,3.5508225379,8.7449233910
209,1.9168311151,3.5576224075,8.5049233910
210,1.9215537298,3.5643807854,8.2449233910
211,1.9259569776,3.5710658589,8.0049233910
212,1.9304218457,3.5773942703,7.7449233910
213,1.9345735333,3.5836462592,7.5049233910
214,1.9384659275,3.5898041302,7.2849233910
215,1.9421228966,3.5958255523,7.0449233910
216,1.9459004369,3.6015097205,6.8249233910
217,1.9494527064,3.6070543212,6.5849233910
218,1.9530802390,3.6122843554,6.3649233910
219,1.9566643856,3.6172511027,6.1249233910
220,1.9602438438,3.6219474417,5.9049233910
221,1.9637974359,3.6264104154,5.7049233910
222,1.9672873085,3.6306418659,5.4849233910
223,1.9706808725,3.6346409840,5.2449233910
224,1.9737295694,3.6385849551,4.9849233910
225,1.9766838910,3.6422466880,4.7049233910
226,1.9793081851,3.6457845448,4.4049233910
227,1.9817917670,3.6490779949,4.1249233910
228,1.9841669490,3.6520760859,3.8249233910
229,1.9862587196,3.6549380743,3.5449233910
230,1.9880912582,3.6576160082,3.2449233910
231,1.9898232974,3.6599729590,2.9249233910
232,1.9914097985,3.6620137538,2.5849233910
233,1.9927330592,3.6638519211,2.2649233910
234,1.9939272548,3.6654123123,1.9649233910
235,1.9948802602,3.6667530411,1.6449233910
236,1.9956282404,3.6678707819,1.3449233910
237,1.9962288988,3.6687012501,1.0249233910
238,1.9966463404,3.6692442626,0.6849233910
239,1.9968503523,3.6694971546,0.3249233910
240,1.9968503523,3.6694971546,0.0000000000
241,1.9968503523,3.6694971546,0.0000000000
242,1.9968503523,3.6694971546,0.0000000000
243,1.9968503523,3.6694971546,0.0000000000
244,1.9968503523,3.6694971546,0.0000000000
245,1.9968503523,3.6694971546,0.0000000000
246,1.9968503523,3.6694971546,0.0000000000
247,1.9968503523,3.6694971546,0.0000000000
248,1.9968503523,3.6694971546,0.0000000000
249,1.9968503523,3.6694971546,0.0000000000
250,1.9968503523,3.6694971546,0.0000000000
251,1.9968503523,3.6694971546,0.0000000000
252,1.9968503523,3.6694971546,0.0000000000
253,1.9968503523,3.6694971546,0.0000000000
254,1.9968503523,3.6694971546,0.0000000000
255,1.9968503523,3.6694971546,0.0000000000
256,1.9968503523,3.6694971546,0.0000000000
257,1.9968503523,3.6694971546,0.0000000000
258,1.9968628000,3.6695128088,0.0200000000
259,1.9968746366,3.6695289301,0.0200000000
260,1.9968746366,3.6695289301,0.0000000000
261,1.9968746366,3.6695289301,0.0000000000
262,1.9968746366,3.6695289301,0.0000000000
263,1.9968861655,3.6695452728,0.0200000000
264,1.9968972498,3.6695619203,0.0200000000
265,1.9969206507,3.6695943609,0.0400000000
266,1.9969655478,3.6696605746,0.0800000000
267,1.9970476889,3.6697739450,0.1400000000
268,1.9971714616,3.6699558249,0.2200000000
269,1.9973452075,3.6702245485,0.3200000000
270,1.9975987718,3.6705841388,0.4400000000
271,1.9979240098,3.6710152075,0.5400000000
272,1.9983349738,3.6715316458,0.6600000000
273,1.9987849679,3.6721441042,0.7600000000
274,1.9993259342,3.6728381903,0.8800000000
275,1.9998998356,3.6736325688,0.9800000000
276,2.0004953002,3.6745095078,1.0600000000
277,2.0011810867,3.6754450808,1.1600000000
278,2.0018833370,3.6764670615,1.2400000000
279,2.0025932241,3.6775561254,1.3000000000
280,2.0033692363,3.6786485562,1.3400000000
281,2.0041919531,3.6797314860,1.3600000000
282,2.0049775077,3.6808416680,1.3600000000
283,2.0057215837,3.6819560965,1.3400000000
284,2.0064413393,3.6830863849,1.3400000000
285,2.0071969427,3.6841687266,1.3200000000
286,2.0079889118,3.6852247498,1.3200000000
287,2.0087575224,3.6863224008,1.3400000000
288,2.0095868816,3.6874253801,1.3800000000
289,2.0104832196,3.6885524019,1.4400000000
290,2.0114294646,3.6896903916,1.4800000000
291,2.0124085195,3.6908268120,1.5000000000
292,2.0133587995,3.6920386569,1.5400000000
293,2.0142754577,3.6933009317,1.5600000000
294,2.0151769881,3.6946227649,1.6000000000
295,2.0161383939,3.6959266433,1.6200000000
296,2.0171625268,3.6972330704,1.6600000000
297,2.0181495658,3.6985925387,1.6800000000
298,2.0191784420,3.6999206252,1.6800000000
299,2.0202528116,3.7012380962,1.7000000000
300,2.0212726636,3.7025982072,1.7000000000
301,2.0222362114,3.7039744251,1.6800000000
302,2.0232471815,3.7053161924,1.6800000000
303,2.0243077946,3.7066447630,1.7000000000
304,2.0253400426,3.7080455000,1.7400000000
305,2.0263398892,3.7094939152,1.7600000000
306,2.0273036532,3.7109665859,1.7600000000
307,2.0283161861,3.7123816397,1.7400000000
308,2.0292992974,3.7137685399,1.7000000000
309,2.0303162318,3.7151057925,1.6800000000
310,2.0312641974,3.7164440604,1.6400000000
311,2.0321480086,3.7177537466,1.5800000000
312,2.0330588061,3.7189955388,1.5400000000
313,2.0339711959,3.7201608477,1.4800000000
314,2.0347933007,3.7212940483,1.4000000000
315,2.0356151298,3.7223524419,1.3400000000
316,2.0363751250,3.7234071491,1.3000000000
317,2.0371576857,3.7244200651,1.2800000000
318,2.0378806437,3.7254275033,1.2400000000
319,2.0385636400,3.7264384019,1.2200000000
320,2.0392624625,3.7273892158,1.1800000000
321,2.0399540790,3.7282701623,1.1200000000
322,2.0406169164,3.7290715651,1.0400000000
323,2.0412568047,3.7298138204,0.9800000000
324,2.0418821566,3.7305156289,0.9400000000
325,2.0424429805,3.7311937708,0.8800000000
326,2.0429915080,3.7318299450,0.8400000000
327,2.0434757487,3.7324414276,0.7800000000
328,2.0439492443,3.7330101120,0.7400000000
329,2.0444028987,3.7335692163,0.7200000000
330,2.0448431595,3.7340874541,0.6800000000
331,2.0452530554,3.7345526265,0.6200000000
332,2.0455900889,3.7349745370,0.5400000000
333,2.0458749652,3.7353608600,0.4800000000
334,2.0461023003,3.7356899782,0.4000000000
335,2.0462754006,3.7359350012,0.3000000000
336,2.0463974740,3.7361180260,0.2200000000
337,2.0464916895,3.7362473451,0.1600000000
338,2.0465368533,3.7363133772,0.0800000000
339,2.0465477482,3.7363301492,0.0200000000
340,2.0465477482,3.7363301492,0.0000000000
341,2.0465477482,3.7363301492,0.0000000000
342,2.0465477482,3.7363301492,0.0000000000
343,2.0465477482,3.7363301492,0.0000000000
344,2.0465477482,3.7363301492,0.0000000000
345,2.0465581651,3.7363472222,0.0200000000
346,2.0465919120,3.7363968322,0.0600000000
347,2.0466632815,3.7364933019,0.1200000000
348,2.0467543807,3.7366248349,0.1600000000
349,2.0468864123,3.7368008112,0.2200000000
350,2.0470591652,3.7370460793,0.3000000000
351,2.0472807413,3.7373791018,0.4000000000
352,2.0475595338,3.7378180491,0.5200000000
353,2.0479038756,3.7383811022,0.6600000000
354,2.0483017564,3.7390519903,0.7800000000
355,2.0488116871,3.7398177388,0.9200000000
356,2.0493695921,3.7406954301,1.0400000000
357,2.0500248371,3.7416283041,1.1400000000
358,2.0507217837,3.7426780018,1.2600000000
359,2.0515447496,3.7438105773,1.4000000000
360,2.0524242738,3.7450990016,1.5600000000
361,2.0534378929,3.7464637640,1.7000000000
362,2.0545691961,3.7478894403,1.8200000000
363,2.0558265094,3.7493930238,1.9600000000
364,2.0572196993,3.7509909668,2.1200000000
365,2.0587597302,3.7526992715,2.3000000000
366,2.0603843116,3.7545465222,2.4600000000
367,2.0621322538,3.7564712815,2.6000000000
368,2.0638805591,3.7586069379,2.7600000000
369,2.0657952824,3.7608379545,2.9400000000
370,2.0678845508,3.7631820017,3.1400000000
371,2.0699682075,3.7657667212,3.3200000000
372,2.0720670824,3.7685925174,3.5200000000
373,2.0743958477,3.7715190259,3.7400000000
374,2.0767528184,3.7747260633,3.9800000000
375,2.0791351724,3.7781850212,4.2000000000
376,2.0818016269,3.7817351790,4.4400000000
377,2.0847219270,3.7853666315,4.6600000000
378,2.0876164759,3.7892706277,4.8600000000
379,2.0905124557,3.7934443193,5.0800000000
380,2.0936731542,3.7977236165,5.3200000000
381,2.0970817090,3.8021415521,5.5800000000
382,2.1004961776,3.8069040098,5.8600000000
383,2.1042543992,3.8117341413,6.1200000000
384,2.1083171143,3.8166273965,6.3600000000
385,2.1123275145,3.8218943776,6.6200000000
386,2.1166947604,3.8272363963,6.9000000000
387,2.1213800266,3.8326506257,7.1600000000
388,2.1259830826,3.8384957498,7.4400000000
389,2.1307353018,3.8446050880,7.7400000000
390,2.1358974897,3.8507950327,8.0600000000
391,2.1409976675,3.8574694755,8.4000000000
392,2.1465678602,3.8642304335,8.7600000000
393,2.1520826146,3.8715192663,9.1400000000
394,2.1581027356,3.8788682897,9.5000000000
395,2.1646006335,3.8863108512,9.8800000000
396,2.1715309850,3.8938492746,10.2400000000
397,2.1782738502,3.9020021986,10.5800000000
398,2.1848628168,3.9106852579,10.9000000000
399,2.1913543112,3.9198612102,11.2400000000
400,2.1985049328,3.9289951366,11.6000000000
401,2.2055434177,3.9386894715,11.9800000000
402,2.2132844280,3.9483507944,12.3800000000
403,2.2216690511,3.9580223039,12.8000000000
404,2.2298731973,3.9684141076,13.2400000000
405,2.2388051503,3.9788020918,13.7000000000
406,2.2476572512,3.9898796687,14.1800000000
407,2.2569558325,4.0011874530,14.6400000000
408,2.2670241365,4.0124676859,15.1200000000
409,2.2768208191,4.0245821983,15.5800000000
410,2.2864029951,4.0374205122,16.0200000000
411,2.2958254117,4.0508923964,16.4400000000
412,2.3051380332,4.0649231014,16.8400000000
413,2.3152831818,4.0782063214,16.7143045528
414,2.3261328382,4.0909206021,16.7143045528
415,2.3365102614,4.1041920029,16.8469876335
416,2.3475936311,4.1168797888,16.8469876335
417,2.3580970567,4.1300516923,16.8469876335
418,2.3681242610,4.1435896451,16.8469876335
419,2.3777657070,4.1574049812,16.8469876335
420,2.3883506585,4.1705114603,16.8469876335
421,2.3984574411,4.1839901078,16.8469876335
422,2.4093086144,4.1966365291,16.6637310939
423,2.4196258320,4.2097222065,16.6637310939
424,2.4295062082,4.2231407795,16.6637310939
425,2.4404100119,4.2359264137,16.8037310939
426,2.4520438265,4.2480559345,16.8068710340
427,2.4630381133,4.2607679985,16.8068710340
428,2.4747687094,4.2728039458,16.8068710340
429,2.4870723248,4.2842534856,16.8068710340
430,2.4998258166,4.2951996887,16.8068710340
431,2.5129359896,4.3057160701,16.8068710340
432,2.5250653845,4.3171056662,16.6386634150
433,2.5376887183,4.3279452494,16.6386634150
434,2.5507010611,4.3383146301,16.6386634150
435,2.5628439448,4.3496605698,16.6186634150
436,2.5742218858,4.3617185356,16.5786634150
437,2.5849417934,4.3742863446,16.5186634150
438,2.5951278699,4.3872397300,16.4786634150
439,2.6058688625,4.3996576037,16.4186634150
440,2.6174744738,4.4112148699,16.3786634150
441,2.6297457892,4.4220324799,16.3586634150
442,2.6412333892,4.4336227267,16.3186634150
443,2.6534006257,4.4444070900,16.2586634150
444,2.6653146488,4.4553526464,16.1786634150
445,2.6768995702,4.4665022209,16.0786634150
446,2.6878842567,4.4781338113,15.9986634150
447,2.6996359007,4.4888420493,15.8986634150
448,2.7119591139,4.4987601402,15.8186634150
449,2.7234298861,4.5095071289,15.7186634150
450,2.7355281520,4.5194167079,15.6386634150
451,2.7480996151,4.5286174181,15.5786634150
452,2.7610367285,4.5372244593,15.5386634150
453,2.7742313967,4.5453170332,15.4786634150
454,2.7864774088,4.5546526651,15.3986634150
455,2.7978883795,4.5649027550,15.3386634150
456,2.8085624972,4.5758064251,15.2586634150
457,2.8186276358,4.5871946802,15.1986634150
458,2.8281758043,4.5989167304,15.1186634150
459,2.8388600871,4.6095284902,15.0586634150
460,2.8489214048,4.6206248970,14.9786634150
461,2.8599707481,4.6306487949,14.9186634150
462,2.8717165386,4.6397164482,14.8386634150
463,2.8826624396,4.6495863749,14.7386634150
464,2.8929330014,4.6600454366,14.6586634150
465,2.9040762945,4.6694146255,14.5586634150
466,2.9158148627,4.6778218259,14.4386634150
467,2.9279429733,4.6853955112,14.2986634150
468,2.9400165824,4.6928293836,14.1786634150
469,2.9512427213,4.7013254161,14.0786634150
470,2.9616962685,4.7105756937,13.9586634150
471,2.9714971320,4.7203739397,13.8586634150
472,2.9807611981,4.7305733831,13.7786634150
473,2.9910734267,4.7396210163,13.7186634150
474,3.0021077846,4.7476370057,13.6386634150
475,3.0136292310,4.7547469763,13.5386634150
476,3.0243793785,4.7628445036,13.4586634150
477,3.0356662823,4.7699901100,13.3586634150
478,3.0472950042,4.7763174345,13.2386634150
479,3.0581294487,4.7814763891,12.0000000000
480,3.0690699178,4.7861067817,11.8800000000
481,3.0800393436,4.7902899978,11.7400000000
482,3.0902644576,4.7958100925,11.6200000000
483,3.0999292579,4.8020054161,11.4800000000
484,3.1088753340,4.8089415622,11.3200000000
485,3.1171705350,4.8163772357,11.1400000000
486,3.1249274904,4.8241483387,10.9800000000
487,3.1334496783,4.8308474368,10.8400000000
488,3.1413822585,4.8379984207,10.6800000000
489,3.1487944009,4.8454354998,10.5000000000
490,3.1569093062,4.8517788673,10.3000000000
491,3.1654304717,4.8571636735,10.0800000000
492,3.1741815425,4.8617498659,9.8800000000
493,3.1822342096,4.8670856088,9.6600000000
494,3.1896670171,4.8729375293,9.4600000000
495,3.1974821591,4.8778671494,9.2400000000
496,3.2046556609,4.8833023010,9.0000000000
497,3.2121585336,4.8878624874,8.7800000000
498,3.2198332695,4.8916984787,8.5800000000
499,3.2275837922,4.8949372127,8.4000000000
500,3.2353116233,4.8976795888,8.2000000000
501,3.2427066103,4.9006786831,7.9800000000
502,3.2495168895,4.9044401321,7.7800000000
503,3.2564372440,4.9075815796,7.6000000000
504,3.2627951063,4.9113680802,7.4000000000
505,3.2686468476,4.9155972083,7.2200000000
506,3.2747700431,4.9191114758,7.0600000000
507,3.2804323992,4.9230894306,6.9200000000
508,3.2856664689,4.9273675276,6.7600000000
509,3.2905412331,4.9318464866,6.6200000000
510,3.2953445748,4.9362257456,6.5000000000
511,3.3005638617,4.9398601154,6.3600000000
512,3.3053833017,4.9437604997,6.2000000000
513,3.3105180906,4.9469788134,6.0600000000
514,3.3152785845,4.9505314600,5.9400000000
515,3.3203255429,4.9534697948,5.8400000000
516,3.3251389249,4.9565600624,5.7200000000
517,3.3299104703,4.9595293643,5.6200000000
518,3.3348460933,4.9619562194,5.5000000000
519,3.3397982025,4.9641094994,5.4000000000
520,3.3447779976,4.9658645037,5.2800000000
521,3.3494159551,4.9681713958,5.1800000000
522,3.3541167365,4.9700438951,5.0600000000
523,3.3584495486,4.9723748047,4.9200000000
524,3.3628267418,4.9742450398,4.7600000000
525,3.3671706285,4.9758182684,4.6200000000
526,3.3714876553,4.9770884179,4.5000000000
527,3.3757260381,4.9781110183,4.3600000000
528,3.3798448593,4.9789327918,4.2000000000
529,3.3838498447,4.9795988941,4.0600000000
530,3.3877519151,4.9801442803,3.9400000000
531,3.3915255390,4.9805912290,3.8000000000
532,3.3951868217,4.9809619158,3.6800000000
533,3.3985990171,4.9819045305,3.5400000000
534,3.4017404648,4.9832564574,3.4200000000
535,3.4048429879,4.9844382994,3.3200000000
536,3.4079413789,4.9853857030,3.2400000000
537,3.4110281614,4.9861500155,3.1800000000
538,3.4139383977,4.9873290509,3.1400000000
539,3.4168689579,4.9882767941,3.0800000000
540,3.4195820174,4.9895571488,3.0000000000
541,3.4223365640,4.9905848028,2.9400000000
542,3.4249138080,4.9919143944,2.9000000000
543,3.4275831524,4.9929955976,2.8800000000
544,3.4302865213,4.9938658829,2.8400000000
545,3.4328383342,4.9950661541,2.8200000000
546,3.4352539345,4.9965212401,2.8200000000
547,3.4377913557,4.9977050871,2.8000000000
548,3.4401594015,4.9991228173,2.7600000000
549,3.4423542630,5.0006952622,2.7000000000
550,3.4443794978,5.0023574367,2.6200000000
551,3.4465615403,5.0036962013,2.5600000000
552,3.4488048029,5.0047536382,2.4800000000
553,3.4510760846,5.0055889102,2.4200000000
554,3.4533238373,5.0062394543,2.3400000000
555,3.4555073787,5.0067392013,2.2400000000
556,3.4576326925,5.0071247413,2.1600000000
557,3.4596717026,5.0074180634,2.0600000000
558,3.4615623340,5.0080062072,1.9800000000
559,3.4633883119,5.0084536496,1.8800000000
560,3.4651162595,5.0087880104,1.7600000000
561,3.4667401516,5.0091323565,1.6600000000
562,3.4682590274,5.0093865540,1.5400000000
563,3.4696259190,5.0098395524,1.4400000000
564,3.4709421265,5.0101818941,1.3600000000
565,3.4721765300,5.0104345754,1.2600000000
566,3.4732478477,5.0108242913,1.1400000000
567,3.4742180240,5.0111989349,1.0400000000
568,3.4750988450,5.0114645557,0.9200000000
569,3.4758965342,5.0116545345,0.8200000000
570,3.4765480509,5.0119105150,0.7000000000
571,3.4771217164,5.0120863214,0.6000000000
572,3.4776273357,5.0122077671,0.5200000000
573,3.4780552192,5.0123766332,0.4600000000
574,3.4783908601,5.0125548049,0.3800000000
575,3.4786589305,5.0127295570,0.3200000000
576,3.4788500726,5.0128746938,0.2400000000
577,3.4789869517,5.0129915874,0.1800000000
578,3.4790599369,5.0130599479,0.1000000000
579,3.4790599369,5.0130599479,0.0000000000
580,3.4790599369,5.0130599479,0.0000000000
581,3.4790599369,5.0130599479,0.0000000000
582,3.4790599369,5.0130599479,0.0000000000
583,3.4790599369,5.0130599479,0.0000000000
584,3.4790599369,5.0130599479,0.0000000000
585,3.4790599369,5.0130599479,0.0000000000
586,3.4790795617,5.0130638038,0.0200000000
587,3.4791388625,5.0130729368,0.0600000000
588,3.4792150623,5.0130973005,0.0800000000
589,3.4792926701,5.0131167179,0.0800000000
590,3.4793483151,5.0131391596,0.0600000000
591,3.4793673964,5.0131451515,0.0200000000
592,3.4793673964,5.0131451515,0.0000000000
593,3.4793673964,5.0131451515,0.0000000000
594,3.4793864936,5.0131510926,0.0200000000
595,3.4794046854,5.0131594029,0.0200000000
596,3.4794397581,5.0131786357,0.0400000000
597,3.4795134783,5.0132097055,0.0800000000
598,3.4796465170,5.0132533027,0.1400000000
599,3.4798208806,5.0132979942,0.1800000000
600,3.4800169617,5.0133373920,0.2000000000
601,3.4802540409,5.0133747213,0.2400000000
602,3.4805395416,5.0134668590,0.3000000000
603,3.4808838354,5.0136276749,0.3800000000
604,3.4812619472,5.0138526893,0.4400000000
605,3.4816988716,5.0140514281,0.4800000000
606,3.4822081564,5.0142309525,0.5400000000
607,3.4828059468,5.0143954109,0.6200000000
608,3.4835098164,5.0145469618,0.7200000000
609,3.4843381434,5.0146865122,0.8400000000
610,3.4852302087,5.0149828557,0.9400000000
611,3.4862175583,5.0152388649,1.0200000000
612,3.4872533874,5.0156648439,1.1200000000
613,3.4883420011,5.0162585781,1.2400000000
614,3.4896150614,5.0167912295,1.3800000000
615,3.4909284726,5.0175157645,1.5000000000
616,3.4924022761,5.0181385834,1.6000000000
617,3.4940369725,5.0186735298,1.7200000000
618,3.4957198363,5.0194657226,1.8600000000
619,3.4975811128,5.0201410372,1.9800000000
620,3.4994757228,5.0210922747,2.1200000000
621,3.5016031167,5.0219123937,2.2800000000
622,3.5039604976,5.0226154978,2.4600000000
623,3.5063908219,5.0236967581,2.6600000000
624,3.5090776362,5.0246168825,2.8400000000
625,3.5117782438,5.0259232968,3.0000000000
626,3.5144601672,5.0275563574,3.1400000000
627,3.5174210007,5.0289205661,3.2600000000
628,3.5206271657,5.0300521605,3.4000000000
629,3.5238210028,5.0316247394,3.5600000000
630,3.5273222107,5.0329397083,3.7400000000
631,3.5307935524,5.0347172873,3.9000000000
632,3.5345407088,5.0362273927,4.0400000000
633,3.5385548109,5.0374631050,4.2000000000
634,3.5427798041,5.0384555931,4.3400000000
635,3.5469379355,5.0400685231,4.4600000000
636,3.5510152409,5.0421982133,4.6000000000
637,3.5550222274,5.0447675827,4.7600000000
638,3.5590413607,5.0476398932,4.9400000000
639,3.5635895208,5.0500344371,5.1400000000
640,3.5685390928,5.0519848568,5.3200000000
641,3.5733960746,5.0545225974,5.4800000000
642,3.5781731539,5.0575582380,5.6600000000
643,3.5828964505,5.0610266769,5.8600000000
644,3.5882198507,5.0638802729,6.0400000000
645,3.5940184623,5.0661854202,6.2400000000
646,3.6002145193,5.0680131176,6.4600000000
647,3.6063259595,5.0706599834,6.6600000000
648,3.6123441609,5.0739939977,6.8800000000
649,3.6182538421,5.0778929808,7.0800000000
650,3.6247973344,5.0810378667,7.2600000000
651,3.6318324343,5.0835195940,7.4600000000
652,3.6392323638,5.0854197633,7.6400000000
653,3.6469056453,5.0868200313,7.8000000000
654,3.6548083250,5.0879282068,7.9800000000
655,3.6629166401,5.0886457209,8.1400000000
656,3.6709505555,5.0906493684,8.2800000000
657,3.6792278807,5.0920797137,8.4000000000
658,3.6876747799,5.0930283415,8.5000000000
659,3.6962373101,5.0935755858,8.5800000000
660,3.7049146268,5.0937913971,8.6800000000
661,3.7137144222,5.0937313836,8.8000000000
662,3.7226096756,5.0934407522,8.9000000000
663,3.7315766796,5.0929578046,8.9800000000
664,3.7406336890,5.0923120632,9.0800000000
665,3.7497900336,5.0932072469,9.2000000000
666,3.7587942924,5.0955339018,9.3000000000
667,3.7675679916,5.0989629835,9.4200000000
668,3.7760651920,5.1032557665,9.5200000000
669,3.7851514817,5.1064758503,9.6400000000
670,3.7939960554,5.1106498073,9.7800000000
671,3.8034023225,5.1137372233,9.9000000000
672,3.8131674079,5.1158920104,10.0000000000
673,3.8227057719,5.1192734321,10.1200000000
674,3.8319932694,5.1236334768,10.2600000000
675,3.8419112302,5.1268288569,10.4200000000
676,3.8515990245,5.1310312660,10.5600000000
677,3.8610396479,5.1360249649,10.6800000000
678,3.8702447254,5.1416352187,10.7800000000
679,3.8799208061,5.1466535315,10.9000000000
680,3.8893629102,5.1522968168,11.0000000000
681,3.8996781523,5.1564501506,11.1200000000
682,3.9104461973,5.1597420810,11.2600000000
683,3.9209938810,5.1640141729,11.3800000000
684,3.9321431872,5.1669130299,11.5200000000
685,3.9436543128,5.1686403365,11.6400000000
686,3.9554104626,5.1693895639,11.7800000000
687,3.9670830794,5.1717047349,11.9000000000
688,3.9790638516,5.1728975038,12.0400000000
689,3.9909223975,5.1755883194,12.1600000000
690,4.0030985621,5.1770196181,12.2600000000
691,4.0153016578,5.1791050088,12.3800000000
692,4.0273272944,5.1824418433,12.4800000000
693,4.0391225854,5.1867574790,12.5600000000
694,4.0507153411,5.1918450731,12.6600000000
695,4.0630226038,5.1951373193,12.7400000000
696,4.0757001065,5.1969039335,12.8000000000
697,4.0881923320,5.1998720814,12.8400000000
698,4.1010089925,5.2013360536,12.9000000000
699,4.1136807223,5.2039572865,12.9400000000
700,4.1261536322,5.2074769625,12.9600000000
701,4.1384122917,5.2116825383,12.9600000000
702,4.1511324558,5.2140576224,12.9400000000
703,4.1640056237,5.2148892167,12.9000000000
704,4.1767710917,5.2162706749,12.8400000000
705,4.1895710850,5.2162837663,12.8000000000
706,4.2023045824,5.2151945268,12.7800000000
707,4.2150421324,5.2154443705,12.7400000000
708,4.2277501007,5.2148912523,12.7200000000
709,4.2403693945,5.2132938091,12.7200000000
710,4.2531079108,5.2130993777,12.7400000000
711,4.2658620579,5.2139118624,12.7800000000
712,4.2786010315,5.2155193921,12.8400000000
713,4.2915209622,5.2155616952,12.9200000000
714,4.3044788483,5.2142914245,13.0200000000
715,4.3174080261,5.2119470777,13.1400000000
716,4.3302441146,5.2087017068,13.2400000000
717,4.3434231663,5.2067690929,13.3200000000
718,4.3564742921,5.2038207855,13.3800000000
719,4.3693863926,5.2000195674,13.4600000000
720,4.3821778058,5.1955191953,13.5600000000
721,4.3954601244,5.1924160337,13.6400000000
722,4.4086014889,5.1884045326,13.7400000000
723,4.4221695348,5.1855747397,13.8600000000
724,4.4356221409,5.1816982220,14.0000000000
725,4.4489279702,5.1769728322,14.1200000000
726,4.4626992370,5.1734287373,14.2200000000
727,4.4767460171,5.1707495641,14.3000000000
728,4.4906182453,5.1668867563,14.4000000000
729,4.5047527931,5.1639270897,14.4410895028
730,4.5186520450,5.1597927950,14.5010895028
731,4.5322813305,5.1547246730,14.5410895028
732,4.5462996392,5.1506407001,14.6010895028
733,4.5587177851,5.1477784900,12.7437275949
734,4.5708750811,5.1438909593,12.7637275949
735,4.5827820282,5.1391835129,12.8037275949
736,4.5949961560,5.1352767146,12.8237275949
737,4.6074376080,5.1320078066,12.8637275949
738,4.6200074684,5.1291813168,12.8837275949
739,4.6326503565,5.1267018376,12.8837275949
740,4.6450089666,5.1231324896,12.8637275949
741,4.6574535740,5.1200373746,12.8237275949
742,4.6695626195,5.1158772717,12.8037275949
743,4.6813494085,5.1108765670,12.8037275949
744,4.6928511776,5.1052058267,12.8237275949
745,4.7046950631,5.1002894902,12.8237275949
746,4.7162080552,5.0946871287,12.8037275949
747,4.7276225351,5.0899834692,12.3456374985
748,4.7391789631,5.0858138336,12.2856374985
749,4.7503632408,5.0809261431,12.2056374985
750,4.7616722688,5.0766073068,12.1056374985
751,4.7730194386,5.0727476123,11.9856374985
752,4.7843769720,5.0692440691,11.8856374985
753,4.7957317831,5.0660127627,11.8056374985
754,4.8067510125,5.0619462428,11.7456374985
755,4.8174022652,5.0570910637,11.7056374985
756,4.8276912728,5.0516360480,11.6456374985
757,4.8376706370,5.0457112601,11.6056374985
758,4.8479434731,5.0404414799,11.5456374985
759,4.8578949675,5.0346667544,11.5056374985
760,4.8675454972,5.0285129025,11.4456374985
761,4.8775301995,5.0229998011,11.4056374985
762,4.8871899087,5.0170488761,11.3456374985
763,4.8971477369,5.0116954569,11.3056374985
764,4.9067702755,5.0058755673,11.2456374985
765,4.9166328120,5.0006408913,11.1656374985
766,4.9266264511,4.9958895219,11.0656374985
767,4.9362375843,4.9905687748,10.9856374985
768,4.9459952438,4.9857433023,10.8856374985
769,4.9554136726,4.9804466052,10.8056374985
770,4.9645051044,4.9747182028,10.7456374985
771,4.9738526487,4.9694995737,10.7056374985
772,4.9829033242,4.9638190701,10.6856374985
773,4.9922346437,4.9586124084,10.6856374985
774,5.0017518223,4.9537979370,10.6656374985
775,5.0113810698,4.9493055251,10.6256374985
776,5.0206684284,4.9441845373,10.6056374985
777,5.0301058649,4.9394340122,10.5656374985
778,5.0397171726,4.9350942847,10.5456374985
779,5.0490097975,4.9301085458,10.5456374985
780,5.0580310266,4.9246085348,10.5656374985
781,5.0668323072,4.9186910179,10.6056374985
782,5.0754641899,4.9124263212,10.6656374985
783,5.0839739583,4.9058648758,10.7456374985
784,5.0924047410,4.8990421375,10.8456374985
785,5.1007647929,4.8920080003,10.9256374985
786,5.1090898070,4.8847789740,11.0256374985
787,5.1171805561,4.8777565636,10.7132845998
788,5.1259466051,4.8714254099,10.8132845998
789,5.1352414439,4.8656684415,10.9332845998
790,5.1443816999,4.8594175735,11.0732845998
791,5.1540097148,4.8537087251,11.1932845998
792,5.1634576924,4.8474494073,11.3332845998
793,5.1733699974,4.8417114689,11.4532845998
794,5.1833229822,4.8357665263,11.5932845998
795,5.1936644955,4.8302661501,11.7132845998
796,5.2037718647,4.8240741033,11.8532845998
797,5.2136985231,4.8173079773,12.0132845998
798,5.2234963861,4.8100500114,12.1932845998
799,5.2339406468,4.8033783608,12.3932845998
800,5.2448901136,4.7971980160,12.5732845998
801,5.2556350127,4.7902912119,12.7732845998
802,5.2669255842,4.7838609367,12.9932845998
803,5.2786895000,4.7778003999,13.2332845998
804,5.2908797100,4.7720152887,13.4932845998
805,5.3022039789,4.7655811023,13.0245085442
806,5.3113829373,4.7596189420,10.9453474963
807,5.3204665776,4.7530921146,11.1853474963
808,5.3296141283,4.7462132850,11.4453474963
809,5.3389599681,4.7391323915,11.7253474963
810,5.3484254291,4.7317152472,12.0253474963
811,5.3580598451,4.7239960741,12.3453474963
812,5.3683361010,4.7165585607,12.6853474963
813,5.3792060620,4.7093457221,13.0453474963
814,5.3905236003,4.7021239992,13.4253474963
815,5.4019932095,4.6944046535,13.8253474963
816,5.4136768809,4.6862546997,14.2453474963
817,5.4255197274,4.6775710127,14.6853474963
818,5.4375749661,4.6684029829,15.1453474963
819,5.4505268861,4.6596623164,15.6253474963
820,5.4634790819,4.6500567213,16.1253474963
821,5.4769797634,4.6403202336,16.6453474963
822,5.4905534903,4.6297803044,17.1853474963
823,5.5043294381,4.6185945716,17.7453474963
824,5.5182840244,4.6067165296,18.3253474963
825,5.5330506516,4.5948794904,18.9253474963
826,5.5481576385,4.5824778954,19.5453474963
827,5.5636966206,4.5695942512,20.1853474963
828,5.5795209248,4.5560867021,20.8053474963
829,5.5956379066,4.5419394117,21.4453474963
830,5.6126052069,4.5277705336,22.1053474963
831,5.6301308091,4.5132094441,22.7853474963
832,5.6484309765,4.4984898849,23.4853474963
833,5.6669994571,4.4829621557,24.2053474963
834,5.6860733990,4.4668856168,24.9453474963
835,5.7055313239,4.4500881751,25.7053474963
836,5.7254103813,4.4325868406,26.4853474963
837,5.7457316819,4.4143787400,27.2853474963
838,5.7672901443,4.3963470107,28.1053474963
839,5.7893311024,4.3775845666,28.9453474963
840,5.8117690876,4.3579658113,29.8053474963
841,5.8346447935,4.3375136078,30.6853474963
842,5.8581120713,4.3163731005,31.5853474963
843,5.8819436944,4.2942676406,32.5053474963
844,5.9067791948,4.2718669891,33.4453474963
845,5.9319573807,4.2484194543,34.4053474963
846,5.9580054548,4.2244690753,35.3853474963
847,5.9842558214,4.1992736041,36.3853474963
848,6.0108206130,4.1729397501,37.4053474963
849,6.0378040566,4.1455547448,38.4453474963
850,6.0653271288,4.1172147911,39.5053474963
851,6.0936798854,4.0881753071,40.5853474963
852,6.1230635048,4.0586072313,41.6853474963
853,6.1528273092,4.0278433934,42.8053474963
854,6.1830575877,3.9959478792,43.9453474963
855,6.2139326415,3.9630659172,45.1053474963
856,6.2456938612,3.9293975595,46.2853474963
857,6.2777880990,3.8944001577,47.4853474963
858,6.3097688804,3.8587296492,47.9077818189
859,6.3412131431,3.8234588337,47.2522176917
860,6.3722043408,3.7877892705,47.2522176917
861,6.4033126079,3.7522217601,47.2522176917
862,6.4337792394,3.7161031161,47.2522176917
863,6.4636253463,3.6802323572,46.6637059144
864,6.4933957898,3.6442987775,46.6637059144
865,6.5229330750,3.6081732986,46.6637059144
866,6.5521575579,3.5717943067,46.6637059144
867,6.5805022637,3.5353943313,46.1343749728
868,6.6085808393,3.4987886740,46.1343749728
869,6.6365844607,3.4621256444,46.1343749728
870,6.6643291918,3.4252663110,46.1343749728
871,6.6917404302,3.3887527640,45.6575854143
872,6.7188815443,3.3520379846,45.6575854143
873,6.7457875494,3.3151505613,45.6575854143
874,6.7725217981,3.2781384680,45.6575854143
875,6.7986939127,3.2412526158,45.2277091283
876,6.8247431683,3.2042798968,45.2277091283
877,6.8505698254,3.1671513437,45.2277091283
878,6.8761832575,3.1298753759,45.2277091283
879,6.9015401721,3.0928936455,44.8399543307
880,6.9268316631,3.0558671416,44.8399543307
881,6.9519593545,3.0187292818,44.8399543307
882,6.9770382812,2.9815584743,44.8399543307
883,7.0018230205,2.9441908652,44.8399543307
884,7.0261618269,2.9069483802,44.4902257685
885,7.0503832512,2.8696294467,44.4902257685
886,7.0744839183,2.8322324143,44.4902257685
887,7.0984252173,2.7947331557,44.4902257685
888,7.1221153605,2.7574476515,44.1750123087
889,7.1455856049,2.7200233367,44.1750123087
890,7.1687488501,2.6824082362,44.1750123087
891,7.1918296002,2.6447424602,44.1750123087
892,7.2148038795,2.6073442201,43.8912959992
893,7.2376527368,2.5698692207,43.8912959992
894,7.2606461396,2.5324827352,43.8912959992
895,7.2836502802,2.4951028559,43.8912959992
896,7.3063851215,2.4575585773,43.8912959992
897,7.3289300081,2.4201972295,43.6364781025
898,7.3512815431,2.3827198883,43.6364781025
899,7.3735990115,2.3452222507,43.6364781025
900,7.3956814723,2.3075857372,43.6364781025
901,7.4175450473,2.2698216497,43.6364781025
902,7.4390083112,2.2320908873,43.4083186509
903,7.4603784682,2.1943073126,43.4083186509
904,7.4816034740,2.1564420084,43.4083186509
905,7.5027744855,2.1185464889,43.4083186509
906,7.5239456691,2.0806510655,43.4083186509
907,7.5449163200,2.0428768144,43.2048868575
908,7.5659374767,2.0051306461,43.2048868575
909,7.5867721548,1.9672812282,43.2048868575
910,7.6074467676,1.9293441404,43.2048868575
911,7.6280371132,1.8913612506,43.2048868575
912,7.6484874551,1.8535076792,43.0245203078
913,7.6688205893,1.8155910206,43.0245203078
914,7.6891815159,1.7776892790,43.0245203078
915,7.7089345185,1.7407187999,41.9165532046
916,7.7286186782,1.7037116210,41.9165532046
917,7.7481328692,1.6667423840,41.8034465163
918,7.7668966220,1.6311124967,40.2686886301
919,7.7855798295,1.5954403081,40.2686886301
920,7.8035585582,1.5609099908,38.9304187094
921,7.8214935372,1.5263569297,38.9304187094
922,7.8394116151,1.4918916055,38.8447691492
923,7.8567686394,1.4584467157,37.6805911047
924,7.8740820499,1.4250017469,37.6605911047
925,7.8914146803,1.3915667346,37.6605911047
926,7.9082379950,1.3589938299,36.6608515567
927,7.9250343843,1.3264070328,36.6608515567
928,7.9417172214,1.2938357929,36.5951188349
929,7.9579399193,1.2620317056,35.7026034927
930,7.9741737361,1.2302557495,35.6826034927
931,7.9903674825,1.1984593540,35.6826034927
932,8.0065132371,1.1666161364,35.7026034927
933,8.0223089475,1.1354770832,34.9162584268
934,8.0380486013,1.1043663809,34.8656349817
935,8.0537553928,1.0732390745,34.8656349817
936,8.0690744915,1.0426924434,34.1726711596
937,8.0844076596,1.0121528722,34.1726711596
938,8.0997756807,0.9816308247,34.1726711596
939,8.1151166680,0.9510951806,34.1726711596
940,8.1301507826,0.9211362043,33.5196191224
941,8.1451125648,0.8911410390,33.5196191224
942,8.1600634971,0.8611404641,33.5196191224
943,8.1749828093,0.8311241521,33.5196191224
944,8.1896674403,0.8016000171,32.9744284769
945,8.2043489715,0.7720743406,32.9744284769
946,8.2190226096,0.7425447406,32.9744284769
947,8.2336860442,0.7130431952,32.9447642992
948,8.2480900007,0.6839549041,32.4592458584
949,8.2624680337,0.6548761001,32.4392458584
950,8.2768142283,0.6257815754,32.4392458584
951,8.2912038020,0.5966861666,32.4592458584
952,8.3054101781,0.5679848144,32.0248144568
953,8.3195695805,0.5392835400,32.0039345771
954,8.3337145563,0.5105751529,32.0039345771
955,8.3479191356,0.4818962102,32.0039345771
956,8.3621105502,0.4532107508,32.0039345771
957,8.3760973651,0.4248584230,31.6146402659
958,8.3900894304,0.3965086861,31.6146402659
959,8.4040681723,0.3681523772,31.6146402659
960,8.4180418445,0.3398086400,31.6011225768
961,8.4318468169,0.3117718658,31.2512075786
962,8.4456358615,0.2837423185,31.2376898894
963,8.4594080386,0.2556972578,31.2441722003
964,8.4731655280,0.2276371534,31.2512075786
965,8.4869354504,0.1995831480,31.2512075786
966,8.5005264485,0.1717928621,30.9356626178
967,8.5141311194,0.1440092671,30.9356626178
968,8.5277037450,0.1162171909,30.9292041476
969,8.5412741132,0.0884240122,30.9292041476
970,8.5548312835,0.0606243935,30.9292041476
971,8.5682524868,0.0330756139,30.6441504120
972,8.5816604853,0.0055204051,30.6441504120
973,8.5950535652,-0.0220420578,30.6441504120
974,8.6084359061,-0.0496097365,30.6441504120
975,8.6218580491,-0.0771580582,30.6441504120
976,8.6351682682,-0.1044737843,30.3860300523
977,8.6484848531,-0.1317864076,30.3860300523
978,8.6618037001,-0.1590979278,30.3860300523
979,8.6751139685,-0.1864136298,30.3860300523
980,8.6884198776,-0.2137314556,30.3860300523
981,8.7017238077,-0.2410502452,30.3860300523
982,8.7149225858,-0.2681666499,30.1580361548
983,8.7281086885,-0.2952892205,30.1580361548
984,8.7412898877,-0.3224141746,30.1580361548
985,8.7544742654,-0.3495375838,30.1580361548
986,8.7676467877,-0.3766667526,30.1580361548
987,8.7808260602,-0.4037926429,30.1580361548
988,8.7939270026,-0.4307200341,29.9452681656
989,8.8070332764,-0.4576448307,29.9452681656
990,8.8201417603,-0.4845820508,29.9574060812
991,8.8332680428,-0.5115106023,29.9574060812
992,8.8463939859,-0.5384393193,29.9574060812
993,8.8594340337,-0.5651944633,29.7637460632
994,8.8724885200,-0.5919425655,29.7637460632
995,8.8855495118,-0.6186874916,29.7637460632
996,8.8986073203,-0.6454339720,29.7637460632
997,8.9116838423,-0.6721914092,29.7818043520
998,8.9247506058,-0.6989536132,29.7818043520
999,8.9377360525,-0.7255591096,29.6053080640
1000,8.9507177050,-0.7521664575,29.6053080640
1001,8.9637177684,-0.7787648149,29.6053080640
1002,8.9767267409,-0.8053588161,29.6053080640
1003,8.9897427310,-0.8319493834,29.6053080640
1004,9.0027641007,-0.8585595846,29.6253080640
1005,9.0157155955,-0.8850291227,29.4682484370
1006,9.0286802601,-0.9114922128,29.4682484370
1007,9.0416468740,-0.9379543479,29.4682484370
1008,9.0546174440,-0.9644145440,29.4682484370
1009,9.0675912564,-0.9908731505,29.4682484370
1010,9.0805697103,-1.0173294806,29.4682484370
1011,9.0935534002,-1.0437832414,29.4682484370
1012,9.1064930920,-1.0701281394,29.3511375649
1013,9.1194395456,-1.0964697152,29.3511375649
1014,9.1323935937,-1.1228075571,29.3511375649
1015,9.1453558976,-1.1491413368,29.3511375649
1016,9.1583279112,-1.1754703349,29.3511375649
1017,9.1713089712,-1.2017948739,29.3511375649
1018,9.1842401665,-1.2279947152,29.2172465511
1019,9.1971818057,-1.2541893993,29.2172465511
1020,9.2101424374,-1.2803970053,29.2372465511
1021,9.2231201736,-1.3066134878,29.2527878230
1022,9.2361076652,-1.3328251390,29.2527878230
1023,9.2491057996,-1.3590315141,29.2527878230
1024,9.2621151352,-1.3852323306,29.2527878230
1025,9.2750811222,-1.4113182353,29.1305895096
1026,9.2880596345,-1.4373979107,29.1305895096
1027,9.3010583522,-1.4634898674,29.1505895096
1028,9.3140791090,-1.4895950137,29.1722260608
1029,9.3272061931,-1.5156468551,29.1722260608
1030,9.3404451183,-1.5416420399,29.1722260608
1031,9.3536656700,-1.5676465738,29.1722260608
1032,9.3668216490,-1.5935588883,29.0607609038
1033,9.3800728227,-1.6193776984,29.0207609038
1034,9.3934112556,-1.6451290157,29.0007609038
1035,9.4068330802,-1.6708369670,29.0007609038
1036,9.4203184733,-1.6964890366,28.9807609038
1037,9.4337014074,-1.7221496039,28.9407609038
1038,9.4470081452,-1.7478272428,28.9207609038
1039,9.4602617571,-1.7735323432,28.9207609038
1040,9.4736494821,-1.7991904113,28.9407609038
1041,9.4871440301,-1.8247924584,28.9407609038
1042,9.5007401348,-1.8503633717,28.9607609038
1043,9.5144166262,-1.8758913810,28.9607609038
1044,9.5281544198,-1.9013637320,28.9407609038
1045,9.5419363456,-1.9267667339,28.9007609038
1046,9.5557472184,-1.9520856849,28.8407609038
1047,9.5695727434,-1.9773054436,28.7607609038
1048,9.5831959416,-2.0025669191,28.7007609038
1049,9.5968722712,-2.0277086367,28.6207609038
1050,9.6105803736,-2.0527190692,28.5207609038
1051,9.6240585363,-2.0777179162,28.4007609038
1052,9.6373520953,-2.1026568795,28.2607609038
1053,9.6504770097,-2.1275494296,28.1407609038
1054,9.6633865577,-2.1522455089,27.8666963489
1055,9.6764212058,-2.1766946187,27.7066963489
1056,9.6894456612,-2.2009450326,27.5266963489
1057,9.7024976474,-2.2248665418,27.2505585868
1058,9.7154552790,-2.2485889127,27.0305585868
1059,9.7281698592,-2.2722155571,26.8305585868
1060,9.7406833112,-2.2957456610,26.6505585868
1061,9.7530312757,-2.3191823303,26.4905585868
1062,9.7652257362,-2.3424962880,26.3105585868
1063,9.7775812416,-2.3654985217,26.1105585868
1064,9.7900608092,-2.3882285517,25.9305585868
1065,9.8026176939,-2.4106870978,25.7305585868
1066,9.8152121484,-2.4328719646,25.5105585868
1067,9.8274907164,-2.4549590173,25.2705585868
1068,9.8398127256,-2.4767235787,25.0105585868
1069,9.8518097753,-2.4983492885,24.7305585868
1070,9.8638669137,-2.5196432701,24.4705585868
1071,9.8756043173,-2.5407954918,24.1905585868
1072,9.8870729550,-2.5617988720,23.9305585868
1073,9.8986600502,-2.5824624098,23.6905585868
1074,9.9103119880,-2.6027903074,23.4305585868
1075,9.9216557375,-2.6230170559,23.1905585868
1076,9.9327235840,-2.6430997173,22.9305585868
1077,9.9435402119,-2.6630006812,22.6505585868
1078,9.9544818239,-2.6824898730,22.3505585868
1079,9.9651470013,-2.7018124905,22.0705585868
1080,9.9759194208,-2.7207310581,21.7705585868
1081,9.9863798739,-2.7394581877,21.4505585868
1082,9.9967228408,-2.7579072843,21.1505585868
1083,10.0071483954,-2.7759411409,20.8305585868
1084,10.0176186691,-2.7936011863,20.5305585868
1085,10.0280854568,-2.8108902879,20.2105585868
1086,10.0385078380,-2.8278081207,19.8705585868
1087,10.0488506594,-2.8443516373,19.5105585868
1088,10.0588184903,-2.8606801590,19.1305585868
1089,10.0687077381,-2.8765872833,18.7305585868
1090,10.0781501822,-2.8923220616,18.3505585868
1091,10.0875682549,-2.9076504700,17.9905585868
1092,10.0969397296,-2.9226076650,17.6505585868
1093,10.1062494354,-2.9372253816,17.3305585868
1094,10.1151393814,-2.9517515231,17.0305585868
1095,10.1236574545,-2.9661280734,16.7105585868
1096,10.1318611856,-2.9803409278,16.4105585868
1097,10.1401497636,-2.9941790778,16.1305585868
1098,10.1481177329,-3.0078581877,15.8305585868
1099,10.1561612278,-3.0211669090,15.5505585868
1100,10.1642440133,-3.0341464991,15.2905585868
1101,10.1723188732,-3.0468000957,15.0105585868
1102,10.1803457821,-3.0591276774,14.7105585868
1103,10.1879820909,-3.0713721785,14.4305585868
1104,10.1956026234,-3.0832717655,14.1305585868
1105,10.2028609565,-3.0950681452,13.8505585868
1106,10.2098160228,-3.1067442034,13.5905585868
1107,10.2168442008,-3.1180950680,13.3505585868
1108,10.2238917212,-3.1291266219,13.0905585868
1109,10.2309134854,-3.1398413425,12.8105585868
1110,10.2378711906,-3.1502386698,12.5105585868
1111,10.2447543752,-3.1603484836,12.2305585868
1112,10.2515576790,-3.1701978150,11.9705585868
1113,10.2582795508,-3.1798114742,11.7305585868
1114,10.2646046601,-3.1893805237,11.4705585868
1115,10.2708723583,-3.1986511526,11.1905585868
1116,10.2767629214,-3.2078111489,10.8905585868
1117,10.2823370633,-3.2168395981,10.6105585868
1118,10.2879068422,-3.2255163015,10.3105585868
1119,10.2932273114,-3.2339722976,9.9905585868
1120,10.2982597547,-3.2422536887,9.6905585868
1121,10.3032842761,-3.2501632749,9.3705585868
1122,10.3082494102,-3.2577063798,9.0305585868
1123,10.3130436303,-3.2649788817,8.7105585868
1124,10.3175283890,-3.2720939668,8.4105585868
1125,10.3217511362,-3.2790419441,8.1305585868
1126,10.3257308417,-3.2857858000,7.8305585868
1127,10.3297242664,-3.2921938804,7.5505585868
1128,10.3334864809,-3.2984387171,7.2905585868
1129,10.3370522085,-3.3045211479,7.0505585868
1130,10.3406558258,-3.3103237742,6.8305585868
1131,10.3442476193,-3.3158495757,6.5905585868
1132,10.3475981700,-3.3212207750,6.3305585868
1133,10.3507238637,-3.3264014408,6.0505585868
1134,10.3538111764,-3.3312529791,5.7505585868
1135,10.3568144648,-3.3357774930,5.4305585868
1136,10.3596955908,-3.3399742655,5.0905585868
1137,10.3624452072,-3.3438727061,4.7705585868
1138,10.3649036695,-3.3475585998,4.4305585868
1139,10.3671591235,-3.3509471651,4.0705585868
1140,10.3691617119,-3.3540946573,3.7305585868
1141,10.3710283214,-3.3569011558,3.3705585868
1142,10.3727249569,-3.3593638512,2.9905585868
1143,10.3742457779,-3.3615102300,2.6305585868
1144,10.3755202234,-3.3634135028,2.2905585868
1145,10.3766199062,-3.3650002461,1.9305585868
1146,10.3775194717,-3.3662631846,1.5505585868
1147,10.3782201906,-3.3672256932,1.1905585868
1148,10.3787027005,-3.3678769915,0.8105585868
1149,10.3789733295,-3.3682372178,0.4505585868
1150,10.3790145159,-3.3682945082,0.0705585868
1151,10.3790145159,-3.3682945082,0.0000000000
1152,10.3790145159,-3.3682945082,0.0000000000
1153,10.3790145159,-3.3682945082,0.0000000000
1154,10.3790145159,-3.3682945082,0.0000000000
1155,10.3790145159,-3.3682945082,0.0000000000
1156,10.3790145159,-3.3682945082,0.0000000000
1157,10.3790145159,-3.3682945082,0.0000000000
1158,10.3790145159,-3.3682945082,0.0000000000
1159,10.3790145159,-3.3682945082,0.0000000000
1160,10.3790145159,-3.3682945082,0.0000000000
1161,10.3790145159,-3.3682945082,0.0000000000
1162,10.3790145159,-3.3682945082,0.0000000000
1163,10.3790145159,-3.3682945082,0.0000000000
1164,10.3790145159,-3.3682945082,0.0000000000
1165,10.3790145159,-3.3682945082,0.0000000000
1166,10.3790145159,-3.3682945082,0.0000000000
1167,10.3790145159,-3.3682945082,0.0000000000
1168,10.3790145159,-3.3682945082,0.0000000000
1169,10.3790145159,-3.3682945082,0.0000000000
1170,10.3790145159,-3.3682945082,0.0000000000
1171,10.3790259073,-3.3683109471,0.0200000000
1172,10.3790375155,-3.3683272335,0.0200000000
1173,10.3790598531,-3.3683604153,0.0400000000
1174,10.3790824698,-3.3683934076,0.0400000000
1175,10.3791152450,-3.3684436647,0.0600000000
1176,10.3791714446,-3.3685263787,0.1000000000
1177,10.3792584130,-3.3686606788,0.1600000000
1178,10.3793927853,-3.3688595357,0.2400000000
1179,10.3795646283,-3.3691054422,0.3000000000
1180,10.3797745039,-3.3694222264,0.3800000000
1181,10.3800101947,-3.3697937769,0.4400000000
1182,10.3802608521,-3.3702031312,0.4800000000
1183,10.3805324195,-3.3706229539,0.5000000000
1184,10.3808176823,-3.3710814571,0.5400000000
1185,10.3811067878,-3.3715610590,0.5600000000
1186,10.3814296522,-3.3720667848,0.6000000000
1187,10.3817964598,-3.3726154670,0.6600000000
1188,10.3822180729,-3.3732236137,0.7400000000
1189,10.3826579895,-3.3738918003,0.8000000000
1190,10.3831327268,-3.3745847827,0.8400000000
1191,10.3836522715,-3.3753196795,0.9000000000
1192,10.3842039577,-3.3760807592,0.9400000000
1193,10.3847747505,-3.3768526371,0.9600000000
1194,10.3853514313,-3.3776201261,0.9600000000
1195,10.3859449401,-3.3783999640,0.9800000000
1196,10.3865125652,-3.3791988394,0.9800000000
1197,10.3870478933,-3.3799957232,0.9600000000
1198,10.3875447886,-3.3807699938,0.9200000000
1199,10.3880467423,-3.3815170163,0.9000000000
1200,10.3885329207,-3.3822744003,0.9000000000
1201,10.3889958135,-3.3830228188,0.8800000000
1202,10.3894550582,-3.3837261639,0.8400000000
1203,10.3898907341,-3.3844208484,0.8200000000
1204,10.3902954516,-3.3850876345,0.7800000000
1205,10.3906851070,-3.3856930837,0.7200000000
1206,10.3910223037,-3.3862370490,0.6400000000
1207,10.3913398779,-3.3867223805,0.5800000000
1208,10.3916443660,-3.3871683480,0.5400000000
1209,10.3919060964,-3.3875707125,0.4800000000
1210,10.3921309430,-3.3879015357,0.4000000000
1211,10.3922941028,-3.3881532874,0.3000000000
1212,10.3924175317,-3.3883354008,0.2200000000
1213,10.3925069331,-3.3884680936,0.1600000000
1214,10.3925718727,-3.3885690037,0.1200000000
1215,10.3926245647,-3.3886539953,0.1000000000
1216,10.3926793371,-3.3887376611,0.1000000000
1217,10.3927447343,-3.3888382753,0.1200000000
1218,10.3928083371,-3.3889400332,0.1200000000
1219,10.3928633569,-3.3890235367,0.1000000000
1220,10.3928973240,-3.3890729961,0.0600000000
1221,10.3928973240,-3.3890729961,0.0000000000
1222,10.3928973240,-3.3890729961,0.0000000000
1223,10.3928973240,-3.3890729961,0.0000000000
1224,10.3928973240,-3.3890729961,0.0000000000
1225,10.3929085927,-3.3890895193,0.0200000000
1226,10.3929412947,-3.3891398242,0.0600000000
1227,10.3929837047,-3.3892076578,0.0800000000
1228,10.3930277320,-3.3892744530,0.0800000000
1229,10.3930843614,-3.3893568733,0.1000000000
1230,10.3931422530,-3.3894384120,0.1000000000
1231,10.3932129238,-3.3895353947,0.1200000000
1232,10.3933084236,-3.3896637683,0.1600000000
1233,10.3934411281,-3.3898392377,0.2200000000
1234,10.3935982629,-3.3900463818,0.2600000000
1235,10.3937833687,-3.3903074101,0.3200000000
1236,10.3940062892,-3.3906395343,0.4000000000
1237,10.3942763477,-3.3910603293,0.5000000000
1238,10.3946001829,-3.3915415057,0.5800000000
1239,10.3949680422,-3.3921134144,0.6800000000
1240,10.3953684973,-3.3927593522,0.7600000000
1241,10.3958397846,-3.3934787188,0.8600000000
1242,10.3963931595,-3.3942875305,0.9800000000
1243,10.3970048351,-3.3952257484,1.1200000000
1244,10.3977258121,-3.3962833836,1.2800000000
1245,10.3985215302,-3.3975074885,1.4600000000
1246,10.3993805191,-3.3988810015,1.6200000000
1247,10.4003721153,-3.4003832455,1.8000000000
1248,10.4014421499,-3.4020729277,2.0000000000
1249,10.4026737406,-3.4039199752,2.2200000000
1250,10.4039761487,-3.4059596156,2.4200000000
1251,10.4054477131,-3.4081514409,2.6400000000
1252,10.4070740638,-3.4104796556,2.8400000000
1253,10.4087654123,-3.4130297419,3.0600000000
1254,10.4106435525,-3.4157431511,3.3000000000
1255,10.4126386340,-3.4186431597,3.5200000000
1256,10.4146770920,-3.4217549258,3.7200000000
1257,10.4169059741,-3.4250038772,3.9400000000
1258,10.4191929856,-3.4285027310,4.1800000000
1259,10.4216803279,-3.4321322115,4.4000000000
1260,10.4243705396,-3.4359127354,4.6400000000
1261,10.4271078040,-3.4399768938,4.9000000000
1262,10.4299125086,-3.4443318946,5.1800000000
1263,10.4327825342,-3.4489532097,5.4400000000
1264,10.4358266875,-3.4537485752,5.6800000000
1265,10.4389346423,-3.4588106121,5.9400000000
1266,10.4423412427,-3.4640147906,6.2200000000
1267,10.4460389037,-3.4693848653,6.5200000000
1268,10.4497693014,-3.4750702970,6.8000000000
1269,10.4538039497,-3.4809125237,7.1000000000
1270,10.4581371332,-3.4869358053,7.4200000000
1271,10.4627431243,-3.4931312267,7.7200000000
1272,10.4673243480,-3.4996896098,8.0000000000
1273,10.4719152397,-3.5066043559,8.3000000000
1274,10.4765253408,-3.5138406096,8.5800000000
1275,10.4815062097,-3.5211921635,8.8800000000
1276,10.4865083560,-3.5289134673,9.2000000000
1277,10.4915418653,-3.5369703764,9.5000000000
1278,10.4969798867,-3.5450991108,9.7800000000
1279,10.5027723402,-3.5532996646,10.0400000000
1280,10.5088995450,-3.5616038661,10.3200000000
1281,10.5153491747,-3.5700410858,10.6200000000
1282,10.5216897437,-3.5789071551,10.9000000000
1283,10.5283929717,-3.5878797096,11.2000000000
1284,10.5354447272,-3.5969892180,11.5200000000
1285,10.5423669778,-3.6065701807,11.8200000000
1286,10.5492139236,-3.6165950964,12.1400000000
1287,10.5564696776,-3.6267491317,12.4800000000
1288,10.5636681369,-3.6373815249,12.8400000000
1289,10.5708358334,-3.6484421092,13.1800000000
1290,10.5780167363,-3.6599210567,13.5400000000
1291,10.5858375568,-3.6714363146,13.9200000000
1292,10.5942202231,-3.6829969939,14.2800000000
1293,10.6028129522,-3.6948747296,14.6600000000
1294,10.6119567933,-3.7068410896,15.0600000000
1295,10.6216202510,-3.7189343929,15.4800000000
1296,10.6313559092,-3.7314799642,15.8800000000
1297,10.6416249892,-3.7441384000,16.3000000000
1298,10.6523785703,-3.7569153517,16.7000000000
1299,10.6628599139,-3.7704518149,17.1200000000
1300,10.6729049823,-3.7843373797,17.1380369583
1301,10.6833840614,-3.7978983978,17.1380369583
1302,10.6942141521,-3.8111807713,17.1380369583
1303,10.7053307494,-3.8242242975,17.1380369583
1304,10.7158896024,-3.8377232950,17.1380369583
1305,10.7259893279,-3.8515691556,17.1380369583
1306,10.7357832144,-3.8657770568,17.2564384517
1307,10.7452746221,-3.8801887829,17.2564384517
1308,10.7543934226,-3.8945492900,17.0110754631
1309,10.7642364953,-3.9084233885,17.0110754631
1310,10.7746542801,-3.9218713046,17.0110754631
1311,10.7855314884,-3.9349504111,17.0110754631
1312,10.7967789516,-3.9477125136,17.0110754631
1313,10.8083274178,-3.9602028946,17.0110754631
1314,10.8192501261,-3.9732440269,17.0110754631
1315,10.8296534352,-3.9867031446,17.0110754631
1316,10.8395024572,-4.0003025426,16.7912733842
1317,10.8500182765,-4.0134700389,16.8512733842
1318,10.8601035472,-4.0270200365,16.8912733842
1319,10.8701104346,-4.0406570270,16.9146476874
1320,10.8807746471,-4.0537863788,16.9146476874
1321,10.8919601542,-4.0664745519,16.9146476874
1322,10.9035625193,-4.0787826967,16.9146476874
1323,10.9145227816,-4.0916396704,16.8946476874
1324,10.9259458562,-4.1040329151,16.8546476874
1325,10.9376617651,-4.1159537144,16.7143045528
1326,10.9496337693,-4.1275023595,16.6343045528
1327,10.9608547871,-4.1397005697,16.5743045528
1328,10.9714291952,-4.1523593206,16.4943045528
1329,10.9814776638,-4.1653637293,16.4343045528
1330,10.9921726354,-4.1777363143,16.3543045528
1331,11.0023136108,-4.1904903325,16.2943045528
1332,11.0120095538,-4.2035360637,16.2543045528
1333,11.0224593602,-4.2159076864,16.1943045528
1334,11.0324061357,-4.2286365203,16.1543045528
1335,11.0419284605,-4.2416115721,16.0943045528
1336,11.0522730985,-4.2538887525,16.0543045528
1337,11.0632358812,-4.2655350041,15.9943045528
1338,11.0735776453,-4.2776309953,15.9143045528
1339,11.0845377314,-4.2890868010,15.8543045528
1340,11.0959826392,-4.3000003849,15.8143045528
1341,11.1067575824,-4.3115485734,15.7943045528
1342,11.1169568117,-4.3235558143,15.7543045528
1343,11.1266915833,-4.3359171476,15.7343045528
1344,11.1372386381,-4.3475391453,15.6943045528
1345,11.1484176374,-4.3585261284,15.6743045528
1346,11.1596688178,-4.3694391831,15.6743045528
1347,11.1714319986,-4.3798285417,15.6943045528
1348,11.1824957738,-4.3909597624,15.6943045528
1349,11.1933674108,-4.4023064305,15.7143045528
1350,11.2037075117,-4.4141925747,15.7543045528
1351,11.2148812234,-4.4253836603,15.8143045528
1352,11.2266955426,-4.4359563058,15.8543045528
1353,11.2390003712,-4.4459855002,15.8743045528
1354,11.2516777006,-4.4555394974,15.8743045528
1355,11.2635344884,-4.4660644941,15.8543045528
1356,11.2746646406,-4.4772989029,15.8143045528
1357,11.2864336313,-4.4877721532,15.7543045528
1358,11.2986978276,-4.4975970631,15.7143045528
1359,11.3101890920,-4.5082864054,15.6943045528
1360,11.3210027556,-4.5196055012,15.6543045528
1361,11.3312352264,-4.5313732060,15.5943045528
1362,11.3410001647,-4.5434803266,15.5543045528
1363,11.3517875730,-4.5546026149,15.4943045528
1364,11.3633128502,-4.5648382766,15.4143045528
1365,11.3741418876,-4.5757234325,15.3543045528
1366,11.3843963782,-4.5870976729,15.3143045528
1367,11.3951148417,-4.5980077734,15.2943045528
1368,11.4052846371,-4.6093774290,15.2543045528
1369,11.4152464119,-4.6208504379,15.1943045528
1370,11.4247690469,-4.6325876277,15.1143045528
1371,11.4353978212,-4.6432488303,15.0543045528
1372,11.4454695842,-4.6543298676,14.9743045528
1373,11.4564913808,-4.6643775778,14.9143045528
1374,11.4671281866,-4.6747175466,14.8343045528
1375,11.4785197546,-4.6840627009,14.7343045528
1376,11.4891946628,-4.6940438949,14.6143045528
1377,11.4992449381,-4.7044601062,14.4743045528
1378,11.5087618304,-4.7151525369,14.3143045528
1379,11.5178466783,-4.7260326311,14.1743045528
1380,11.5280063624,-4.7357436709,14.0543045528
1381,11.5376333508,-4.7458453396,13.9543045528
1382,11.5468026986,-4.7562044440,13.8343045528
1383,11.5569558884,-4.7653939333,13.6943045528
1384,11.5677964683,-4.7735636072,13.5743045528
1385,11.5779796896,-4.7823873755,13.4743045528
1386,11.5875839536,-4.7916661450,13.3543045528
1387,11.5979572639,-4.7998522478,13.2143045528
1388,11.6088309622,-4.8070756508,13.0543045528
1389,11.6189645494,-4.8150165656,12.8743045528
1390,11.6284339334,-4.8234408616,12.6743045528
1391,11.6380538213,-4.8313508210,12.4543045528
1392,11.6481507142,-4.8382241019,12.2143045528
1393,11.6584997905,-4.8442075806,11.9543045528
1394,11.6689373823,-4.8494369270,11.6743045528
1395,11.6793793017,-4.8540469887,11.4143045528
1396,11.6890372761,-4.8596673634,11.1743045528
1397,11.6987972293,-4.8645525817,10.9143045528
1398,11.7085380070,-4.8688193935,10.6343045528
1399,11.7182061181,-4.8725815501,10.3743045528
1400,11.7277346382,-4.8759135600,10.0943045528
1401,11.7365319097,-4.8803091896,9.8343045528
1402,11.7452991023,-4.8841066980,9.5543045528
1403,11.7539459515,-4.8874042958,9.2543045528
1404,11.7624035209,-4.8902837606,8.9343045528
1405,11.7706175203,-4.8928120575,8.5943045528
1406,11.7780891529,-4.8962730512,8.2343045528
1407,11.7848521171,-4.9003451955,7.8943045528
1408,11.7909470840,-4.9047743177,7.5343045528
1409,11.7970973639,-4.9084291955,7.1543045528
1410,11.8026134730,-4.9123959466,6.7943045528
1411,11.8075480194,-4.9164939406,6.4143045528
1412,11.8119550773,-4.9205865803,6.0143045528
1413,11.8164767062,-4.9238806834,5.5943045528
1414,11.8209478268,-4.9265245217,5.1943045528
1415,11.8250159641,-4.9290989707,4.8143045528
1416,11.8289298750,-4.9311403882,4.4143045528
1417,11.8325000701,-4.9330190367,4.0343045528
1418,11.8355389564,-4.9350123605,3.6343045528
1419,11.8380834510,-4.9369763618,3.2143045528
1420,11.8403584129,-4.9385642264,2.7743045528
1421,11.8423731075,-4.9397030905,2.3143045528
1422,11.8439166904,-4.9407662787,1.8743045528
1423,11.8451865405,-4.9414751387,1.4543045528
1424,11.8460609326,-4.9419891934,1.0143045528
1425,11.8465457902,-4.9423328661,0.5943045528
1426,11.8466797281,-4.9424094856,0.1543045528
1427,11.8466797281,-4.9424094856,0.0000000000
1428,11.8466797281,-4.9424094856,0.0000000000
1429,11.8466797281,-4.9424094856,0.0000000000
1430,11.8466797281,-4.9424094856,0.0000000000
1431,11.8466797281,-4.9424094856,0.0000000000
1432,11.8466797281,-4.9424094856,0.0000000000
1433,11.8466797281,-4.9424094856,0.0000000000
1434,11.8466797281,-4.9424094856,0.0000000000
1435,11.8466797281,-4.9424094856,0.0000000000
1436,11.8466797281,-4.9424094856,0.0000000000
1437,11.8466797281,-4.9424094856,0.0000000000
1438,11.8466797281,-4.9424094856,0.0000000000
1439,11.8466797281,-4.9424094856,0.0000000000
1440,11.8466797281,-4.9424094856,0.0000000000
1441,11.8466797281,-4.9424094856,0.0000000000
1442,11.8466797281,-4.9424094856,0.0000000000
1443,11.8466797281,-4.9424094856,0.0000000000
1444,11.8466797281,-4.9424094856,0.0000000000
1445,11.8466797281,-4.9424094856,0.0000000000
1446,11.8466797281,-4.9424094856,0.0000000000
1447,11.8466797281,-4.9424094856,0.0000000000
1448,11.8466797281,-4.9424094856,0.0000000000
1449,11.8466969918,-4.9424195834,0.0200000000
1450,11.8467133299,-4.9424311188,0.0200000000
1451,11.8467133299,-4.9424311188,0.0000000000
1452,11.8467133299,-4.9424311188,0.0000000000
1453,11.8467307759,-4.9424408982,0.0200000000
1454,11.8467489136,-4.9424493259,0.0200000000
1455,11.8467489136,-4.9424493259,0.0000000000
1456,11.8467489136,-4.9424493259,0.0000000000
1457,11.8467489136,-4.9424493259,0.0000000000
1458,11.8467647321,-4.9424615641,0.0200000000
1459,11.8468099148,-4.9425010422,0.0600000000
1460,11.8469089064,-4.9425688705,0.1200000000
1461,11.8470472769,-4.9426492048,0.1600000000
1462,11.8472030437,-4.9427394085,0.1800000000
1463,11.8473654289,-4.9428170682,0.1800000000
1464,11.8475138354,-4.9428768638,0.1600000000
1465,11.8476643653,-4.9429310926,0.1600000000
1466,11.8477893167,-4.9429942365,0.1400000000
1467,11.8478814059,-4.9430332182,0.1000000000
1468,11.8479172052,-4.9430510622,0.0400000000
1469,11.8479172052,-4.9430510622,0.0000000000
1470,11.8479172052,-4.9430510622,0.0000000000
1471,11.8479172052,-4.9430510622,0.0000000000
1472,11.8479349161,-4.9430603532,0.0200000000
1473,11.8479898817,-4.9430844112,0.0600000000
1474,11.8480939408,-4.9431441749,0.1200000000
1475,11.8482705396,-4.9432380519,0.2000000000
1476,11.8485448439,-4.9433595308,0.3000000000
1477,11.8489083272,-4.9435699587,0.4200000000
1478,11.8494136008,-4.9438114097,0.5600000000
1479,11.8499940763,-4.9441655963,0.6800000000
1480,11.8506245634,-4.9446248196,0.7800000000
1481,11.8513159294,-4.9452010253,0.9000000000
1482,11.8521849890,-4.9457722831,1.0400000000
1483,11.8531039975,-4.9464801132,1.1600000000
1484,11.8540545060,-4.9473072369,1.2600000000
1485,11.8550511017,-4.9482618032,1.3800000000
1486,11.8562736826,-4.9491649621,1.5200000000
1487,11.8575588086,-4.9502470209,1.6800000000
1488,11.8588897463,-4.9514883930,1.8200000000
1489,11.8602536951,-4.9528679740,1.9400000000
1490,11.8619003389,-4.9541387865,2.0800000000
1491,11.8635597930,-4.9555831591,2.2000000000
1492,11.8654620555,-4.9568759844,2.3000000000
1493,11.8673623335,-4.9583744314,2.4200000000
1494,11.8692797891,-4.9600705930,2.5600000000
1495,11.8712050846,-4.9619348991,2.6800000000
1496,11.8733043662,-4.9638178268,2.8200000000
1497,11.8757512100,-4.9655188133,2.9800000000
1498,11.8782173690,-4.9674945815,3.1600000000
1499,11.8806921340,-4.9697077101,3.3200000000
1500,11.8835373876,-4.9716764996,3.4600000000
1501,11.8863364539,-4.9739084556,3.5800000000
1502,11.8894894545,-4.9758825345,3.7200000000
1503,11.8929522201,-4.9776328642,3.8800000000
1504,11.8966633248,-4.9791782128,4.0200000000
1505,11.9002883541,-4.9811779033,4.1400000000
1506,11.9038409556,-4.9835648309,4.2800000000
1507,11.9077184024,-4.9856445919,4.4000000000
1508,11.9118409596,-4.9874486212,4.5000000000
1509,11.9158549314,-4.9897360720,4.6200000000
1510,11.9201408852,-4.9917131909,4.7200000000
1511,11.9246277538,-4.9934184800,4.8000000000
1512,11.9289778187,-4.9956739035,4.9000000000
1513,11.9332033200,-4.9983841690,5.0200000000
1514,11.9372986957,-5.0014570012,5.1200000000
1515,11.9418183825,-5.0041084218,5.2400000000
1516,11.9466509018,-5.0063805040,5.3400000000
1517,11.9513074671,-5.0091540935,5.4200000000
1518,11.9562584476,-5.0115031769,5.4800000000
1519,11.9614478430,-5.0134991167,5.5600000000
1520,11.9664354396,-5.0160891515,5.6200000000
1521,11.9712060478,-5.0191349513,5.6600000000
1522,11.9763166513,-5.0217040235,5.7200000000
1523,11.9812052946,-5.0247501304,5.7600000000
1524,11.9859076511,-5.0281794515,5.8200000000
1525,11.9904343932,-5.0319007693,5.8600000000
1526,11.9948299819,-5.0358662705,5.9200000000
1527,11.9997643350,-5.0392089879,5.9600000000
1528,12.0050576424,-5.0419913065,5.9800000000
1529,12.0101268265,-5.0452384240,6.0200000000
1530,12.0155330625,-5.0479317885,6.0400000000
1531,12.0206765014,-5.0510982749,6.0400000000
1532,12.0261417558,-5.0537164030,6.0600000000
1533,12.0317271876,-5.0561685350,6.1000000000
1534,12.0375066983,-5.0581814077,6.1200000000
1535,12.0433592398,-5.0601032189,6.1600000000
1536,12.0493362301,-5.0616742017,6.1800000000
1537,12.0550961755,-5.0640218449,6.2200000000
1538,12.0606399427,-5.0669722762,6.2800000000
1539,12.0665177091,-5.0694015689,6.3600000000
1540,12.0726245432,-5.0713822195,6.4200000000
1541,12.0784969339,-5.0740741756,6.4600000000
1542,12.0846374942,-5.0762659601,6.5200000000
1543,12.0909550794,-5.0780327983,6.5600000000
1544,12.0970240509,-5.0805752350,6.5800000000
1545,12.1033189171,-5.0826243956,6.6200000000
1546,12.1097548448,-5.0842579300,6.6400000000
1547,12.1163080463,-5.0855532872,6.6800000000
1548,12.1228215962,-5.0871228950,6.7000000000
1549,12.1294471845,-5.0883594950,6.7400000000
1550,12.1361386699,-5.0893195070,6.7600000000
1551,12.1426116061,-5.0912685314,6.7600000000
1552,12.1491773462,-5.0927912452,6.7400000000
1553,12.1554837370,-5.0951696973,6.7400000000
1554,12.1614851776,-5.0981931244,6.7200000000
1555,12.1677238760,-5.1005808100,6.6800000000
1556,12.1736328853,-5.1035654387,6.6200000000
1557,12.1792454787,-5.1069998522,6.5800000000
1558,12.1846079558,-5.1107784020,6.5600000000
1559,12.1897698745,-5.1148266357,6.5600000000
1560,12.1947792458,-5.1190930861,6.5800000000
1561,12.1996509187,-5.1235161171,6.5800000000
1562,12.2048645483,-5.1275630995,6.6000000000
1563,12.2106135451,-5.1308048638,6.6000000000
1564,12.2167226530,-5.1333550011,6.6200000000
1565,12.2230461505,-5.1353140262,6.6200000000
1566,12.2295204881,-5.1367879842,6.6400000000
1567,12.2357740912,-5.1390200345,6.6400000000
1568,12.2417512209,-5.1418657893,6.6200000000
1569,12.2479605732,-5.1440430226,6.5800000000
1570,12.2543150622,-5.1456721539,6.5600000000
1571,12.2607674012,-5.1468557591,6.5600000000
1572,12.2670248206,-5.1488907291,6.5800000000
1573,12.2730387678,-5.1515607177,6.5800000000
1574,12.2788303847,-5.1547257096,6.6000000000
1575,12.2849665098,-5.1571563409,6.6000000000
1576,12.2911006563,-5.1595372329,6.5800000000
1577,12.2974387660,-5.1613049334,6.5800000000
1578,12.3039164475,-5.1625697029,6.6000000000
1579,12.3102224592,-5.1646490820,6.6400000000
1580,12.3163434863,-5.1673736053,6.7000000000
1581,12.3222981825,-5.1706155172,6.7800000000
1582,12.3281205828,-5.1742807668,6.8800000000
1583,12.3345080016,-5.1771444849,7.0000000000
1584,12.3412728543,-5.1793001213,7.1000000000
1585,12.3482837711,-5.1808491354,7.1800000000
1586,12.3551204688,-5.1832318158,7.2400000000
1587,12.3621957682,-5.1849460323,7.2800000000
1588,12.3694052768,-5.1860918882,7.3000000000
1589,12.3767135595,-5.1867735060,7.3400000000
1590,12.3841074036,-5.1870752848,7.4000000000
1591,12.3915473958,-5.1870645470,7.4400000000
1592,12.3989168606,-5.1882232482,7.4600000000
1593,12.4063867186,-5.1888949782,7.5000000000
1594,12.4139417811,-5.1891681663,7.5600000000
1595,12.4214109828,-5.1905720984,7.6000000000
1596,12.4290230445,-5.1914277370,7.6600000000
1597,12.4364910460,-5.1933036241,7.7000000000
1598,12.4441532179,-5.1945319246,7.7600000000
1599,12.4519226016,-5.1952223428,7.8000000000
1600,12.4597386437,-5.1954711129,7.8200000000
1601,12.4675576790,-5.1953482894,7.8200000000
1602,12.4753220572,-5.1964345822,7.8400000000
1603,12.4831434200,-5.1969748445,7.8400000000
1604,12.4909628206,-5.1970716693,7.8200000000
1605,12.4986421065,-5.1983194547,7.7800000000
1606,12.5063741209,-5.1989779023,7.7600000000
1607,12.5139102128,-5.2006529301,7.7200000000
1608,12.5215453966,-5.2016499098,7.7000000000
1609,12.5292323810,-5.2020974260,7.7000000000
1610,12.5369115056,-5.2022133788,7.6800000000
1611,12.5445469105,-5.2019484413,7.6400000000
1612,12.5521455058,-5.2013776957,7.6200000000
1613,12.5596982482,-5.2020199427,7.5800000000
1614,12.5670882855,-5.2036139782,7.5600000000
1615,12.5745945325,-5.2045138984,7.5600000000
1616,12.5819585027,-5.2063106574,7.5800000000
1617,12.5891553338,-5.2088146586,7.6200000000
1618,12.5966581517,-5.2104548183,7.6800000000
1619,12.6043236859,-5.2113702337,7.7200000000
1620,12.6120970978,-5.2116903392,7.7800000000
1621,12.6199552711,-5.2115208951,7.8600000000
1622,12.6278945088,-5.2109463477,7.9600000000
1623,12.6359303964,-5.2106892258,8.0400000000
1624,12.6440301894,-5.2106313246,8.1000000000
1625,12.6521416028,-5.2116883835,8.1800000000
1626,12.6603734112,-5.2120557121,8.2400000000
1627,12.6685731879,-5.2134649891,8.3200000000
1628,12.6769690287,-5.2141023717,8.4200000000
1629,12.6855090279,-5.2140987286,8.5400000000
1630,12.6941431913,-5.2137812021,8.6400000000
1631,12.7028664513,-5.2129797439,8.7600000000
1632,12.7116421168,-5.2117601970,8.8600000000
1633,12.7206209931,-5.2119022532,8.9800000000
1634,12.7296881084,-5.2114187027,9.0800000000
1635,12.7388165768,-5.2121780863,9.1600000000
1636,12.7479073482,-5.2139403224,9.2600000000
1637,12.7569285228,-5.2165099155,9.3800000000
1638,12.7658863950,-5.2197327909,9.5200000000
1639,12.7748348301,-5.2234243908,9.6800000000
1640,12.7839906207,-5.2270837757,9.8600000000
1641,12.7937464631,-5.2295387989,10.0600000000
1642,12.8039099574,-5.2307881919,10.2400000000
1643,12.8142673964,-5.2320985574,10.4400000000
1644,12.8248816503,-5.2324478643,10.6200000000
1645,12.8356136898,-5.2338247183,10.8200000000
1646,12.8464283371,-5.2360439532,11.0400000000
1647,12.8576718141,-5.2369509407,11.2800000000
1648,12.8691099996,-5.2381417022,11.5000000000
1649,12.8807923221,-5.2387846168,11.7000000000
1650,12.8925689251,-5.2403485936,11.8800000000
1651,12.9044258283,-5.2426594907,12.0800000000
1652,12.9167010455,-5.2434399028,12.3000000000
1653,12.9292306825,-5.2429301995,12.5400000000
1654,12.9419791416,-5.2434727770,12.7600000000
1655,12.9549035401,-5.2448727495,13.0000000000
1656,12.9680136794,-5.2468606751,13.2600000000
1657,12.9815101555,-5.2471691091,13.5000000000
1658,12.9951837425,-5.2460415367,13.7200000000
1659,13.0091424168,-5.2458491507,13.9600000000
1660,13.0233112744,-5.2464111762,14.1800000000
1661,13.0376912478,-5.2464388492,14.3800000000
1662,13.0522787185,-5.2470435789,14.6000000000
1663,13.0661343799,-5.2476852989,13.8705139142
1664,13.0801939383,-5.2486187863,14.0905139142
1665,13.0945000693,-5.2477831759,14.3305139142
1666,13.1079316940,-5.2456291484,13.6032487479
1667,13.1213325698,-5.2423206436,13.8032487479
1668,13.1346526020,-5.2380652955,13.9832487479
1669,13.1475666191,-5.2331504191,13.8176643096
1670,13.1609736053,-5.2292685234,13.9576643096
1671,13.1747199624,-5.2262323584,14.0776643096
1672,13.1882899034,-5.2221259164,14.1776643096
1673,13.2016477394,-5.2171410183,14.2576643096
1674,13.2153815589,-5.2130940795,14.3176643096
1675,13.2288553227,-5.2081342193,14.3576643096
1676,13.2412366665,-5.2028070972,13.4787203557
1677,13.2540082176,-5.1983750231,13.5187203557
1678,13.2665487103,-5.1931675582,13.5787203557
1679,13.2788942364,-5.1873238756,13.6587203557
1680,13.2916581367,-5.1824447452,13.6646648383
1681,13.3041624068,-5.1768357285,13.7046648383
1682,13.3166828144,-5.1711168658,13.7646648383
1683,13.3296321603,-5.1662189902,13.8446648383
1684,13.3423614393,-5.1605252099,13.9446648383
1685,13.3540609121,-5.1561601535,12.4872487425
1686,13.3655218496,-5.1510532598,12.5472487425
1687,13.3772936419,-5.1465963847,12.5872487425
1688,13.3887838495,-5.1414081431,12.6072487425
1689,13.4005863017,-5.1368633634,12.6472487425
1690,13.4125976246,-5.1328400172,12.6672487425
1691,13.4247266128,-5.1291866851,12.6672487425
1692,13.4369574363,-5.1258142620,12.6872487425
1693,13.4488970691,-5.1214065383,12.7272487425
1694,13.4605265331,-5.1161865844,12.7472487425
1695,13.4718862431,-5.1103154075,12.7872487425
1696,13.4830249934,-5.1039138420,12.8472487425
1697,13.4945732029,-5.0981936988,12.8872487425
1698,13.5058750248,-5.0918770484,12.9472487425
1699,13.5169816085,-5.0850687441,13.0272487425
1700,13.5279435332,-5.0778464960,13.1272487425
1701,13.5394961800,-5.0713637535,13.2472487425
1702,13.5514848304,-5.0654967858,13.3472487425
1703,13.5616414022,-5.0598405545,11.6253560279
1704,13.5721276581,-5.0546843948,11.6853560279
1705,13.5823890321,-5.0489287189,11.7653560279
1706,13.5924737385,-5.0426768894,11.8653560279
1707,13.6023972876,-5.0360274757,11.9453560279
1708,13.6121748642,-5.0290613024,12.0053560279
1709,13.6224855100,-5.0227568267,12.0853560279
1710,13.6331832297,-5.0170063080,12.1453560279
1711,13.6441803128,-5.0116655689,12.2253560279
1712,13.6554345567,-5.0066399949,12.3253560279
1713,13.6668840601,-5.0018648791,12.4053560279
1714,13.6780194250,-4.9962623129,12.4653560279
1715,13.6888849777,-4.9899912904,12.5453560279
1716,13.6995330226,-4.9831704276,12.6453560279
1717,13.7106234494,-4.9768492926,12.7653560279
1718,13.7214611239,-4.9712421522,12.2022625887
1719,13.7326095724,-4.9660879237,12.2822625887
1720,13.7440219035,-4.9612838499,12.3822625887
1721,13.7553407074,-4.9559743067,12.5022625887
1722,13.7664231085,-4.9498909533,12.6422625887
1723,13.7772817772,-4.9431853840,12.7622625887
1724,13.7879364341,-4.9359801023,12.8622625887
1725,13.7990910864,-4.9294168795,12.9422625887
1726,13.8099269913,-4.9223424291,12.9408145941
1727,13.8187335254,-4.9161075115,10.7902382509
1728,13.8273653524,-4.9095996075,10.8102382509
1729,13.8364494870,-4.9037395948,10.8102382509
1730,13.8458747295,-4.8984049097,10.8302382509
1731,13.8555332429,-4.8935051976,10.8302382509
1732,13.8648590929,-4.8880380436,10.8102382509
1733,13.8743967341,-4.8830349013,10.7702382509
1734,13.8836064595,-4.8774897610,10.7502382509
1735,13.8930365366,-4.8724120796,10.7102382509
1736,13.9021423279,-4.8668115654,10.6902382509
1737,13.9114738312,-4.8616782799,10.6502382509
1738,13.9209879267,-4.8569365552,10.6302382509
1739,13.9306109951,-4.8525150509,10.5902382509
1740,13.9398420007,-4.8474480545,10.5302382509
1741,13.9486990415,-4.8419018569,10.4502382509
1742,13.9572404258,-4.8359856244,10.3902382509
1743,13.9655226583,-4.8297782050,10.3502382509
1744,13.9735978994,-4.8233358216,10.3302382509
1745,13.9815131197,-4.8166978167,10.3302382509
1746,13.9898841291,-4.8106789119,10.3102382509
1747,13.9980390228,-4.8043702892,10.3102382509
1748,14.0065728421,-4.7986202516,10.2902382509
1749,14.0148590262,-4.7925187635,10.2902382509
1750,14.0231377052,-4.7863734819,10.3102382509
1751,14.0313679892,-4.7800973480,10.3502382509
1752,14.0396594612,-4.7738025444,10.4102382509
1753,14.0479576512,-4.7673849793,10.4902382509
1754,14.0562751285,-4.7608296213,10.5902382509
1755,14.0645437413,-4.7540223278,10.7102382509
1756,14.0728926822,-4.7470924753,10.8502382509
1757,14.0814575432,-4.7401737686,11.0102382509
1758,14.0901428040,-4.7331177303,11.1902382509
1759,14.0989214200,-4.7258600840,11.3902382509
1760,14.1080115448,-4.7186373932,11.6102382509
1761,14.1173005249,-4.7113437948,11.8102382509
1762,14.1267837391,-4.7039414113,12.0302382509
1763,14.1364121468,-4.6963353275,12.2702382509
1764,14.1462629389,-4.6885913772,12.5302382509
1765,14.1563297341,-4.6806691403,12.8102382509
1766,14.1665242521,-4.6724259522,13.1102382509
1767,14.1769189067,-4.6639216912,13.4302382509
1768,14.1874996144,-4.6551087413,13.7702382509
1769,14.1982953299,-4.6459919348,14.1302382509
1770,14.2093352592,-4.6366373768,14.4702382509
1771,14.2205798940,-4.6269681392,14.8302382509
1772,14.2321469510,-4.6170911691,15.2102382509
1773,14.2441355727,-4.6070935450,15.6102382509
1774,14.2562892643,-4.5966409702,16.0302382509
1775,14.2685091469,-4.5855981799,16.4702382509
1776,14.2811977475,-4.5743895948,16.9302382509
1777,14.2944880418,-4.5631430631,17.4102382509
1778,14.3079948442,-4.5513811363,17.9102382509
1779,14.3217051311,-4.5390644113,18.4302382509
1780,14.3357623066,-4.5263260536,18.9702382509
1781,14.3502077373,-4.5131822437,19.5302382509
1782,14.3652223055,-4.4998037376,20.1102382509
1783,14.3805472404,-4.4858731836,20.7102382509
1784,14.3963823380,-4.4715823211,21.3302382509
1785,14.4125098353,-4.4566626965,21.9702382509
1786,14.4289007356,-4.4410592971,22.6302382509
1787,14.4457396568,-4.4249404281,23.3102382509
1788,14.4630216265,-4.4082723429,24.0102382509
1789,14.4808803643,-4.3911653218,24.7302382509
1790,14.4991527911,-4.3734212678,25.4702382509
1791,14.5178548064,-4.3550865138,26.1902382509
1792,14.5370406069,-4.3361882919,26.9302382509
1793,14.5564223575,-4.3164121184,27.6902382509
1794,14.5761769977,-4.2959106878,28.4702382509
1795,14.5965509245,-4.2748952184,29.2702382509
1796,14.6173147449,-4.2531171055,30.0902382509
1797,14.6387267818,-4.2307966147,30.9302382509
1798,14.6603997326,-4.2075940106,31.7502382509
1799,14.6824993303,-4.1836413195,32.5902382509
1800,14.7052501645,-4.1591195336,33.4502382509
1801,14.7287159651,-4.1340611726,34.3302382509
1802,14.7527428212,-4.1082953061,35.2302382509
1803,14.7774264361,-4.0818839661,36.1502382509
1804,14.8025200995,-4.0545710785,37.0902382509
1805,14.8282378661,-4.0265279490,38.0502382509
1806,14.8543722265,-3.9975390769,39.0302382509
1807,14.8811903570,-3.9678202638,40.0302382509
1808,14.9083799692,-3.9370656374,41.0502382509
1809,14.9362992812,-3.9055680157,42.0902382509
1810,14.9645472513,-3.8730020084,43.1102382509
1811,14.9931712562,-3.8394404313,44.1102382509
1812,15.0226977163,-3.8053094108,45.1302382509
1813,15.0525798674,-3.7701135595,46.1702382509
1814,15.0829653943,-3.7339553632,47.2302382509
1815,15.1133228039,-3.6977448708,47.2522176917
1816,15.1429212298,-3.6616694688,46.6637059144
1817,15.1724456337,-3.6255334614,46.6637059144
1818,15.2017474208,-3.5892167060,46.6637059144
1819,15.2306967790,-3.5532957482,46.1343749728
1820,15.2592496880,-3.5170588617,46.1343749728
1821,15.2873543551,-3.4804732328,46.1343749728
1822,15.3154698383,-3.4438959153,46.1343749728
1823,15.3430198862,-3.4074869882,45.6575854143
1824,15.3704636147,-3.3709978546,45.6575854143
1825,15.3975977129,-3.3342778898,45.6575854143
1826,15.4245842596,-3.2974493492,45.6575854143
1827,15.4511125601,-3.2608188299,45.2277091283
1828,15.4773105477,-3.2239513493,45.2277091283
1829,15.5034965882,-3.1870753821,45.2277091283
1830,15.5295973033,-3.1501389727,45.2277091283
1831,15.5557682541,-3.1132522948,45.2277091283
1832,15.5815410179,-3.0765591599,44.8399543307
1833,15.6074194774,-3.0399404920,44.8399543307
1834,15.6330324994,-3.0031356742,44.8399543307
1835,15.6585718134,-2.9662796714,44.8399543307
1836,15.6840740269,-2.9298239819,44.4902257685
1837,15.7094181232,-2.8932581923,44.4902257685
1838,15.7344508886,-2.8564785669,44.4902257685
1839,15.7593557493,-2.8196122123,44.4902257685
1840,15.7840972120,-2.7826360008,44.4902257685
1841,15.8086159787,-2.7458900923,44.1750123087
1842,15.8328957934,-2.7089858607,44.1750123087
1843,15.8571144860,-2.6720414885,44.1750123087
1844,15.8810725414,-2.6349275653,44.1750123087
1845,15.9048040883,-2.5980052204,43.8912959992
1846,15.9283566523,-2.5609684469,43.8912959992
1847,15.9520131485,-2.5239979715,43.8912959992
1848,15.9754857139,-2.4869104461,43.8912959992
1849,15.9989626632,-2.4498256957,43.8912959992
1850,16.0221424516,-2.4128549014,43.6364781025
1851,16.0452167689,-2.3758181885,43.6364781025
1852,16.0681631447,-2.3387020726,43.6364781025
1853,16.0909170650,-2.3014676620,43.6364781025
1854,16.1136244496,-2.2644723000,43.4083186509
1855,16.1362629896,-2.2274347699,43.4083186509
1856,16.1586286158,-2.1902318010,43.4083186509
1857,16.1808488141,-2.1529417901,43.4083186509
1858,16.2029326715,-2.1155708740,43.4083186509
1859,16.2248696737,-2.0783495067,43.2048868575
1860,16.2466723042,-2.0410492714,43.2048868575
1861,16.2683904239,-2.0036997664,43.2048868575
1862,16.2899361520,-1.9662505495,43.2048868575
1863,16.3113784936,-1.9287420406,43.2048868575
1864,16.3326839963,-1.8913631040,43.0245203078
1865,16.3539412347,-1.8539566986,43.0245203078
1866,16.3751809174,-1.8165403222,43.0245203078
1867,16.3963154529,-1.7790644532,43.0245203078
1868,16.4168144294,-1.7425023226,41.9165532046
1869,16.4371868193,-1.7059989820,41.8034465163
1870,16.4568161613,-1.6708385466,40.2686886301
1871,16.4762997317,-1.6356428385,40.2286886301
1872,16.4956959435,-1.6004217424,40.2086886301
1873,16.5144451849,-1.5663036614,38.9304187094
1874,16.5330507392,-1.5322045495,38.8447691492
1875,16.5516261353,-1.4981345514,38.8047691492
1876,16.5695756309,-1.4650038624,37.6805911047
1877,16.5874247572,-1.4318644178,37.6405911047
1878,16.6052016138,-1.3987088414,37.6205911047
1879,16.6224940610,-1.3663825470,36.6608515567
1880,16.6396977505,-1.3340833862,36.5951188349
1881,16.6568173346,-1.3017848328,36.5551188349
1882,16.6735007677,-1.2702199955,35.7026034927
1883,16.6901851754,-1.2387009246,35.6626034927
1884,16.7068196627,-1.2071780913,35.6426034927
1885,16.7230900409,-1.1762844044,34.9162584268
1886,16.7393077332,-1.1454202024,34.8656349817
1887,16.7554907536,-1.1145723844,34.8350115366
1888,16.7716354473,-1.0837164794,34.8243880915
1889,16.7875146297,-1.0534572161,34.1726711596
1890,16.8033724763,-1.0231987593,34.1620477145
1891,16.8192218035,-0.9929252549,34.1714242694
1892,16.8347857318,-0.9631944286,33.5582761947
1893,16.8503042808,-0.9334834962,33.5196191224
1894,16.8657786513,-0.9037615069,33.5089956773
1895,16.8812559823,-0.8740304877,33.5183722322
1896,16.8964343653,-0.8447571274,32.9744284769
1897,16.9115785765,-0.8154660742,32.9744284769
1898,16.9266945100,-0.7861604179,32.9744284769
1899,16.9417742651,-0.7568694896,32.9447642992
1900,16.9566033364,-0.7279956037,32.4592458584
1901,16.9714000502,-0.6991275949,32.4392458584
1902,16.9861864978,-0.6702543263,32.4392458584
1903,17.0009664337,-0.6413552582,32.4592458584
1904,17.0157334222,-0.6124495721,32.4592458584
1905,17.0302943275,-0.5839264450,32.0248144568
1906,17.0448333010,-0.5554155685,32.0039345771
1907,17.0593406160,-0.5268895572,32.0030546973
1908,17.0738280192,-0.4983524414,32.0039345771
1909,17.0881153900,-0.4701503756,31.6146402659
1910,17.1023890369,-0.4419413614,31.6146402659
1911,17.1166506744,-0.4137262737,31.6146402659
1912,17.1308992239,-0.3855045743,31.6146402659
1913,17.1451291074,-0.3572885972,31.6011225768
1914,17.1591934488,-0.3293810306,31.2512075786
1915,17.1732366280,-0.3014779414,31.2376898894
1916,17.1872669627,-0.2735611363,31.2441722003
1917,17.2012855727,-0.2456305697,31.2512075786
1918,17.2152906984,-0.2176932393,31.2512075786
1919,17.2291422491,-0.1900318987,30.9356626178
1920,17.2429794726,-0.1623706096,30.9292041476
1921,17.2568060042,-0.1347039746,30.9292041476
1922,17.2706225467,-0.1070323497,30.9292041476
1923,17.2844309717,-0.0793566733,30.9292041476
1924,17.2981019489,-0.0519309857,30.6441504120
1925,17.3117636087,-0.0245006557,30.6441504120
1926,17.3254158123,0.0029343820,30.6441504120
1927,17.3390588646,0.0303739716,30.6441504120
1928,17.3526954692,0.0578167661,30.6441504120
1929,17.3662106007,0.0850316893,30.3860300523
1930,17.3797199542,0.1122494810,30.3860300523
1931,17.3932165358,0.1394736084,30.3860300523
1932,17.4067057831,0.1667013705,30.3860300523
1933,17.4201876059,0.1939328096,30.3860300523
1934,17.4336653025,0.2211662911,30.3860300523
1935,17.4470503334,0.2481912443,30.1580361548
1936,17.4604231182,0.2752222593,30.1580361548
1937,17.4737946681,0.3022538851,30.1580361548
1938,17.4871611961,0.3292879946,30.1580361548
1939,17.5005145914,0.3563285933,30.1580361548
1940,17.5137773739,0.3831766414,29.9452681656
1941,17.5270355689,0.4100269552,29.9452681656
1942,17.5402907727,0.4368922814,29.9574060812
1943,17.5535588097,0.4637512719,29.9574060812
1944,17.5668241214,0.4906116086,29.9574060812
1945,17.5800847020,0.5174742812,29.9574060812
1946,17.5932428374,0.5441715479,29.7637460632
1947,17.6064146580,0.5708620654,29.7637460632
1948,17.6195828728,0.5975543620,29.7637460632
1949,17.6327636468,0.6242404591,29.7637460632
1950,17.6459561894,0.6509408840,29.7818043520
1951,17.6591379716,0.6776466229,29.7818043520
1952,17.6722450387,0.7041924146,29.6053080640
1953,17.6853507290,0.7307388860,29.6053080640
1954,17.6984688248,0.7572792295,29.6053080640
1955,17.7115745184,0.7838256993,29.6053080640
1956,17.7246792901,0.8103726242,29.6053080640
1957,17.7378128105,0.8369276524,29.6253080640
1958,17.7508723677,0.8633440418,29.4682484370
1959,17.7639372031,0.8897578212,29.4682484370
1960,17.7770113357,0.9161670000,29.4682484370
1961,17.7900592301,0.9425891520,29.4682484370
1962,17.8030998878,0.9690148765,29.4682484370
1963,17.8161411611,0.9954402971,29.4682484370
1964,17.8291042081,1.0217407415,29.3215613720
1965,17.8420847251,1.0480325680,29.3215613720
1966,17.8551049069,1.0743270938,29.3415613720
1967,17.8681309986,1.1006293791,29.3511375649
1968,17.8812007053,1.1269100192,29.3511375649
1969,17.8942739669,1.1531888911,29.3511375649
1970,17.9073548364,1.1794639768,29.3511375649
1971,17.9204154932,1.2055995223,29.2172465511
1972,17.9334697520,1.2317382641,29.2172465511
1973,17.9465258034,1.2578984650,29.2372465511
1974,17.9596034655,1.2840652444,29.2527878230
1975,17.9726604805,1.3102423328,29.2527878230
1976,17.9857378317,1.3364092677,29.2527878230
1977,17.9987721150,1.3624611142,29.1305895096
1978,18.0118462234,1.3884929972,29.1305895096
1979,18.0249469647,1.4145114872,29.1305895096
1980,18.0380833117,1.4405344243,29.1505895096
1981,18.0512147320,1.4665840802,29.1722260608
1982,18.0642544182,1.4926797764,29.1722260608
1983,18.0775206067,1.5186404380,29.1538626120
1984,18.0909364383,1.5444191750,29.0607609038
1985,18.1044833138,1.5700633015,29.0023974549
1986,18.1178227615,1.5957727239,28.9640340061
1987,18.1309828104,1.6215089028,28.9056705573
1988,18.1443369029,1.6471016681,28.8673071085
1989,18.1575001335,1.6727275260,28.8089436597
1990,18.1706812586,1.6983010324,28.7705802109
1991,18.1840659522,1.7237478385,28.7522167621
1992,18.1976071563,1.7490682090,28.7138533133
1993,18.2112657703,1.7742590678,28.6554898645
1994,18.2250274520,1.7993500232,28.6171264156
1995,18.2384906354,1.8245362423,28.5587629668
1996,18.2516995102,1.8497683406,28.4803995180
1997,18.2646893634,1.8750033100,28.3820360692
1998,18.2774878696,1.9002031797,28.2636726204
1999,18.2905123093,1.9251310152,28.1253091716
2000,18.3036989691,1.9497939846,27.9669457228
2001,18.3169946223,1.9741954376,27.7885822740
2002,18.3303544599,1.9983353406,27.5902188252
2003,18.3435855812,2.0222968909,27.3718553763
2004,18.3568434050,2.0459708533,27.1334919275
2005,18.3696979313,2.0696179524,26.9151284787
2006,18.3826225367,2.0929547124,26.6767650299
2007,18.3955734217,2.1159809261,26.4184015811
2008,18.4085132657,2.1386935224,26.1400381323
2009,18.4213193241,2.1611389456,25.8416746835
2010,18.4336647896,2.1835235912,25.5633112347
2011,18.4456282043,2.2058219564,25.3049477859
2012,18.4572564522,2.2279830434,25.0265843370
2013,18.4690263327,2.2497305679,24.7282208882
2014,18.4807966079,2.2711608303,24.4498574394
2015,18.4926469206,2.2922510762,24.1914939906
2016,18.5042910819,2.3131377064,23.9131305418
2017,18.5155534608,2.3339393128,23.6547670930
2018,18.5269451673,2.3543979780,23.4164036442
2019,18.5384282908,2.3745545388,23.1980401954
2020,18.5495300160,2.3946974489,22.9996767466
2021,18.5607443677,2.4145273897,22.7813132977
2022,18.5715958002,2.4343323395,22.5829498489
2023,18.5826055122,2.4538452002,22.4045864001
2024,18.5935897595,2.4731905032,22.2462229513
2025,18.6046787728,2.4922699216,22.0678595025
2026,18.6158463406,2.5111196284,21.9094960537
2027,18.6270540630,2.5297376058,21.7311326049
2028,18.6382898759,2.5481533838,21.5727691561
2029,18.6495252660,2.5663601574,21.3944057073
2030,18.6607350147,2.5843494247,21.1960422584
2031,18.6716827447,2.6022907188,21.0176788096
2032,18.6821807232,2.6203157981,20.8593153608
2033,18.6923139243,2.6383899809,20.7209519120
2034,18.7026290845,2.6562243332,20.6025884632
2035,18.7131034221,2.6738513436,20.5042250144
2036,18.7232440432,2.6915822100,20.4258615656
2037,18.7330953261,2.7094087970,20.3674981168
2038,18.7428919191,2.7272217272,20.3291346680
2039,18.7529722633,2.7448083933,20.2707712191
2040,18.7632875372,2.7622137215,20.2324077703
2041,18.7738017458,2.7794781070,20.2140443215
2042,18.7844889043,2.7966378971,20.2156808727
2043,18.7947871204,2.8140125446,20.1973174239
2044,18.8047602425,2.8315316845,20.1589539751
2045,18.8150018379,2.8488274488,20.1005905263
2046,18.8254458785,2.8659099425,20.0222270775
2047,18.8360587363,2.8828192033,19.9638636287
2048,18.8466557411,2.8996931195,19.9255001798
2049,18.8574135930,2.9164431259,19.9071367310
2050,18.8677352756,2.9334204938,19.8687732822
2051,18.8782822278,2.9502371692,19.8504098334
2052,18.8884281297,2.9672541564,19.8120463846
2053,18.8987656159,2.9841339154,19.7936829358
2054,18.9087598425,3.0012210482,19.7953194870
2055,18.9184883553,3.0184856880,19.8169560382
2056,18.9283705052,3.0351189008,19.3473681376
2057,18.9379561299,3.0519036027,19.3290046888
2058,18.9479035220,3.0684317070,19.2906412400
2059,18.9575206426,3.0850867813,19.2322777912
2060,18.9674981898,3.1014835767,19.1939143424
2061,18.9770178347,3.1178151912,18.9035782227
2062,18.9868730872,3.1338546023,18.8252147739
2063,18.9963837726,3.1500330315,18.7668513251
2064,19.0059921506,3.1661089554,18.7284878763
2065,19.0159322175,3.1819130250,18.6701244274
2066,19.0259866185,3.1975990550,18.6317609786
2067,19.0362013232,3.2129365348,18.4276552245
2068,19.0466168051,3.2280918569,18.3892917757
2069,19.0571828293,3.2430712450,18.3309283269
2070,19.0678566024,3.2578775508,18.2525648781
2071,19.0779638208,3.2729579741,18.1542014293
2072,19.0877044879,3.2881847703,18.0758379804
2073,19.0970419096,3.3035471316,17.9774745316
2074,19.1067360044,3.3185938158,17.8991110828
2075,19.1166974240,3.3333463320,17.8007476340
2076,19.1264104028,3.3481221486,17.6823841852
2077,19.1356961976,3.3630543889,17.5840207364
2078,19.1446209743,3.3780676345,17.4656572876
2079,19.1539368160,3.3926775696,17.3272938388
2080,19.1629384665,3.4072975032,17.1689303900
2081,19.1722919721,3.4215295848,17.0305669411
2082,19.1812319189,3.4358857673,16.9122034923
2083,19.1898410317,3.4503283569,16.8138400435
2084,19.1988777929,3.4643667289,16.6954765947
2085,19.2075298520,3.4784833810,16.5571131459
2086,19.2165601568,3.4921717917,16.3987496971
2087,19.2251634994,3.5059225526,16.2203862483
2088,19.2334002458,3.5196652315,16.0220227995
2089,19.2413398609,3.5333759592,15.8436593507
2090,19.2490202665,3.5470063170,15.6452959018
2091,19.2564900693,3.5605498781,15.4669324530
2092,19.2637898643,3.5740059279,15.3085690042
2093,19.2716684758,3.5869698246,15.1702055554
2094,19.2792940814,3.5999470388,15.0518421066
2095,19.2874034650,3.6124630184,14.9134786578
2096,19.2958854665,3.6245853566,14.7951152090
2097,19.3046344852,3.6363443975,14.6567517602
2098,19.3128990958,3.6482565542,14.4983883114
2099,19.3209466888,3.6601496850,14.3600248625
2100,19.3293280773,3.6716639044,14.2416614137
2101,19.3372732481,3.6833162549,14.1032979649
2102,19.3455517288,3.6945876857,13.9849345161
2103,19.3533938935,3.7059994333,13.8465710673
2104,19.3615436370,3.7169971016,13.6882076185
2105,19.3699007952,3.7276118930,13.5098441697
2106,19.3777557203,3.7384082900,13.3514807209
2107,19.3858456028,3.7488046750,13.1731172721
2108,19.3941073562,3.7588608794,13.0147538232
2109,19.4023650552,3.7686885610,12.8363903744
2110,19.4107150633,3.7782284631,12.6780269256
2111,19.4191305971,3.7875248038,12.5396634768
2112,19.4274497543,3.7966947663,12.3813000280
2113,19.4352374384,3.8061415369,12.2429365792
2114,19.4425165466,3.8157878570,12.0845731304
2115,19.4500042584,3.8250448544,11.9062096816
2116,19.4569879407,3.8344417605,11.7078462328
2117,19.4635359325,3.8438827360,11.4894827839
2118,19.4703701553,3.8528706598,11.2911193351
2119,19.4767619471,3.8619122814,11.0727558863
2120,19.4827909754,3.8709623216,10.8743924375
2121,19.4885238884,3.8799922023,10.6960289887
2122,19.4943156238,3.8887475882,10.4976655399
2123,19.5004199678,3.8970180801,10.2793020911
2124,19.5067146690,3.9048409431,10.0409386423
2125,19.5125418627,3.9126985885,9.7825751935
2126,19.5185219696,3.9200856286,9.5042117446
2127,19.5245575743,3.9270368242,9.2058482958
2128,19.5305977628,3.9336107201,8.9274848470
2129,19.5365805072,3.9398291207,8.6291213982
2130,19.5423155695,3.9458990646,8.3507579494
2131,19.5479960911,3.9516626158,8.0923945006
2132,19.5535767364,3.9571321203,7.8140310518
2133,19.5590194487,3.9623149904,7.5156676030
2134,19.5643195714,3.9672432021,7.2373041542
2135,19.5692209827,3.9722112783,6.9789407053
2136,19.5740160532,3.9768915598,6.7005772565
2137,19.5786951718,3.9813196482,6.4422138077
2138,19.5829037557,3.9858776720,6.2038503589
2139,19.5868719733,3.9903586655,5.9854869101
2140,19.5908137224,3.9945410144,5.7471234613
2141,19.5943742103,3.9987706850,5.5287600125
2142,19.5979542766,4.0027198941,5.3303965637
2143,19.6015263065,4.0064325815,5.1520331149
2144,19.6050456364,4.0099187197,4.9536696660
2145,19.6085031736,4.0132124997,4.7753062172
2146,19.6118667717,4.0163164669,4.5769427684
2147,19.6148819488,4.0195189983,4.3985793196
2148,19.6175847630,4.0227340580,4.2002158708
2149,19.6202901349,4.0257100049,4.0218524220
2150,19.6229770265,4.0284861822,3.8634889732
2151,19.6254053621,4.0313110266,3.7251255244
2152,19.6276002899,4.0341224469,3.5667620756
2153,19.6296215722,4.0368419437,3.3883986267
2154,19.6316547638,4.0393000846,3.1900351779
2155,19.6336168741,4.0415848799,3.0116717291
2156,19.6354765677,4.0437488827,2.8533082803
2157,19.6372964461,4.0457093347,2.6749448315
2158,19.6388795839,4.0476138374,2.4765813827
2159,19.6403946321,4.0492884051,2.2582179339
2160,19.6417994145,4.0507397488,2.0198544851
2161,19.6430582990,4.0519718448,1.7614910363
2162,19.6441405500,4.0529859455,1.4831275874
2163,19.6450487693,4.0538076418,1.2247641386
2164,19.6457504722,4.0545008946,0.9864006898
2165,19.6462799537,4.0550005820,0.7280372410
2166,19.6465852518,4.0553307329,0.4496737922
2167,19.6466914807,4.0554384837,0.1513103434
2168,19.6466914807,4.0554384837,0.0000000000
2169,19.6466914807,4.0554384837,0.0000000000
2170,19.6466914807,4.0554384837,0.0000000000
2171,19.6466914807,4.0554384837,0.0000000000
2172,19.6466914807,4.0554384837,0.0000000000
2173,19.6466914807,4.0554384837,0.0000000000
2174,19.6466914807,4.0554384837,0.0000000000
2175,19.6466914807,4.0554384837,0.0000000000
2176,19.6466914807,4.0554384837,0.0000000000
2177,19.6466914807,4.0554384837,0.0000000000
2178,19.6466914807,4.0554384837,0.0000000000
2179,19.6466914807,4.0554384837,0.0000000000
2180,19.6466914807,4.0554384837,0.0000000000
2181,19.6466914807,4.0554384837,0.0000000000
2182,19.6466914807,4.0554384837,0.0000000000
2183,19.6467038555,4.0554541957,0.0200000000
2184,19.6467169667,4.0554692985,0.0200000000
2185,19.6467417039,4.0555007321,0.0400000000
2186,19.6467652112,4.0555330958,0.0400000000
2187,19.6467764602,4.0555496324,0.0200000000
2188,19.6467872978,4.0555664415,0.0200000000
2189,19.6467872978,4.0555664415,0.0000000000
2190,19.6467872978,4.0555664415,0.0000000000
2191,19.6468007153,4.0555812729,0.0200000000
2192,19.6468424635,4.0556243669,0.0600000000
2193,19.6468996766,4.0556802834,0.0800000000
2194,19.6469799050,4.0557695213,0.1200000000
2195,19.6470685346,4.0558778947,0.1400000000
2196,19.6471618604,4.0559822513,0.1400000000
2197,19.6472371773,4.0560756717,0.1200000000
2198,19.6472901728,4.0561356006,0.0800000000
2199,19.6473276224,4.0561824784,0.0600000000
2200,19.6473672086,4.0562275665,0.0600000000
2201,19.6474221877,4.0562856809,0.0800000000
2202,19.6474995797,4.0563773896,0.1200000000
2203,19.6475941898,4.0564805833,0.1400000000
2204,19.6477201277,4.0566091898,0.1800000000
2205,19.6478637707,4.0567483541,0.2000000000
2206,19.6480396217,4.0569116833,0.2400000000
2207,19.6482628473,4.0571121086,0.3000000000
2208,19.6485188818,4.0573358191,0.3400000000
2209,19.6488229302,4.0575957317,0.4000000000
2210,19.6491904822,4.0579044476,0.4800000000
2211,19.6495750195,4.0582835664,0.5400000000
2212,19.6500263918,4.0587086112,0.6200000000
2213,19.6505156293,4.0592368598,0.7200000000
2214,19.6510777819,4.0598060561,0.8000000000
2215,19.6516699149,4.0604838308,0.9000000000
2216,19.6523696983,4.0612259246,1.0200000000
2217,19.6530908525,4.0620828591,1.1200000000
2218,19.6538212502,4.0630349720,1.2000000000
2219,19.6546640242,4.0640247862,1.3000000000
2220,19.6555335361,4.0651474389,1.4200000000
2221,19.6564191334,4.0663828001,1.5200000000
2222,19.6574248225,4.0676272235,1.6000000000
2223,19.6585534164,4.0688985518,1.7000000000
2224,19.6596665549,4.0702875524,1.7800000000
2225,19.6607584212,4.0717685750,1.8400000000
2226,19.6618473850,4.0733498903,1.9200000000
2227,19.6630694653,4.0749077477,1.9800000000
2228,19.6644200983,4.0764631867,2.0600000000
2229,19.6658729924,4.0780070451,2.1200000000
2230,19.6674314282,4.0795598741,2.2000000000
2231,19.6689445067,4.0812386217,2.2600000000
2232,19.6703937769,4.0830245712,2.3000000000
2233,19.6719660895,4.0847845238,2.3600000000
2234,19.6734721313,4.0866531699,2.4000000000
2235,19.6750801632,4.0884616592,2.4200000000
2236,19.6766202826,4.0903798959,2.4600000000
2237,19.6781176825,4.0924067638,2.5200000000
2238,19.6797799596,4.0944059724,2.6000000000
2239,19.6814140544,4.0965553290,2.7000000000
2240,19.6832262450,4.0987159691,2.8200000000
2241,19.6851247989,4.1009345030,2.9200000000
2242,19.6870549654,4.1032831318,3.0400000000
2243,19.6889554627,4.1057826738,3.1400000000
2244,19.6908373410,4.1084446532,3.2600000000
2245,19.6927002254,4.1112409475,3.3600000000
2246,19.6947996693,4.1139660044,3.4400000000
2247,19.6970856061,4.1166163804,3.5000000000
2248,19.6992944504,4.1194337208,3.5800000000
2249,19.7014522923,4.1223651570,3.6400000000
2250,19.7036087957,4.1253963107,3.7200000000
2251,19.7057132757,4.1285363050,3.7800000000
2252,19.7080806119,4.1315851276,3.8600000000
2253,19.7103713717,4.1347661368,3.9200000000
2254,19.7129104871,4.1378569123,4.0000000000
2255,19.7156447945,4.1408581059,4.0600000000
2256,19.7182710764,4.1440584564,4.1400000000
2257,19.7211270857,4.1471922737,4.2400000000
2258,19.7238681571,4.1505312747,4.3200000000
2259,19.7268478593,4.1537958995,4.4200000000
2260,19.7299755660,4.1570312435,4.5000000000
2261,19.7332634953,4.1601908512,4.5600000000
2262,19.7366735889,4.1632781253,4.6000000000
2263,19.7402024628,4.1663215853,4.6600000000
2264,19.7438209304,4.1693210339,4.7000000000
2265,19.7472317116,4.1726413008,4.7600000000
2266,19.7507770863,4.1758770879,4.8000000000
2267,19.7542789587,4.1792470270,4.8600000000
2268,19.7576079414,4.1828968865,4.9400000000
2269,19.7607803867,4.1867615457,5.0000000000
2270,19.7641243017,4.1905857623,5.0800000000
2271,19.7673188422,4.1946124868,5.1400000000
2272,19.7704045807,4.1988227859,5.2200000000
2273,19.7738075874,4.2028598573,5.2800000000
2274,19.7770542748,4.2070742874,5.3200000000
2275,19.7801628684,4.2114162047,5.3400000000
2276,19.7835740696,4.2155246479,5.3400000000
2277,19.7872300830,4.2194442355,5.3600000000
2278,19.7906715494,4.2235534822,5.3600000000
2279,19.7939467724,4.2278216568,5.3800000000
2280,19.7974987112,4.2318624650,5.3800000000
2281,19.8012762881,4.2357212100,5.4000000000
2282,19.8052174223,4.2394127491,5.4000000000
2283,19.8088901209,4.2433441210,5.3800000000
2284,19.8127500199,4.2470918643,5.3800000000
2285,19.8163525106,4.2510607005,5.3600000000
2286,19.8201578556,4.2548354786,5.3600000000
2287,19.8237396761,4.2588498230,5.3800000000
2288,19.8271219064,4.2630337110,5.3800000000
2289,19.8303271013,4.2673297936,5.3600000000
2290,19.8338379963,4.2713798820,5.3600000000
2291,19.8371484715,4.2755699124,5.3400000000
2292,19.8402809144,4.2798451669,5.3000000000
2293,19.8437167791,4.2838543107,5.2800000000
2294,19.8473642668,4.2876164155,5.2400000000
2295,19.8511495801,4.2911524873,5.1800000000
2296,19.8546375743,4.2948732260,5.1000000000
2297,19.8582477259,4.2983325330,5.0000000000
2298,19.8619439597,4.3015797250,4.9200000000
2299,19.8653534468,4.3050431045,4.8600000000
2300,19.8685040299,4.3086378544,4.7800000000
2301,19.8718281295,4.3119887889,4.7200000000
2302,19.8749238922,4.3154985828,4.6800000000
2303,19.8782164437,4.3187962644,4.6600000000
2304,19.8816690764,4.3219259493,4.6600000000
2305,19.8848834971,4.3252721560,4.6400000000
2306,19.8882456829,4.3284115360,4.6000000000
2307,19.8916965092,4.3313616882,4.5400000000
2308,19.8948609640,4.3345045890,4.4600000000
2309,19.8977922994,4.3377859414,4.4000000000
2310,19.9008680346,4.3408194629,4.3200000000
2311,19.9040492475,4.3436527444,4.2600000000
2312,19.9069950254,4.3466744646,4.2200000000
2313,19.9100889329,4.3495148407,4.2000000000
2314,19.9129567227,4.3525283738,4.1600000000
2315,19.9156188999,4.3556465162,4.1000000000
2316,19.9184633854,4.3585434978,4.0600000000
2317,19.9214211373,4.3612363966,4.0000000000
2318,19.9242548631,4.3639449752,3.9200000000
2319,19.9268708455,4.3667833261,3.8600000000
2320,19.9296030546,4.3693954964,3.7800000000
2321,19.9321240265,4.3721310221,3.7200000000
2322,19.9344779409,4.3749597121,3.6800000000
2323,19.9367035911,4.3778652381,3.6600000000
2324,19.9391345649,4.3805475442,3.6200000000
2325,19.9417237540,4.3830487639,3.6000000000
2326,19.9444125258,4.3853820247,3.5600000000
2327,19.9471833980,4.3875851741,3.5400000000
2328,19.9500288748,4.3896910853,3.5400000000
2329,19.9529484588,4.3917281491,3.5600000000
2330,19.9559132750,4.3936988001,3.5600000000
2331,19.9586544494,4.3959387917,3.5400000000
2332,19.9614792125,4.3980724068,3.5400000000
2333,19.9643846915,4.4001295388,3.5600000000
2334,19.9671175486,4.4024729321,3.6000000000
2335,19.9699658753,4.4047070840,3.6200000000
2336,19.9729233833,4.4068631792,3.6600000000
2337,19.9759574133,4.4089457407,3.6800000000
2338,19.9790719315,4.4109799915,3.7200000000
2339,19.9820133039,4.4133541710,3.7800000000
2340,19.9848124065,4.4160121071,3.8600000000
2341,19.9877999630,4.4185500012,3.9200000000
2342,19.9909608148,4.4210013306,4.0000000000
2343,19.9939774359,4.4237780188,4.1000000000
2344,19.9971988473,4.4264416457,4.1800000000
2345,20.0005790772,4.4290012640,4.2400000000
2346,20.0037842188,4.4318977217,4.3200000000
2347,20.0072137225,4.4346860733,4.4200000000
2348,20.0104966400,4.4378220026,4.5400000000
2349,20.0136417757,4.4412334131,4.6400000000
2350,20.0166867075,4.4448921000,4.7600000000
2351,20.0200927177,4.4483588990,4.8600000000
2352,20.0235514715,4.4518860255,4.9400000000
2353,20.0272833049,4.4552137003,5.0000000000
2354,20.0308290098,4.4588516086,5.0800000000
2355,20.0346896025,4.4623053347,5.1800000000
2356,20.0383563243,4.4660766410,5.2600000000
2357,20.0418733909,4.4701213712,5.3600000000
2358,20.0457923661,4.4739517803,5.4800000000
2359,20.0495398300,4.4780861381,5.5800000000
2360,20.0531343505,4.4824582111,5.6600000000
2361,20.0571695825,4.4865685033,5.7600000000
2362,20.0610479100,4.4909881160,5.8800000000
2363,20.0647879609,4.4956542085,5.9800000000
2364,20.0690247841,4.5000427538,6.1000000000
2365,20.0730851420,4.5047282093,6.2000000000
2366,20.0776170336,4.5091332472,6.3200000000
2367,20.0819447208,4.5138753483,6.4200000000
2368,20.0867027945,4.5183037492,6.5000000000
2369,20.0917881630,4.5224477361,6.5600000000
2370,20.0965681225,4.5269987785,6.6000000000
2371,20.1016664213,4.5312215442,6.6200000000
2372,20.1070246088,4.5351769742,6.6600000000
2373,20.1121200328,4.5394965870,6.6800000000
2374,20.1168859907,4.5441771901,6.6800000000
2375,20.1213862371,4.5491408361,6.7000000000
2376,20.1256526464,4.5543068550,6.7000000000
2377,20.1304130878,4.5590499128,6.7200000000
2378,20.1355292203,4.5634069288,6.7200000000
2379,20.1403355068,4.5681320966,6.7400000000
2380,20.1448647151,4.5731234764,6.7400000000
2381,20.1498388451,4.5777012084,6.7600000000
2382,20.1545411577,4.5826132606,6.8000000000
2383,20.1590290387,4.5878015670,6.8600000000
2384,20.1635430151,4.5930729632,6.9400000000
2385,20.1678859553,4.5985628512,7.0000000000
2386,20.1722444549,4.6040914207,7.0400000000
2387,20.1764699343,4.6097971480,7.1000000000
2388,20.1809909200,4.6153234749,7.1400000000
2389,20.1861120948,4.6203844598,7.2000000000
2390,20.1910514384,4.6257324767,7.2800000000
2391,20.1962950071,4.6309256825,7.3800000000
2392,20.2020304723,4.6356960116,7.4600000000
2393,20.2081345624,4.6400881050,7.5200000000
2394,20.2145450753,4.6441704235,7.6000000000
2395,20.2205816105,4.6488859131,7.6600000000
2396,20.2269502785,4.6532137380,7.7000000000
2397,20.2329223343,4.6581058694,7.7200000000
2398,20.2385589187,4.6634393969,7.7600000000
2399,20.2438964016,4.6690997570,7.7800000000
2400,20.2489981642,4.6750263427,7.8200000000
2401,20.2547594628,4.6804023858,7.8800000000
2402,20.2602572205,4.6861587961,7.9600000000
2403,20.2663803902,4.6914000167,8.0600000000
2404,20.2722034044,4.6970879078,8.1400000000
2405,20.2785864859,4.7022353607,8.2000000000
2406,20.2853784297,4.7069008831,8.2400000000
2407,20.2917884788,4.7121735741,8.3000000000
2408,20.2986328411,4.7169391070,8.3400000000
2409,20.3057885885,4.7212617081,8.3600000000
2410,20.3124874092,4.7262632479,8.3600000000
2411,20.3187598132,4.7317598421,8.3400000000
2412,20.3254648745,4.7366518921,8.3000000000
2413,20.3320206421,4.7416438367,8.2400000000
2414,20.3388763851,4.7460692619,8.1600000000
2415,20.3452247856,4.7510352876,8.0600000000
2416,20.3511086899,4.7563666355,7.9400000000
2417,20.3573683247,4.7610203406,7.8000000000
2418,20.3631616598,4.7660621328,7.6800000000
2419,20.3688827150,4.7709734593,7.5400000000
2420,20.3742007958,4.7761478594,7.4200000000
2421,20.3799305755,4.7806387418,7.2800000000
2422,20.3859253809,4.7845538291,7.1600000000
2423,20.3920557192,4.7879742606,7.0200000000
2424,20.3982247838,4.7909746342,6.8600000000
2425,20.4039456798,4.7945002192,6.7200000000
2426,20.4097805700,4.7975847056,6.6000000000
2427,20.4156807936,4.8003118582,6.5000000000
2428,20.4215821354,4.8027364334,6.3800000000
2429,20.4270104540,4.8058139254,6.2400000000
2430,20.4320038272,4.8093523748,6.1200000000
2431,20.4371477970,4.8124019608,5.9800000000
2432,20.4418440549,4.8158396289,5.8200000000
2433,20.4461243023,4.8195123774,5.6400000000
2434,20.4500596133,4.8233260014,5.4800000000
2435,20.4542952417,4.8265779318,5.3400000000
2436,20.4587115050,4.8293609192,5.2200000000
2437,20.4627504714,4.8324420148,5.0800000000
2438,20.4669558224,4.8350719622,4.9600000000
2439,20.4707967794,4.8379839117,4.8200000000
2440,20.4747558900,4.8404417650,4.6600000000
2441,20.4783336162,4.8431381098,4.4800000000
2442,20.4815572676,4.8459535088,4.2800000000
2443,20.4844853258,4.8488234348,4.1000000000
2444,20.4876094153,4.8512241981,3.9400000000
2445,20.4904240600,4.8537172636,3.7600000000
2446,20.4929821895,4.8562502408,3.6000000000
2447,20.4956878766,4.8583420480,3.4200000000
2448,20.4984500442,4.8600735300,3.2600000000
2449,20.5012159091,4.8615172722,3.1200000000
2450,20.5039579298,4.8627343680,3.0000000000
2451,20.5066276351,4.8637601719,2.8600000000
2452,20.5090403792,4.8650587350,2.7400000000
2453,20.5112614657,4.8664857510,2.6400000000
2454,20.5134863035,4.8676691768,2.5200000000
2455,20.5156566645,4.8686458719,2.3800000000
2456,20.5177638089,4.8694629047,2.2600000000
2457,20.5198090996,4.8701574448,2.1600000000
2458,20.5216708263,4.8710850081,2.0800000000
2459,20.5233713382,4.8721752645,2.0200000000
2460,20.5251210888,4.8731019646,1.9800000000
2461,20.5267165814,4.8741700486,1.9200000000
2462,20.5283290646,4.8750563318,1.8400000000
2463,20.5297958964,4.8760646989,1.7800000000
2464,20.5312778046,4.8768977344,1.7000000000
2465,20.5325894116,4.8778140789,1.6000000000
2466,20.5337328038,4.8787537885,1.4800000000
2467,20.5347129387,4.8796675366,1.3400000000
2468,20.5355348555,4.8805142082,1.1800000000
2469,20.5362022730,4.8812588919,1.0000000000
2470,20.5368439012,4.8818010297,0.8400000000
2471,20.5373920818,4.8821685865,0.6600000000
2472,20.5377832855,4.8824799699,0.5000000000
2473,20.5380869262,4.8826733667,0.3600000000
2474,20.5382994735,4.8827848282,0.2400000000
2475,20.5384161067,4.8828622665,0.1400000000
2476,20.5384318002,4.8828746647,0.0200000000
2477,20.5384318002,4.8828746647,0.0000000000
2478,20.5384318002,4.8828746647,0.0000000000
2479,20.5384318002,4.8828746647,0.0000000000
2480,20.5384318002,4.8828746647,0.0000000000
2481,20.5384318002,4.8828746647,0.0000000000
2482,20.5384318002,4.8828746647,0.0000000000
2483,20.5384318002,4.8828746647,0.0000000000
2484,20.5384492632,4.8828844136,0.0200000000
2485,20.5385036340,4.8829097873,0.0600000000
2486,20.5385718733,4.8829515412,0.0800000000
2487,20.5386681901,4.8830231168,0.1200000000
2488,20.5387882276,4.8830951655,0.1400000000
2489,20.5389345517,4.8831999951,0.1800000000
2490,20.5390878878,4.8833284009,0.2000000000
2491,20.5392544096,4.8834391731,0.2000000000
2492,20.5394269316,4.8835756874,0.2200000000
2493,20.5396197494,4.8837501045,0.2600000000
2494,20.5398480413,4.8839122242,0.2800000000
2495,20.5400940645,4.8841168521,0.3200000000
2496,20.5403776720,4.8843043802,0.3400000000
2497,20.5406766126,4.8844663509,0.3400000000
2498,20.5410043838,4.8846152336,0.3600000000
2499,20.5413399955,4.8847454825,0.3600000000
2500,20.5416742099,4.8849263161,0.3800000000
2501,20.5420202734,4.8850832874,0.3800000000
2502,20.5423289594,4.8852685250,0.3600000000
2503,20.5426513135,4.8854287992,0.3600000000
2504,20.5429377538,4.8856119712,0.3400000000
2505,20.5431756730,4.8857947127,0.3000000000
2506,20.5433555043,4.8859536489,0.2400000000
2507,20.5435196657,4.8860678900,0.2000000000
2508,20.5436279788,4.8861565932,0.1400000000
2509,20.5437117418,4.8862112171,0.1000000000
2510,20.5437822830,4.8862489522,0.0800000000
2511,20.5438187760,4.8862653309,0.0400000000
2512,20.5438359576,4.8862755677,0.0200000000
2513,20.5438538895,4.8862844247,0.0200000000
2514,20.5438907948,4.8862998519,0.0400000000
2515,20.5439631340,4.8863340140,0.0800000000
2516,20.5440530337,4.8863778093,0.1000000000
2517,20.5441454642,4.8864159748,0.1000000000
2518,20.5442208258,4.8864428194,0.0800000000
2519,20.5442920190,4.8864793095,0.0800000000
2520,20.5443422461,4.8865121308,0.0600000000
2521,20.5443580098,4.8865244396,0.0200000000
2522,20.5443580098,4.8865244396,0.0000000000
2523,20.5443580098,4.8865244396,0.0000000000
2524,20.5443580098,4.8865244396,0.0000000000
2525,20.5443747242,4.8865354228,0.0200000000
2526,20.5443904622,4.8865477644,0.0200000000
2527,20.5443904622,4.8865477644,0.0000000000
2528,20.5443904622,4.8865477644,0.0000000000
2529,20.5444064172,4.8865598241,0.0200000000
2530,20.5444214826,4.8865729783,0.0200000000
2531,20.5444544227,4.8865956708,0.0400000000
2532,20.5445241790,4.8866348379,0.0800000000
2533,20.5446147257,4.8866772795,0.1000000000
2534,20.5447076042,4.8867143414,0.1000000000
2535,20.5448126975,4.8867722673,0.1200000000
2536,20.5449115323,4.8868403237,0.1200000000
2537,20.5449891353,4.8869033934,0.1000000000
2538,20.5450730553,4.8869577756,0.1000000000
2539,20.5451436793,4.8869953556,0.0800000000
2540,20.5451801992,4.8870116742,0.0400000000
2541,20.5451801992,4.8870116742,0.0000000000
2542,20.5451801992,4.8870116742,0.0000000000
2543,20.5451801992,4.8870116742,0.0000000000
2544,20.5451983879,4.8870199910,0.0200000000
2545,20.5452542807,4.8870418083,0.0600000000
2546,20.5453597159,4.8870991095,0.1200000000
2547,20.5455053288,4.8871654185,0.1600000000
2548,20.5457103682,4.8872451609,0.2200000000
2549,20.5459566927,4.8873283729,0.2600000000
2550,20.5462433216,4.8874706539,0.3200000000
2551,20.5466121138,4.8876255484,0.4000000000
2552,20.5470822942,4.8877956378,0.5000000000
2553,20.5476352358,4.8879707250,0.5800000000
2554,20.5482513149,4.8881440643,0.6400000000
2555,20.5489492294,4.8883210258,0.7200000000
2556,20.5497480945,4.8885059977,0.8200000000
2557,20.5506672742,4.8887027431,0.9400000000
2558,20.5516870604,4.8889067921,1.0400000000
2559,20.5527875912,4.8891147153,1.1200000000
2560,20.5539882986,4.8893308210,1.2200000000
2561,20.5552502620,4.8897814299,1.3400000000
2562,20.5566250670,4.8902098121,1.4400000000
2563,20.5580903022,4.8906141457,1.5200000000
2564,20.5596239158,4.8909941845,1.5800000000
2565,20.5612432677,4.8913592862,1.6600000000
2566,20.5629665093,4.8917171109,1.7600000000
2567,20.5647238290,4.8923851134,1.8800000000
2568,20.5666047310,4.8930036665,1.9800000000
2569,20.5686222749,4.8935863468,2.1000000000
2570,20.5707529133,4.8941344160,2.2000000000
2571,20.5730128010,4.8946591139,2.3200000000
2572,20.5754192205,4.8951697461,2.4600000000
2573,20.5779509587,4.8956664367,2.5800000000
2574,20.5804639157,4.8965978051,2.6800000000
2575,20.5829423928,4.8979005526,2.8000000000
2576,20.5853567603,4.8995070488,2.9000000000
2577,20.5880033917,4.9009616079,3.0200000000
2578,20.5905751346,4.9027281124,3.1200000000
2579,20.5930919051,4.9047685698,3.2400000000
2580,20.5959043379,4.9065701863,3.3400000000
2581,20.5986159004,4.9086543716,3.4200000000
2582,20.6015857401,4.9104683319,3.4800000000
2583,20.6047360936,4.9120385781,3.5200000000
2584,20.6080057359,4.9133954270,3.5400000000
2585,20.6113456183,4.9145687923,3.5400000000
2586,20.6144846172,4.9161616154,3.5200000000
2587,20.6174387593,4.9180756281,3.5200000000
2588,20.6205396698,4.9196986976,3.5000000000
2589,20.6234579976,4.9216308887,3.5000000000
2590,20.6265646281,4.9232859558,3.5200000000
2591,20.6295218382,4.9252680024,3.5600000000
2592,20.6326748909,4.9269634841,3.5800000000
2593,20.6359870691,4.9284242632,3.6200000000
2594,20.6391604496,4.9302876087,3.6800000000
2595,20.6424772017,4.9319721131,3.7200000000
2596,20.6458696436,4.9336393678,3.7800000000
2597,20.6491320878,4.9357023893,3.8600000000
2598,20.6526268005,4.9374781660,3.9200000000
2599,20.6559513946,4.9396296014,3.9600000000
2600,20.6591330822,4.9420866859,4.0200000000
2601,20.6626070817,4.9441878587,4.0600000000
2602,20.6658966995,4.9466013240,4.0800000000
2603,20.6690067720,4.9492421287,4.0800000000
2604,20.6724389531,4.9514849244,4.1000000000
2605,20.6757131478,4.9540185481,4.1400000000
2606,20.6788346887,4.9567683813,4.1600000000
2607,20.6818418027,4.9597004907,4.2000000000
2608,20.6847700411,4.9627945203,4.2600000000
2609,20.6881572528,4.9654434441,4.3000000000
2610,20.6913906709,4.9683083014,4.3200000000
2611,20.6945091867,4.9713553425,4.3600000000
2612,20.6980781462,4.9739628178,4.4200000000
2613,20.7015258324,4.9768547826,4.5000000000
2614,20.7048876397,4.9799945679,4.6000000000
2615,20.7086864807,4.9827279188,4.6800000000
2616,20.7128606958,4.9850569376,4.7800000000
2617,20.7169068731,4.9878207120,4.9000000000
2618,20.7208219729,4.9909306949,5.0000000000
2619,20.7246122080,4.9943130783,5.0800000000
2620,20.7282876641,4.9979062138,5.1400000000
2621,20.7322365930,5.0012585802,5.1800000000
2622,20.7360288769,5.0048164704,5.2000000000
2623,20.7403269520,5.0078138277,5.2400000000
2624,20.7449964049,5.0103210591,5.3000000000
2625,20.7497806636,5.0127818046,5.3800000000
2626,20.7547020749,5.0150998449,5.4400000000
2627,20.7598380025,5.0170110350,5.4800000000
2628,20.7647312130,5.0195223078,5.5000000000
2629,20.7698361252,5.0215692255,5.5000000000
2630,20.7746666886,5.0241568995,5.4800000000
2631,20.7797258884,5.0262628191,5.4800000000
2632,20.7845124794,5.0288896322,5.4600000000
2633,20.7895382213,5.0310235297,5.4600000000
2634,20.7947387664,5.0327511669,5.4800000000
2635,20.7996909246,5.0350977664,5.4800000000
2636,20.8044089983,5.0379243863,5.5000000000
2637,20.8094087218,5.0402162774,5.5000000000
2638,20.8145725254,5.0420508163,5.4800000000
2639,20.8194511170,5.0444576698,5.4400000000
2640,20.8244873360,5.0464608918,5.4200000000
2641,20.8296287550,5.0480452563,5.3800000000
2642,20.8344777144,5.0502338615,5.3200000000
2643,20.8394653544,5.0519664454,5.2800000000
2644,20.8441611352,5.0542463671,5.2200000000
2645,20.8489529153,5.0562139147,5.1800000000
2646,20.8538359171,5.0577536202,5.1200000000
2647,20.8584204056,5.0598474361,5.0400000000
2648,20.8626911062,5.0623303209,4.9400000000
2649,20.8671411728,5.0642839091,4.8600000000
2650,20.8715927427,5.0660793271,4.8000000000
2651,20.8757632497,5.0682895921,4.7200000000
2652,20.8796858138,5.0708053604,4.6600000000
2653,20.8837403303,5.0729354534,4.5800000000
2654,20.8875534008,5.0753625697,4.5200000000
2655,20.8915670739,5.0772609974,4.4400000000
2656,20.8953054744,5.0794655296,4.3400000000
2657,20.8988085000,5.0818896606,4.2600000000
2658,20.9025506727,5.0837965282,4.2000000000
2659,20.9064013353,5.0852617235,4.1200000000
2660,20.9102526953,5.0865464906,4.0600000000
2661,20.9138969288,5.0882435357,4.0200000000
2662,20.9173548424,5.0902542155,4.0000000000
2663,20.9206251599,5.0924872905,3.9600000000
2664,20.9237456099,5.0948927825,3.9400000000
2665,20.9271850426,5.0968147353,3.9400000000
2666,20.9304543199,5.0989776560,3.9200000000
2667,20.9335889218,5.1013315190,3.9200000000
2668,20.9365932131,5.1038183310,3.9000000000
2669,20.9397935599,5.1059764273,3.8600000000
2670,20.9432041434,5.1076521123,3.8000000000
2671,20.9464280008,5.1095871430,3.7600000000
2672,20.9495638079,5.1116253563,3.7400000000
2673,20.9525730793,5.1138461413,3.7400000000
2674,20.9558569951,5.1155937961,3.7200000000
2675,20.9589703647,5.1175557669,3.6800000000
2676,20.9619153417,5.1196608822,3.6200000000
2677,20.9646969045,5.1218505188,3.5400000000
2678,20.9677322977,5.1235525142,3.4800000000
2679,20.9709192113,5.1248475746,3.4400000000
2680,20.9741622815,5.1257998853,3.3800000000
2681,20.9772044050,5.1270787459,3.3000000000
2682,20.9802365895,5.1281014175,3.2000000000
2683,20.9830733695,5.1294002936,3.1200000000
2684,20.9859294318,5.1304987054,3.0600000000
2685,20.9886321202,5.1318462496,3.0200000000
2686,20.9912073802,5.1333850920,3.0000000000
2687,20.9939639494,5.1345688682,3.0000000000
2688,20.9968117861,5.1354464937,2.9800000000
2689,20.9997242351,5.1360773984,2.9800000000
2690,21.0026929245,5.1365096981,3.0000000000
2691,21.0056809417,5.1367775665,3.0000000000
2692,21.0085758703,5.1374845235,2.9800000000
2693,21.0113653322,5.1385329998,2.9800000000
2694,21.0140595838,5.1398524724,3.0000000000
2695,21.0169285451,5.1408577890,3.0400000000
2696,21.0199381595,5.1416009045,3.1000000000
2697,21.0228757603,5.1427100041,3.1400000000
2698,21.0259676331,5.1435348209,3.2000000000
2699,21.0289817010,5.1447235153,3.2400000000
2700,21.0319276788,5.1462105308,3.3000000000
2701,21.0350709375,5.1473399221,3.3400000000
2702,21.0381362261,5.1487160054,3.3600000000
2703,21.0413382061,5.1497343003,3.3600000000
2704,21.0446003343,5.1504513218,3.3400000000
2705,21.0479063114,5.1509268371,3.3400000000
2706,21.0511386259,5.1518443026,3.3600000000
2707,21.0544061191,5.1526273024,3.3600000000
2708,21.0577057537,5.1531450004,3.3400000000
2709,21.0610317149,5.1534509125,3.3400000000
2710,21.0643889780,5.1535865021,3.3600000000
2711,21.0677489765,5.1535833827,3.3600000000
2712,21.0710851355,5.1541260091,3.3800000000
2713,21.0744497902,5.1544477218,3.3800000000
2714,21.0777149590,5.1552403584,3.3600000000
2715,21.0808310633,5.1563859122,3.3200000000
2716,21.0840306277,5.1571938650,3.3000000000
2717,21.0872868236,5.1577297645,3.3000000000
2718,21.0904664169,5.1586850586,3.3200000000
2719,21.0935311347,5.1599617357,3.3200000000
2720,21.0964631320,5.1614761307,3.3000000000
2721,21.0995407626,5.1626670085,3.3000000000
2722,21.1027499728,5.1635175199,3.3200000000
2723,21.1058854719,5.1647250983,3.3600000000
2724,21.1091542985,5.1655848496,3.3800000000
2725,21.1125258349,5.1661585591,3.4200000000
2726,21.1159495421,5.1664929668,3.4400000000
2727,21.1193867665,5.1666311279,3.4400000000
2728,21.1228467083,5.1666110524,3.4600000000
2729,21.1262650701,5.1671462186,3.4600000000
2730,21.1296055840,5.1681215988,3.4800000000
2731,21.1328653451,5.1694498901,3.5200000000
2732,21.1363151745,5.1704064867,3.5800000000
2733,21.1396827921,5.1717344745,3.6200000000
2734,21.1429525231,5.1733339929,3.6400000000
2735,21.1464431536,5.1744992820,3.6800000000
2736,21.1500574574,5.1752909944,3.7000000000
2737,21.1535622857,5.1764768182,3.7000000000
2738,21.1571550077,5.1772735294,3.6800000000
2739,21.1608032391,5.1777560309,3.6800000000
2740,21.1644961698,5.1779846411,3.7000000000
2741,21.1681596448,5.1787373369,3.7400000000
2742,21.1719331386,5.1791853821,3.8000000000
2743,21.1757682763,5.1793785635,3.8400000000
2744,21.1796282420,5.1793622925,3.8600000000
2745,21.1834837792,5.1791767309,3.8600000000
2746,21.1873104276,5.1788567904,3.8400000000
2747,21.1910962962,5.1791842028,3.8000000000
2748,21.1948752437,5.1792733984,3.7800000000
2749,21.1986538877,5.1791721595,3.7800000000
2750,21.2024053702,5.1789192176,3.7600000000
2751,21.2061469377,5.1792910671,3.7600000000
2752,21.2098849174,5.1794139822,3.7400000000
2753,21.2135257533,5.1800730073,3.7000000000
2754,21.2170458492,5.1811460051,3.6800000000
2755,21.2204138035,5.1825267600,3.6400000000
2756,21.2238701127,5.1834596729,3.5800000000
2757,21.2273632132,5.1840339976,3.5400000000
2758,21.2308718755,5.1843162900,3.5200000000
2759,21.2343915365,5.1843651449,3.5200000000
2760,21.2378866658,5.1845497276,3.5000000000
2761,21.2413865357,5.1845195477,3.5000000000
2762,21.2448328562,5.1850025336,3.4800000000
2763,21.2481595320,5.1858782206,3.4400000000
2764,21.2514993898,5.1863975953,3.3800000000
2765,21.2547192266,5.1872854303,3.3400000000
2766,21.2579557388,5.1878177727,3.2800000000
2767,21.2610733986,5.1886997011,3.2400000000
2768,21.2642087590,5.1892306579,3.1800000000
2769,21.2671888352,5.1900845584,3.1000000000
2770,21.2701850598,5.1905985991,3.0400000000
2771,21.2731350331,5.1908420286,2.9600000000
2772,21.2759948255,5.1908764873,2.8600000000
2773,21.2787024234,5.1912966226,2.7400000000
2774,21.2812962503,5.1914756803,2.6000000000
2775,21.2837703063,5.1916472815,2.4800000000
2776,21.2861031443,5.1921187335,2.3800000000
2777,21.2883507630,5.1923549753,2.2600000000
2778,21.2904161097,5.1928332462,2.1200000000
2779,21.2924000317,5.1930863336,2.0000000000
2780,21.2942327186,5.1934039165,1.8600000000
2781,21.2959046071,5.1938859839,1.7400000000
2782,21.2975212581,5.1941617364,1.6400000000
2783,21.2990763455,5.1942854429,1.5600000000
2784,21.3005444201,5.1945932687,1.5000000000
2785,21.3019957028,5.1947525753,1.4600000000
2786,21.3033605831,5.1950641869,1.4000000000
2787,21.3047105808,5.1952288264,1.3600000000
2788,21.3060140868,5.1955394261,1.3400000000
2789,21.3072844187,5.1959658729,1.3400000000
2790,21.3085779654,5.1962288119,1.3200000000
2791,21.3098911384,5.1963628890,1.3200000000
2792,21.3111604053,5.1966438902,1.3000000000
2793,21.3124120244,5.1967889749,1.2600000000
2794,21.3136513360,5.1968302876,1.2400000000
2795,21.3148878497,5.1969232064,1.2400000000
2796,21.3161078493,5.1969242109,1.2200000000
2797,21.3172768141,5.1970852115,1.1800000000
2798,21.3183898274,5.1972101175,1.1200000000
2799,21.3194693427,5.1972424698,1.0800000000
2800,21.3204763091,5.1974050080,1.0200000000
2801,21.3214540158,5.1974720115,0.9800000000
2802,21.3223740046,5.1974674684,0.9200000000
2803,21.3232123014,5.1974140035,0.8400000000
2804,21.3239496309,5.1974768146,0.7400000000
2805,21.3245625887,5.1975699956,0.6200000000
2806,21.3250655680,5.1977019496,0.5200000000
2807,21.3254613522,5.1977598704,0.4000000000
2808,21.3257209406,5.1977744945,0.2600000000
2809,21.3258609249,5.1977723981,0.1400000000
2810,21.3259006188,5.1977773379,0.0400000000
2811,21.3259006188,5.1977773379,0.0000000000
2812,21.3259006188,5.1977773379,0.0000000000
2813,21.3259006188,5.1977773379,0.0000000000
2814,21.3259006188,5.1977773379,0.0000000000
2815,21.3259006188,5.1977773379,0.0000000000
2816,21.3259006188,5.1977773379,0.0000000000
2817,21.3259204335,5.1977800540,0.0200000000
2818,21.3259398373,5.1977849006,0.0200000000
2819,21.3259776581,5.1977979233,0.0400000000
2820,21.3260513093,5.1978291563,0.0800000000
2821,21.3261865732,5.1978652630,0.1400000000
2822,21.3263645879,5.1978919226,0.1800000000
2823,21.3265581366,5.1979423102,0.2000000000
2824,21.3267844384,5.1980222321,0.2400000000
2825,21.3270386441,5.1980768167,0.2600000000
2826,21.3273248058,5.1981668802,0.3000000000
2827,21.3276220247,5.1982854591,0.3200000000
2828,21.3279478369,5.1984385813,0.3600000000
2829,21.3283118309,5.1985477066,0.3800000000
2830,21.3286663089,5.1986846203,0.3800000000
2831,21.3290164478,5.1987683029,0.3600000000
2832,21.3293338557,5.1988089506,0.3200000000
2833,21.3296254434,5.1988794957,0.3000000000
2834,21.3299229300,5.1989182476,0.3000000000
2835,21.3301949667,5.1989845501,0.2800000000
2836,21.3304329154,5.1990158616,0.2400000000
2837,21.3306127394,5.1990238206,0.1800000000
2838,21.3307507029,5.1990476130,0.1400000000
2839,21.3308703550,5.1990567429,0.1200000000
2840,21.3309880504,5.1990801479,0.1200000000
2841,21.3310875847,5.1990897885,0.1000000000
2842,21.3311875706,5.1990914634,0.1000000000
2843,21.3312666871,5.1991033199,0.0800000000
2844,21.3313458765,5.1991146800,0.0800000000
2845,21.3314040211,5.1991294855,0.0600000000
2846,21.3314238283,5.1991322555,0.0200000000
2847,21.3314238283,5.1991322555,0.0000000000
2848,21.3314238283,5.1991322555,0.0000000000
2849,21.3314432326,5.1991371004,0.0200000000
2850,21.3315026850,5.1991451886,0.0600000000
2851,21.3316225488,5.1991509029,0.1200000000
2852,21.3318195485,5.1991854160,0.2000000000
2853,21.3320770586,5.1992213122,0.2600000000
2854,21.3324068143,5.1993041443,0.3400000000
2855,21.3328031063,5.1993584826,0.4000000000
2856,21.3332688585,5.1994745641,0.4800000000
2857,21.3337796136,5.1996498616,0.5400000000
2858,21.3343139078,5.1998755376,0.5800000000
2859,21.3348939081,5.2000291594,0.6000000000
2860,21.3354875007,5.2001166114,0.6000000000
2861,21.3360665881,5.2001491348,0.5800000000
2862,21.3366372323,5.2002528902,0.5800000000
2863,21.3371874739,5.2003569777,0.5600000000
2864,21.3377249686,5.2005141382,0.5600000000
2865,21.3382969513,5.2006102412,0.5800000000
2866,21.3388948222,5.2007744072,0.6200000000
2867,21.3395273297,5.2008720505,0.6400000000
2868,21.3402042487,5.2009367086,0.6800000000
2869,21.3408887443,5.2010832207,0.7000000000
2870,21.3415847187,5.2011581846,0.7000000000
2871,21.3422872980,5.2013156086,0.7200000000
2872,21.3430025568,5.2013981005,0.7200000000
2873,21.3437422175,5.2014205054,0.7400000000
2874,21.3445124174,5.2015437620,0.7800000000
2875,21.3453238896,5.2017608170,0.8400000000
2876,21.3461524997,5.2020571366,0.8800000000
2877,21.3470712781,5.2022557471,0.9400000000
2878,21.3480852949,5.2023660647,1.0200000000
2879,21.3492039729,5.2024204668,1.1200000000
2880,21.3503860701,5.2026269765,1.2000000000
2881,21.3516417975,5.2027306516,1.2600000000
2882,21.3529817890,5.2027354468,1.3400000000
2883,21.3544083445,5.2029317612,1.4400000000
2884,21.3558836091,5.2032978136,1.5200000000
2885,21.3574171084,5.2038200968,1.6200000000
2886,21.3590832963,5.2041574660,1.7000000000
2887,21.3608748630,5.2043315024,1.8000000000
2888,21.3627946656,5.2043590319,1.9200000000
2889,21.3648119561,5.2042544404,2.0200000000
2890,21.3669004243,5.2040346666,2.1000000000
2891,21.3690977511,5.2041430856,2.2000000000
2892,21.3713439003,5.2045345112,2.2800000000
2893,21.3736778284,5.2047029730,2.3400000000
2894,21.3760177781,5.2051377551,2.3800000000
2895,21.3783289832,5.2057845401,2.4000000000
2896,21.3807409571,5.2061532977,2.4400000000
2897,21.3831972942,5.2062874910,2.4600000000
2898,21.3856616568,5.2067081059,2.5000000000
2899,21.3880966719,5.2073570294,2.5200000000
2900,21.3905157711,5.2081946207,2.5600000000
2901,21.3930840736,5.2087125221,2.6200000000
2902,21.3956943631,5.2094027314,2.7000000000
2903,21.3983423605,5.2103127369,2.8000000000
2904,21.4010445149,5.2114194262,2.9200000000
2905,21.4040151675,5.2121534722,3.0600000000
2906,21.4072101307,5.2125542337,3.2200000000
2907,21.4105260383,5.2133057367,3.4000000000
2908,21.4139641417,5.2143731846,3.6000000000
2909,21.4175349438,5.2157303039,3.8200000000
2910,21.4212544266,5.2173578933,4.0600000000
2911,21.4251057396,5.2192249199,4.2800000000
2912,21.4293987494,5.2205057272,4.4800000000
2913,21.4338048202,5.2220230077,4.6600000000
2914,21.4382847723,5.2238013296,4.8200000000
2915,21.4431557943,5.2249296668,5.0000000000
2916,21.4480950260,5.2264228481,5.1600000000
2917,21.4533100123,5.2275715505,5.3400000000
2918,21.4587839752,5.2281060881,5.5000000000
2919,21.4644639703,5.2281135952,5.6800000000
2920,21.4702871519,5.2276707011,5.8400000000
2921,21.4762102327,5.2268475884,5.9800000000
2922,21.4822418409,5.2256989794,6.1400000000
2923,21.4885142367,5.2253900296,6.2800000000
2924,21.4949079106,5.2246189689,6.4400000000
2925,21.5015278358,5.2246504363,6.6200000000
2926,21.5082873672,5.2241240002,6.7800000000
2927,21.5151355910,5.2231299021,6.9200000000
2928,21.5221747386,5.2230203514,7.0400000000
2929,21.5293221306,5.2223368401,7.1800000000
2930,21.5366613654,5.2224428216,7.3400000000
2931,21.5441424961,5.2232064210,7.5200000000
2932,21.5518624183,5.2231717609,7.7200000000
2933,21.5597735323,5.2238484255,7.9400000000
2934,21.5678536055,5.2251231082,8.1800000000
2935,21.5760646329,5.2268948388,8.4000000000
2936,21.5845000314,5.2285693696,8.6000000000
2937,21.5930415150,5.2306019683,8.7800000000
2938,21.6019820438,5.2314430060,8.9800000000
2939,21.6111404261,5.2312708601,9.1600000000
2940,21.6204884366,5.2317444621,9.3600000000
2941,21.6300529415,5.2311998092,9.5800000000
2942,21.6397719369,5.2297949859,9.8200000000
2943,21.6496230798,5.2276592466,10.0800000000
2944,21.6595633316,5.2248854775,10.3200000000
2945,21.6696077097,5.2215617945,10.5800000000
2946,21.6797515924,5.2177969515,10.8200000000
2947,21.6904979137,5.2152674893,11.0400000000
2948,21.7013053296,5.2120366748,11.2800000000
2949,21.7126406057,5.2098726242,11.5400000000
2950,21.7243519734,5.2086028738,11.7800000000
2951,21.7363754600,5.2079725000,12.0400000000
2952,21.7486949566,5.2078611282,12.3200000000
2953,21.7612712238,5.2081675647,12.5800000000
2954,21.7740341416,5.2069591243,12.8200000000
2955,21.7868389035,5.2044934251,13.0400000000
2956,21.7996460588,5.2009812786,13.2800000000
2957,21.8124469025,5.1965687963,13.5400000000
2958,21.8257865638,5.1931131000,13.7800000000
2959,21.8391049750,5.1886699566,14.0400000000
2960,21.8519261725,5.1854308895,13.2240183380
2961,21.8648729956,5.1818085420,13.4440183380
2962,21.8778805415,5.1776899276,13.6440183380
2963,21.8913327562,5.1743359858,13.8640183380
2964,21.9047159532,5.1698847645,14.1040183380
2965,21.9185834872,5.1661408999,14.3640183380
2966,21.9323612558,5.1612983338,14.6040183380
2967,21.9451784422,5.1559076166,13.9046790386
2968,21.9579267779,5.1497796575,14.1446790386
2969,21.9713352171,5.1445157679,14.4046790386
2970,21.9852935341,5.1399544978,14.6846790386
2971,21.9985084166,5.1346125661,14.2537487111
2972,22.0094573602,5.1294656322,12.0983591863
2973,22.0209181774,5.1249499216,12.3183591863
2974,22.0323095915,5.1196633281,12.5583591863
2975,22.0436299972,5.1137358601,12.7783591863
2976,22.0548856347,5.1072745574,12.9783591863
2977,22.0656255029,5.1006515326,12.6178138128
2978,22.0770336070,5.0948076032,12.8178138128
2979,22.0884019346,5.0885064691,12.9978138128
2980,22.0997018493,5.0816878023,13.1978138128
2981,22.1116494631,5.0755810640,13.4178138128
2982,22.1241642007,5.0701114003,13.6578138128
2983,22.1350126085,5.0659714080,11.6115238922
2984,22.1457361002,5.0610197597,11.8115238922
2985,22.1563307748,5.0554028641,11.9915238922
2986,22.1674082532,5.0503114273,12.1915238922
2987,22.1789053179,5.0456355928,12.4115238922
2988,22.1902868797,5.0401110018,12.6515238922
2989,22.2021183581,5.0350422498,12.8715238922
2990,22.2138172749,5.0291221650,13.1115238922
2991,22.2259745369,5.0236512866,13.3315238922
2992,22.2380629564,5.0175708052,13.5315238922
2993,22.2501930235,5.0111780469,13.7115238922
2994,22.2624354666,5.0046556423,13.8715238922
2995,22.2750941792,4.9986489961,14.0115238922
2996,22.2855364647,4.9929142208,11.9133948191
2997,22.2957742243,4.9866285279,12.0133948191
2998,22.3064403456,4.9808446602,12.1333948191
2999,22.3170678620,4.9747856303,12.2333948191
3000,22.3280331262,4.9691836062,12.3133948191
3001,22.3392467588,4.9639533726,12.3733948191
3002,22.3501744031,4.9579806319,12.4533948191
3003,22.3613852593,4.9524216973,12.5133948191
3004,22.3718942677,4.9476117388,11.5574633744
3005,22.3821277763,4.9421125790,11.6174633744
3006,22.3926900993,4.9370858524,11.6974633744
3007,22.4030093342,4.9313680264,11.7974633744
3008,22.4137087544,4.9261193751,11.9174633744
3009,22.4241591484,4.9201856838,12.0174633744
3010,22.4343757358,4.9137072610,12.0974633744
3011,22.4447574947,4.9073808879,12.1574633744
3012,22.4549215463,4.9005656429,12.2374633744
3013,22.4644239324,4.8950299419,10.9972417543
3014,22.4742390763,4.8899818081,11.0372417543
3015,22.4837936450,4.8843374310,11.0972417543
3016,22.4931378664,4.8782042215,11.1772417543
3017,22.5022901111,4.8716840973,11.2372417543
3018,22.5113003552,4.8648360711,11.3172417543
3019,22.5201831966,4.8577271501,11.3772417543
3020,22.5296609450,4.8512897069,11.4572417543
3021,22.5389790023,4.8444527745,11.5572417543
3022,22.5481548246,4.8372952832,11.6372417543
3023,22.5562505689,4.8306632386,10.4654236247
3024,22.5649213441,4.8246612709,10.5454236247
3025,22.5734221004,4.8183199656,10.6054236247
3026,22.5823833710,4.8125736040,10.6454236247
3027,22.5914480609,4.8069537589,10.6654236247
3028,22.6002740921,4.8008951065,10.7054236247
3029,22.6088819905,4.7944967632,10.7254236247
3030,22.6172912374,4.7878394906,10.7254236247
3031,22.6255492290,4.7809641941,10.7454236247
3032,22.6336680253,4.7739250694,10.7454236247
3033,22.6422105735,4.7673737935,10.7654236247
3034,22.6508193162,4.7616697000,10.3270098486
3035,22.6597560022,4.7564546971,10.3470098486
3036,22.6689175617,4.7516457014,10.3470098486
3037,22.6777700470,4.7463277471,10.3270098486
3038,22.6868575054,4.7414221144,10.3270098486
3039,22.6956068388,4.7359738470,10.3070098486
3040,22.7040733679,4.7300957235,10.3070098486
3041,22.7124129673,4.7240729622,10.2870098486
3042,22.7204932807,4.7177713953,10.2470098486
3043,22.7283360399,4.7112701417,10.1870098486
3044,22.7365975973,4.7053787515,10.1470098486
3045,22.7451337050,4.7000044950,10.0870098486
3046,22.7538701837,4.6950430086,10.0470098486
3047,22.7622732848,4.6895722849,10.0270098486
3048,22.7703668594,4.6837212666,9.9870098486
3049,22.7787164190,4.6783518737,9.9270098486
3050,22.7867185793,4.6726134913,9.8470098486
3051,22.7949601329,4.6673350108,9.7870098486
3052,22.8028857014,4.6616614259,9.7470098486
3053,22.8110737950,4.6564107265,9.7270098486
3054,22.8189769033,4.6507401358,9.7270098486
3055,22.8271371751,4.6454831400,9.7070098486
3056,22.8350108905,4.6398059360,9.7070098486
3057,22.8431717481,4.6345130045,9.7270098486
3058,22.8515662403,4.6295203116,9.7670098486
3059,22.8596597594,4.6240175386,9.7870098486
3060,22.8676518031,4.6182993781,9.8270098486
3061,22.8753970590,4.6122187026,9.8470098486
3062,22.8829189745,4.6058638313,9.8470098486
3063,22.8908221624,4.5999564203,9.8670098486
3064,22.8985062555,4.5937031366,9.9070098486
3065,22.9060234584,4.5871584482,9.9670098486
3066,22.9138304893,4.5808344720,10.0470098486
3067,22.9214616990,4.5742075355,10.1070098486
3068,22.9295066898,4.5680236911,10.1470098486
3069,22.9375365934,4.5617226041,10.2070098486
3070,22.9459286482,4.5557731513,10.2870098486
3071,22.9541247102,4.5493923566,10.3870098486
3072,22.9626746170,4.5433543611,10.4670098486
3073,22.9714901331,4.5376007004,10.5270098486
3074,22.9802065298,4.5316269138,10.5670098486
3075,22.9891214521,4.5259164902,10.5870098486
3076,22.9981716453,4.5204229685,10.5870098486
3077,23.0073393040,4.5150879248,10.6070098486
3078,23.0166154775,4.5098618915,10.6470098486
3079,23.0259624934,4.5047220088,10.6670098486
3080,23.0349005301,4.4988999302,10.6670098486
3081,23.0434570542,4.4925639446,10.6470098486
3082,23.0522165950,4.4865117332,10.6470098486
3083,23.0611107031,4.4806955334,10.6270098486
3084,23.0701170218,4.4750546503,10.6270098486
3085,23.0791889668,4.4695584270,10.6070098486
3086,23.0878314176,4.4634781521,10.5670098486
3087,23.0966004123,4.4576177640,10.5470098486
3088,23.1049984389,4.4513034624,10.5070098486
3089,23.1130271246,4.4446191359,10.4470098486
3090,23.1212353149,4.4382866400,10.3670098486
3091,23.1290865364,4.4316088579,10.3070098486
3092,23.1366458777,4.4246613511,10.2670098486
3093,23.1439718931,4.4174968059,10.2470098486
3094,23.1511162170,4.4101510692,10.2470098486
3095,23.1586430021,4.4032272526,10.2270098486
3096,23.1659185216,4.3960968960,10.1870098486
3097,23.1729678504,4.3888261813,10.1270098486
3098,23.1798110976,4.3814700699,10.0470098486
3099,23.1864902968,4.3740452020,9.9870098486
3100,23.1935829658,4.3670711751,9.9470098486
3101,23.2004777724,4.3599292449,9.9270098486
3102,23.2071936209,4.3526731893,9.8870098486
3103,23.2137449365,4.3453485469,9.8270098486
3104,23.2202599414,4.3380987944,9.7470098486
3105,23.2266290554,4.3307999899,9.6870098486
3106,23.2333766923,4.3239615665,9.6070098486
3107,23.2403840914,4.3174776052,9.5470098486
3108,23.2471126349,4.3108179521,9.4670098486
3109,23.2540616460,4.3045368601,9.3670098486
3110,23.2608850629,4.2982368971,9.2870098486
3111,23.2676998107,4.2920162120,9.2270098486
3112,23.2743257993,4.2856524532,9.1870098486
3113,23.2811882720,4.2795745804,9.1670098486
3114,23.2878061639,4.2732312708,9.1670098486
3115,23.2942055443,4.2666955444,9.1470098486
3116,23.3008931609,4.2604550658,9.1470098486
3117,23.3074239465,4.2540221109,9.1670098486
3118,23.3140523660,4.2476320338,9.2070098486
3119,23.3209333493,4.2414846945,9.2270098486
3120,23.3275921407,4.2350396990,9.2670098486
3121,23.3340819300,4.2283407626,9.3270098486
3122,23.3404499473,4.2214168771,9.4070098486
3123,23.3472107226,4.2147329297,9.5070098486
3124,23.3538185697,4.2077869155,9.5870098486
3125,23.3602929048,4.2006351475,9.6470098486
3126,23.3666756021,4.1932951274,9.7270098486
3127,23.3734692984,4.1862501822,9.7870098486
3128,23.3801266902,4.1789675303,9.8670098486
3129,23.3871806493,4.1719260145,9.9670098486
3130,23.3943657674,4.1648463361,10.0870098486
3131,23.4014734240,4.1575486388,10.1870098486
3132,23.4084510990,4.1499626975,10.3070098486
3133,23.4155109989,4.1423165438,10.4070098486
3134,23.4225651655,4.1345026670,10.5270098486
3135,23.4295800310,4.1264667003,10.6670098486
3136,23.4368081622,4.1184595971,10.7870098486
3137,23.4439229971,4.1102190809,10.8870098486
3138,23.4509662036,4.1017605049,11.0070098486
3139,23.4584912494,4.0935910891,11.1070098486
3140,23.4662232454,4.0854509425,11.2270098486
3141,23.4739505623,4.0771144273,11.3670098486
3142,23.4815658486,4.0684611405,11.5270098486
3143,23.4894060823,4.0597671877,11.7070098486
3144,23.4971439800,4.0507699181,11.8670098486
3145,23.5051321902,4.0417522164,12.0470098486
3146,23.5130764301,4.0324839834,12.2070098486
3147,23.5215109029,4.0234668708,12.3470098486
3148,23.5297682180,4.0141264702,12.4670098486
3149,23.5383595186,4.0049000814,12.6070098486
3150,23.5467934393,3.9953154310,12.7670098486
3151,23.5550964453,3.9854335793,12.9070098486
3152,23.5632908110,3.9753066174,13.0270098486
3153,23.5714187191,3.9649476957,13.1670098486
3154,23.5795244496,3.9543691172,13.3270098486
3155,23.5876308829,3.9435651802,13.5070098486
3156,23.5961546139,3.9328818676,13.6670098486
3157,23.6046334507,3.9219343104,13.8470098486
3158,23.6135074866,3.9110453264,14.0470098486
3159,23.6223070294,3.8998660664,14.2270098486
3160,23.6313651572,3.8886885723,14.3870098486
3161,23.6403445549,3.8772182544,14.5670098486
3162,23.6493266463,3.8654970508,14.7670098486
3163,23.6583001354,3.8534934281,14.9870098486
3164,23.6675957198,3.8414329994,15.2270098486
3165,23.6770719678,3.8292341947,15.4470098486
3166,23.6865222016,3.8167131980,15.6870098486
3167,23.6967010789,3.8044373037,15.9470098486
3168,23.7075015089,3.7923267067,16.2270098486
3169,23.7188160713,3.7803349524,16.4870098486
3170,23.7300210324,3.7678617224,16.7670098486
3171,23.7411889886,3.7550088698,17.0270098486
3172,23.7523694953,3.7417979327,17.3070098486
3173,23.7634121422,3.7280841898,17.6070098486
3174,23.7744534309,3.7140116965,17.8870098486
3175,23.7861891543,3.7001178085,18.1870098486
3176,23.7979292068,3.6858629280,18.4670098486
3177,23.8094988457,3.6711372921,18.7270098486
3178,23.8209599142,3.6559744977,19.0070098486
3179,23.8328655186,3.6407752473,19.3070098486
3180,23.8448445289,3.6252783357,19.5870098486
3181,23.8567983644,3.6093849731,19.8870098486
3182,23.8690552107,3.5933197011,20.2070098486
3183,23.8814238159,3.5769124703,20.5470098486
3184,23.8940367630,3.5602888226,20.8670098486
3185,23.9068642567,3.5434514323,21.1670098486
3186,23.9196986675,3.5262685300,21.4470098486
3187,23.9326713975,3.5088145702,21.7470098486
3188,23.9460561663,3.4912703151,22.0670098486
3189,23.9593022207,3.4731977908,22.4070098486
3190,23.9727704749,3.4548914229,22.7270098486
3191,23.9864720517,3.4363843979,23.0270098486
3192,24.0000138515,3.4174150445,23.3070098486
3193,24.0137418881,3.3982592369,23.5670098486
3194,24.0273441000,3.3786720036,23.8470098486
3195,24.0409591249,3.3587293563,24.1470098486
3196,24.0547937490,3.3385977397,24.4270098486
3197,24.0687677171,3.3181979056,24.7270098486
3198,24.0827871341,3.2974419751,25.0470098486
3199,24.0970944688,3.2764705555,25.3870098486
3200,24.1115979642,3.2551971651,25.7470098486
3201,24.1262351076,3.2336035059,26.0870098486
3202,24.1408556834,3.2115652870,26.4470098486
3203,24.1555511592,3.1891213246,26.8270098486
3204,24.1705921912,3.1664740100,27.1870098486
3205,24.1856338323,3.1433722986,27.5670098486
3206,24.2009558722,3.1199759585,27.9670098486
3207,24.2167288077,3.0964224561,28.3470098486
3208,24.2327641600,3.0725633268,28.7470098486
3209,24.2490566711,3.0483710027,29.1670098486
3210,24.2652548356,3.0235880550,29.6070098486
3211,24.2819861467,2.9986544522,30.0270098486
3212,24.2989299076,2.9733335585,30.4670098486
3213,24.3162370038,2.9477026326,30.9270098486
3214,24.3336034919,2.9215338467,31.4070098486
3215,24.3509937316,2.8947824572,31.9070098486
3216,24.3687014375,2.8676172567,32.4270098486
3217,24.3865071277,2.8398723268,32.9670098486
3218,24.4045650276,2.8116714034,33.4870098486
3219,24.4228013727,2.7829438362,34.0270098486
3220,24.4416183135,2.7539711140,34.5470098486
3221,24.4605733694,2.7244447849,35.0870098486
3222,24.4796423661,2.6943269716,35.6470098486
3223,24.4988944944,2.6636389967,36.2270098486
3224,24.5186904803,2.6325850502,36.8270098486
3225,24.5386164217,2.6008796027,37.4470098486
3226,24.5587366265,2.5685408074,38.0870098486
3227,24.5791277864,2.5355934043,38.7470098486
3228,24.5995975474,2.5019433608,39.3870098486
3229,24.6204974375,2.4678295010,40.0070098486
3230,24.6416656858,2.4331295777,40.6470098486
3231,24.6632432371,2.3979063135,41.3070098486
3232,24.6851232118,2.3620709161,41.9870098486
3233,24.7071627658,2.3255135794,42.6870098486
3234,24.7294642717,2.2882736635,43.4070098486
3235,24.7520251599,2.2503733384,44.1070098486
3236,24.7748276835,2.2120294986,44.6117151663
3237,24.7970954264,2.1742659519,43.8399114602
3238,24.8188503818,2.1370810602,43.0812517450
3239,24.8401949660,2.1005200599,42.3355408314
3240,24.8617227657,2.0633252894,42.9755408314
3241,24.8833995644,2.0255793208,43.5274827213
3242,24.9046357045,1.9885063973,42.7244110752
3243,24.9254034245,1.9520737447,41.9360987286
3244,24.9457044680,1.9162659715,41.1622276170
3245,24.9661356190,1.8798656744,41.7422276170
3246,24.9868211483,1.8429201317,42.3422276170
3247,25.0071171227,1.8065706475,41.6318577553
3248,25.0270514342,1.7709626800,40.8081379811
3249,25.0466172349,1.7360737004,40.0007681338
3250,25.0663137097,1.7006163346,40.5607681338
3251,25.0862694191,1.6646395023,41.1407681338
3252,25.1058942269,1.6291233445,40.5774635103
3253,25.1249755835,1.5942975728,39.7106100283
3254,25.1435653254,1.5601700967,38.8621039750
3255,25.1617843556,1.5267864039,38.0316185268
3256,25.1801956531,1.4929153039,38.5516185268
3257,25.1987684137,1.4585175248,39.0916185268
3258,25.2171474914,1.4244196624,38.7357034122
3259,25.2350293288,1.3910785355,37.8337263644
3260,25.2524555601,1.3584928720,36.9526589317
3261,25.2700723786,1.3254421630,37.4526589317
3262,25.2878984892,1.2919137779,37.9726589317
3263,25.3056402175,1.2584802703,37.8492847174
3264,25.3229076556,1.2258953560,36.8773786907
3265,25.3397191404,1.1941405498,35.9304012772
3266,25.3560912761,1.1631971537,35.0077218818
3267,25.3726746457,1.1318451019,35.4677218818
3268,25.3894818527,1.1000684360,35.9477218818
3269,25.4063871555,1.0681119975,36.1524994917
3270,25.4228109365,1.0370773930,35.1124943719
3271,25.4387689478,1.0069391062,34.1024112752
3272,25.4542760544,0.9776721233,33.1213925962
3273,25.4693463469,0.9492519648,32.1686046371
3274,25.4846145681,0.9204840064,32.5686046371
3275,25.5000915090,0.8913513386,32.9886046371
3276,25.5157880314,0.8618370912,33.4286046371
3277,25.5310811091,0.8331151331,32.5396544086
3278,25.5458845750,0.8053476481,31.4670593671
3279,25.5602149137,0.7785033412,30.4298442244
3280,25.5740879169,0.7525518694,29.4268432746
3281,25.5881558566,0.7262737230,29.8068432746
3282,25.6024293104,0.6996518918,30.2068432746
3283,25.6169190511,0.6726694726,30.6268432746
3284,25.6312359295,0.6460535515,30.2221817072
3285,25.6450117428,0.6204885951,29.0403172150
3286,25.6582677170,0.5959335117,27.9047123604
3287,25.6710241114,0.5723487435,26.8135579211
3288,25.6839713611,0.5484579300,27.1735579211
3289,25.6971203114,0.5242442218,27.5535579211
3290,25.7104820963,0.4996909307,27.9535579211
3291,25.7240681648,0.4747815443,28.3735579211
3292,25.7370235606,0.4510851145,27.0067226038
3293,25.7493643374,0.4285694205,25.6758884847
3294,25.7611205948,0.4071761233,24.4107097820
3295,25.7723207888,0.3868496730,23.2079497140
3296,25.7829918530,0.3675371929,22.0645303068
3297,25.7938509513,0.3479401787,22.4045303068
3298,25.8049094183,0.3280420847,22.7645303068
3299,25.8161790471,0.3078266265,23.1445303068
3300,25.8276721483,0.2872778179,23.5445303068
3301,25.8392893178,0.2665801351,23.7350522059
3302,25.8501125806,0.2473701263,22.0492053287
3303,25.8601980953,0.2295418906,20.4832515520
3304,25.8695976833,0.2129968553,19.0286743550
3305,25.8783592323,0.1976433101,17.6775589353
3306,25.8865270514,0.1833959634,16.4225503190
3307,25.8948737758,0.1689054188,16.7225503190
3308,25.9034120163,0.1541559453,17.0425503190
3309,25.9121553098,0.1391323680,17.3825503190
3310,25.9211183597,0.1238202216,17.7425503190
3311,25.9303174154,0.1082059907,18.1225503190
3312,25.9397708917,0.0922775050,18.5225503190
3313,25.9495004394,0.0760246248,18.9425503190
3314,25.9593305895,0.0597750464,18.9915942283
3315,25.9681571536,0.0453774528,16.8878339186
3316,25.9759719393,0.0328453364,14.7690492913
3317,25.9827620011,0.0221956376,12.6301632199
3318,25.9885076737,0.0134516112,10.4628271293
3319,25.9931783520,0.0066489542,8.2517500446
3320,25.9967213649,0.0018519926,5.9635376143
3321,25.9990133464,-0.0007855393,3.4942457689
3322,25.9990141196,-0.0007861734,0.0010000000
3323,25.9990149882,-0.0007866690,0.0010000000
3324,25.9990159275,-0.0007870119,0.0010000000
3325,25.9990169111,-0.0007871925,0.0010000000
3326,25.9990179110,-0.0007872076,0.0010000000
3327,25.9990189040,-0.0007870898,0.0010000000
3328,25.9990198789,-0.0007868669,0.0010000000
3329,25.9990208311,-0.0007865616,0.0010000000
3330,25.9990217603,-0.0007861920,0.0010000000
3331,25.9990226679,-0.0007857720,0.0010000000
3332,25.9990235561,-0.0007853127,0.0010000000
3333,25.9990244278,-0.0007848226,0.0010000000
3334,25.9990252853,-0.0007843081,0.0010000000
3335,25.9990261310,-0.0007837745,0.0010000000
3336,25.9990269670,-0.0007832258,0.0010000000
3337,25.9990277950,-0.0007826651,0.0010000000
3338,25.9990286165,-0.0007820949,0.0010000000
3339,25.9990294327,-0.0007815171,0.0010000000
3340,25.9990302446,-0.0007809333,0.0010000000
3341,25.9990310531,-0.0007803447,0.0010000000
3342,25.9990318587,-0.0007797523,0.0010000000
3343,25.9990326621,-0.0007791569,0.0010000000
3344,25.9990334637,-0.0007785590,0.0010000000
3345,25.9990342639,-0.0007779592,0.0010000000
3346,25.9990350629,-0.0007773579,0.0010000000
3347,25.9990358609,-0.0007767553,0.0010000000
3348,25.9990366582,-0.0007761517,0.0010000000
3349,25.9990374549,-0.0007755473,0.0010000000
3350,25.9990382510,-0.0007749422,0.0010000000
3351,25.9990390468,-0.0007743366,0.0010000000
3352,25.9990398423,-0.0007737306,0.0010000000
3353,25.9990406375,-0.0007731243,0.0010000000
3354,25.9990414325,-0.0007725177,0.0010000000
3355,25.9990422273,-0.0007719109,0.0010000000
3356,25.9990430220,-0.0007713038,0.0010000000
3357,25.9990438166,-0.0007706967,0.0010000000
3358,25.9990446111,-0.0007700894,0.0010000000
3359,25.9990454055,-0.0007694820,0.0010000000
3360,25.9990461998,-0.0007688745,0.0010000000
3361,25.9990469941,-0.0007682670,0.0010000000
3362,25.9990477883,-0.0007676594,0.0010000000
3363,25.9990485825,-0.0007670517,0.0010000000
3364,25.9990493767,-0.0007664440,0.0010000000
3365,25.9990501709,-0.0007658363,0.0010000000
3366,25.9990509650,-0.0007652285,0.0010000000
3367,25.9990517591,-0.0007646207,0.0010000000
3368,25.9990525531,-0.0007640129,0.0010000000
3369,25.9990533472,-0.0007634050,0.0010000000
3370,25.9990541412,-0.0007627971,0.0010000000
3371,25.9990549352,-0.0007621892,0.0010000000
3372,25.9990557292,-0.0007615813,0.0010000000
3373,25.9990565232,-0.0007609734,0.0010000000
3374,25.9990573171,-0.0007603654,0.0010000000
3375,25.9990581111,-0.0007597574,0.0010000000
3376,25.9990589050,-0.0007591494,0.0010000000
3377,25.9990596989,-0.0007585414,0.0010000000
3378,25.9990604929,-0.0007579334,0.0010000000
3379,25.9990612868,-0.0007573253,0.0010000000
3380,25.9990620806,-0.0007567172,0.0010000000
3381,25.9990628745,-0.0007561091,0.0010000000
3382,25.9990636684,-0.0007555010,0.0010000000
3383,25.9990644622,-0.0007548929,0.0010000000
3384,25.9990652560,-0.0007542848,0.0010000000
3385,25.9990660498,-0.0007536766,0.0010000000
3386,25.9990668436,-0.0007530684,0.0010000000
3387,25.9990676374,-0.0007524602,0.0010000000
3388,25.9990684312,-0.0007518520,0.0010000000
3389,25.9990692250,-0.0007512438,0.0010000000
3390,25.9990700187,-0.0007506355,0.0010000000
3391,25.9990708124,-0.0007500273,0.0010000000
3392,25.9990716061,-0.0007494190,0.0010000000
3393,25.9990723998,-0.0007488107,0.0010000000
3394,25.9990731935,-0.0007482023,0.0010000000
3395,25.9990739872,-0.0007475939,0.0010000000
3396,25.9990747808,-0.0007469856,0.0010000000
3397,25.9990755744,-0.0007463772,0.0010000000
3398,25.9990763680,-0.0007457687,0.0010000000
3399,25.9990771616,-0.0007451603,0.0010000000
3400,25.9990779552,-0.0007445518,0.0010000000
3401,25.9990787487,-0.0007439433,0.0010000000
3402,25.9990795423,-0.0007433348,0.0010000000
3403,25.9990803358,-0.0007427262,0.0010000000
3404,25.9990811293,-0.0007421176,0.0010000000
3405,25.9990819228,-0.0007415090,0.0010000000
3406,25.9990827162,-0.0007409004,0.0010000000
3407,25.9990835097,-0.0007402917,0.0010000000
3408,25.9990843031,-0.0007396831,0.0010000000
3409,25.9990850965,-0.0007390744,0.0010000000
3410,25.9990858899,-0.0007384656,0.0010000000
3411,25.9990866832,-0.0007378569,0.0010000000
3412,25.9990874765,-0.0007372481,0.0010000000
3413,25.9990882699,-0.0007366393,0.0010000000
3414,25.9990890631,-0.0007360304,0.0010000000
3415,25.9990898564,-0.0007354215,0.0010000000
3416,25.9990906496,-0.0007348126,0.0010000000
3417,25.9990914429,-0.0007342037,0.0010000000
3418,25.9990922361,-0.0007335947,0.0010000000
3419,25.9990930292,-0.0007329857,0.0010000000
3420,25.9990938224,-0.0007323767,0.0010000000
3421,25.9990946155,-0.0007317677,0.0010000000
3422,25.9990954086,-0.0007311586,0.0010000000
3423,25.9990962017,-0.0007305495,0.0010000000
3424,25.9990969948,-0.0007299404,0.0010000000
3425,25.9990977879,-0.0007293312,0.0010000000
3426,25.9990985809,-0.0007287220,0.0010000000
3427,25.9990993739,-0.0007281128,0.0010000000
3428,25.9991001669,-0.0007275036,0.0010000000
3429,25.9991009598,-0.0007268943,0.0010000000
3430,25.9991017528,-0.0007262850,0.0010000000
3431,25.9991025457,-0.0007256757,0.0010000000
3432,25.9991033386,-0.0007250664,0.0010000000
3433,25.9991041315,-0.0007244570,0.0010000000
3434,25.9991049244,-0.0007238476,0.0010000000
3435,25.9991057173,-0.0007232382,0.0010000000
3436,25.9991065101,-0.0007226288,0.0010000000
3437,25.9991073029,-0.0007220193,0.0010000000
3438,25.9991080957,-0.0007214099,0.0010000000
3439,25.9991088885,-0.0007208004,0.0010000000
3440,25.9991096813,-0.0007201908,0.0010000000
3441,25.9991104740,-0.0007195813,0.0010000000
3442,25.9991112668,-0.0007189717,0.0010000000
3443,25.9991120595,-0.0007183621,0.0010000000
3444,25.9991128522,-0.0007177525,0.0010000000
3445,25.9991136448,-0.0007171429,0.0010000000
3446,25.9991144375,-0.0007165332,0.0010000000
3447,25.9991152301,-0.0007159235,0.0010000000
3448,25.9991160227,-0.0007153138,0.0010000000
3449,25.9991168153,-0.0007147040,0.0010000000
3450,25.9991176079,-0.0007140943,0.0010000000
3451,25.9991184005,-0.0007134845,0.0010000000
3452,25.9991191930,-0.0007128746,0.0010000000
3453,25.9991199855,-0.0007122648,0.0010000000
3454,25.9991207780,-0.0007116549,0.0010000000
3455,25.9991215705,-0.0007110450,0.0010000000
3456,25.9991223629,-0.0007104350,0.0010000000
3457,25.9991231553,-0.0007098251,0.0010000000
3458,25.9991239478,-0.0007092151,0.0010000000
3459,25.9991247401,-0.0007086050,0.0010000000
3460,25.9991255325,-0.0007079950,0.0010000000
3461,25.9991263248,-0.0007073849,0.0010000000
3462,25.9991271171,-0.0007067748,0.0010000000
3463,25.9991279094,-0.0007061646,0.0010000000
3464,25.9991287017,-0.0007055544,0.0010000000
3465,25.9991294939,-0.0007049442,0.0010000000
3466,25.9991302861,-0.0007043340,0.0010000000
3467,25.9991310783,-0.0007037237,0.0010000000
3468,25.9991318705,-0.0007031134,0.0010000000
3469,25.9991326626,-0.0007025030,0.0010000000
3470,25.9991334547,-0.0007018927,0.0010000000
3471,25.9991342468,-0.0007012822,0.0010000000
3472,25.9991350389,-0.0007006718,0.0010000000
3473,25.9991358309,-0.0007000613,0.0010000000
3474,25.9991366229,-0.0006994508,0.0010000000
3475,25.9991374149,-0.0006988403,0.0010000000
3476,25.9991382068,-0.0006982297,0.0010000000
3477,25.9991389988,-0.0006976191,0.0010000000
3478,25.9991397907,-0.0006970084,0.0010000000
3479,25.9991405825,-0.0006963977,0.0010000000
3480,25.9991413744,-0.0006957870,0.0010000000
3481,25.9991421662,-0.0006951763,0.0010000000
3482,25.9991429580,-0.0006945655,0.0010000000
3483,25.9991437498,-0.0006939547,0.0010000000
3484,25.9991445416,-0.0006933439,0.0010000000
3485,25.9991453333,-0.0006927330,0.0010000000
3486,25.9991461250,-0.0006921221,0.0010000000
3487,25.9991469167,-0.0006915112,0.0010000000
3488,25.9991477084,-0.0006909002,0.0010000000
3489,25.9991485000,-0.0006902893,0.0010000000
3490,25.9991492916,-0.0006896783,0.0010000000
3491,25.9991500832,-0.0006890672,0.0010000000
3492,25.9991508748,-0.0006884561,0.0010000000
3493,25.9991516664,-0.0006878450,0.0010000000
3494,25.9991524579,-0.0006872339,0.0010000000
3495,25.9991532494,-0.0006866228,0.0010000000
3496,25.9991540409,-0.0006860116,0.0010000000
3497,25.9991548324,-0.0006854004,0.0010000000
3498,25.9991556238,-0.0006847892,0.0010000000
3499,25.9991564153,-0.0006841779,0.0010000000
3500,25.9991572067,-0.0006835666,0.0010000000
3501,25.9991579981,-0.0006829553,0.0010000000
3502,25.9991587894,-0.0006823440,0.0010000000
3503,25.9991595808,-0.0006817326,0.0010000000
3504,25.9991603721,-0.0006811212,0.0010000000
3505,25.9991611634,-0.0006805098,0.0010000000
3506,25.9991619547,-0.0006798983,0.0010000000
3507,25.9991627459,-0.0006792868,0.0010000000
3508,25.9991635372,-0.0006786753,0.0010000000
3509,25.9991643284,-0.0006780638,0.0010000000
3510,25.9991651196,-0.0006774522,0.0010000000
3511,25.9991659107,-0.0006768406,0.0010000000
3512,25.9991667019,-0.0006762289,0.0010000000
3513,25.9991674930,-0.0006756173,0.0010000000
3514,25.9991682841,-0.0006750056,0.0010000000
3515,25.9991690751,-0.0006743938,0.0010000000
3516,25.9991698662,-0.0006737821,0.0010000000
3517,25.9991706572,-0.0006731703,0.0010000000
3518,25.9991714482,-0.0006725584,0.0010000000
3519,25.9991722392,-0.0006719466,0.0010000000
3520,25.9991730301,-0.0006713347,0.0010000000
3521,25.9991738210,-0.0006707228,0.0010000000
3522,25.9991746119,-0.0006701109,0.0010000000
3523,25.9991754028,-0.0006694989,0.0010000000
3524,25.9991761937,-0.0006688869,0.0010000000
3525,25.9991769845,-0.0006682749,0.0010000000
3526,25.9991777753,-0.0006676628,0.0010000000
3527,25.9991785661,-0.0006670508,0.0010000000
3528,25.9991793569,-0.0006664386,0.0010000000
3529,25.9991801477,-0.0006658265,0.0010000000
3530,25.9991809384,-0.0006652143,0.0010000000
3531,25.9991817291,-0.0006646022,0.0010000000
3532,25.9991825198,-0.0006639899,0.0010000000
3533,25.9991833104,-0.0006633777,0.0010000000
3534,25.9991841011,-0.0006627654,0.0010000000
3535,25.9991848917,-0.0006621531,0.0010000000
3536,25.9991856823,-0.0006615407,0.0010000000
3537,25.9991864729,-0.0006609283,0.0010000000
3538,25.9991872634,-0.0006603159,0.0010000000
3539,25.9991880539,-0.0006597035,0.0010000000
3540,25.9991888444,-0.0006590910,0.0010000000
3541,25.9991896349,-0.0006584785,0.0010000000
3542,25.9991904253,-0.0006578660,0.0010000000
3543,25.9991912157,-0.0006572534,0.0010000000
3544,25.9991920061,-0.0006566408,0.0010000000
3545,25.9991927965,-0.0006560281,0.0010000000
3546,25.9991935868,-0.0006554155,0.0010000000
3547,25.9991943771,-0.0006548027,0.0010000000
3548,25.9991951674,-0.0006541900,0.0010000000
3549,25.9991959576,-0.0006535772,0.0010000000
3550,25.9991967478,-0.0006529644,0.0010000000
3551,25.9991975380,-0.0006523515,0.0010000000
3552,25.9991983282,-0.0006517386,0.0010000000
3553,25.9991991184,-0.0006511257,0.0010000000
3554,25.9991999085,-0.0006505128,0.0010000000
3555,25.9992006986,-0.0006498998,0.0010000000
3556,25.9992014886,-0.0006492867,0.0010000000
3557,25.9992022786,-0.0006486737,0.0010000000
3558,25.9992030686,-0.0006480606,0.0010000000
3559,25.9992038586,-0.0006474474,0.0010000000
3560,25.9992046486,-0.0006468343,0.0010000000
3561,25.9992054385,-0.0006462210,0.0010000000
3562,25.9992062284,-0.0006456078,0.0010000000
3563,25.9992070183,-0.0006449945,0.0010000000
3564,25.9992078081,-0.0006443812,0.0010000000
3565,25.9992085979,-0.0006437679,0.0010000000
3566,25.9992093877,-0.0006431545,0.0010000000
3567,25.9992101775,-0.0006425411,0.0010000000
3568,25.9992109673,-0.0006419277,0.0010000000
3569,25.9992117570,-0.0006413142,0.0010000000
3570,25.9992125467,-0.0006407008,0.0010000000
3571,25.9992133364,-0.0006400872,0.0010000000
3572,25.9992141260,-0.0006394737,0.0010000000
3573,25.9992149156,-0.0006388601,0.0010000000
3574,25.9992157052,-0.0006382465,0.0010000000
3575,25.9992164948,-0.0006376328,0.0010000000
3576,25.9992172844,-0.0006370191,0.0010000000
3577,25.9992180739,-0.0006364054,0.0010000000
3578,25.9992188634,-0.0006357917,0.0010000000
3579,25.9992196529,-0.0006351779,0.0010000000
3580,25.9992204423,-0.0006345641,0.0010000000
3581,25.9992212317,-0.0006339502,0.0010000000
3582,25.9992220211,-0.0006333363,0.0010000000
3583,25.9992228105,-0.0006327224,0.0010000000
3584,25.9992235999,-0.0006321085,0.0010000000
3585,25.9992243892,-0.0006314945,0.0010000000
3586,25.9992251785,-0.0006308805,0.0010000000
3587,25.9992259678,-0.0006302664,0.0010000000
3588,25.9992267570,-0.0006296524,0.0010000000
3589,25.9992275462,-0.0006290383,0.0010000000
3590,25.9992283354,-0.0006284241,0.0010000000
3591,25.9992291246,-0.0006278100,0.0010000000
3592,25.9992299138,-0.0006271958,0.0010000000
3593,25.9992307029,-0.0006265815,0.0010000000
3594,25.9992314920,-0.0006259673,0.0010000000
3595,25.9992322811,-0.0006253530,0.0010000000
3596,25.9992330701,-0.0006247387,0.0010000000
3597,25.9992338591,-0.0006241243,0.0010000000
3598,25.9992346481,-0.0006235099,0.0010000000
3599,25.9992354371,-0.0006228955,0.0010000000
3600,25.9992362261,-0.0006222810,0.0010000000
3601,25.9992370150,-0.0006216665,0.0010000000
3602,25.9992378039,-0.0006210520,0.0010000000
3603,25.9992385928,-0.0006204375,0.0010000000
3604,25.9992393816,-0.0006198229,0.0010000000
3605,25.9992401704,-0.0006192082,0.0010000000
3606,25.9992409592,-0.0006185936,0.0010000000
3607,25.9992417480,-0.0006179789,0.0010000000
3608,25.9992425367,-0.0006173642,0.0010000000
3609,25.9992433254,-0.0006167494,0.0010000000
3610,25.9992441141,-0.0006161346,0.0010000000
3611,25.9992449028,-0.0006155198,0.0010000000
3612,25.9992456914,-0.0006149049,0.0010000000
3613,25.9992464800,-0.0006142900,0.0010000000
3614,25.9992472686,-0.0006136751,0.0010000000
3615,25.9992480571,-0.0006130601,0.0010000000
3616,25.9992488457,-0.0006124451,0.0010000000
3617,25.9992496342,-0.0006118300,0.0010000000
3618,25.9992504226,-0.0006112150,0.0010000000
3619,25.9992512111,-0.0006105999,0.0010000000
3620,25.9992519995,-0.0006099847,0.0010000000
3621,25.9992527879,-0.0006093696,0.0010000000
3622,25.9992535763,-0.0006087544,0.0010000000
3623,25.9992543646,-0.0006081391,0.0010000000
3624,25.9992551529,-0.0006075239,0.0010000000
3625,25.9992559412,-0.0006069086,0.0010000000
3626,25.9992567295,-0.0006062932,0.0010000000
3627,25.9992575177,-0.0006056779,0.0010000000
3628,25.9992583060,-0.0006050625,0.0010000000
3629,25.9992590942,-0.0006044471,0.0010000000
3630,25.9992598823,-0.0006038316,0.0010000000
3631,25.9992606705,-0.0006032161,0.0010000000
3632,25.9992614586,-0.0006026006,0.0010000000
3633,25.9992622467,-0.0006019851,0.0010000000
3634,25.9992630348,-0.0006013695,0.0010000000
3635,25.9992638229,-0.0006007539,0.0010000000
3636,25.9992646109,-0.0006001383,0.0010000000
3637,25.9992653990,-0.0005995227,0.0010000000
3638,25.9992661870,-0.0005989070,0.0010000000
3639,25.9992669749,-0.0005982913,0.0010000000
3640,25.9992677629,-0.0005976756,0.0010000000
3641,25.9992685508,-0.0005970598,0.0010000000
3642,25.9992693387,-0.0005964440,0.0010000000
3643,25.9992701266,-0.0005958282,0.0010000000
3644,25.9992709145,-0.0005952124,0.0010000000
3645,25.9992717024,-0.0005945965,0.0010000000
3646,25.9992724902,-0.0005939806,0.0010000000
3647,25.9992732780,-0.0005933647,0.0010000000
3648,25.9992732780,-0.0005933647,0.0000000000
3649,25.9992740657,-0.0005927487,0.0010000000
3650,25.9992748535,-0.0005921327,0.0010000000
3651,25.9992756412,-0.0005915166,0.0010000000
3652,25.9992764289,-0.0005909006,0.0010000000
3653,25.9992772165,-0.0005902844,0.0010000000
3654,25.9992780042,-0.0005896683,0.0010000000
3655,25.9992787918,-0.0005890521,0.0010000000
3656,25.9992795794,-0.0005884359,0.0010000000
3657,25.9992803669,-0.0005878197,0.0010000000
3658,25.9992811545,-0.0005872034,0.0010000000
3659,25.9992819420,-0.0005865872,0.0010000000
3660,25.9992827295,-0.0005859708,0.0010000000
3661,25.9992835170,-0.0005853545,0.0010000000
3662,25.9992843044,-0.0005847381,0.0010000000
3663,25.9992850918,-0.0005841217,0.0010000000
3664,25.9992858792,-0.0005835052,0.0010000000
3665,25.9992866666,-0.0005828887,0.0010000000
3666,25.9992874539,-0.0005822722,0.0010000000
3667,25.9992882412,-0.0005816556,0.0010000000
3668,25.9992890285,-0.0005810391,0.0010000000
3669,25.9992898158,-0.0005804224,0.0010000000
3670,25.9992906030,-0.0005798058,0.0010000000
3671,25.9992913902,-0.0005791891,0.0010000000
3672,25.9992921774,-0.0005785724,0.0010000000
3673,25.9992929646,-0.0005779557,0.0010000000
3674,25.9992937517,-0.0005773389,0.0010000000
3675,25.9992945389,-0.0005767221,0.0010000000
3676,25.9992953260,-0.0005761053,0.0010000000
3677,25.9992961131,-0.0005754885,0.0010000000
3678,25.9992969001,-0.0005748716,0.0010000000
3679,25.9992969001,-0.0005748716,0.0000000000
3680,25.9992976872,-0.0005742547,0.0010000000
3681,25.9992984742,-0.0005736378,0.0010000000
3682,25.9992992612,-0.0005730208,0.0010000000
3683,25.9993000482,-0.0005724038,0.0010000000
3684,25.9993008351,-0.0005717869,0.0010000000
3685,25.9993016221,-0.0005711698,0.0010000000
3686,25.9993024090,-0.0005705528,0.0010000000
3687,25.9993031960,-0.0005699358,0.0010000000
3688,25.9993039829,-0.0005693187,0.0010000000
3689,25.9993047698,-0.0005687016,0.0010000000
3690,25.9993055566,-0.0005680845,0.0010000000
3691,25.9993063435,-0.0005674674,0.0010000000
3692,25.9993071304,-0.0005668502,0.0010000000
3693,25.9993079172,-0.0005662331,0.0010000000
3694,25.9993087040,-0.0005656159,0.0010000000
3695,25.9993094909,-0.0005649987,0.0010000000
3696,25.9993102777,-0.0005643815,0.0010000000
3697,25.9993110645,-0.0005637643,0.0010000000
3698,25.9993118512,-0.0005631471,0.0010000000
3699,25.9993126380,-0.0005625298,0.0010000000
3700,25.9993134247,-0.0005619125,0.0010000000
3701,25.9993142115,-0.0005612952,0.0010000000
3702,25.9993149982,-0.0005606779,0.0010000000
3703,25.9993149982,-0.0005606779,0.0000000000
3704,25.9993157849,-0.0005600606,0.0010000000
3705,25.9993165716,-0.0005594432,0.0010000000
3706,25.9993173582,-0.0005588259,0.0010000000
3707,25.9993181449,-0.0005582085,0.0010000000
3708,25.9993189316,-0.0005575911,0.0010000000
3709,25.9993197182,-0.0005569737,0.0010000000
3710,25.9993205048,-0.0005563562,0.0010000000
3711,25.9993212914,-0.0005557388,0.0010000000
3712,25.9993220780,-0.0005551213,0.0010000000
3713,25.9993228646,-0.0005545038,0.0010000000
3714,25.9993236511,-0.0005538863,0.0010000000
3715,25.9993244377,-0.0005532687,0.0010000000
3716,25.9993252242,-0.0005526512,0.0010000000
3717,25.9993260107,-0.0005520336,0.0010000000
3718,25.9993267972,-0.0005514160,0.0010000000
3719,25.9993275837,-0.0005507984,0.0010000000
3720,25.9993283701,-0.0005501807,0.0010000000
3721,25.9993291566,-0.0005495631,0.0010000000
3722,25.9993299430,-0.0005489454,0.0010000000
3723,25.9993307294,-0.0005483277,0.0010000000
3724,25.9993315158,-0.0005477100,0.0010000000
3725,25.9993323022,-0.0005470922,0.0010000000
3726,25.9993330886,-0.0005464745,0.0010000000
3727,25.9993338749,-0.0005458567,0.0010000000
3728,25.9993346612,-0.0005452389,0.0010000000
3729,25.9993354476,-0.0005446211,0.0010000000
3730,25.9993362339,-0.0005440032,0.0010000000
3731,25.9993370202,-0.0005433854,0.0010000000
3732,25.9993378064,-0.0005427675,0.0010000000
3733,25.9993385927,-0.0005421496,0.0010000000
3734,25.9993393789,-0.0005415317,0.0010000000
3735,25.9993401652,-0.0005409138,0.0010000000
3736,25.9993409514,-0.0005402958,0.0010000000
3737,25.9993417376,-0.0005396778,0.0010000000
3738,25.9993425238,-0.0005390599,0.0010000000
3739,25.9993433100,-0.0005384419,0.0010000000
3740,25.9993440962,-0.0005378239,0.0010000000
3741,25.9993448823,-0.0005372058,0.0010000000
3742,25.9993456685,-0.0005365878,0.0010000000
3743,25.9993464546,-0.0005359697,0.0010000000
3744,25.9993472407,-0.0005353517,0.0010000000
3745,25.9993480268,-0.0005347336,0.0010000000
3746,25.9993488129,-0.0005341155,0.0010000000
3747,25.9993495990,-0.0005334974,0.0010000000
3748,25.9993503851,-0.0005328792,0.0010000000
3749,25.9993511712,-0.0005322611,0.0010000000
3750,25.9993519572,-0.0005316429,0.0010000000
3751,25.9993527432,-0.0005310248,0.0010000000
3752,25.9993535293,-0.0005304066,0.0010000000
3753,25.9993543153,-0.0005297884,0.0010000000
3754,25.9993551013,-0.0005291701,0.0010000000
3755,25.9993558873,-0.0005285519,0.0010000000
3756,25.9993566733,-0.0005279336,0.0010000000
3757,25.9993574592,-0.0005273154,0.0010000000
3758,25.9993582452,-0.0005266971,0.0010000000
3759,25.9993590311,-0.0005260788,0.0010000000
3760,25.9993598170,-0.0005254604,0.0010000000
3761,25.9993606029,-0.0005248421,0.0010000000
3762,25.9993613888,-0.0005242237,0.0010000000
3763,25.9993621747,-0.0005236053,0.0010000000
3764,25.9993629606,-0.0005229869,0.0010000000
3765,25.9993637464,-0.0005223685,0.0010000000
3766,25.9993645322,-0.0005217501,0.0010000000
3767,25.9993653180,-0.0005211316,0.0010000000
3768,25.9993661038,-0.0005205131,0.0010000000
3769,25.9993668896,-0.0005198946,0.0010000000
3770,25.9993676754,-0.0005192761,0.0010000000
3771,25.9993684611,-0.0005186575,0.0010000000
3772,25.9993692469,-0.0005180390,0.0010000000
3773,25.9993700326,-0.0005174204,0.0010000000
3774,25.9993708183,-0.0005168018,0.0010000000
3775,25.9993716040,-0.0005161832,0.0010000000
3776,25.9993723897,-0.0005155645,0.0010000000
3777,25.9993731753,-0.0005149459,0.0010000000
3778,25.9993739610,-0.0005143272,0.0010000000
3779,25.9993747466,-0.0005137085,0.0010000000
3780,25.9993755323,-0.0005130899,0.0010000000
3781,25.9993763179,-0.0005124712,0.0010000000
3782,25.9993771035,-0.0005118524,0.0010000000
3783,25.9993778891,-0.0005112337,0.0010000000
3784,25.9993786747,-0.0005106150,0.0010000000
3785,25.9993794603,-0.0005099962,0.0010000000
3786,25.9993802459,-0.0005093774,0.0010000000
3787,25.9993810314,-0.0005087587,0.0010000000
3788,25.9993818170,-0.0005081399,0.0010000000
3789,25.9993826025,-0.0005075210,0.0010000000
3790,25.9993833880,-0.0005069022,0.0010000000
3791,25.9993841735,-0.0005062834,0.0010000000
3792,25.9993849590,-0.0005056645,0.0010000000
3793,25.9993857445,-0.0005050456,0.0010000000
3794,25.9993865300,-0.0005044268,0.0010000000
3795,25.9993873155,-0.0005038079,0.0010000000
3796,25.9993881009,-0.0005031889,0.0010000000
3797,25.9993888864,-0.0005025700,0.0010000000
3798,25.9993896718,-0.0005019511,0.0010000000
3799,25.9993904573,-0.0005013321,0.0010000000
3800,25.9993912427,-0.0005007131,0.0010000000
3801,25.9993920281,-0.0005000942,0.0010000000
3802,25.9993928135,-0.0004994752,0.0010000000
3803,25.9993935988,-0.0004988561,0.0010000000
3804,25.9993943842,-0.0004982371,0.0010000000
3805,25.9993951696,-0.0004976181,0.0010000000
3806,25.9993959549,-0.0004969990,0.0010000000
3807,25.9993967402,-0.0004963799,0.0010000000
3808,25.9993975255,-0.0004957608,0.0010000000
3809,25.9993983108,-0.0004951417,0.0010000000
3810,25.9993990961,-0.0004945226,0.0010000000
3811,25.9993998814,-0.0004939034,0.0010000000
3812,25.9994006667,-0.0004932843,0.0010000000
3813,25.9994014519,-0.0004926651,0.0010000000
3814,25.9994022372,-0.0004920459,0.0010000000
3815,25.9994030224,-0.0004914267,0.0010000000
3816,25.9994038076,-0.0004908075,0.0010000000
3817,25.9994045928,-0.0004901883,0.0010000000
3818,25.9994053780,-0.0004895690,0.0010000000
3819,25.9994061632,-0.0004889497,0.0010000000
3820,25.9994069484,-0.0004883304,0.0010000000
3821,25.9994077335,-0.0004877111,0.0010000000
3822,25.9994085187,-0.0004870918,0.0010000000
3823,25.9994093038,-0.0004864725,0.0010000000
3824,25.9994100889,-0.0004858532,0.0010000000
3825,25.9994108740,-0.0004852338,0.0010000000
3826,25.9994116591,-0.0004846144,0.0010000000
3827,25.9994124442,-0.0004839950,0.0010000000
3828,25.9994132293,-0.0004833756,0.0010000000
3829,25.9994140143,-0.0004827562,0.0010000000
3830,25.9994147994,-0.0004821368,0.0010000000
3831,25.9994155844,-0.0004815173,0.0010000000
3832,25.9994163695,-0.0004808979,0.0010000000
3833,25.9994171545,-0.0004802784,0.0010000000
3834,25.9994179395,-0.0004796589,0.0010000000
3835,25.9994187245,-0.0004790394,0.0010000000
3836,25.9994195095,-0.0004784199,0.0010000000
3837,25.9994202944,-0.0004778004,0.0010000000
3838,25.9994210794,-0.0004771808,0.0010000000
3839,25.9994218643,-0.0004765613,0.0010000000
3840,25.9994226493,-0.0004759417,0.0010000000
3841,25.9994234342,-0.0004753221,0.0010000000
3842,25.9994242191,-0.0004747025,0.0010000000
3843,25.9994250041,-0.0004740829,0.0010000000
3844,25.9994257890,-0.0004734633,0.0010000000
3845,25.9994265739,-0.0004728437,0.0010000000
3846,25.9994273588,-0.0004722241,0.0010000000
3847,25.9994281436,-0.0004716044,0.0010000000
3848,25.9994289285,-0.0004709848,0.0010000000
3849,25.9994297134,-0.0004703651,0.0010000000
3850,25.9994304983,-0.0004697455,0.0010000000
3851,25.9994312831,-0.0004691258,0.0010000000
3852,25.9994320680,-0.0004685061,0.0010000000
3853,25.9994328528,-0.0004678864,0.0010000000
3854,25.9994336377,-0.0004672667,0.0010000000
3855,25.9994344225,-0.0004666470,0.0010000000
3856,25.9994352073,-0.0004660273,0.0010000000
3857,25.9994359922,-0.0004654076,0.0010000000
3858,25.9994367770,-0.0004647879,0.0010000000
3859,25.9994375618,-0.0004641681,0.0010000000
3860,25.9994383466,-0.0004635484,0.0010000000
3861,25.9994391314,-0.0004629286,0.0010000000
3862,25.9994399162,-0.0004623089,0.0010000000
3863,25.9994407010,-0.0004616891,0.0010000000
3864,25.9994414858,-0.0004610694,0.0010000000
3865,25.9994422706,-0.0004604496,0.0010000000
3866,25.9994430553,-0.0004598298,0.0010000000
3867,25.9994438401,-0.0004592100,0.0010000000
3868,25.9994446248,-0.0004585902,0.0010000000
3869,25.9994454096,-0.0004579704,0.0010000000
3870,25.9994461943,-0.0004573505,0.0010000000
3871,25.9994469790,-0.0004567307,0.0010000000
3872,25.9994477638,-0.0004561108,0.0010000000
3873,25.9994485485,-0.0004554910,0.0010000000
3874,25.9994493332,-0.0004548711,0.0010000000
3875,25.9994501179,-0.0004542512,0.0010000000
3876,25.9994509026,-0.0004536313,0.0010000000
3877,25.9994516872,-0.0004530114,0.0010000000
3878,25.9994524719,-0.0004523915,0.0010000000
3879,25.9994532566,-0.0004517716,0.0010000000
3880,25.9994540412,-0.0004511516,0.0010000000
3881,25.9994548258,-0.0004505317,0.0010000000
3882,25.9994556105,-0.0004499117,0.0010000000
3883,25.9994563951,-0.0004492917,0.0010000000
3884,25.9994571797,-0.0004486717,0.0010000000
3885,25.9994579643,-0.0004480517,0.0010000000
3886,25.9994587489,-0.0004474317,0.0010000000
3887,25.9994595335,-0.0004468117,0.0010000000
3888,25.9994603180,-0.0004461917,0.0010000000
3889,25.9994611026,-0.0004455716,0.0010000000
3890,25.9994618871,-0.0004449515,0.0010000000
3891,25.9994626717,-0.0004443314,0.0010000000
3892,25.9994634562,-0.0004437113,0.0010000000
3893,25.9994642407,-0.0004430912,0.0010000000
3894,25.9994650252,-0.0004424710,0.0010000000
3895,25.9994658096,-0.0004418509,0.0010000000
3896,25.9994665941,-0.0004412307,0.0010000000
3897,25.9994673786,-0.0004406105,0.0010000000
3898,25.9994681630,-0.0004399903,0.0010000000
3899,25.9994689474,-0.0004393701,0.0010000000
3900,25.9994697318,-0.0004387498,0.0010000000
3901,25.9994705162,-0.0004381296,0.0010000000
3902,25.9994713006,-0.0004375093,0.0010000000
3903,25.9994720850,-0.0004368890,0.0010000000
3904,25.9994728693,-0.0004362687,0.0010000000
3905,25.9994736537,-0.0004356484,0.0010000000
3906,25.9994744380,-0.0004350280,0.0010000000
3907,25.9994752223,-0.0004344077,0.0010000000
3908,25.9994760066,-0.0004337873,0.0010000000
3909,25.9994767909,-0.0004331669,0.0010000000
3910,25.9994775752,-0.0004325465,0.0010000000
3911,25.9994783595,-0.0004319261,0.0010000000
3912,25.9994791437,-0.0004313056,0.0010000000
3913,25.9994799279,-0.0004306852,0.0010000000
3914,25.9994807122,-0.0004300647,0.0010000000
3915,25.9994807122,-0.0004300647,0.0000000000
3916,25.9994814963,-0.0004294441,0.0010000000
3917,25.9994822805,-0.0004288236,0.0010000000
3918,25.9994830647,-0.0004282031,0.0010000000
3919,25.9994838488,-0.0004275825,0.0010000000
3920,25.9994846330,-0.0004269619,0.0010000000
3921,25.9994854171,-0.0004263413,0.0010000000
3922,25.9994862012,-0.0004257207,0.0010000000
3923,25.9994869853,-0.0004251000,0.0010000000
3924,25.9994877694,-0.0004244793,0.0010000000
3925,25.9994885534,-0.0004238586,0.0010000000
3926,25.9994893375,-0.0004232379,0.0010000000
3927,25.9994901215,-0.0004226172,0.0010000000
3928,25.9994909055,-0.0004219964,0.0010000000
3929,25.9994916895,-0.0004213757,0.0010000000
3930,25.9994924734,-0.0004207549,0.0010000000
3931,25.9994932574,-0.0004201340,0.0010000000
3932,25.9994940413,-0.0004195132,0.0010000000
3933,25.9994948252,-0.0004188923,0.0010000000
3934,25.9994956091,-0.0004182714,0.0010000000
3935,25.9994963930,-0.0004176505,0.0010000000
3936,25.9994971769,-0.0004170296,0.0010000000
3937,25.9994979607,-0.0004164086,0.0010000000
3938,25.9994987445,-0.0004157876,0.0010000000
3939,25.9994995283,-0.0004151666,0.0010000000
3940,25.9995003121,-0.0004145456,0.0010000000
3941,25.9995010959,-0.0004139246,0.0010000000
3942,25.9995018797,-0.0004133035,0.0010000000
3943,25.9995026634,-0.0004126824,0.0010000000
3944,25.9995034471,-0.0004120613,0.0010000000
3945,25.9995042308,-0.0004114401,0.0010000000
3946,25.9995050145,-0.0004108190,0.0010000000
3947,25.9995057982,-0.0004101978,0.0010000000
3948,25.9995065818,-0.0004095766,0.0010000000
3949,25.9995073655,-0.0004089554,0.0010000000
3950,25.9995081491,-0.0004083342,0.0010000000
3951,25.9995089327,-0.0004077129,0.0010000000
3952,25.9995097163,-0.0004070917,0.0010000000
3953,25.9995104999,-0.0004064704,0.0010000000
3954,25.9995112835,-0.0004058491,0.0010000000
3955,25.9995120670,-0.0004052277,0.0010000000
3956,25.9995128506,-0.0004046064,0.0010000000
3957,25.9995136341,-0.0004039850,0.0010000000
3958,25.9995144176,-0.0004033637,0.0010000000
3959,25.9995152011,-0.0004027423,0.0010000000
3960,25.9995159846,-0.0004021209,0.0010000000
3961,25.9995167681,-0.0004014994,0.0010000000
3962,25.9995175515,-0.0004008780,0.0010000000
3963,25.9995183350,-0.0004002565,0.0010000000
3964,25.9995191184,-0.0003996351,0.0010000000
3965,25.9995199018,-0.0003990136,0.0010000000
3966,25.9995206852,-0.0003983920,0.0010000000
3967,25.9995214686,-0.0003977705,0.0010000000
3968,25.9995222520,-0.0003971489,0.0010000000
3969,25.9995230353,-0.0003965274,0.0010000000
3970,25.9995238186,-0.0003959058,0.0010000000
3971,25.9995246020,-0.0003952841,0.0010000000
3972,25.9995253853,-0.0003946625,0.0010000000
3973,25.9995261686,-0.0003940409,0.0010000000
3974,25.9995269518,-0.0003934192,0.0010000000
3975,25.9995277351,-0.0003927975,0.0010000000
3976,25.9995285183,-0.0003921758,0.0010000000
3977,25.9995293016,-0.0003915540,0.0010000000
3978,25.9995300848,-0.0003909323,0.0010000000
3979,25.9995308680,-0.0003903105,0.0010000000
3980,25.9995316511,-0.0003896887,0.0010000000
3981,25.9995324343,-0.0003890669,0.0010000000
3982,25.9995332174,-0.0003884450,0.0010000000
3983,25.9995340006,-0.0003878232,0.0010000000
3984,25.9995347837,-0.0003872013,0.0010000000
3985,25.9995355668,-0.0003865794,0.0010000000
3986,25.9995363498,-0.0003859574,0.0010000000
3987,25.9995371329,-0.0003853355,0.0010000000
3988,25.9995379159,-0.0003847135,0.0010000000
3989,25.9995386990,-0.0003840915,0.0010000000
3990,25.9995394820,-0.0003834695,0.0010000000
3991,25.9995402650,-0.0003828475,0.0010000000
3992,25.9995410479,-0.0003822254,0.0010000000
3993,25.9995418309,-0.0003816033,0.0010000000
3994,25.9995426138,-0.0003809812,0.0010000000
3995,25.9995433967,-0.0003803591,0.0010000000
3996,25.9995441796,-0.0003797370,0.0010000000
3997,25.9995449625,-0.0003791148,0.0010000000
3998,25.9995457454,-0.0003784926,0.0010000000
3999,25.9995465283,-0.0003778704,0.0010000000
4000,25.9995473111,-0.0003772482,0.0010000000
4001,25.9995480939,-0.0003766260,0.0010000000
4002,25.9995488767,-0.0003760037,0.0010000000
4003,25.9995496595,-0.0003753814,0.0010000000
4004,25.9995504423,-0.0003747591,0.0010000000
4005,25.9995512250,-0.0003741368,0.0010000000
4006,25.9995520078,-0.0003735144,0.0010000000
4007,25.9995527905,-0.0003728920,0.0010000000
4008,25.9995535732,-0.0003722696,0.0010000000
4009,25.9995543559,-0.0003716472,0.0010000000
4010,25.9995551386,-0.0003710248,0.0010000000
4011,25.9995559212,-0.0003704023,0.0010000000
4012,25.9995567038,-0.0003697798,0.0010000000
4013,25.9995574865,-0.0003691573,0.0010000000
4014,25.9995582691,-0.0003685348,0.0010000000
4015,25.9995590517,-0.0003679123,0.0010000000
4016,25.9995598342,-0.0003672897,0.0010000000
4017,25.9995606168,-0.0003666671,0.0010000000
4018,25.9995613993,-0.0003660445,0.0010000000
4019,25.9995621818,-0.0003654219,0.0010000000
4020,25.9995629644,-0.0003647993,0.0010000000
4021,25.9995637468,-0.0003641766,0.0010000000
4022,25.9995645293,-0.0003635539,0.0010000000
4023,25.9995653118,-0.0003629312,0.0010000000
4024,25.9995660942,-0.0003623085,0.0010000000
4025,25.9995668766,-0.0003616858,0.0010000000
4026,25.9995676590,-0.0003610630,0.0010000000
4027,25.9995684414,-0.0003604402,0.0010000000
4028,25.9995692238,-0.0003598174,0.0010000000
4029,25.9995700062,-0.0003591946,0.0010000000
4030,25.9995707885,-0.0003585717,0.0010000000
4031,25.9995715708,-0.0003579488,0.0010000000
4032,25.9995723531,-0.0003573259,0.0010000000
4033,25.9995731354,-0.0003567030,0.0010000000
4034,25.9995739176,-0.0003560800,0.0010000000
4035,25.9995746999,-0.0003554571,0.0010000000
4036,25.9995754821,-0.0003548340,0.0010000000
4037,25.9995762643,-0.0003542110,0.0010000000
4038,25.9995770465,-0.0003535880,0.0010000000
4039,25.9995778286,-0.0003529649,0.0010000000
4040,25.9995786108,-0.0003523418,0.0010000000
4041,25.9995793929,-0.0003517186,0.0010000000
4042,25.9995801750,-0.0003510955,0.0010000000
4043,25.9995809570,-0.0003504723,0.0010000000
4044,25.9995817391,-0.0003498491,0.0010000000
4045,25.9995825211,-0.0003492258,0.0010000000
4046,25.9995833031,-0.0003486026,0.0010000000
4047,25.9995840851,-0.0003479793,0.0010000000
4048,25.9995848671,-0.0003473560,0.0010000000
4049,25.9995856490,-0.0003467326,0.0010000000
4050,25.9995864310,-0.0003461092,0.0010000000
4051,25.9995872129,-0.0003454858,0.0010000000
4052,25.9995879948,-0.0003448624,0.0010000000
4053,25.9995887766,-0.0003442390,0.0010000000
4054,25.9995895585,-0.0003436155,0.0010000000
4055,25.9995903403,-0.0003429920,0.0010000000
4056,25.9995911221,-0.0003423685,0.0010000000
4057,25.9995919039,-0.0003417449,0.0010000000
4058,25.9995926856,-0.0003411214,0.0010000000
4059,25.9995934674,-0.0003404977,0.0010000000
4060,25.9995942491,-0.0003398741,0.0010000000
4061,25.9995950308,-0.0003392504,0.0010000000
4062,25.9995958125,-0.0003386267,0.0010000000
4063,25.9995965941,-0.0003380030,0.0010000000
4064,25.9995973757,-0.0003373793,0.0010000000
4065,25.9995981573,-0.0003367555,0.0010000000
4066,25.9995989389,-0.0003361317,0.0010000000
4067,25.9995997204,-0.0003355078,0.0010000000
4068,25.9996005020,-0.0003348840,0.0010000000
4069,25.9996012835,-0.0003342601,0.0010000000
4070,25.9996020650,-0.0003336361,0.0010000000
4071,25.9996028464,-0.0003330122,0.0010000000
4072,25.9996036279,-0.0003323882,0.0010000000
4073,25.9996044093,-0.0003317642,0.0010000000
4074,25.9996051907,-0.0003311402,0.0010000000
4075,25.9996059721,-0.0003305161,0.0010000000
4076,25.9996067534,-0.0003298920,0.0010000000
4077,25.9996075347,-0.0003292679,0.0010000000
4078,25.9996083160,-0.0003286437,0.0010000000
4079,25.9996090973,-0.0003280195,0.0010000000
4080,25.9996098786,-0.0003273953,0.0010000000
4081,25.9996106598,-0.0003267711,0.0010000000
4082,25.9996114410,-0.0003261469,0.0010000000
4083,25.9996122222,-0.0003255226,0.0010000000
4084,25.9996130034,-0.0003248983,0.0010000000
4085,25.9996137846,-0.0003242739,0.0010000000
4086,25.9996145657,-0.0003236496,0.0010000000
4087,25.9996153468,-0.0003230252,0.0010000000
4088,25.9996161279,-0.0003224008,0.0010000000
4089,25.9996169090,-0.0003217764,0.0010000000
4090,25.9996176901,-0.0003211519,0.0010000000
4091,25.9996184711,-0.0003205274,0.0010000000
4092,25.9996192522,-0.0003199029,0.0010000000
4093,25.9996200332,-0.0003192784,0.0010000000
4094,25.9996208141,-0.0003186539,0.0010000000
4095,25.9996215951,-0.0003180293,0.0010000000
4096,25.9996223761,-0.0003174047,0.0010000000
4097,25.9996231570,-0.0003167801,0.0010000000
4098,25.9996239379,-0.0003161555,0.0010000000
4099,25.9996247188,-0.0003155308,0.0010000000
4100,25.9996254997,-0.0003149061,0.0010000000
4101,25.9996262805,-0.0003142814,0.0010000000
4102,25.9996270614,-0.0003136567,0.0010000000
4103,25.9996278422,-0.0003130319,0.0010000000
4104,25.9996286230,-0.0003124071,0.0010000000
4105,25.9996294037,-0.0003117823,0.0010000000
4106,25.9996301845,-0.0003111574,0.0010000000
4107,25.9996309652,-0.0003105326,0.0010000000
4108,25.9996317459,-0.0003099077,0.0010000000
4109,25.9996325266,-0.0003092828,0.0010000000
4110,25.9996333073,-0.0003086579,0.0010000000
4111,25.9996340880,-0.0003080329,0.0010000000
4112,25.9996348686,-0.0003074079,0.0010000000
4113,25.9996356492,-0.0003067829,0.0010000000
4114,25.9996364298,-0.0003061579,0.0010000000
4115,25.9996372104,-0.0003055328,0.0010000000
4116,25.9996379910,-0.0003049077,0.0010000000
4117,25.9996387715,-0.0003042826,0.0010000000
4118,25.9996395520,-0.0003036575,0.0010000000
4119,25.9996403325,-0.0003030323,0.0010000000
4120,25.9996411130,-0.0003024071,0.0010000000
4121,25.9996418935,-0.0003017819,0.0010000000
4122,25.9996426739,-0.0003011567,0.0010000000
4123,25.9996434543,-0.0003005314,0.0010000000
4124,25.9996442347,-0.0002999061,0.0010000000
4125,25.9996450151,-0.0002992808,0.0010000000
4126,25.9996457954,-0.0002986555,0.0010000000
4127,25.9996465757,-0.0002980301,0.0010000000
4128,25.9996473560,-0.0002974047,0.0010000000
4129,25.9996481363,-0.0002967792,0.0010000000
4130,25.9996489166,-0.0002961538,0.0010000000
4131,25.9996496968,-0.0002955283,0.0010000000
4132,25.9996504770,-0.0002949028,0.0010000000
4133,25.9996512572,-0.0002942772,0.0010000000
4134,25.9996520373,-0.0002936516,0.0010000000
4135,25.9996528175,-0.0002930260,0.0010000000
4136,25.9996535976,-0.0002924004,0.0010000000
4137,25.9996543777,-0.0002917747,0.0010000000
4138,25.9996551578,-0.0002911490,0.0010000000
4139,25.9996559378,-0.0002905233,0.0010000000
4140,25.9996567178,-0.0002898976,0.0010000000
4141,25.9996574978,-0.0002892718,0.0010000000
4142,25.9996582778,-0.0002886459,0.0010000000
4143,25.9996590577,-0.0002880201,0.0010000000
4144,25.9996598376,-0.0002873942,0.0010000000
4145,25.9996606175,-0.0002867683,0.0010000000
4146,25.9996613974,-0.0002861423,0.0010000000
4147,25.9996621772,-0.0002855164,0.0010000000
4148,25.9996629570,-0.0002848903,0.0010000000
4149,25.9996637368,-0.0002842643,0.0010000000
4150,25.9996645166,-0.0002836382,0.0010000000
4151,25.9996652963,-0.0002830121,0.0010000000
4152,25.9996660760,-0.0002823859,0.0010000000
4153,25.9996668556,-0.0002817597,0.0010000000
4154,25.9996676353,-0.0002811335,0.0010000000
4155,25.9996684149,-0.0002805072,0.0010000000
4156,25.9996691945,-0.0002798809,0.0010000000
4157,25.9996699740,-0.0002792546,0.0010000000
4158,25.9996707535,-0.0002786282,0.0010000000
4159,25.9996715330,-0.0002780017,0.0010000000
4160,25.9996723124,-0.0002773753,0.0010000000
4161,25.9996730918,-0.0002767487,0.0010000000
4162,25.9996738712,-0.0002761222,0.0010000000
4163,25.9996746506,-0.0002754956,0.0010000000
4164,25.9996754299,-0.0002748689,0.0010000000
4165,25.9996762091,-0.0002742422,0.0010000000
4166,25.9996769883,-0.0002736155,0.0010000000
4167,25.9996777675,-0.0002729887,0.0010000000
4168,25.9996785467,-0.0002723619,0.0010000000
4169,25.9996793258,-0.0002717350,0.0010000000
4170,25.9996801049,-0.0002711081,0.0010000000
4171,25.9996808839,-0.0002704811,0.0010000000
4172,25.9996816629,-0.0002698541,0.0010000000
4173,25.9996824419,-0.0002692270,0.0010000000
4174,25.9996832208,-0.0002685999,0.0010000000
4175,25.9996839997,-0.0002679727,0.0010000000
4176,25.9996847786,-0.0002673455,0.0010000000
4177,25.9996855574,-0.0002667182,0.0010000000
4178,25.9996863361,-0.0002660909,0.0010000000
4179,25.9996871148,-0.0002654636,0.0010000000
4180,25.9996878935,-0.0002648362,0.0010000000
4181,25.9996886722,-0.0002642087,0.0010000000
4182,25.9996894508,-0.0002635812,0.0010000000
4183,25.9996902293,-0.0002629536,0.0010000000
4184,25.9996910079,-0.0002623260,0.0010000000
4185,25.9996917863,-0.0002616983,0.0010000000
4186,25.9996925648,-0.0002610706,0.0010000000
4187,25.9996933432,-0.0002604428,0.0010000000
4188,25.9996941215,-0.0002598150,0.0010000000
4189,25.9996948998,-0.0002591871,0.0010000000
4190,25.9996956781,-0.0002585591,0.0010000000
4191,25.9996964563,-0.0002579312,0.0010000000
4192,25.9996972345,-0.0002573031,0.0010000000
4193,25.9996980126,-0.0002566750,0.0010000000
4194,25.9996987907,-0.0002560469,0.0010000000
4195,25.9996995688,-0.0002554187,0.0010000000
4196,25.9997003468,-0.0002547905,0.0010000000
4197,25.9997011248,-0.0002541622,0.0010000000
4198,25.9997019027,-0.0002535338,0.0010000000
4199,25.9997026806,-0.0002529054,0.0010000000
4200,25.9997034585,-0.0002522770,0.0010000000
4201,25.9997042363,-0.0002516485,0.0010000000
4202,25.9997050140,-0.0002510199,0.0010000000
4203,25.9997057918,-0.0002503913,0.0010000000
4204,25.9997065695,-0.0002497627,0.0010000000
4205,25.9997073471,-0.0002491340,0.0010000000
4206,25.9997081247,-0.0002485052,0.0010000000
4207,25.9997089023,-0.0002478764,0.0010000000
4208,25.9997096798,-0.0002472476,0.0010000000
4209,25.9997104573,-0.0002466187,0.0010000000
4210,25.9997112347,-0.0002459897,0.0010000000
4211,25.9997120121,-0.0002453607,0.0010000000
4212,25.9997127895,-0.0002447317,0.0010000000
4213,25.9997135668,-0.0002441025,0.0010000000
4214,25.9997143441,-0.0002434734,0.0010000000
4215,25.9997151213,-0.0002428441,0.0010000000
4216,25.9997158985,-0.0002422149,0.0010000000
4217,25.9997166756,-0.0002415855,0.0010000000
4218,25.9997174527,-0.0002409561,0.0010000000
4219,25.9997182297,-0.0002403267,0.0010000000
4220,25.9997190067,-0.0002396972,0.0010000000
4221,25.9997197837,-0.0002390676,0.0010000000
4222,25.9997205605,-0.0002384380,0.0010000000
4223,25.9997213374,-0.0002378083,0.0010000000
4224,25.9997221142,-0.0002371785,0.0010000000
4225,25.9997228910,-0.0002365487,0.0010000000
4226,25.9997236677,-0.0002359188,0.0010000000
4227,25.9997244443,-0.0002352889,0.0010000000
4228,25.9997252209,-0.0002346589,0.0010000000
4229,25.9997259975,-0.0002340289,0.0010000000
4230,25.9997267740,-0.0002333988,0.0010000000
4231,25.9997275504,-0.0002327686,0.0010000000
4232,25.9997283268,-0.0002321384,0.0010000000
4233,25.9997291032,-0.0002315081,0.0010000000
4234,25.9997298795,-0.0002308777,0.0010000000
4235,25.9997306558,-0.0002302473,0.0010000000
4236,25.9997314320,-0.0002296169,0.0010000000
4237,25.9997322082,-0.0002289863,0.0010000000
4238,25.9997329843,-0.0002283557,0.0010000000
4239,25.9997337603,-0.0002277251,0.0010000000
4240,25.9997345364,-0.0002270944,0.0010000000
4241,25.9997353123,-0.0002264636,0.0010000000
4242,25.9997360883,-0.0002258328,0.0010000000
4243,25.9997368641,-0.0002252019,0.0010000000
4244,25.9997376400,-0.0002245710,0.0010000000
4245,25.9997384157,-0.0002239399,0.0010000000
4246,25.9997391915,-0.0002233089,0.0010000000
4247,25.9997399671,-0.0002226778,0.0010000000
4248,25.9997407428,-0.0002220466,0.0010000000
4249,25.9997415184,-0.0002214153,0.0010000000
4250,25.9997422939,-0.0002207840,0.0010000000
4251,25.9997430694,-0.0002201526,0.0010000000
4252,25.9997438448,-0.0002195212,0.0010000000
4253,25.9997446202,-0.0002188897,0.0010000000
4254,25.9997453955,-0.0002182582,0.0010000000
4255,25.9997461708,-0.0002176266,0.0010000000
4256,25.9997469460,-0.0002169949,0.0010000000
4257,25.9997477212,-0.0002163631,0.0010000000
4258,25.9997484963,-0.0002157313,0.0010000000
4259,25.9997492714,-0.0002150994,0.0010000000
4260,25.9997500464,-0.0002144675,0.0010000000
4261,25.9997508214,-0.0002138355,0.0010000000
4262,25.9997515963,-0.0002132034,0.0010000000
4263,25.9997523711,-0.0002125713,0.0010000000
4264,25.9997531459,-0.0002119391,0.0010000000
4265,25.9997539207,-0.0002113068,0.0010000000
4266,25.9997546954,-0.0002106744,0.0010000000
4267,25.9997554700,-0.0002100420,0.0010000000
4268,25.9997562446,-0.0002094095,0.0010000000
4269,25.9997570191,-0.0002087770,0.0010000000
4270,25.9997577935,-0.0002081444,0.0010000000
4271,25.9997585679,-0.0002075117,0.0010000000
4272,25.9997593423,-0.0002068789,0.0010000000
4273,25.9997601166,-0.0002062460,0.0010000000
4274,25.9997608908,-0.0002056131,0.0010000000
4275,25.9997616649,-0.0002049801,0.0010000000
4276,25.9997624390,-0.0002043471,0.0010000000
4277,25.9997632131,-0.0002037139,0.0010000000
4278,25.9997639870,-0.0002030807,0.0010000000
4279,25.9997647609,-0.0002024474,0.0010000000
4280,25.9997655348,-0.0002018140,0.0010000000
4281,25.9997663086,-0.0002011806,0.0010000000
4282,25.9997670823,-0.0002005471,0.0010000000
4283,25.9997678560,-0.0001999135,0.0010000000
4284,25.9997686296,-0.0001992798,0.0010000000
4285,25.9997694031,-0.0001986460,0.0010000000
4286,25.9997701765,-0.0001980122,0.0010000000
4287,25.9997709499,-0.0001973783,0.0010000000
4288,25.9997717233,-0.0001967442,0.0010000000
4289,25.9997724965,-0.0001961102,0.0010000000
4290,25.9997732697,-0.0001954760,0.0010000000
4291,25.9997740428,-0.0001948417,0.0010000000
4292,25.9997748159,-0.0001942074,0.0010000000
4293,25.9997755889,-0.0001935730,0.0010000000
4294,25.9997763618,-0.0001929385,0.0010000000
4295,25.9997771347,-0.0001923039,0.0010000000
4296,25.9997779075,-0.0001916693,0.0010000000
4297,25.9997786802,-0.0001910345,0.0010000000
4298,25.9997794529,-0.0001903997,0.0010000000
4299,25.9997802255,-0.0001897648,0.0010000000
4300,25.9997809980,-0.0001891298,0.0010000000
4301,25.9997817704,-0.0001884947,0.0010000000
4302,25.9997825428,-0.0001878596,0.0010000000
4303,25.9997833151,-0.0001872243,0.0010000000
4304,25.9997840873,-0.0001865890,0.0010000000
4305,25.9997848595,-0.0001859535,0.0010000000
4306,25.9997856316,-0.0001853180,0.0010000000
4307,25.9997864036,-0.0001846824,0.0010000000
4308,25.9997871756,-0.0001840468,0.0010000000
4309,25.9997879475,-0.0001834110,0.0010000000
4310,25.9997887193,-0.0001827751,0.0010000000
4311,25.9997894910,-0.0001821392,0.0010000000
4312,25.9997902627,-0.0001815032,0.0010000000
4313,25.9997910343,-0.0001808671,0.0010000000
4314,25.9997918058,-0.0001802309,0.0010000000
4315,25.9997925773,-0.0001795946,0.0010000000
4316,25.9997933486,-0.0001789582,0.0010000000
4317,25.9997941200,-0.0001783218,0.0010000000
4318,25.9997948912,-0.0001776852,0.0010000000
4319,25.9997956624,-0.0001770486,0.0010000000
4320,25.9997964334,-0.0001764119,0.0010000000
4321,25.9997972045,-0.0001757751,0.0010000000
4322,25.9997979754,-0.0001751382,0.0010000000
4323,25.9997987463,-0.0001745012,0.0010000000
4324,25.9997995171,-0.0001738641,0.0010000000
4325,25.9998002878,-0.0001732269,0.0010000000
4326,25.9998010584,-0.0001725896,0.0010000000
4327,25.9998018290,-0.0001719523,0.0010000000
4328,25.9998025995,-0.0001713148,0.0010000000
4329,25.9998033699,-0.0001706773,0.0010000000
4330,25.9998041403,-0.0001700397,0.0010000000
4331,25.9998049105,-0.0001694019,0.0010000000
4332,25.9998056807,-0.0001687641,0.0010000000
4333,25.9998064508,-0.0001681262,0.0010000000
4334,25.9998072209,-0.0001674882,0.0010000000
4335,25.9998079908,-0.0001668501,0.0010000000
4336,25.9998087607,-0.0001662119,0.0010000000
4337,25.9998095305,-0.0001655736,0.0010000000
4338,25.9998103002,-0.0001649353,0.0010000000
4339,25.9998110699,-0.0001642968,0.0010000000
4340,25.9998118394,-0.0001636582,0.0010000000
4341,25.9998126089,-0.0001630196,0.0010000000
4342,25.9998133783,-0.0001623808,0.0010000000
4343,25.9998141477,-0.0001617420,0.0010000000
4344,25.9998149169,-0.0001611030,0.0010000000
4345,25.9998156861,-0.0001604640,0.0010000000
4346,25.9998164552,-0.0001598249,0.0010000000
4347,25.9998172243,-0.0001591857,0.0010000000
4348,25.9998179932,-0.0001585464,0.0010000000
4349,25.9998187621,-0.0001579070,0.0010000000
4350,25.9998195309,-0.0001572675,0.0010000000
4351,25.9998202996,-0.0001566279,0.0010000000
4352,25.9998210682,-0.0001559882,0.0010000000
4353,25.9998218368,-0.0001553484,0.0010000000
4354,25.9998226053,-0.0001547085,0.0010000000
4355,25.9998233737,-0.0001540686,0.0010000000
4356,25.9998241420,-0.0001534285,0.0010000000
4357,25.9998249102,-0.0001527884,0.0010000000
4358,25.9998256784,-0.0001521481,0.0010000000
4359,25.9998264465,-0.0001515078,0.0010000000
4360,25.9998272145,-0.0001508673,0.0010000000
4361,25.9998279824,-0.0001502268,0.0010000000
4362,25.9998287503,-0.0001495862,0.0010000000
4363,25.9998295181,-0.0001489454,0.0010000000
4364,25.9998302858,-0.0001483046,0.0010000000
4365,25.9998310534,-0.0001476637,0.0010000000
4366,25.9998318209,-0.0001470227,0.0010000000
4367,25.9998325883,-0.0001463816,0.0010000000
4368,25.9998333557,-0.0001457404,0.0010000000
4369,25.9998341230,-0.0001450991,0.0010000000
4370,25.9998348902,-0.0001444577,0.0010000000
4371,25.9998356574,-0.0001438162,0.0010000000
4372,25.9998364244,-0.0001431746,0.0010000000
4373,25.9998371914,-0.0001425329,0.0010000000
4374,25.9998379583,-0.0001418912,0.0010000000
4375,25.9998387251,-0.0001412493,0.0010000000
4376,25.9998394918,-0.0001406073,0.0010000000
4377,25.9998402584,-0.0001399652,0.0010000000
4378,25.9998410250,-0.0001393230,0.0010000000
4379,25.9998410250,-0.0001393230,0.0000000000
4380,25.9998417914,-0.0001386807,0.0010000000
4381,25.9998425577,-0.0001380382,0.0010000000
4382,25.9998433239,-0.0001373957,0.0010000000
4383,25.9998440901,-0.0001367530,0.0010000000
4384,25.9998448562,-0.0001361103,0.0010000000
4385,25.9998456222,-0.0001354674,0.0010000000
4386,25.9998463881,-0.0001348245,0.0010000000
4387,25.9998471539,-0.0001341814,0.0010000000
4388,25.9998479197,-0.0001335383,0.0010000000
4389,25.9998486853,-0.0001328950,0.0010000000
4390,25.9998494509,-0.0001322517,0.0010000000
4391,25.9998502164,-0.0001316082,0.0010000000
4392,25.9998509818,-0.0001309646,0.0010000000
4393,25.9998517470,-0.0001303210,0.0010000000
4394,25.9998525123,-0.0001296772,0.0010000000
4395,25.9998532774,-0.0001290333,0.0010000000
4396,25.9998540424,-0.0001283893,0.0010000000
4397,25.9998548073,-0.0001277452,0.0010000000
4398,25.9998555722,-0.0001271009,0.0010000000
4399,25.9998563369,-0.0001264566,0.0010000000
4400,25.9998571015,-0.0001258122,0.0010000000
4401,25.9998578661,-0.0001251676,0.0010000000
4402,25.9998586305,-0.0001245229,0.0010000000
4403,25.9998593949,-0.0001238781,0.0010000000
4404,25.9998601592,-0.0001232332,0.0010000000
4405,25.9998609233,-0.0001225882,0.0010000000
4406,25.9998616874,-0.0001219431,0.0010000000
4407,25.9998624514,-0.0001212978,0.0010000000
4408,25.9998632152,-0.0001206524,0.0010000000
4409,25.9998639790,-0.0001200070,0.0010000000
4410,25.9998647427,-0.0001193614,0.0010000000
4411,25.9998655063,-0.0001187156,0.0010000000
4412,25.9998662697,-0.0001180698,0.0010000000
4413,25.9998670331,-0.0001174239,0.0010000000
4414,25.9998677964,-0.0001167778,0.0010000000
4415,25.9998685596,-0.0001161316,0.0010000000
4416,25.9998693227,-0.0001154853,0.0010000000
4417,25.9998700856,-0.0001148388,0.0010000000
4418,25.9998708485,-0.0001141923,0.0010000000
4419,25.9998716113,-0.0001135456,0.0010000000
4420,25.9998723739,-0.0001128988,0.0010000000
4421,25.9998731365,-0.0001122519,0.0010000000
4422,25.9998738989,-0.0001116049,0.0010000000
4423,25.9998746613,-0.0001109577,0.0010000000
4424,25.9998754235,-0.0001103104,0.0010000000
4425,25.9998761857,-0.0001096630,0.0010000000
4426,25.9998769477,-0.0001090154,0.0010000000
4427,25.9998777096,-0.0001083678,0.0010000000
4428,25.9998784714,-0.0001077200,0.0010000000
4429,25.9998792331,-0.0001070720,0.0010000000
4430,25.9998799947,-0.0001064240,0.0010000000
4431,25.9998807562,-0.0001057758,0.0010000000
4432,25.9998815176,-0.0001051275,0.0010000000
4433,25.9998822788,-0.0001044790,0.0010000000
4434,25.9998830400,-0.0001038305,0.0010000000
4435,25.9998838010,-0.0001031817,0.0010000000
4436,25.9998845619,-0.0001025329,0.0010000000
4437,25.9998853227,-0.0001018839,0.0010000000
4438,25.9998860834,-0.0001012348,0.0010000000
4439,25.9998868440,-0.0001005856,0.0010000000
4440,25.9998876045,-0.0000999362,0.0010000000
4441,25.9998876045,-0.0000999362,0.0000000000
4442,25.9998883648,-0.0000992866,0.0010000000
4443,25.9998891249,-0.0000986369,0.0010000000
4444,25.9998891249,-0.0000986369,0.0000000000
4445,25.9998898849,-0.0000979869,0.0010000000
4446,25.9998906448,-0.0000973369,0.0010000000
4447,25.9998914046,-0.0000966867,0.0010000000
4448,25.9998921643,-0.0000960364,0.0010000000
4449,25.9998929238,-0.0000953860,0.0010000000
4450,25.9998936833,-0.0000947354,0.0010000000
4451,25.9998944427,-0.0000940848,0.0010000000
4452,25.9998952019,-0.0000934339,0.0010000000
4453,25.9998959610,-0.0000927830,0.0010000000
4454,25.9998967200,-0.0000921319,0.0010000000
4455,25.9998974789,-0.0000914807,0.0010000000
4456,25.9998982377,-0.0000908293,0.0010000000
4457,25.9998989963,-0.0000901778,0.0010000000
4458,25.9998997548,-0.0000895262,0.0010000000
4459,25.9999005132,-0.0000888744,0.0010000000
4460,25.9999012715,-0.0000882225,0.0010000000
4461,25.9999020297,-0.0000875704,0.0010000000
4462,25.9999027877,-0.0000869182,0.0010000000
4463,25.9999035456,-0.0000862658,0.0010000000
4464,25.9999043034,-0.0000856133,0.0010000000
4465,25.9999050611,-0.0000849607,0.0010000000
4466,25.9999050611,-0.0000849607,0.0000000000
4467,25.9999058185,-0.0000843078,0.0010000000
4468,25.9999065758,-0.0000836547,0.0010000000
4469,25.9999073330,-0.0000830015,0.0010000000
4470,25.9999080901,-0.0000823482,0.0010000000
4471,25.9999088471,-0.0000816947,0.0010000000
4472,25.9999096039,-0.0000810411,0.0010000000
4473,25.9999103606,-0.0000803874,0.0010000000
4474,25.9999111172,-0.0000797335,0.0010000000
4475,25.9999118737,-0.0000790794,0.0010000000
4476,25.9999126300,-0.0000784253,0.0010000000
4477,25.9999133862,-0.0000777709,0.0010000000
4478,25.9999141422,-0.0000771164,0.0010000000
4479,25.9999148982,-0.0000764617,0.0010000000
4480,25.9999156540,-0.0000758069,0.0010000000
4481,25.9999164096,-0.0000751520,0.0010000000
4482,25.9999171651,-0.0000744968,0.0010000000
4483,25.9999179205,-0.0000738416,0.0010000000
4484,25.9999186757,-0.0000731861,0.0010000000
4485,25.9999194309,-0.0000725305,0.0010000000
4486,25.9999201858,-0.0000718747,0.0010000000
4487,25.9999209406,-0.0000712188,0.0010000000
4488,25.9999216953,-0.0000705627,0.0010000000
4489,25.9999224499,-0.0000699065,0.0010000000
4490,25.9999232042,-0.0000692500,0.0010000000
4491,25.9999239585,-0.0000685934,0.0010000000
4492,25.9999247126,-0.0000679367,0.0010000000
4493,25.9999254666,-0.0000672798,0.0010000000
4494,25.9999262204,-0.0000666227,0.0010000000
4495,25.9999269741,-0.0000659655,0.0010000000
4496,25.9999277276,-0.0000653081,0.0010000000
4497,25.9999284810,-0.0000646505,0.0010000000
4498,25.9999284810,-0.0000646505,0.0000000000
4499,25.9999292341,-0.0000639926,0.0010000000
4500,25.9999299871,-0.0000633346,0.0010000000
4501,25.9999307400,-0.0000626764,0.0010000000
4502,25.9999314927,-0.0000620181,0.0010000000
4503,25.9999322453,-0.0000613596,0.0010000000
4504,25.9999322453,-0.0000613596,0.0000000000
4505,25.9999329977,-0.0000607008,0.0010000000
4506,25.9999337499,-0.0000600419,0.0010000000
4507,25.9999345019,-0.0000593828,0.0010000000
4508,25.9999352539,-0.0000587236,0.0010000000
4509,25.9999360057,-0.0000580642,0.0010000000
4510,25.9999367573,-0.0000574046,0.0010000000
4511,25.9999375088,-0.0000567449,0.0010000000
4512,25.9999382602,-0.0000560850,0.0010000000
4513,25.9999390114,-0.0000554249,0.0010000000
4514,25.9999397624,-0.0000547646,0.0010000000
4515,25.9999397624,-0.0000547646,0.0000000000
4516,25.9999405132,-0.0000541041,0.0010000000
4517,25.9999405132,-0.0000541041,0.0000000000
4518,25.9999412637,-0.0000534432,0.0010000000
4519,25.9999420141,-0.0000527822,0.0010000000
4520,25.9999427643,-0.0000521211,0.0010000000
4521,25.9999435145,-0.0000514598,0.0010000000
