step,x,y,velocity
0,4.4000000000,0.0000000000,0.0000000000
1,4.4000200000,-0.0000000000,0.0200000000
2,4.4000800000,-0.0000000001,0.0600000000
3,4.4002000000,-0.0000000003,0.1200000000
4,4.4004000000,-0.0000000012,0.2000000000
5,4.4006600000,-0.0000000031,0.2600000000
6,4.4010000000,-0.0000000068,0.3400000000
7,4.4014400000,-0.0000000138,0.4400000000
8,4.4020000000,-0.0000000260,0.5600000000
9,4.4027000000,-0.0000000461,0.7000000000
10,4.4035600000,-0.0000000778,0.8600000000
11,4.4045600000,-0.0000001238,1.0000000000
12,4.4057200000,-0.0000001892,1.1600000000
13,4.4070600000,-0.0000002803,1.3400000000
14,4.4086000000,-0.0000004046,1.5400000000
15,4.4103600000,-0.0000005713,1.7600000000
16,4.4123600000,-0.0000007910,2.0000000000
17,4.4146199999,-0.0000010764,2.2600000000
18,4.4171599999,-0.0000014418,2.5400000000
19,4.4199999999,-0.0000019038,2.8400000000
20,4.4231599998,-0.0000024811,3.1600000000
21,4.4266599998,-0.0000031950,3.5000000000
22,4.4305199997,-0.0000040686,3.8600000000
23,4.4347599995,-0.0000051285,4.2400000000
24,4.4393999994,-0.0000064031,4.6400000000
25,4.4444599991,-0.0000079242,5.0600000000
26,4.4499599988,-0.0000097260,5.5000000000
27,4.4559199985,-0.0000118458,5.9600000000
28,4.4623599980,-0.0000143282,6.4400000000
29,4.4692999974,-0.0000172172,6.9400000000
30,4.4767599966,-0.0000205604,7.4600000000
31,4.4847599957,-0.0000244040,8.0000000000
32,4.4933199946,-0.0000288055,8.5600000000
33,4.5024199932,-0.0000337946,9.1000000000
34,4.5120799916,-0.0000394368,9.6600000000
35,4.5222799896,-0.0000457595,10.2000000000
36,4.5330399873,-0.0000528329,10.7600000000
37,4.5443799845,-0.0000607217,11.3400000000
38,4.5563199813,-0.0000694847,11.9400000000
39,4.5688399776,-0.0000791589,12.5200000000
40,4.5819599732,-0.0000898416,13.1200000000
41,4.5956999682,-0.0001016453,13.7400000000
42,4.6100399623,-0.0001145962,14.3400000000
43,4.6249999556,-0.0001287560,14.9600000000
44,4.6405599480,-0.0001441336,15.5600000000
45,4.6567399393,-0.0001608955,16.1800000000
46,4.6735199296,-0.0001790001,16.7800000000
47,4.6909199185,-0.0001986215,17.4000000000
48,4.7089599060,-0.0002198871,18.0400000000
49,4.7276598919,-0.0002428376,18.7000000000
50,4.7470398762,-0.0002674849,19.3800000000
51,4.7670798587,-0.0002940070,20.0400000000
52,4.7877998394,-0.0003222639,20.7200000000
53,4.8092198180,-0.0003525291,21.4200000000
54,4.8313597944,-0.0003848755,22.1400000000
55,4.8542397681,-0.0004195508,22.8800000000
56,4.8778797388,-0.0004567813,23.6400000000
57,4.9022997067,-0.0004963906,24.4200000000
58,4.9275196713,-0.0005386393,25.2200000000
59,4.9535596329,-0.0005833248,26.0400000000
60,4.9803995918,-0.0006303040,26.8400000000
61,5.0080595470,-0.0006800939,27.6600000000
62,5.0365594975,-0.0007332133,28.5000000000
63,5.0659194438,-0.0007893753,29.3600000000
64,5.0961593861,-0.0008484342,30.2400000000
65,5.1272993252,-0.0009100483,31.1400000000
66,5.1593592585,-0.0009754231,32.0600000000
67,5.1923591862,-0.0010444981,33.0000000000
68,5.2263191088,-0.0011170216,33.9600000000
69,5.2612590260,-0.0011930916,34.9400000000
70,5.2971989376,-0.0012727835,35.9400000000
71,5.3341588424,-0.0013566592,36.9600000000
72,5.3721587386,-0.0014454834,38.0000000000
73,5.4112186327,-0.0015364453,39.0600000000
74,5.4513585170,-0.0016328256,40.1400000000
75,5.4925983895,-0.0017353563,41.2400000000
76,5.5349182554,-0.0018419182,42.3200000000
77,5.5783381155,-0.0019521348,43.4200000000
78,5.6228779639,-0.0020683527,44.5400000000
79,5.6685578035,-0.0021893846,45.6800000000
80,5.7153976390,-0.0023135325,46.8400000000
81,5.7634174633,-0.0024434189,48.0200000000
82,5.8126372721,-0.0025806362,49.2200000000
83,5.8630370817,-0.0027191698,50.4000000000
84,5.9145968827,-0.0028624087,51.5600000000
85,5.9673366678,-0.0030129720,52.7400000000
86,6.0212364490,-0.0031665432,53.9000000000
87,6.0762762161,-0.0033266655,55.0400000000
88,6.1324759643,-0.0034948889,56.2000000000
89,6.1898156943,-0.0036708741,57.3400000000
90,6.2483154172,-0.0038509146,58.5000000000
91,6.3079551294,-0.0040361939,59.6400000000
92,6.3687148302,-0.0042268936,60.7600000000
93,6.4306145359,-0.0044177712,61.9000000000
94,6.4936342214,-0.0046168409,63.0200000000
95,6.5577939200,-0.0048135167,64.1600000000
96,6.6230736049,-0.0050163323,65.2800000000
97,6.6894932961,-0.0052188831,66.4200000000
98,6.7570729521,-0.0054345030,67.5800000000
99,6.8258325925,-0.0056568750,68.7600000000
100,6.8957922603,-0.0058724948,69.9600000000
101,6.9669319272,-0.0060901743,71.1400000000
102,7.0392715583,-0.0063212046,72.3400000000
103,7.1127912373,-0.0065384550,73.5200000000
104,7.1874709514,-0.0067451109,74.6800000000
105,7.2632906559,-0.0069567787,75.8200000000
106,7.3402303095,-0.0071876569,76.9400000000
107,7.4181503317,-0.0074313220,77.9204031859
108,7.4960703952,-0.0076614033,77.9204031859
109,7.5739904390,-0.0078980701,77.9204031859
110,7.6519104550,-0.0081436969,77.9204031859
111,7.7298304741,-0.0083883620,77.9204031859
112,7.8077505199,-0.0086243688,77.9204031859
113,7.8856705449,-0.0088671384,77.9204031859
114,7.9635905610,-0.0091127280,77.9204031859
115,8.0415105424,-0.0093691175,77.9204031859
116,8.1194304968,-0.0096335791,77.9204031859
117,8.1973504626,-0.0098946654,77.9204031859
118,8.2752704017,-0.0101635841,77.9204031859
119,8.3531903119,-0.0104407547,77.9204031859
120,8.4311102144,-0.0107200911,77.9204031859
121,8.5090301503,-0.0109899621,77.9204031859
122,8.5869501008,-0.0112555560,77.9204031859
123,8.6648700514,-0.0115211465,77.9204031859
124,8.7427900205,-0.0117812196,77.9204031859
125,8.8207099462,-0.0120540194,77.9204031859
126,8.8986299125,-0.0123149505,77.9204031859
127,8.9765498620,-0.0125808439,77.9204031859
128,9.0544698088,-0.0128475355,77.9204031859
129,9.1323899784,-0.0130383216,77.9204031859
130,9.2103101216,-0.0132396015,77.9204031859
131,9.2882302368,-0.0134514662,77.9204031859
132,9.3661502811,-0.0136879501,77.9204031859
133,9.4440703838,-0.0139043379,77.9204031859
134,9.5219904511,-0.0141331368,77.9204031859
135,9.5999105708,-0.0143433196,77.9204031859
136,9.6778306482,-0.0145686632,77.9204031859
137,9.7557506689,-0.0148128072,77.9204031859
138,9.8336707556,-0.0150348697,77.9204031859
139,9.9115908230,-0.0152636505,77.9204031859
140,9.9895107897,-0.0155244552,77.9204031859
141,10.0674307029,-0.0158007741,77.9204031859
142,10.1453506596,-0.0160645508,77.9204031859
143,10.2232706118,-0.0163296770,77.9204031859
144,10.3011906809,-0.0165578587,77.9204031859
145,10.3791107312,-0.0167923552,77.9204031859
146,10.4570307840,-0.0170260344,77.9204031859
147,10.5349508150,-0.0172668784,77.9204031859
148,10.6128707524,-0.0175362832,77.9204031859
149,10.6907906683,-0.0178118522,77.9204031859
150,10.7687107097,-0.0180493124,77.9204031859
151,10.8466307357,-0.0182917420,77.9204031859
152,10.9245507701,-0.0185315012,77.9204031859
153,11.0024707214,-0.0187968475,77.9204031859
154,11.0803905846,-0.0190869575,77.9204031859
155,11.1583105017,-0.0193621778,77.9204031859
156,11.2362304607,-0.0196252638,77.9204031859
157,11.3141504064,-0.0198922903,77.9204031859
158,11.3920703077,-0.0201719487,77.9204031859
159,11.4699902313,-0.0204453293,77.9204031859
160,11.5479102256,-0.0206977748,77.9204031859
161,11.6258301779,-0.0209628487,77.9204031859
162,11.7037502105,-0.0212031553,77.9204031859
163,11.7816501113,-0.0214829410,77.9004031859
164,11.8595100647,-0.0217475854,77.8604031859
165,11.9373101969,-0.0219529408,77.8004031859
166,12.0150302964,-0.0221702153,77.7204031859
167,12.0926504457,-0.0223687251,77.6204031859
168,12.1701506479,-0.0225452410,77.5004031859
169,12.2475107509,-0.0227607276,77.3604031859
170,12.3247108171,-0.0229888585,77.2004031859
171,12.3636711225,-0.0230935665,38.9604461753
172,12.4024713838,-0.0232133616,38.8004461753
173,12.4411316321,-0.0233370363,38.6604461753
174,12.4796718475,-0.0234704103,38.5404461753
175,12.5181120101,-0.0236180638,38.4404461753
176,12.5564721862,-0.0237620134,38.3604461753
177,12.5947723956,-0.0238966901,38.3004461753
178,12.6330325589,-0.0240438092,38.2604461753
179,12.6712327327,-0.0241880818,38.2004461753
180,12.7093930007,-0.0243046712,38.1604461753
181,12.7475332607,-0.0244238581,38.1404461753
182,12.7856734649,-0.0245597032,38.1404461753
183,12.8238336440,-0.0247024775,38.1604461753
184,12.8620338987,-0.0248234425,38.2004461753
185,12.9002941238,-0.0249535025,38.2604461753
186,12.9386343143,-0.0250935248,38.3404461753
187,12.9770744547,-0.0252468365,38.4404461753
188,13.0156346272,-0.0253921234,38.5604461753
189,13.0543347874,-0.0255408930,38.7004461753
190,13.0931948757,-0.0257076664,38.8604461753
191,13.1321549782,-0.0258713122,38.9604461753
192,13.1711150711,-0.0260372226,38.9604461753
193,13.2100751452,-0.0262074985,38.9604461753
194,13.2490352322,-0.0263748045,38.9604461753
195,13.2879953303,-0.0265394805,38.9604461753
196,13.3269554393,-0.0267015721,38.9604461753
197,13.3659155762,-0.0268568054,38.9604461753
198,13.4048756902,-0.0270176822,38.9604461753
199,13.4438358019,-0.0271791265,38.9604461753
200,13.4827758918,-0.0273457104,38.9404461753
201,13.5217159803,-0.0275125962,38.9404461753
202,13.5606760693,-0.0276794449,38.9604461753
203,13.5996361232,-0.0278542661,38.9604461753
204,13.6385962393,-0.0280146382,38.9604461753
205,13.6775563024,-0.0281874060,38.9604461753
206,13.7164963394,-0.0283659194,38.9404461753
207,13.7554363792,-0.0285438240,38.9404461753
208,13.7943963723,-0.0287317221,38.9604461753
209,13.8333564219,-0.0289075134,38.9604461753
210,13.8722963980,-0.0290988463,38.9404461753
211,13.9112364481,-0.0292744759,38.9404461753
212,13.9501964556,-0.0294593629,38.9604461753
213,13.9891564570,-0.0296455124,38.9604461753
214,14.0281164742,-0.0298283571,38.9604461753
215,14.0670564802,-0.0300134947,38.9404461753
216,14.1059964625,-0.0302035756,38.9404461753
217,14.1449564083,-0.0304010348,38.9604461753
218,14.1839163934,-0.0305905694,38.9604461753
219,14.2228764479,-0.0307652736,38.9604461753
220,14.2618364284,-0.0309557686,38.9604461753
221,14.3007963949,-0.0311490809,38.9604461753
222,14.3397563634,-0.0313420173,38.9604461753
223,14.3787163463,-0.0315320122,38.9604461753
224,14.4176762698,-0.0317338205,38.9604461753
225,14.4566362519,-0.0319239723,38.9604461753
226,14.4955961581,-0.0321291019,38.9604461753
227,14.5345559795,-0.0323497399,38.9604461753
228,14.5735159033,-0.0325515060,38.9604461753
229,14.6124758159,-0.0327554029,38.9604461753
230,14.6514358323,-0.0329383946,38.9604461753
231,14.6903958163,-0.0331281657,38.9604461753
232,14.7293558407,-0.0333094460,38.9604461753
233,14.7682957207,-0.0335194411,38.9404461753
234,14.8072355548,-0.0337377647,38.9404461753
235,14.8461954260,-0.0339494420,38.9604461753
236,14.8851551924,-0.0341795863,38.9604461753
237,14.9241149832,-0.0344055645,38.9604461753
238,14.9630746695,-0.0346489015,38.9604461753
239,15.0020343749,-0.0348891492,38.9604461753
240,15.0409940649,-0.0351318924,38.9604461753
241,15.0799537520,-0.0353750943,38.9604461753
242,15.1188934728,-0.0356127639,38.9404461753
243,15.1578332223,-0.0358456944,38.9404461753
244,15.1967929653,-0.0360797758,38.9604461753
245,15.2357526420,-0.0363246418,38.9604461753
246,15.2747121981,-0.0365879843,38.9604461753
247,15.3136717401,-0.0368534235,38.9604461753
248,15.3526312120,-0.0371289560,38.9604461753
249,15.3915907797,-0.0373905813,38.9604461753
250,15.4305503684,-0.0376490693,38.9604461753
251,15.4695100059,-0.0379000897,38.9604461753
252,15.5084696933,-0.0381432417,38.9604461753
253,15.5474293705,-0.0383880195,38.9604461753
254,15.5863892313,-0.0386015886,38.9604461753
255,15.6253490616,-0.0388206576,38.9604461753
256,15.6643089198,-0.0390347092,38.9604461753
257,15.7032687656,-0.0392509886,38.9604461753
258,15.7422287509,-0.0394404931,38.9604461753
259,15.7811887429,-0.0396286116,38.9604461753
260,15.8201287101,-0.0398217627,38.9404461753
261,15.8590688982,-0.0399635226,38.9404461753
262,15.8980290850,-0.0401057041,38.9604461753
263,15.9369892493,-0.0402538845,38.9604461753
264,15.9759493162,-0.0404258122,38.9604461753
265,16.0149094120,-0.0405910446,38.9604461753
266,16.0538491665,-0.0408231340,38.9404461753
267,16.0927485701,-0.0411079380,38.9004461753
268,16.1316278351,-0.0414110027,38.8804461753
269,16.1704667932,-0.0417509934,38.8404461753
270,16.2092454894,-0.0421194052,38.7804461753
271,16.2479439714,-0.0425093033,38.7004461753
272,16.2865824114,-0.0429030491,38.6404461753
273,16.3251806974,-0.0433114169,38.6004461753
274,16.3637203556,-0.0435578641,38.5404461753
275,16.4022206278,-0.0436735993,38.5004461753
276,16.4406606339,-0.0438575506,38.4404461753
277,16.4790203433,-0.0440952966,38.3604461753
278,16.5172806437,-0.0442009196,38.2604461753
279,16.5554206938,-0.0443747274,38.1404461753
280,16.5934611026,-0.0444280721,38.0404461753
281,16.6314213220,-0.0445592861,37.9604461753
282,16.6693217636,-0.0445779219,37.9004461753
283,16.7071820698,-0.0446808647,37.8604461753
284,16.7449821342,-0.0448507652,37.8004461753
285,16.7827025240,-0.0449159495,37.7204461753
286,16.8203627141,-0.0450548288,37.6604461753
287,16.8579826424,-0.0452522221,37.6204461753
288,16.8955830270,-0.0453203030,37.6004461753
289,16.9331434562,-0.0452846324,37.5604461753
290,16.9706838588,-0.0453418079,37.5404461753
291,17.0082240754,-0.0454731176,37.5404461753
292,17.0457445189,-0.0454871915,37.5204461753
293,17.0832249046,-0.0455545438,37.4804461753
294,17.1206853320,-0.0455171229,37.4604461753
295,17.1581457378,-0.0455721726,37.4604461753
296,17.1955859623,-0.0457010077,37.4404461753
297,17.2330260684,-0.0458605864,37.4404461753
298,17.2704464986,-0.0458951335,37.4204461753
299,17.3078267783,-0.0460066925,37.3804461753
300,17.3451468250,-0.0461793624,37.3204461753
301,17.3824271195,-0.0462857283,37.2804461753
302,17.4196471880,-0.0464533968,37.2204461753
303,17.4567876148,-0.0464912884,37.1404461753
304,17.4938678913,-0.0466034907,37.0804461753
305,17.5308683368,-0.0465965549,37.0004461753
306,17.5678086426,-0.0464947058,36.9404461753
307,17.6046690887,-0.0464948430,36.8604461753
308,17.6414294118,-0.0463997246,36.7604461753
309,17.6780698457,-0.0463696271,36.6404461753
310,17.7145701601,-0.0462715577,36.5004461753
311,17.7509106062,-0.0462742285,36.3404461753
312,17.7870710106,-0.0463291756,36.1604461753
313,17.8230712444,-0.0464528443,36.0004461753
314,17.8589316900,-0.0464587485,35.8604461753
315,17.8946720287,-0.0463710818,35.7404461753
316,17.9302721092,-0.0462097190,35.6004461753
317,17.9657125206,-0.0461601212,35.4404461753
318,18.0009727313,-0.0460312328,35.2604461753
319,18.0360331692,-0.0460071533,35.0604461753
320,18.0709135656,-0.0460660866,34.8804461753
321,18.1055937886,-0.0461904915,34.6804461753
322,18.1400537870,-0.0463661630,34.4604461753
323,18.1742741942,-0.0464177999,34.2204461753
324,18.2082746085,-0.0463711960,34.0004461753
325,18.2420350334,-0.0464090210,33.7604461753
326,18.2755754790,-0.0464024205,33.5404461753
327,18.3089158561,-0.0463345636,33.3404461753
328,18.3420360112,-0.0461957048,33.1204461753
329,18.3749564365,-0.0461586181,32.9204461753
330,18.4076568538,-0.0462020635,32.7004461753
331,18.4401171243,-0.0463088627,32.4604461753
332,18.4723575703,-0.0463111890,32.2404461753
333,18.5043979162,-0.0462310008,32.0404461753
334,18.5362183616,-0.0462381040,31.8204461753
335,18.5677987165,-0.0463140119,31.5804461753
336,18.5991588935,-0.0464439514,31.3604461753
337,18.6303188636,-0.0466161883,31.1604461753
338,18.6612586310,-0.0468211448,30.9404461753
339,18.6919989687,-0.0469027826,30.7404461753
340,18.7225591311,-0.0470344804,30.5604461753
341,18.7529195684,-0.0470578232,30.3604461753
342,18.7830600106,-0.0470423538,30.1404461753
343,18.8129602771,-0.0469386953,29.9004461753
344,18.8426402845,-0.0467773253,29.6804461753
345,18.8720788491,-0.0464444787,29.4404461753
346,18.9012545855,-0.0459202210,29.1804461753
347,18.9301458079,-0.0451901145,28.9004461753
348,18.9587789461,-0.0445431567,28.6404461753
349,18.9871639994,-0.0436082273,28.4004461753
350,19.0153181768,-0.0423917391,28.1804461753
351,19.0432400487,-0.0413731116,27.9404461753
352,19.0709472403,-0.0405159836,27.7204461753
353,19.0984597053,-0.0398532429,27.5204461753
354,19.1257942533,-0.0392853676,27.3404461753
355,19.1529487834,-0.0380987127,27.1804461753
356,19.1798938327,-0.0363700107,27.0004461753
357,19.2066032578,-0.0341630827,26.8004461753
358,19.2331648118,-0.0323933365,26.6204461753
359,19.2595216490,-0.0300540321,26.4604461753
360,19.2857762954,-0.0281940783,26.3204461753
361,19.3118988357,-0.0267863031,26.1604461753
362,19.3378558855,-0.0256839638,25.9804461753
363,19.3636621506,-0.0248283232,25.8204461753
364,19.3892949446,-0.0242019424,25.6404461753
365,19.4147710340,-0.0237307679,25.4804461753
366,19.4400173652,-0.0220768830,25.3004461753
367,19.4649791123,-0.0194418152,25.1004461753
368,19.4896587464,-0.0159857630,24.9204461753
369,19.5142327284,-0.0132987816,24.7204461753
370,19.5386483678,-0.0112620154,24.5004461753
371,19.5628999748,-0.0097221313,24.3004461753
372,19.5868625693,-0.0069671384,24.1204461753
373,19.6104869583,-0.0032153403,23.9204461753
374,19.6337819794,0.0013618618,23.7404461753
375,19.6567276759,0.0066199619,23.5404461753
376,19.6793102122,0.0124399501,23.3204461753
377,19.7019936385,0.0169140090,23.1204461753
378,19.7246832587,0.0202970855,22.9404461753
379,19.7470251848,0.0247453510,22.7804461753
380,19.7689917556,0.0300604179,22.6004461753
381,19.7906067885,0.0360906731,22.4404461753
382,19.8123825025,0.0407108185,22.2604461753
383,19.8341764804,0.0441292699,22.0604461753
384,19.8555637914,0.0487484533,21.8804461753
385,19.8766839189,0.0536455913,21.6804461753
386,19.8973405043,0.0594642019,21.4604461753
387,19.9175623794,0.0660279157,21.2604461753
388,19.9380231124,0.0709328909,21.0404461753
389,19.9580156369,0.0768170356,20.8404461753
390,19.9782160159,0.0811527852,20.6604461753
391,19.9983204062,0.0851629954,20.5004461753
392,20.0183509879,0.0885829850,20.3204461753
393,20.0383763908,0.0909125405,20.1604461753
394,20.0579940429,0.0949082872,20.0204461753
395,20.0771292191,0.1002264028,19.8604461753
396,20.0964740024,0.1040572452,19.7204461753
397,20.1158580237,0.1066784617,19.5604461753
398,20.1347933483,0.1109920695,19.4204461753
399,20.1462657102,0.1145112899,12.0000000000
400,20.1573374551,0.1186499932,11.8200000000
401,20.1682165151,0.1228454256,11.6600000000
402,20.1793209170,0.1259118008,11.5200000000
403,20.1905157350,0.1280649497,11.4000000000
404,20.2013492528,0.1311345577,11.2600000000
405,20.2117910159,0.1349001363,11.1000000000
406,20.2218723538,0.1391999300,10.9600000000
407,20.2322062770,0.1423384060,10.8000000000
408,20.2426371515,0.1445366911,10.6600000000
409,20.2526817306,0.1475955195,10.5000000000
410,20.2623146155,0.1512982116,10.3200000000
411,20.2715342528,0.1554710628,10.1200000000
412,20.2810012651,0.1585007951,9.9400000000
413,20.2905518802,0.1606065379,9.7800000000
414,20.3000941776,0.1619755371,9.6400000000
415,20.3095418092,0.1627582613,9.4800000000
416,20.3186905090,0.1646389240,9.3400000000
417,20.3274609206,0.1673504328,9.1800000000
418,20.3358240349,0.1706758380,9.0000000000
419,20.3440788929,0.1737249887,8.8000000000
420,20.3523924770,0.1758464784,8.5800000000
421,20.3602897752,0.1786495269,8.3800000000
422,20.3677941827,0.1819546546,8.2000000000
423,20.3749454171,0.1856290861,8.0400000000
424,20.3823809928,0.1882978338,7.9000000000
425,20.3894487038,0.1914529978,7.7400000000
426,20.3961870753,0.1949678733,7.6000000000
427,20.4026402380,0.1987503448,7.4800000000
428,20.4088188046,0.2027127829,7.3400000000
429,20.4147331341,0.2067837909,7.1800000000
430,20.4204240191,0.2109281157,7.0400000000
431,20.4266111266,0.2140274867,6.9200000000
432,20.4330211530,0.2162365503,6.7800000000
433,20.4390808521,0.2189019670,6.6200000000
434,20.4447900895,0.2218815994,6.4400000000
435,20.4507023234,0.2239991192,6.2800000000
436,20.4566361967,0.2254130312,6.1000000000
437,20.4622391570,0.2273854502,5.9400000000
438,20.4678487497,0.2286931465,5.7600000000
439,20.4733533745,0.2294759017,5.5600000000
440,20.4785051989,0.2308810014,5.3400000000
441,20.4832748224,0.2326867399,5.1000000000
442,20.4880067923,0.2338795774,4.8800000000
443,20.4923991298,0.2354950558,4.6800000000
444,20.4964756459,0.2374008410,4.5000000000
445,20.5002375911,0.2394835719,4.3000000000
446,20.5040922699,0.2409381686,4.1200000000
447,20.5079342332,0.2418978131,3.9600000000
448,20.5114814224,0.2432038947,3.7800000000
449,20.5147210397,0.2447274695,3.5800000000
450,20.5176544841,0.2463659150,3.3600000000
451,20.5205714446,0.2474730470,3.1200000000
452,20.5233458445,0.2481675289,2.8600000000
453,20.5258964151,0.2485561033,2.5800000000
454,20.5281261551,0.2491969304,2.3200000000
455,20.5301336729,0.2495595212,2.0400000000
456,20.5319051850,0.2497331443,1.7800000000
457,20.5334018549,0.2500958830,1.5400000000
458,20.5346684434,0.2502806898,1.2800000000
459,20.5357058568,0.2503539924,1.0400000000
460,20.5364676453,0.2505215582,0.7800000000
461,20.5369779122,0.2506982719,0.5400000000
462,20.5372901093,0.2507685070,0.3200000000
463,20.5374090491,0.2507844235,0.1200000000
464,20.5374090491,0.2507844235,0.0000000000
465,20.5374090491,0.2507844235,0.0000000000
466,20.5374090491,0.2507844235,0.0000000000
467,20.5374090491,0.2507844235,0.0000000000
468,20.5374090491,0.2507844235,0.0000000000
469,20.5374090491,0.2507844235,0.0000000000
470,20.5374090491,0.2507844235,0.0000000000
471,20.5374090491,0.2507844235,0.0000000000
472,20.5374090491,0.2507844235,0.0000000000
473,20.5374090491,0.2507844235,0.0000000000
474,20.5374289302,0.2507866012,0.0200000000
475,20.5374888776,0.2507891112,0.0600000000
476,20.5376066317,0.2508122191,0.1200000000
477,20.5378054320,0.2508340924,0.2000000000
478,20.5380962528,0.2509077351,0.3000000000
479,20.5384718161,0.2509656339,0.3800000000
480,20.5389327504,0.2510995724,0.4800000000
481,20.5394884420,0.2513258616,0.6000000000
482,20.5402028296,0.2515188654,0.7400000000
483,20.5410040956,0.2518312317,0.8600000000
484,20.5419338243,0.2520704064,0.9600000000
485,20.5429612255,0.2522317968,1.0400000000
486,20.5440166700,0.2525416951,1.1000000000
487,20.5450712656,0.2529746247,1.1400000000
488,20.5461396144,0.2535210960,1.2000000000
489,20.5473495441,0.2539387921,1.2800000000
490,20.5486962752,0.2542399822,1.3800000000
491,20.5501836054,0.2544345298,1.5000000000
492,20.5517660088,0.2548653426,1.6400000000
493,20.5535410867,0.2551638362,1.8000000000
494,20.5554353033,0.2557403286,1.9800000000
495,20.5575760032,0.2561524012,2.1800000000
496,20.5599227852,0.2564018290,2.3600000000
497,20.5624808957,0.2565001687,2.5600000000
498,20.5651695017,0.2570283710,2.7400000000
499,20.5680523499,0.2573433098,2.9000000000
500,20.5710898416,0.2574667770,3.0400000000
501,20.5742895305,0.2574221563,3.2000000000
502,20.5776297398,0.2579392650,3.3800000000
503,20.5810239031,0.2589448772,3.5400000000
504,20.5846812662,0.2596246527,3.7200000000
505,20.5885815869,0.2600169518,3.9200000000
506,20.5926793053,0.2601537145,4.1000000000
507,20.5969338757,0.2603687279,4.2600000000
508,20.6012782270,0.2612853583,4.4400000000
509,20.6058455122,0.2618329957,4.6000000000
510,20.6105799702,0.2620621393,4.7400000000
511,20.6153744279,0.2630736608,4.9000000000
512,20.6201700994,0.2647493502,5.0800000000
513,20.6250073079,0.2668659072,5.2800000000
514,20.6302514998,0.2683857927,5.4600000000
515,20.6358225075,0.2693855290,5.6600000000
516,20.6416766686,0.2699361632,5.8800000000
517,20.6477415115,0.2703652090,6.0800000000
518,20.6538754310,0.2718022311,6.3000000000
519,20.6602744508,0.2731528400,6.5400000000
520,20.6666440449,0.2754168788,6.7600000000
521,20.6729501300,0.2784555117,7.0000000000
522,20.6791931183,0.2821612771,7.2600000000
523,20.6861627552,0.2849315049,7.5000000000
524,20.6930440892,0.2885182642,7.7600000000
525,20.7001116338,0.2923512021,8.0400000000
526,20.7079204667,0.2951640529,8.3000000000
527,20.7162854326,0.2970729126,8.5800000000
528,20.7245944269,0.3002058049,8.8800000000
529,20.7335017259,0.3023425369,9.1600000000
530,20.7422795130,0.3057611410,9.4200000000
531,20.7508429194,0.3102314510,9.6600000000
532,20.7594596680,0.3150652944,9.8800000000
533,20.7689156988,0.3185566955,10.0800000000
534,20.7789511627,0.3208760630,10.3000000000
535,20.7894082450,0.3221955434,10.5400000000
536,20.7997199803,0.3252689318,10.7600000000
537,20.8105084821,0.3272002084,10.9600000000
538,20.8216451438,0.3281836536,11.1800000000
539,20.8330232979,0.3283886180,11.3800000000
540,20.8445755228,0.3279647067,11.5600000000
541,20.8562989273,0.3270376761,11.7600000000
542,20.8682051557,0.3257102253,11.9800000000
543,20.8801852927,0.3264003828,12.0000000000
544,20.8921852803,0.3264176493,12.0000000000
545,20.9040122476,0.3284481280,12.0000000000
546,20.9153308418,0.3324342824,12.0000000000
547,20.9270142259,0.3351726275,12.0000000000
548,20.9388887422,0.3369034839,12.0000000000
549,20.9503591647,0.3404290204,12.0000000000
550,20.9621158527,0.3428332429,12.0000000000
551,20.9734011992,0.3469125756,12.0000000000
552,20.9839949603,0.3525492614,12.0000000000
553,20.9938735097,0.3593620627,12.0000000000
554,21.0046630474,0.3645684315,11.9800000000
555,21.0146876704,0.3710546116,11.9400000000
556,21.0254998931,0.3759770339,11.8800000000
557,21.0367357752,0.3795818852,11.8000000000
558,21.0471865913,0.3848421555,11.7000000000
559,21.0581266657,0.3887586809,11.6200000000
560,21.0682626649,0.3942333427,11.5200000000
561,21.0789332868,0.3983578339,11.4400000000
562,21.0888235320,0.4039869946,11.3800000000
563,21.0992816627,0.4082668896,11.3000000000
564,21.1089154238,0.4139792138,11.2000000000
565,21.1191382337,0.4183551203,11.1200000000
566,21.1296321694,0.4218481009,11.0600000000
567,21.1403471955,0.4244227106,11.0200000000
568,21.1509243134,0.4272943263,10.9600000000
569,21.1607968591,0.4318667700,10.8800000000
570,21.1698593118,0.4377781447,10.8200000000
571,21.1781132578,0.4446498239,10.7400000000
572,21.1856451926,0.4522216373,10.6800000000
573,21.1925572726,0.4603106886,10.6400000000
574,21.2007618481,0.4669906094,10.5800000000
575,21.2098190365,0.4723026088,10.5000000000
576,21.2180362484,0.4786773581,10.4000000000
577,21.2270289276,0.4837403731,10.3200000000
578,21.2352132538,0.4899278123,10.2600000000
579,21.2430844550,0.4963835534,10.1800000000
580,21.2517504427,0.5015320539,10.0800000000
581,21.2595677086,0.5077039217,9.9600000000
582,21.2680780222,0.5126036118,9.8200000000
583,21.2769506945,0.5164234660,9.6600000000
584,21.2859637573,0.5193620199,9.4800000000
585,21.2949695530,0.5216012260,9.2800000000
586,21.3038692480,0.5232979963,9.0600000000
587,21.3121705109,0.5263945482,8.8600000000
588,21.3196439812,0.5307300807,8.6400000000
589,21.3262436398,0.5359266667,8.4000000000
590,21.3321058851,0.5416316189,8.1800000000
591,21.3386972356,0.5460585478,7.9400000000
592,21.3457374863,0.5491273049,7.6800000000
593,21.3520046531,0.5531368211,7.4400000000
594,21.3575132327,0.5577420302,7.1800000000
595,21.3623552384,0.5627138086,6.9400000000
596,21.3677987371,0.5665855940,6.6800000000
597,21.3725369054,0.5708878912,6.4000000000
598,21.3777153413,0.5741118332,6.1000000000
599,21.3822071172,0.5778126911,5.8200000000
600,21.3870628711,0.5805210584,5.5600000000
601,21.3920985455,0.5822369790,5.3200000000
602,21.3965462432,0.5846497752,5.0600000000
603,21.4004024187,0.5875415411,4.8200000000
604,21.4037336048,0.5907137957,4.6000000000
605,21.4074126199,0.5931272680,4.4000000000
606,21.4105787094,0.5958564212,4.1800000000
607,21.4132792234,0.5987253624,3.9400000000
608,21.4162413401,0.6009089982,3.6800000000
609,21.4187441152,0.6032690228,3.4400000000
610,21.4214115888,0.6050002030,3.1800000000
611,21.4236128635,0.6068881621,2.9000000000
612,21.4253946718,0.6087816138,2.6000000000
613,21.4268094203,0.6105695978,2.2800000000
614,21.4282966579,0.6118767031,1.9800000000
615,21.4294219722,0.6130970586,1.6600000000
616,21.4302567743,0.6141706999,1.3600000000
617,21.4310619194,0.6148905203,1.0800000000
618,21.4315866285,0.6154676514,0.7800000000
619,21.4319521190,0.6157469660,0.4600000000
620,21.4320381471,0.6158306270,0.1200000000
621,21.4320381471,0.6158306270,0.0000000000
622,21.4320381471,0.6158306270,0.0000000000
623,21.4320381471,0.6158306270,0.0000000000
624,21.4320381471,0.6158306270,0.0000000000
625,21.4320381471,0.6158306270,0.0000000000
626,21.4320381471,0.6158306270,0.0000000000
627,21.4320381471,0.6158306270,0.0000000000
628,21.4320381471,0.6158306270,0.0000000000
629,21.4320381471,0.6158306270,0.0000000000
630,21.4320381471,0.6158306270,0.0000000000
631,21.4320381471,0.6158306270,0.0000000000
632,21.4320381471,0.6158306270,0.0000000000
633,21.4320381471,0.6158306270,0.0000000000
634,21.4320381471,0.6158306270,0.0000000000
635,21.4320381471,0.6158306270,0.0000000000
636,21.4320381471,0.6158306270,0.0000000000
637,21.4320381471,0.6158306270,0.0000000000
638,21.4320494854,0.6158471026,0.0200000000
639,21.4320598871,0.6158641849,0.0200000000
640,21.4320598871,0.6158641849,0.0000000000
641,21.4320598871,0.6158641849,0.0000000000
642,21.4320598871,0.6158641849,0.0000000000
643,21.4320598871,0.6158641849,0.0000000000
644,21.4320598871,0.6158641849,0.0000000000
645,21.4320754457,0.6158767519,0.0200000000
646,21.4320894809,0.6158910001,0.0200000000
647,21.4321148520,0.6159219244,0.0400000000
648,21.4321609717,0.6159872924,0.0800000000
649,21.4322349009,0.6161061809,0.1400000000
650,21.4323227455,0.6162632902,0.1800000000
651,21.4324387841,0.6164733736,0.2400000000
652,21.4325652109,0.6167232060,0.2800000000
653,21.4327706957,0.6169940861,0.3400000000
654,21.4330804777,0.6172776969,0.4200000000
655,21.4333999674,0.6176359236,0.4800000000
656,21.4338416823,0.6179801444,0.5600000000
657,21.4343912004,0.6182672502,0.6200000000
658,21.4349756798,0.6186524566,0.7000000000
659,21.4355491567,0.6191511791,0.7600000000
660,21.4362716749,0.6195796270,0.8400000000
661,21.4371531586,0.6199061027,0.9400000000
662,21.4380713745,0.6204357059,1.0600000000
663,21.4392016323,0.6208388402,1.2000000000
664,21.4404983998,0.6210854047,1.3200000000
665,21.4418291972,0.6215807616,1.4200000000
666,21.4431273552,0.6223322839,1.5000000000
667,21.4443811344,0.6233262848,1.6000000000
668,21.4455672611,0.6245160341,1.6800000000
669,21.4467009684,0.6258882979,1.7800000000
670,21.4477982417,0.6274394237,1.9000000000
671,21.4488533803,0.6291384477,2.0000000000
672,21.4498646135,0.6309560855,2.0800000000
673,21.4508503504,0.6329004936,2.1800000000
674,21.4518265418,0.6349830522,2.3000000000
675,21.4532190147,0.6369377950,2.4000000000
676,21.4549973919,0.6386663130,2.4800000000
677,21.4571404563,0.6401028627,2.5800000000
678,21.4595801311,0.6411628563,2.6600000000
679,21.4622617288,0.6418160286,2.7600000000
680,21.4648694371,0.6429409541,2.8400000000
681,21.4676882469,0.6436223579,2.9000000000
682,21.4704265670,0.6447979442,2.9800000000
683,21.4734210765,0.6455185779,3.0800000000
684,21.4765649825,0.6458370984,3.1600000000
685,21.4797075001,0.6467043831,3.2600000000
686,21.4827327957,0.6481197229,3.3400000000
687,21.4855296188,0.6500530569,3.4000000000
688,21.4881397581,0.6522937651,3.4400000000
689,21.4904930228,0.6548302479,3.4600000000
690,21.4926466403,0.6575892208,3.5000000000
691,21.4946010067,0.6605168226,3.5200000000
692,21.4970776357,0.6630741471,3.5600000000
693,21.4999899141,0.6651562216,3.5800000000
694,21.5026019924,0.6676043734,3.5800000000
695,21.5049530823,0.6703306119,3.6000000000
696,21.5070872960,0.6732792950,3.6400000000
697,21.5090258987,0.6763837143,3.6600000000
698,21.5107915600,0.6795896526,3.6600000000
699,21.5124234403,0.6828880411,3.6800000000
700,21.5146217943,0.6858392510,3.6800000000
701,21.5173003281,0.6883334556,3.6600000000
702,21.5203836803,0.6903053936,3.6600000000
703,21.5231356307,0.6926879067,3.6400000000
704,21.5262366643,0.6945164555,3.6000000000
705,21.5295596202,0.6957369325,3.5400000000
706,21.5325619067,0.6974567800,3.4600000000
707,21.5357679244,0.6985887919,3.4000000000
708,21.5387041965,0.7002221646,3.3600000000
709,21.5418294803,0.7012816932,3.3000000000
710,21.5450046048,0.7018174023,3.2200000000
711,21.5481621058,0.7019430497,3.1600000000
712,21.5511757222,0.7025790657,3.0800000000
713,21.5539845059,0.7036886306,3.0200000000
714,21.5569002301,0.7043042219,2.9800000000
715,21.5596159248,0.7053772560,2.9200000000
716,21.5622293017,0.7065874879,2.8800000000
717,21.5648749887,0.7076737383,2.8600000000
718,21.5673014575,0.7091876238,2.8600000000
719,21.5694854090,0.7110650571,2.8800000000
720,21.5714514977,0.7132239678,2.9200000000
721,21.5732092739,0.7155806228,2.9400000000
722,21.5751651901,0.7177756152,2.9400000000
723,21.5774681270,0.7195708538,2.9200000000
724,21.5795138710,0.7216544400,2.9200000000
725,21.5819172639,0.7233477511,2.9400000000
726,21.5846222628,0.7245981036,2.9800000000
727,21.5872740660,0.7260009363,3.0000000000
728,21.5896959074,0.7278384031,3.0400000000
729,21.5924265112,0.7292194907,3.0600000000
730,21.5953992971,0.7300984355,3.1000000000
731,21.5982009139,0.7314715135,3.1200000000
732,21.6007655496,0.7333176564,3.1600000000
733,21.6030849234,0.7355512422,3.2200000000
734,21.6052129504,0.7380734438,3.3000000000
735,21.6071293916,0.7408333085,3.3600000000
736,21.6088733855,0.7437984536,3.4400000000
737,21.6111613286,0.7464470978,3.5000000000
738,21.6132288939,0.7493696949,3.5800000000
739,21.6158597526,0.7519428219,3.6800000000
740,21.6182564498,0.7548916933,3.8000000000
741,21.6212203068,0.7574265604,3.9000000000
742,21.6246607991,0.7594274135,3.9800000000
743,21.6277735402,0.7620027665,4.0400000000
744,21.6305749504,0.7650237764,4.1200000000
745,21.6331015364,0.7684038301,4.2200000000
746,21.6362826553,0.7713561314,4.3400000000
747,21.6391732699,0.7747788126,4.4800000000
748,21.6417855477,0.7785651043,4.6000000000
749,21.6441444219,0.7826302873,4.7000000000
750,21.6462795214,0.7869069390,4.7800000000
751,21.6491847909,0.7907779866,4.8400000000
752,21.6517646753,0.7949202802,4.8800000000
753,21.6550876572,0.7985756039,4.9400000000
754,21.6590454940,0.8015981736,4.9800000000
755,21.6625750930,0.8051958855,5.0400000000
756,21.6656653409,0.8092781359,5.1200000000
757,21.6685770834,0.8136105896,5.2200000000
758,21.6711193396,0.8182610663,5.3000000000
759,21.6733388551,0.8231399341,5.3600000000
760,21.6752965136,0.8282154807,5.4400000000
761,21.6772650029,0.8333511452,5.5000000000
762,21.6792514215,0.8385656002,5.5800000000
763,21.6810113908,0.8439239683,5.6400000000
764,21.6825917934,0.8494213065,5.7200000000
765,21.6842787527,0.8549914563,5.8200000000
766,21.6858187562,0.8607283534,5.9400000000
767,21.6872282788,0.8666015847,6.0400000000
768,21.6885750303,0.8725715647,6.1200000000
769,21.6900021739,0.8785845225,6.1800000000
770,21.6914646013,0.8846301577,6.2200000000
771,21.6930686620,0.8907018453,6.2800000000
772,21.6945302127,0.8968916328,6.3600000000
773,21.6960524494,0.9031697213,6.4600000000
774,21.6974585229,0.9095977348,6.5800000000
775,21.6990528425,0.9161258697,6.7200000000
776,21.7005305920,0.9228452935,6.8800000000
777,21.7019307089,0.9297242522,7.0200000000
778,21.7032461317,0.9367420341,7.1400000000
779,21.7044910023,0.9438742075,7.2400000000
780,21.7057259590,0.9511298592,7.3600000000
781,21.7069091487,0.9584954319,7.4600000000
782,21.7080549852,0.9659883258,7.5800000000
783,21.7091754098,0.9736265880,7.7200000000
784,21.7102804059,0.9814287277,7.8800000000
785,21.7113729577,0.9893739609,8.0200000000
786,21.7124605256,0.9974813400,8.1800000000
787,21.7138832360,1.0057193916,8.3600000000
788,21.7153242631,1.0141572255,8.5600000000
789,21.7167151468,1.0228263571,8.7800000000
790,21.7180654598,1.0317042541,8.9800000000
791,21.7194794976,1.0407544528,9.1600000000
792,21.7212117905,1.0499120487,9.3200000000
793,21.7228465654,1.0592703343,9.5000000000
794,21.7245197288,1.0688249418,9.7000000000
795,21.7261118057,1.0785758234,9.8800000000
796,21.7276373135,1.0884992515,10.0400000000
797,21.7291080751,1.0985724467,10.1800000000
798,21.7307950803,1.1087333528,10.3000000000
799,21.7327834088,1.1189415137,10.4000000000
800,21.7346237014,1.1292586705,10.4800000000
801,21.7367301404,1.1395860378,10.5400000000
802,21.7386686826,1.1499869249,10.5800000000
803,21.7404583471,1.1604347525,10.6000000000
804,21.7421907825,1.1709327650,10.6400000000
805,21.7440203070,1.1814345954,10.6600000000
806,21.7461054086,1.1919294680,10.7000000000
807,21.7480752899,1.2024669235,10.7200000000
808,21.7498900209,1.2130727875,10.7600000000
809,21.7516786144,1.2237033723,10.7800000000
810,21.7533399844,1.2343545811,10.7800000000
811,21.7548953458,1.2450015737,10.7600000000
812,21.7563920944,1.2556165699,10.7200000000
813,21.7581505956,1.2661305260,10.6600000000
814,21.7597686065,1.2765860719,10.5800000000
815,21.7613011641,1.2869534085,10.4800000000
816,21.7627334669,1.2972543069,10.4000000000
817,21.7641036515,1.3075031212,10.3400000000
818,21.7654020564,1.3176806329,10.2600000000
819,21.7666756790,1.3277604883,10.1600000000
820,21.7682236923,1.3377209128,10.0800000000
821,21.7696580813,1.3476377131,10.0200000000
822,21.7710933287,1.3574735488,9.9400000000
823,21.7724331729,1.3672622779,9.8800000000
824,21.7736924124,1.3769810389,9.8000000000
825,21.7748876413,1.3866474254,9.7400000000
826,21.7760628815,1.3962759669,9.7000000000
827,21.7771924283,1.4058898383,9.6800000000
828,21.7782821185,1.4154680519,9.6400000000
829,21.7793363722,1.4249898663,9.5800000000
830,21.7804155770,1.4344686277,9.5400000000
831,21.7814581884,1.4438911200,9.4800000000
832,21.7825107052,1.4532320090,9.4000000000
833,21.7835833042,1.4625102164,9.3400000000
834,21.7846931725,1.4717437527,9.3000000000
835,21.7857601503,1.4809622101,9.2800000000
836,21.7868445611,1.4901383560,9.2400000000
837,21.7879366367,1.4992934514,9.2200000000
838,21.7890432155,1.5084468050,9.2200000000
839,21.7901158411,1.5175840625,9.2000000000
840,21.7911474851,1.5267260377,9.2000000000
841,21.7921435519,1.5358518391,9.1800000000
842,21.7931123595,1.5449805746,9.1800000000
843,21.7940727968,1.5540900839,9.1600000000
844,21.7950115981,1.5632018484,9.1600000000
845,21.7959305275,1.5722955368,9.1400000000
846,21.7968346590,1.5813907084,9.1400000000
847,21.7977429231,1.5905055675,9.1600000000
848,21.7986814625,1.5996575697,9.2000000000
849,21.7996285025,1.6088288027,9.2200000000
850,21.8006305537,1.6179941883,9.2200000000
851,21.8015977981,1.6271432013,9.2000000000
852,21.8027985519,1.6362645055,9.2000000000
853,21.8039228613,1.6453753961,9.1800000000
854,21.8050164740,1.6544900224,9.1800000000
855,21.8060580146,1.6636308754,9.2000000000
856,21.8070596710,1.6728164229,9.2400000000
857,21.8080457836,1.6820237668,9.2600000000
858,21.8090027157,1.6912744036,9.3000000000
859,21.8100077729,1.7005802867,9.3600000000
860,21.8109941884,1.7099686084,9.4400000000
861,21.8119804787,1.7194172714,9.5000000000
862,21.8129437307,1.7289487217,9.5800000000
863,21.8138965710,1.7385415156,9.6400000000
864,21.8148519112,1.7482144534,9.7200000000
865,21.8157934328,1.7579892136,9.8200000000
866,21.8167229260,1.7678454828,9.9000000000
867,21.8177325937,1.7777943808,10.0000000000
868,21.8187249586,1.7878656077,10.1200000000
869,21.8197041635,1.7980787736,10.2600000000
870,21.8206835728,1.8084526426,10.4200000000
871,21.8216698696,1.8189664820,10.5600000000
872,21.8226925874,1.8296375854,10.7200000000
873,21.8237146048,1.8404895659,10.9000000000
874,21.8247484541,1.8515413149,11.1000000000
875,21.8258507226,1.8628075212,11.3200000000
876,21.8270205377,1.8743081791,11.5600000000
877,21.8282091178,1.8860682674,11.8200000000
878,21.8294505503,1.8981044149,12.1000000000
879,21.8307028163,1.9104008139,12.3600000000
880,21.8319905178,1.9229750505,12.6400000000
881,21.8332697613,1.9358516624,12.9400000000
882,21.8345614531,1.9490485989,13.2600000000
883,21.8358429773,1.9625880855,13.6000000000
884,21.8371888139,1.9764830602,13.9600000000
885,21.8385517694,1.9907581417,14.3400000000
886,21.8400569996,2.0054210842,14.7400000000
887,21.8415715321,2.0205052412,15.1600000000
888,21.8431095255,2.0360292412,15.6000000000
889,21.8446878306,2.0520114986,16.0600000000
890,21.8462857924,2.0684741266,16.5400000000
891,21.8479502835,2.0854326368,17.0400000000
892,21.8496359562,2.1029115414,17.5600000000
893,21.8513333088,2.1208916025,18.0600000000
894,21.8531722602,2.1393803736,18.5800000000
895,21.8550268446,2.1584102164,19.1200000000
896,21.8568977030,2.1780010890,19.6800000000
897,21.8587809147,2.1981733748,20.2600000000
898,21.8606952206,2.2189453519,20.8600000000
899,21.8626367008,2.2403374311,21.4800000000
900,21.8646232709,2.2623680448,22.1200000000
901,21.8666405600,2.2850585482,22.7800000000
902,21.8687128511,2.3084268432,23.4600000000
903,21.8708153283,2.3324550347,24.1200000000
904,21.8729339011,2.3571643781,24.8000000000
905,21.8751345924,2.3825692390,25.5000000000
906,21.8773440438,2.4086959825,26.2200000000
907,21.8795760670,2.4355634288,26.9600000000
908,21.8818633697,2.4631888998,27.7200000000
909,21.8841915373,2.4915936465,28.5000000000
910,21.8865371195,2.5207594800,29.2600000000
911,21.8889596958,2.5507016363,30.0400000000
912,21.8913729736,2.5814470699,30.8400000000
913,21.8938011206,2.6130138199,31.6600000000
914,21.8963052750,2.6454172026,32.5000000000
915,21.8988701003,2.6786784604,33.3600000000
916,21.9014571017,2.7128205901,34.2400000000
917,21.9040667107,2.7478635572,35.1400000000
918,21.9067016626,2.7838271586,36.0600000000
919,21.9094183301,2.8207272903,37.0000000000
920,21.9121819639,2.8585865551,37.9600000000
921,21.9149814119,2.8974257967,38.9400000000
922,21.9177891075,2.9372669870,39.9400000000
923,21.9206645858,2.9781259300,40.9600000000
924,21.9235668160,3.0200255370,42.0000000000
925,21.9264673395,3.0629877362,43.0600000000
926,21.9293454497,3.1069937185,44.1000000000
927,21.9322249323,3.1520618246,45.1600000000
928,21.9351459569,3.1982094704,46.2400000000
929,21.9381329629,3.2454150611,47.3000000000
930,21.9410974255,3.2936640773,48.3400000000
931,21.9440573931,3.3429352473,49.3600000000
932,21.9470174602,3.3932081784,50.3600000000
933,21.9500117136,3.4444607885,51.3400000000
934,21.9529548478,3.4967179752,52.3400000000
935,21.9558401119,3.5499999126,53.3600000000
936,21.9587232615,3.6042834004,54.3600000000
937,21.9615794543,3.6595496447,55.3400000000
938,21.9643738163,3.7158203044,56.3400000000
939,21.9671201287,3.7731145220,57.3600000000
940,21.9698192615,3.8314120715,58.3600000000
941,21.9724929652,3.8906918059,59.3400000000
942,21.9751203308,3.9509345395,60.3000000000
943,21.9776818308,4.0121209458,61.2400000000
944,21.9801905358,4.0742303010,62.1600000000
945,21.9826541830,4.1372421574,63.0600000000
946,21.9850693315,4.2011365284,63.9400000000
947,21.9874213453,4.2659338558,64.8400000000
948,21.9897027614,4.3316142451,65.7200000000
949,21.9919126615,4.3981575599,66.5800000000
950,21.9940583622,4.4655434068,67.4200000000
951,21.9961356670,4.5337517817,68.2400000000
952,21.9981429844,4.6027625945,69.0400000000
953,22.0000808971,4.6725556951,69.8200000000
954,22.0019508355,4.7431109198,70.5800000000
955,22.0037533821,4.8144081373,71.3200000000
956,22.0054901085,4.8864271999,72.0400000000
957,22.0071611914,4.9591480022,72.7400000000
958,22.0087706731,5.0325503589,73.4200000000
959,22.0103150021,5.1066142600,74.0800000000
960,22.0117713051,5.1813200669,74.7200000000
961,22.0131588635,5.2566472883,75.3400000000
962,22.0144893945,5.3325756314,75.9400000000
963,22.0157583233,5.4090851093,76.5200000000
964,22.0169623657,5.4861557048,77.0800000000
965,22.0181294918,5.5637669296,77.6200000000
966,22.0192456314,5.6416793385,77.9204031859
967,22.0202856851,5.7195928003,77.9204031859
968,22.0212794144,5.7975068666,77.9204031859
969,22.0222370290,5.8754213852,77.9204031859
970,22.0231460794,5.9533364855,77.9204031859
971,22.0240072705,6.0312521296,77.9204031859
972,22.0247961810,6.1091685389,77.9204031859
973,22.0255342335,6.1870854467,77.9204031859
974,22.0262245287,6.2650027922,77.9204031859
975,22.0268824225,6.3429204179,77.9204031859
976,22.0275124310,6.4208382742,77.9204031859
977,22.0281074386,6.4987564056,77.9204031859
978,22.0286707852,6.5766747723,77.9204031859
979,22.0292123968,6.6545932931,77.9204031859
980,22.0296416205,6.7325125141,77.9204031859
981,22.0300647553,6.8104317684,77.9204031859
982,22.0304870183,6.8883510274,77.9204031859
983,22.0309131261,6.9662702655,77.9204031859
984,22.0312729607,7.0441898379,77.9204031859
985,22.0316349065,7.1221094004,77.9204031859
986,22.0319995731,7.2000289503,77.9204031859
987,22.0322957529,7.2779487906,77.9204031859
988,22.0325778122,7.3558686832,77.9204031859
989,22.0328405783,7.4337886434,77.9204031859
990,22.0330879714,7.5117086538,77.9204031859
991,22.0333351493,7.5896286650,77.9204031859
992,22.0335760821,7.6675486957,77.9204031859
993,22.0337403050,7.7454489257,77.9004031859
994,22.0339072449,7.8233091500,77.8604031859
995,22.0340456078,7.9011094301,77.8004031859
996,22.0342151148,7.9788296485,77.7204031859
997,22.0343619812,8.0564499127,77.6204031859
998,22.0345153810,8.1339501641,77.5004031859
999,22.0347075481,8.2113103286,77.3604031859
1000,22.0348924556,8.2885105103,77.2004031859
1001,22.0350918150,8.3655306555,77.0204031859
1002,22.0352770600,8.4423508353,76.8204031859
1003,22.0354479878,8.5189510478,76.6004031859
1004,22.0356138650,8.5953112708,76.3604031859
1005,22.0357826717,8.6714114868,76.1004031859
1006,22.0359446390,8.7472317170,75.8204031859
1007,22.0361382234,8.8227518721,75.5204031859
1008,22.0362878852,8.8979521263,75.2004031859
1009,22.0364023433,8.9728124420,74.8604031859
1010,22.0364904701,9.0473127931,74.5004031859
1011,22.0365992118,9.1214331165,74.1204031859
1012,22.0366196469,9.1951935168,73.7604031859
1013,22.0366658973,9.2685739054,73.3804031859
1014,22.0367029227,9.3415542992,72.9804031859
1015,22.0367704360,9.4141146710,72.5604031859
1016,22.0368509621,9.4862350293,72.1204031859
1017,22.0369596284,9.5578953500,71.6604031859
1018,22.0370383710,9.6290757097,71.1804031859
1019,22.0371057376,9.6997560808,70.6804031859
1020,22.0371746733,9.7699164501,70.1604031859
1021,22.0372763585,9.8395367790,69.6204031859
1022,22.0373888113,9.9085970906,69.0604031859
1023,22.0375303101,9.9770773476,68.4804031859
1024,22.0376547092,10.0449576368,67.8804031859
1025,22.0377549615,10.1122179653,67.2604031859
1026,22.0378426583,10.1788383108,66.6204031859
1027,22.0378904209,10.2447986967,65.9604031859
1028,22.0379222554,10.3100790921,65.2804031859
1029,22.0379643072,10.3746594816,64.5804031859
1030,22.0380430696,10.4385198362,63.8604031859
1031,22.0380966376,10.5016402167,63.1204031859
1032,22.0381642395,10.5640005832,62.3604031859
1033,22.0382695249,10.6256208964,61.6204031859
1034,22.0383258006,10.6864812736,60.8604031859
1035,22.0384052690,10.7465616242,60.0804031859
1036,22.0383860860,10.8058820243,59.3204031859
1037,22.0383996521,10.8644224259,58.5404031859
1038,22.0383155197,10.9221627678,57.7404031859
1039,22.0382385483,10.9790831190,56.9204031859
1040,22.0382217068,11.0351635196,56.0804031859
1041,22.0382089163,11.0903839213,55.2204031859
1042,22.0382142280,11.1447243243,54.3404031859
1043,22.0381905703,11.1981647222,53.4404031859
1044,22.0381414941,11.2507251025,52.5604031859
1045,22.0380163224,11.3024253541,51.7004031859
1046,22.0379347735,11.3532856919,50.8604031859
1047,22.0378676626,11.4032860501,50.0004031859
1048,22.0378011242,11.4524464083,49.1604031859
1049,22.0377610778,11.5007467948,48.3004031859
1050,22.0377096900,11.5482071702,47.4604031859
1051,22.0376960953,11.5948475714,46.6404031859
1052,22.0376988108,11.6406879745,45.8404031859
1053,22.0377343018,11.6857483637,45.0604031859
1054,22.0377768502,11.7300087465,44.2604031859
1055,22.0378131457,11.7734491345,43.4404031859
1056,22.0378261680,11.8160495357,42.6004031859
1057,22.0378442604,11.8578299349,41.7804031859
1058,22.0378668251,11.8988103319,40.9804031859
1059,22.0378977583,11.9389707232,40.1604031859
1060,22.0379167785,11.9783311218,39.3604031859
1061,22.0379187300,12.0168715249,38.5404031859
1062,22.0379173925,12.0546119281,37.7404031859
1063,22.0378901057,12.0915723212,36.9604031859
1064,22.0378648645,12.1277727156,36.2004031859
1065,22.0378355603,12.1632331067,35.4604031859
1066,22.0377833678,12.1979734706,34.7404031859
1067,22.0377303452,12.2320138325,34.0404031859
1068,22.0376823178,12.2653742011,33.3604031859
1069,22.0376702212,12.2980746021,32.7004031859
1070,22.0376792319,12.3301350040,32.0604031859
1071,22.0376757039,12.3615754070,31.4404031859
1072,22.0376799708,12.3924158099,30.8404031859
1073,22.0376934832,12.4226762101,30.2604031859
1074,22.0377175434,12.4523766035,29.7004031859
1075,22.0377518720,12.4815369865,29.1604031859
1076,22.0377840633,12.5101773716,28.6404031859
1077,22.0378147522,12.5383177580,28.1404031859
1078,22.0378260107,12.5659781589,27.6604031859
1079,22.0378233776,12.5931785620,27.2004031859
1080,22.0378070130,12.6199389602,26.7604031859
1081,22.0377953341,12.6462793608,26.3404031859
1082,22.0377622031,12.6722197428,25.9404031859
1083,22.0377305508,12.6977801264,25.5604031859
1084,22.0376968282,12.7229805070,25.2004031859
1085,22.0376663346,12.7478408915,24.8604031859
1086,22.0376458329,12.7723812861,24.5404031859
1087,22.0376268735,12.7966216819,24.2404031859
1088,22.0376150061,12.8205820821,23.9604031859
1089,22.0376101794,12.8442824848,23.7004031859
1090,22.0376161022,12.8677428873,23.4604031859
1091,22.0376256944,12.8909832885,23.2404031859
1092,22.0376340205,12.9140236901,23.0404031859
1093,22.0376336134,12.9368840933,22.8604031859
1094,22.0376230605,12.9595844941,22.7004031859
1095,22.0376150208,12.9821448958,22.5604031859
1096,22.0375977863,13.0045852924,22.4404031859
1097,22.0375869678,13.0269256929,22.3404031859
1098,22.0375815546,13.0491860955,22.2604031859
1099,22.0375717624,13.0713864965,22.2004031859
1100,22.0375593034,13.0935468962,22.1604031859
1101,22.0375405619,13.1156872914,22.1404031859
1102,22.0375243740,13.1378276887,22.1404031859
1103,22.0375076607,13.1599880856,22.1604031859
1104,22.0374891698,13.1821884811,22.2004031859
1105,22.0374676180,13.2044488738,22.2604031859
1106,22.0374515433,13.2267892712,22.3404031859
1107,22.0374358391,13.2492296689,22.4404031859
1108,22.0374165541,13.2717900639,22.5604031859
1109,22.0373848459,13.2944904449,22.7004031859
1110,22.0373663321,13.3173508406,22.8604031859
1111,22.0373465723,13.3403912353,23.0404031859
1112,22.0373191423,13.3636316223,23.2404031859
1113,22.0372953611,13.3870920134,23.4604031859
1114,22.0372727834,13.4107924059,23.7004031859
1115,22.0372537603,13.4347528015,23.9604031859
1116,22.0372414947,13.4589932016,24.2404031859
1117,22.0372301687,13.4835336022,24.5404031859
1118,22.0372218084,13.5083940039,24.8604031859
1119,22.0372068434,13.5335944027,25.2004031859
1120,22.0371965973,13.5591548038,25.5604031859
1121,22.0371990687,13.5850952069,25.9404031859
1122,22.0371939114,13.6114356096,26.3404031859
1123,22.0371767193,13.6381960072,26.7604031859
1124,22.0371551078,13.6653964018,27.2004031859
1125,22.0371397404,13.6930568007,27.6604031859
1126,22.0371159605,13.7211971939,28.1404031859
1127,22.0370850579,13.7498375804,28.6404031859
1128,22.0370539640,13.7789979670,29.1604031859
1129,22.0370237948,13.8086983549,29.7004031859
1130,22.0370049648,13.8389587522,30.2604031859
1131,22.0369788893,13.8697991444,30.8404031859
1132,22.0369615980,13.9012395428,31.4404031859
1133,22.0369500035,13.9332999439,32.0604031859
1134,22.0369436925,13.9660003465,32.7004031859
1135,22.0369402555,13.9993607495,33.3604031859
1136,22.0369301550,14.0334011511,34.0404031859
1137,22.0369352811,14.0681415540,34.7404031859
1138,22.0369455017,14.1036019557,35.4604031859
1139,22.0369557216,14.1398023574,36.2004031859
1140,22.0369632439,14.1767627598,36.9604031859
1141,22.0369666284,14.2145031629,37.7404031859
1142,22.0369594986,14.2530435654,38.5404031859
1143,22.0369607410,14.2920040116,38.9604461753
1144,22.0369559073,14.3309644574,38.9604461753
1145,22.0369255583,14.3699248918,38.9604461753
1146,22.0369179346,14.4088853372,38.9604461753
1147,22.0368974306,14.4478457780,38.9604461753
1148,22.0368894609,14.4868062233,38.9604461753
1149,22.0368684655,14.5257666639,38.9604461753
1150,22.0368710823,14.5647271100,38.9604461753
1151,22.0368683873,14.6036875560,38.9604461753
1152,22.0368745829,14.6426480017,38.9604461753
1153,22.0368786947,14.6816084477,38.9604461753
1154,22.0368907804,14.7205688920,38.9604461753
1155,22.0369263167,14.7595293219,38.9604461753
1156,22.0369488492,14.7984897616,38.9604461753
1157,22.0369590553,14.8374502064,38.9604461753
1158,22.0369699813,14.8764106511,38.9604461753
1159,22.0369977884,14.9153710873,38.9604461753
1160,22.0370226350,14.9543315256,38.9604461753
1161,22.0370410830,14.9932919674,38.9604461753
1162,22.0370866390,15.0322523869,38.9604461753
1163,22.0371236657,15.0712128155,38.9604461753
1164,22.0371748056,15.1101732281,38.9604461753
1165,22.0372211905,15.1491336467,38.9604461753
1166,22.0372499265,15.1880940823,38.9604461753
1167,22.0372806279,15.2270545164,38.9604461753
1168,22.0373192025,15.2660149434,38.9604461753
1169,22.0373642111,15.3049753636,38.9604461753
1170,22.0374108445,15.3439357819,38.9604461753
1171,22.0374638344,15.3828961920,38.9604461753
1172,22.0375066247,15.4218566147,38.9604461753
1173,22.0375642053,15.4608170183,38.9604461753
1174,22.0376254086,15.4997774164,38.9604461753
1175,22.0376674619,15.5387378399,38.9604461753
1176,22.0377027310,15.5776982701,38.9604461753
1177,22.0377460554,15.6166586922,38.9604461753
1178,22.0377903607,15.6556191132,38.9604461753
1179,22.0378173608,15.6945795500,38.9604461753
1180,22.0378166112,15.7335399962,38.9604461753
1181,22.0378154785,15.7725004423,38.9604461753
1182,22.0378379667,15.8114608820,38.9604461753
1183,22.0378564272,15.8504213238,38.9604461753
1184,22.0378883526,15.8893817569,38.9604461753
1185,22.0379146062,15.9283421942,38.9604461753
1186,22.0379228082,15.9673026396,38.9604461753
1187,22.0379472204,16.0062630781,38.9604461753
1188,22.0380416655,16.0452234098,38.9604461753
1189,22.0380387225,16.0841838558,38.9604461753
1190,22.0380439851,16.1231243017,38.9404461753
1191,22.0379694547,16.1620646765,38.9404461753
1192,22.0378315162,16.2009848783,38.9204461753
1193,22.0377956530,16.2398653079,38.8804461753
1194,22.0376897252,16.2786856095,38.8204461753
1195,22.0375284320,16.3174657203,38.7804461753
1196,22.0374739784,16.3562261282,38.7604461753
1197,22.0374838470,16.3949465731,38.7204461753
1198,22.0375659384,16.4336069322,38.6604461753
1199,22.0377005566,16.4722271437,38.6204461753
1200,22.0378813362,16.5107871661,38.5604461753
1201,22.0380981947,16.5492670012,38.4804461753
1202,22.0381920267,16.5876873328,38.4204461753
1203,22.0383381651,16.6260275005,38.3404461753
1204,22.0385255189,16.6643074882,38.2804461753
1205,22.0387449716,16.7025073040,38.2004461753
1206,22.0389891151,16.7406069680,38.1004461753
1207,22.0390990077,16.7785872551,37.9804461753
1208,22.0392368346,16.8164674506,37.8804461753
1209,22.0392605882,16.8542678893,37.8004461753
1210,22.0391931016,16.8920082751,37.7404461753
1211,22.0392055974,16.9296687192,37.6604461753
1212,22.0392816468,16.9672690885,37.6004461753
1213,22.0393701508,17.0047894303,37.5204461753
1214,22.0393536373,17.0422498728,37.4604461753
1215,22.0394052558,17.0796302834,37.3804461753
1216,22.0395108978,17.1169505800,37.3204461753
1217,22.0395071719,17.1542310260,37.2804461753
1218,22.0394159606,17.1914913605,37.2604461753
1219,22.0394068047,17.2287518056,37.2604461753
1220,22.0394631364,17.2659922092,37.2404461753
1221,22.0394198658,17.3031926302,37.2004461753
1222,22.0392972708,17.3403328740,37.1404461753
1223,22.0391121450,17.3773928578,37.0604461753
1224,22.0390275671,17.4143932073,37.0004461753
1225,22.0390232510,17.4513136532,36.9204461753
1226,22.0389342350,17.4881739919,36.8604461753
1227,22.0387780192,17.5249941067,36.8204461753
1228,22.0385688721,17.5617939586,36.8004461753
1229,22.0383187044,17.5985535535,36.7604461753
1230,22.0381825890,17.6352537473,36.7004461753
1231,22.0381376558,17.6718741659,36.6204461753
1232,22.0381653594,17.7084346016,36.5604461753
1233,22.0381068952,17.7449550009,36.5204461753
1234,22.0379797909,17.7814552258,36.5004461753
1235,22.0378200622,17.8179153221,36.4604461753
1236,22.0376135663,17.8543551832,36.4404461753
1237,22.0373706984,17.8907948200,36.4404461753
1238,22.0370999044,17.9272542606,36.4604461753
1239,22.0369374615,17.9637543453,36.5004461753
1240,22.0368725104,18.0003147338,36.5604461753
1241,22.0368704653,18.0369151799,36.6004461753
1242,22.0369115793,18.0735356030,36.6204461753
1243,22.0368698867,18.1101560254,36.6204461753
1244,22.0367620085,18.1467963128,36.6404461753
1245,22.0366015324,18.1834764079,36.6804461753
1246,22.0363995761,18.2202162990,36.7404461753
1247,22.0363037354,18.2569966203,36.7804461753
1248,22.0361549394,18.2938367660,36.8404461753
1249,22.0359780895,18.3307167882,36.8804461753
1250,22.0359032044,18.3676571585,36.9404461753
1251,22.0357729662,18.4046773755,37.0204461753
1252,22.0355990073,18.4417574137,37.0804461753
1253,22.0353909880,18.4788772770,37.1204461753
1254,22.0352925477,18.5160575928,37.1804461753
1255,22.0351463590,18.5533177522,37.2604461753
1256,22.0349624458,18.5906777457,37.3604461753
1257,22.0348844314,18.6281181106,37.4404461753
1258,22.0347563166,18.6656583382,37.5404461753
1259,22.0345886332,18.7032784107,37.6204461753
1260,22.0345171764,18.7409587891,37.6804461753
1261,22.0344348203,18.7786791453,37.7204461753
1262,22.0342535151,18.8164191560,37.7404461753
1263,22.0340460554,18.8541590320,37.7404461753
1264,22.0335787208,18.8918765831,37.7204461753
1265,22.0328078809,18.9295891521,37.7204461753
1266,22.0316967497,18.9673132381,37.7404461753
1267,22.0307608306,19.0050420777,37.7404461753
1268,22.0293179229,19.0427749455,37.7604461753
1269,22.0281297899,19.0805567145,37.8004461753
1270,22.0262766112,19.1183317311,37.8204461753
1271,22.0247784552,19.1561625243,37.8604461753
1272,22.0224581754,19.1940119171,37.9204461753
1273,22.0193667471,19.2318864070,38.0004461753
1274,22.0155470892,19.2697547021,38.0604461753
1275,22.0110297777,19.3076266908,38.1404461753
1276,22.0058372276,19.3455129568,38.2404461753
1277,22.0017831238,19.3836183480,38.3204461753
1278,21.9986716757,19.4218724659,38.3804461753
1279,21.9963354993,19.4602618941,38.4604461753
1280,21.9936847771,19.4986910295,38.5204461753
1281,21.9917524607,19.5372030298,38.5604461753
1282,21.9904076710,19.5758000556,38.6204461753
1283,21.9868306249,19.6143348357,38.7004461753
1284,21.9829961516,19.6529051481,38.7604461753
1285,21.9771509859,19.6912627896,38.8004461753
1286,21.9727570046,19.7298740212,38.8604461753
1287,21.9661729052,19.7682538073,38.9404461753
1288,21.9612591694,19.8069031484,38.9604461753
1289,21.9577224611,19.8457027368,38.9604461753
1290,21.9513822114,19.8841438294,38.9604461753
1291,21.9426764715,19.9221191696,38.9604461753
1292,21.9326350558,19.9597633768,38.9604461753
1293,21.9211140180,19.9969604739,38.9404461753
1294,21.9079347034,20.0335603425,38.9004461753
1295,21.8980316341,20.0711584583,38.8804461753
1296,21.8908624102,20.1093722166,38.8804461753
1297,21.8806769439,20.1469155381,38.9004461753
1298,21.8784279095,20.1587028976,12.0000000000
1299,21.8769098636,20.1705863288,11.9800000000
1300,21.8759808431,20.1825302528,11.9800000000
1301,21.8737552910,20.1943220685,12.0000000000
1302,21.8722124187,20.2062224696,12.0000000000
1303,21.8694783345,20.2178863104,11.9800000000
1304,21.8658067885,20.2292477958,11.9400000000
1305,21.8631651765,20.2408303813,11.8800000000
1306,21.8613591336,20.2525318260,11.8400000000
1307,21.8602304313,20.2642576280,11.7800000000
1308,21.8577799860,20.2757390442,11.7400000000
1309,21.8561374878,20.2873029795,11.6800000000
1310,21.8551471272,20.2988606257,11.6000000000
1311,21.8527879820,20.3101569097,11.5400000000
1312,21.8493513664,20.3211314108,11.5000000000
1313,21.8450644263,20.3317809434,11.4800000000
1314,21.8406309493,20.3423703099,11.4800000000
1315,21.8373722330,20.3533989438,11.5000000000
1316,21.8350941184,20.3646710419,11.5000000000
1317,21.8336151756,20.3760957138,11.5200000000
1318,21.8307781813,20.3872609215,11.5200000000
1319,21.8278005683,20.3983687485,11.5000000000
1320,21.8257694027,20.4096879519,11.5000000000
1321,21.8245076999,20.4211386509,11.5200000000
1322,21.8238711011,20.4326410481,11.5200000000
1323,21.8217457767,20.4439429504,11.5000000000
1324,21.8183324021,20.4548828075,11.4600000000
1325,21.8139258277,20.4653967080,11.4000000000
1326,21.8087456044,20.4755068458,11.3600000000
1327,21.8049234760,20.4861833122,11.3400000000
1328,21.8022346809,20.4971999351,11.3400000000
1329,21.7983302079,20.5078678632,11.3600000000
1330,21.7934795218,20.5181401777,11.3600000000
1331,21.7878996527,20.5280123943,11.3400000000
1332,21.7837650310,20.5385717742,11.3400000000
1333,21.7808494554,20.5495512559,11.3600000000
1334,21.7767157398,20.5601324654,11.3600000000
1335,21.7716422205,20.5702742109,11.3400000000
1336,21.7679659108,20.5810017618,11.3400000000
1337,21.7632242214,20.5912808075,11.3200000000
1338,21.7576496753,20.6011330578,11.3200000000
1339,21.7534059428,20.6116490616,11.3400000000
1340,21.7504469777,20.6226376431,11.3800000000
1341,21.7461880677,20.6332122205,11.4000000000
1342,21.7409066068,20.6433601154,11.4400000000
1343,21.7348127347,20.6531127931,11.5000000000
1344,21.7280860793,20.6624895573,11.5400000000
1345,21.7208447696,20.6715517553,11.6000000000
1346,21.7132007124,20.6803300234,11.6400000000
1347,21.7053860374,20.6890375405,11.7000000000
1348,21.6992090353,20.6990681459,11.7800000000
1349,21.6947152701,20.7100222171,11.8400000000
1350,21.6916787686,20.7215076016,11.8800000000
1351,21.6898552357,20.7333075308,11.9400000000
1352,21.6890301599,20.7452590851,11.9800000000
1353,21.6890148657,20.7572590753,12.0000000000
1354,21.6896488106,20.7692423184,12.0000000000
1355,21.6907978700,20.7811670851,11.9800000000
1356,21.6899212617,20.7930748623,11.9400000000
1357,21.6898429665,20.8049946052,11.9200000000
1358,21.6877545905,20.8167302384,11.9200000000
1359,21.6866675288,20.8286206503,11.9400000000
1360,21.6835898819,20.8401571875,11.9400000000
1361,21.6788727211,20.8511476376,11.9600000000
1362,21.6745256347,20.8623325757,12.0000000000
1363,21.6688168385,20.8728876525,12.0000000000
1364,21.6646908012,20.8841560071,12.0000000000
1365,21.6591338078,20.8947692170,11.9800000000
1366,21.6525057237,20.9047005866,11.9400000000
1367,21.6455572048,20.9143858581,11.9200000000
1368,21.6378826351,20.9234542306,11.8800000000
1369,21.6296508020,20.9319921767,11.8600000000
1370,21.6230757090,20.9418627265,11.8600000000
1371,21.6156582408,20.9510913106,11.8400000000
1372,21.6075931147,20.9597596058,11.8400000000
1373,21.5990485360,20.9679267702,11.8200000000
1374,21.5921231734,20.9774560804,11.7800000000
1375,21.5844589396,20.9863227551,11.7200000000
1376,21.5785215658,20.9963810846,11.6800000000
1377,21.5715968682,21.0057123740,11.6200000000
1378,21.5664064447,21.0160192215,11.5400000000
1379,21.5627040422,21.0268435374,11.4400000000
1380,21.5574719457,21.0369269280,11.3600000000
1381,21.5511238431,21.0462268847,11.2600000000
1382,21.5439805090,21.0547751230,11.1400000000
1383,21.5376751394,21.0637885749,11.0000000000
1384,21.5306085172,21.0720612558,10.8800000000
1385,21.5252034886,21.0813420567,10.7400000000
1386,21.5212589491,21.0912023310,10.6200000000
1387,21.5159990142,21.1002667386,10.4800000000
1388,21.5098117483,21.1085262870,10.3200000000
1389,21.5051794731,21.1175463550,10.1400000000
1390,21.5018624660,21.1269165772,9.9400000000
1391,21.4996009807,21.1364109589,9.7600000000
1392,21.4958494740,21.1452041266,9.5600000000
1393,21.4932115748,21.1541638748,9.3400000000
1394,21.4914581462,21.1630933478,9.1000000000
1395,21.4903885098,21.1718683964,8.8400000000
1396,21.4898348668,21.1804104734,8.5600000000
1397,21.4879092807,21.1884840177,8.3000000000
1398,21.4866486579,21.1964043226,8.0200000000
1399,21.4841671893,21.2037146382,7.7200000000
1400,21.4824463847,21.2109117787,7.4000000000
1401,21.4796547995,21.2174399524,7.1000000000
1402,21.4776518001,21.2239591850,6.8200000000
1403,21.4762569727,21.2303691816,6.5600000000
1404,21.4739062891,21.2361926416,6.2800000000
1405,21.4708095237,21.2413083473,5.9800000000
1406,21.4685349689,21.2464912037,5.6600000000
1407,21.4669142829,21.2515583307,5.3200000000
1408,21.4646284845,21.2559602310,4.9600000000
1409,21.4619342020,21.2597132620,4.6200000000
1410,21.4599734461,21.2634951975,4.2600000000
1411,21.4576866593,21.2666790641,3.9200000000
1412,21.4552623484,21.2693404015,3.6000000000
1413,21.4534980705,21.2720817375,3.2600000000
1414,21.4516331198,21.2743025389,2.9000000000
1415,21.4497965678,21.2760859841,2.5600000000
1416,21.4480988953,21.2774852369,2.2000000000
1417,21.4466219889,21.2785487911,1.8200000000
1418,21.4456364779,21.2795711256,1.4200000000
1419,21.4448514934,21.2802533275,1.0400000000
1420,21.4444261889,21.2807839084,0.6800000000
1421,21.4441865051,21.2810250549,0.3400000000
1422,21.4441865051,21.2810250549,0.0000000000
1423,21.4441865051,21.2810250549,0.0000000000
1424,21.4441865051,21.2810250549,0.0000000000
1425,21.4441865051,21.2810250549,0.0000000000
1426,21.4441865051,21.2810250549,0.0000000000
1427,21.4441865051,21.2810250549,0.0000000000
1428,21.4441865051,21.2810250549,0.0000000000
1429,21.4441865051,21.2810250549,0.0000000000
1430,21.4441865051,21.2810250549,0.0000000000
1431,21.4441865051,21.2810250549,0.0000000000
1432,21.4441865051,21.2810250549,0.0000000000
1433,21.4441865051,21.2810250549,0.0000000000
1434,21.4441865051,21.2810250549,0.0000000000
1435,21.4441865051,21.2810250549,0.0000000000
1436,21.4441865051,21.2810250549,0.0000000000
1437,21.4441865051,21.2810250549,0.0000000000
1438,21.4441865051,21.2810250549,0.0000000000
1439,21.4441865051,21.2810250549,0.0000000000
1440,21.4441717595,21.2810385667,0.0200000000
1441,21.4441596655,21.2810544958,0.0200000000
1442,21.4441404809,21.2810895949,0.0400000000
1443,21.4440925782,21.2811536678,0.0800000000
1444,21.4440451369,21.2812416980,0.1000000000
1445,21.4439618372,21.2813542199,0.1400000000
1446,21.4438335648,21.2815076676,0.2000000000
1447,21.4436901470,21.2817481490,0.2800000000
1448,21.4434535534,21.2820455099,0.3800000000
1449,21.4431020649,21.2824011161,0.5000000000
1450,21.4427383600,21.2829277267,0.6400000000
1451,21.4423800974,21.2836430224,0.8000000000
1452,21.4420557050,21.2845252750,0.9400000000
1453,21.4417698509,21.2855874837,1.1000000000
1454,21.4416225408,21.2868187025,1.2400000000
1455,21.4412356440,21.2881225088,1.3600000000
1456,21.4405726045,21.2894680120,1.5000000000
1457,21.4401166703,21.2910641711,1.6600000000
1458,21.4393202660,21.2927228875,1.8400000000
1459,21.4381828943,21.2944164003,2.0400000000
1460,21.4372783096,21.2964874693,2.2600000000
1461,21.4359435910,21.2986013582,2.5000000000
1462,21.4349106739,21.3011607882,2.7600000000
1463,21.4337560619,21.3039296998,3.0000000000
1464,21.4330278680,21.3071073300,3.2600000000
1465,21.4316820505,21.3103382393,3.5000000000
1466,21.4297338541,21.3135072977,3.7200000000
1467,21.4272537788,21.3165945014,3.9600000000
1468,21.4252601074,21.3202684194,4.1800000000
1469,21.4238922791,21.3244293623,4.3800000000
1470,21.4231431065,21.3289679459,4.6000000000
1471,21.4229473257,21.3337639515,4.8000000000
1472,21.4218997043,21.3386734208,5.0200000000
1473,21.4214871140,21.3438770897,5.2200000000
1474,21.4216229206,21.3492753817,5.4000000000
1475,21.4222209992,21.3548031210,5.5600000000
1476,21.4218672422,21.3605322096,5.7400000000
1477,21.4205157538,21.3662753341,5.9000000000
1478,21.4181449037,21.3718740366,6.0800000000
1479,21.4147891693,21.3771822798,6.2800000000
1480,21.4106528897,21.3821444156,6.4600000000
1481,21.4058738644,21.3867830056,6.6600000000
1482,21.4005797921,21.3911141022,6.8400000000
1483,21.3960146029,21.3964732671,7.0400000000
1484,21.3907548982,21.4014775758,7.2600000000
1485,21.3849366930,21.4061466323,7.4600000000
1486,21.3799015646,21.4119457600,7.6800000000
1487,21.3741144130,21.4173527255,7.9200000000
1488,21.3676897382,21.4224159215,8.1800000000
1489,21.3620870222,21.4287547837,8.4600000000
1490,21.3575716296,21.4362146516,8.7200000000
1491,21.3518755658,21.4431827832,9.0000000000
1492,21.3473699408,21.4513184665,9.3000000000
1493,21.3415011945,21.4589409476,9.6200000000
1494,21.3369318237,21.4677909448,9.9600000000
1495,21.3308367991,21.4760691738,10.2800000000
1496,21.3261859364,21.4855721142,10.5800000000
1497,21.3232194691,21.4960606828,10.9000000000
1498,21.3183970081,21.5061692866,11.2000000000
1499,21.3117606204,21.5155856955,11.5200000000
1500,21.3067858399,21.5263078203,11.8200000000
1501,21.3037599523,21.5379200554,12.0000000000
1502,21.3024226411,21.5498453059,12.0000000000
1503,21.3024359555,21.5618452985,12.0000000000
1504,21.3035012203,21.5737979221,12.0000000000
1505,21.3025347763,21.5857589415,12.0000000000
1506,21.2995643203,21.5973854797,12.0000000000
1507,21.2946750008,21.6083442459,12.0000000000
1508,21.2916421119,21.6199546543,12.0000000000
1509,21.2866939721,21.6308869877,12.0000000000
1510,21.2803342363,21.6410631245,12.0000000000
1511,21.2724176776,21.6500813337,12.0000000000
1512,21.2633955735,21.6579934535,12.0000000000
1513,21.2559309897,21.6673891966,12.0000000000
1514,21.2471140548,21.6755293230,12.0000000000
1515,21.2376850197,21.6829518090,12.0000000000
1516,21.2275249592,21.6892995307,11.9800000000
1517,21.2169799021,21.6949847897,11.9800000000
1518,21.2061780896,21.7002117245,12.0000000000
1519,21.1950535192,21.7047110504,12.0000000000
1520,21.1837047683,21.7086105187,12.0000000000
1521,21.1723479362,21.7124863880,12.0000000000
1522,21.1608758196,21.7159376113,11.9800000000
1523,21.1494007725,21.7193790780,11.9800000000
1524,21.1378064789,21.7224730005,12.0000000000
1525,21.1261250868,21.7252198313,12.0000000000
1526,21.1145046976,21.7281330690,11.9800000000
1527,21.1028485159,21.7307209309,11.9400000000
1528,21.0911580699,21.7330489929,11.9200000000
1529,21.0795556578,21.7356021149,11.8800000000
1530,21.0680137342,21.7383304111,11.8600000000
1531,21.0564069070,21.7407678610,11.8600000000
1532,21.0447727322,21.7429659458,11.8400000000
1533,21.0331559725,21.7450373934,11.8000000000
1534,21.0215739605,21.7469569237,11.7400000000
1535,21.0100090858,21.7487299643,11.7000000000
1536,20.9984471809,21.7503866945,11.6800000000
1537,20.9868724693,21.7519514476,11.6800000000
1538,20.9752776789,21.7535169624,11.7000000000
1539,20.9636560769,21.7551800819,11.7400000000
1540,20.9520161827,21.7568565254,11.7600000000
1541,20.9403658529,21.7584588410,11.7600000000
1542,20.9287093254,21.7601599484,11.7800000000
1543,20.9170060762,21.7618171624,11.8200000000
1544,20.9052839264,21.7634835369,11.8400000000
1545,20.8935325127,21.7652267166,11.8800000000
1546,20.8817446199,21.7668563133,11.9000000000
1547,20.8699440410,21.7683913496,11.9000000000
1548,20.8581535651,21.7698470549,11.8800000000
1549,20.8463988782,21.7712658350,11.8400000000
1550,20.8346663545,21.7727012051,11.8200000000
1551,20.8229353008,21.7741485397,11.8200000000
1552,20.8112217322,21.7755741310,11.8000000000
1553,20.7995404783,21.7769327735,11.7600000000
1554,20.7879264770,21.7783487444,11.7000000000
1555,20.7763486355,21.7797304774,11.6600000000
1556,20.7647837492,21.7810507064,11.6400000000
1557,20.7532299506,21.7824646861,11.6400000000
1558,20.7416931022,21.7838523202,11.6200000000
1559,20.7301613649,21.7852818079,11.6200000000
1560,20.7186421669,21.7866485841,11.6000000000
1561,20.7071157434,21.7879530231,11.6000000000
1562,20.6955662645,21.7892312786,11.6200000000
1563,20.6839728018,21.7904751529,11.6600000000
1564,20.6723154962,21.7916857829,11.7200000000
1565,20.6605752578,21.7928718698,11.8000000000
1566,20.6487396859,21.7941084934,11.9000000000
1567,20.6367810372,21.7953213917,12.0200000000
1568,20.6246800312,21.7965177419,12.1600000000
1569,20.6124607210,21.7977371099,12.2800000000
1570,20.6001448655,21.7989957213,12.3800000000
1571,20.5877070036,21.8002405471,12.5000000000
1572,20.5751684131,21.8014830232,12.6000000000
1573,20.5625506073,21.8027373665,12.6800000000
1574,20.5498326934,21.8039955662,12.7800000000
1575,20.5369939070,21.8052507813,12.9000000000
1576,20.5240527219,21.8064859849,13.0000000000
1577,20.5109903743,21.8077145913,13.1200000000
1578,20.4978281311,21.8089489963,13.2200000000
1579,20.4845453993,21.8101837577,13.3400000000
1580,20.4711235294,21.8114342811,13.4800000000
1581,20.4575815363,21.8126890407,13.6000000000
1582,20.4439376754,21.8139280163,13.7000000000
1583,20.4301733844,21.8151676502,13.8200000000
1584,20.4162751294,21.8164791797,13.9600000000
1585,20.4022601310,21.8178305558,14.0800000000
1586,20.3881521101,21.8192574921,14.1800000000
1587,20.3739611119,21.8206586245,14.2600000000
1588,20.3597055565,21.8220156578,14.3200000000
1589,20.3453714339,21.8233914955,14.4000000000
1590,20.3309414618,21.8248148381,14.5000000000
1591,20.3163951979,21.8262813328,14.6200000000
1592,20.3017055722,21.8277209497,14.7600000000
1593,20.2868531022,21.8291388835,14.9200000000
1594,20.2718247216,21.8306078204,15.1000000000
1595,20.2565953315,21.8320760424,15.3000000000
1596,20.2411492281,21.8335887524,15.5200000000
1597,20.2254659810,21.8351422517,15.7600000000
1598,20.2095197977,21.8366783632,16.0200000000
1599,20.1932920539,21.8382114417,16.3000000000
1600,20.1767628344,21.8397427491,16.6000000000
1601,20.1599544241,21.8412957281,16.8800000000
1602,20.1428822492,21.8428190286,17.1400000000
1603,20.1255338490,21.8443968149,17.4200000000
1604,20.1078873744,21.8460093706,17.7200000000
1605,20.0899216833,21.8476450793,18.0400000000
1606,20.0716129570,21.8492621570,18.3800000000
1607,20.0529466199,21.8509221148,18.7400000000
1608,20.0339005080,21.8526014073,19.1200000000
1609,20.0144532572,21.8542851039,19.5200000000
1610,19.9945879466,21.8560093533,19.9400000000
1611,19.9742816423,21.8577409441,20.3800000000
1612,19.9535598596,21.8595430875,20.8000000000
1613,19.9324014996,21.8614035713,21.2400000000
1614,19.9107851172,21.8633067301,21.7000000000
1615,19.8886908258,21.8652547255,22.1800000000
1616,19.8661010776,21.8672760315,22.6800000000
1617,19.8429953741,21.8693656405,23.2000000000
1618,19.8193500103,21.8714832737,23.7400000000
1619,19.7951431043,21.8736082918,24.3000000000
1620,19.7703557404,21.8757532838,24.8800000000
1621,19.7449680561,21.8779202826,25.4800000000
1622,19.7189581336,21.8800868311,26.1000000000
1623,19.6923124593,21.8823308547,26.7400000000
1624,19.6650033668,21.8845609817,27.4000000000
1625,19.6370136111,21.8868104215,28.0800000000
1626,19.6083261563,21.8891165733,28.7800000000
1627,19.5789198081,21.8914653359,29.5000000000
1628,19.5487726780,21.8938334879,30.2400000000
1629,19.5178673346,21.8962541796,31.0000000000
1630,19.4861872876,21.8987727163,31.7800000000
1631,19.4537069955,21.9013196790,32.5800000000
1632,19.4204043378,21.9038678145,33.4000000000
1633,19.3862649215,21.9064903809,34.2400000000
1634,19.3512638281,21.9091235271,35.1000000000
1635,19.3154265182,21.9118384524,35.9400000000
1636,19.2787320796,21.9146238028,36.8000000000
1637,19.2411960198,21.9174191234,37.6400000000
1638,19.2027996726,21.9202423339,38.5000000000
1639,19.1635180557,21.9230242356,39.3800000000
1640,19.1233336949,21.9257983195,40.2800000000
1641,19.0822280708,21.9285853739,41.2000000000
1642,19.0401819525,21.9313966962,42.1400000000
1643,18.9971739218,21.9342108210,43.1000000000
1644,18.9531836999,21.9370227191,44.0800000000
1645,18.9082320105,21.9398418009,45.0400000000
1646,18.8622998239,21.9426833914,46.0200000000
1647,18.8153665232,21.9455374560,47.0200000000
1648,18.7674524999,21.9484091059,48.0000000000
1649,18.7185338967,21.9512322711,49.0000000000
1650,18.6686335436,21.9540527609,49.9800000000
1651,18.6177301005,21.9568455860,50.9800000000
1652,18.5658429879,21.9595967947,51.9600000000
1653,18.5129535580,21.9623298893,52.9600000000
1654,18.4590816002,21.9650383510,53.9400000000
1655,18.4042071767,21.9677218634,54.9400000000
1656,18.3483117528,21.9704094625,55.9600000000
1657,18.2914132002,21.9730545174,56.9600000000
1658,18.2335308745,21.9756390823,57.9400000000
1659,18.1746448434,21.9781607743,58.9400000000
1660,18.1147762785,21.9806429800,59.9200000000
1661,18.0539449960,21.9830780297,60.8800000000
1662,17.9921708672,21.9854590825,61.8200000000
1663,17.9294739194,21.9877829435,62.7400000000
1664,17.8658747545,21.9900623789,63.6400000000
1665,17.8013928108,21.9922780816,64.5200000000
1666,17.7360485267,21.9944388552,65.3800000000
1667,17.6698616793,21.9965339993,66.2200000000
1668,17.6028524350,21.9985644626,67.0400000000
1669,17.5350009275,22.0005310126,67.8800000000
1670,17.4663272463,22.0024324617,68.7000000000
1671,17.3968515379,22.0042698366,69.5000000000
1672,17.3265939861,22.0060460168,70.2800000000
1673,17.2555746112,22.0077577377,71.0400000000
1674,17.1838136052,22.0094089248,71.7800000000
1675,17.1113310598,22.0109997145,72.5000000000
1676,17.0381468946,22.0125222013,73.2000000000
1677,16.9642811503,22.0139734824,73.8800000000
1678,16.8897539714,22.0153559480,74.5400000000
1679,16.8145856690,22.0166821122,75.1800000000
1680,16.7387962122,22.0179463271,75.8000000000
1681,16.6624054035,22.0191313791,76.4000000000
1682,16.5854337284,22.0202634664,76.9800000000
1683,16.5079012817,22.0213457362,77.5400000000
1684,16.4299878730,22.0223897619,77.9204031859
1685,16.3520741312,22.0234086180,77.9204031859
1686,16.2741594915,22.0243563237,77.9204031859
1687,16.1962439979,22.0252310168,77.9204031859
1688,16.1183276892,22.0260298106,77.9204031859
1689,16.0404110950,22.0268002582,77.9204031859
1690,15.9624941440,22.0275337292,77.9204031859
1691,15.8845766826,22.0282108135,77.9204031859
1692,15.8066591830,22.0288834819,77.9204031859
1693,15.7287412431,22.0295030635,77.9204031859
1694,15.6508230723,22.0300928785,77.9204031859
1695,15.5729045015,22.0306272550,77.9204031859
1696,15.4949855131,22.0310968088,77.9204031859
1697,15.4170663179,22.0315306945,77.9204031859
1698,15.3391470417,22.0319497825,77.9204031859
1699,15.2612276607,22.0323488951,77.9204031859
1700,15.1833082793,22.0327479311,77.9204031859
1701,15.1053888916,22.0331457447,77.9204031859
1702,15.0274693967,22.0335219741,77.9204031859
1703,14.9495497769,22.0338713833,77.9204031859
1704,14.8716298155,22.0341337596,77.9204031859
1705,14.7937098717,22.0344013235,77.9204031859
1706,14.7157899938,22.0346874423,77.9204031859
1707,14.6378698677,22.0348952365,77.9204031859
1708,14.5599498030,22.0351249024,77.9204031859
1709,14.4820297402,22.0353552454,77.9204031859
1710,14.4041095971,22.0355565618,77.9204031859
1711,14.3261894513,22.0357568429,77.9204031859
1712,14.2482892707,22.0359430397,77.9004031859
1713,14.1704290632,22.0361176313,77.8604031859
1714,14.0926288417,22.0362857675,77.8004031859
1715,14.0149086641,22.0364730126,77.7204031859
1716,13.9372884103,22.0366253071,77.6204031859
1717,13.8597882182,22.0368061890,77.5004031859
1718,13.7824279374,22.0369437682,77.3604031859
1719,13.7052276171,22.0370569281,77.2004031859
1720,13.6282072677,22.0371479291,77.0204031859
1721,13.5513869405,22.0372560260,76.8204031859
1722,13.4747865452,22.0372906433,76.6004031859
1723,13.3984261631,22.0373473797,76.3604031859
1724,13.3223257748,22.0373949713,76.1004031859
1725,13.2465053849,22.0374399739,75.8204031859
1726,13.1709850272,22.0375228275,75.5204031859
1727,13.0957846509,22.0375864128,75.2004031859
1728,13.0209242623,22.0376331174,74.8604031859
1729,12.9464238636,22.0376590364,74.5004031859
1730,12.8723034605,22.0376560537,74.1204031859
1731,12.7985830618,22.0376819606,73.7204031859
1732,12.7252826615,22.0376616941,73.3004031859
1733,12.6524222907,22.0377304458,72.8604031859
1734,12.5800218968,22.0377670063,72.4004031859
1735,12.5081015026,22.0378030854,71.9204031859
1736,12.4366811053,22.0378319926,71.4204031859
1737,12.3657807064,22.0378567177,70.9004031859
1738,12.2954203056,22.0378750813,70.3604031859
1739,12.2256199025,22.0378712901,69.8004031859
1740,12.1563995019,22.0378524519,69.2204031859
1741,12.0877791207,22.0377975894,68.6204031859
1742,12.0197787528,22.0377282461,68.0004031859
1743,11.9524183748,22.0376699859,67.3604031859
1744,11.8857179775,22.0376419947,66.7004031859
1745,11.8196975746,22.0376473368,66.0204031859
1746,11.7543771722,22.0376370952,65.3204031859
1747,11.6897767728,22.0376591531,64.6004031859
1748,11.6259163711,22.0376453282,63.8604031859
1749,11.5628159723,22.0376689828,63.1004031859
1750,11.5004955706,22.0376823145,62.3204031859
1751,11.4389751677,22.0376758006,61.5204031859
1752,11.3782747728,22.0377074729,60.7004031859
1753,11.3184143697,22.0377102961,59.8604031859
1754,11.2594139735,22.0377390271,59.0004031859
1755,11.2012935844,22.0377795668,58.1204031859
1756,11.1440731835,22.0377955140,57.2204031859
1757,11.0877727886,22.0377649601,56.3004031859
1758,11.0324123857,22.0377709864,55.3604031859
1759,10.9780119826,22.0377688300,54.4004031859
1760,10.9245915894,22.0377361770,53.4204031859
1761,10.8721312334,22.0376657976,52.4604031859
1762,10.8206508365,22.0376404113,51.4804031859
1763,10.7701704478,22.0376020641,50.4804031859
1764,10.7207100669,22.0375551357,49.4604031859
1765,10.6722497464,22.0374656226,48.4604031859
1766,10.6247693615,22.0374239124,47.4804031859
1767,10.5782489747,22.0373848568,46.5204031859
1768,10.5326685721,22.0373778796,45.5804031859
1769,10.4880481716,22.0373932721,44.6204031859
1770,10.4443677684,22.0373925421,43.6804031859
1771,10.4016073654,22.0373888158,42.7604031859
1772,10.3597469629,22.0373811938,41.8604031859
1773,10.3187665607,22.0373722127,40.9804031859
1774,10.2786461579,22.0373662300,40.1204031859
1775,10.2393657601,22.0373866582,39.2804031859
1776,10.2009053570,22.0373898584,38.4604031859
1777,10.1632449548,22.0373984188,37.6604031859
1778,10.1263645519,22.0373936399,36.8804031859
1779,10.0902441506,22.0373821542,36.1204031859
1780,10.0548637525,22.0373630082,35.3804031859
1781,10.0202033737,22.0373218946,34.6604031859
1782,9.9862429845,22.0372911014,33.9604031859
1783,9.9529625952,22.0372606878,33.2804031859
1784,9.9203422171,22.0372202248,32.6204031859
1785,9.8883618988,22.0371465625,31.9804031859
1786,9.8570015649,22.0370806527,31.3604031859
1787,9.8262412143,22.0370237765,30.7604031859
1788,9.7960608433,22.0369796628,30.1804031859
1789,9.7664404744,22.0369345831,29.6204031859
1790,9.7373601196,22.0368815739,29.0804031859
1791,9.7087997585,22.0368325210,28.5604031859
1792,9.6807394048,22.0367798087,28.0604031859
1793,9.6531590368,22.0367357435,27.5804031859
1794,9.6260386918,22.0366795856,27.1204031859
1795,9.5993583404,22.0366270255,26.6804031859
1796,9.5730979605,22.0365920232,26.2604031859
1797,9.5472375848,22.0365543601,25.8604031859
1798,9.5217572519,22.0364945053,25.4804031859
1799,9.4966369254,22.0364324428,25.1204031859
1800,9.4718565998,22.0363704309,24.7804031859
1801,9.4473962656,22.0363123182,24.4604031859
1802,9.4232359660,22.0362415893,24.1604031859
1803,9.3993556703,22.0361699099,23.8804031859
1804,9.3757353243,22.0361179743,23.6204031859
1805,9.3523549614,22.0360745720,23.3804031859
1806,9.3291946026,22.0360292071,23.1604031859
1807,9.3062342311,22.0359910875,22.9604031859
1808,9.2834538582,22.0359539286,22.7804031859
1809,9.2608334823,22.0359187836,22.6204031859
1810,9.2383531171,22.0358774592,22.4804031859
1811,9.2159927409,22.0358427067,22.3604031859
1812,9.1937323726,22.0358032916,22.2604031859
1813,9.1715519975,22.0357679949,22.1804031859
1814,9.1494316106,22.0357411615,22.1204031859
1815,9.1273512276,22.0357113142,22.0804031859
1816,9.1052908429,22.0356827689,22.0604031859
1817,9.0832304489,22.0356626411,22.0604031859
1818,9.0611500506,22.0356479476,22.0804031859
1819,9.0390296585,22.0356257929,22.1204031859
1820,9.0168492713,22.0355991495,22.1804031859
1821,8.9945888971,22.0355631946,22.2604031859
1822,8.9722285201,22.0355290325,22.3604031859
1823,8.9497481326,22.0355024682,22.4804031859
1824,8.9271277464,22.0354747490,22.6204031859
1825,8.9043473568,22.0354498154,22.7804031859
1826,8.8813869801,22.0354149578,22.9604031859
1827,8.8582265969,22.0353845312,23.1604031859
1828,8.8348462260,22.0353456905,23.3804031859
1829,8.8112258636,22.0353017841,23.6204031859
1830,8.7873454999,22.0352583610,23.8804031859
1831,8.7631851383,22.0352135174,24.1604031859
1832,8.7387247780,22.0351677499,24.4604031859
1833,8.7139444035,22.0351300335,24.7804031859
1834,8.6888240326,22.0350897261,25.1204031859
1835,8.6633436669,22.0350460227,25.4804031859
1836,8.6374833095,22.0349973625,25.8604031859
1837,8.6112229468,22.0349512805,26.2604031859
1838,8.5845425758,22.0349098028,26.6804031859
1839,8.5574222214,22.0348583825,27.1204031859
1840,8.5298418694,22.0348052531,27.5804031859
1841,8.5017815240,22.0347482903,28.0604031859
1842,8.4732211677,22.0346965191,28.5604031859
1843,8.4441408148,22.0346424673,29.0804031859
1844,8.4145204486,22.0345956699,29.6204031859
1845,8.3843400768,22.0345521418,30.1804031859
1846,8.3535797098,22.0345049161,30.7604031859
1847,8.3222193499,22.0344528096,31.3604031859
1848,8.2902389783,22.0344078568,31.9804031859
1849,8.2576186049,22.0343638171,32.6204031859
1850,8.2243382199,22.0343290359,33.2804031859
1851,8.1903778457,22.0342846416,33.9604031859
1852,8.1557174745,22.0342375723,34.6604031859
1853,8.1203371115,22.0341842236,35.3804031859
1854,8.0842167622,22.0341218574,36.1204031859
1855,8.0473364081,22.0340616889,36.8804031859
1856,8.0096760332,22.0340155238,37.6604031859
1857,7.9712156634,22.0339648555,38.4604031859
1858,7.9322552383,22.0339243242,38.9604461753
1859,7.8932948013,22.0338975671,38.9604461753
1860,7.8543343735,22.0338596556,38.9604461753
1861,7.8153739649,22.0338055827,38.9604461753
1862,7.7764135349,22.0337701015,38.9604461753
1863,7.7374530985,22.0337425393,38.9604461753
1864,7.6984926575,22.0337223236,38.9604461753
1865,7.6595322195,22.0336971798,38.9604461753
1866,7.6205717965,22.0336546737,38.9604461753
1867,7.5816113721,22.0336134570,38.9604461753
1868,7.5426509445,22.0335754438,38.9604461753
1869,7.5036905097,22.0335456709,38.9604461753
1870,7.4647300662,22.0335312341,38.9604461753
1871,7.4257696265,22.0335087475,38.9604461753
1872,7.3868092044,22.0334654281,38.9604461753
1873,7.3478487682,22.0334375868,38.9604461753
1874,7.3088883292,22.0334138655,38.9604461753
1875,7.2699278876,22.0333949805,38.9604461753
1876,7.2309674582,22.0333588466,38.9604461753
1877,7.1920070186,22.0333362009,38.9604461753
1878,7.1530465753,22.0333213487,38.9604461753
1879,7.1140861360,22.0332980727,38.9604461753
1880,7.0751257020,22.0332672492,38.9604461753
1881,7.0361652631,22.0332434817,38.9604461753
1882,6.9972048217,22.0332243152,38.9604461753
1883,6.9582443822,22.0332014328,38.9604461753
1884,6.9192839435,22.0331773308,38.9604461753
1885,6.8803235187,22.0331364882,38.9604461753
1886,6.8413630819,22.0331094761,38.9604461753
1887,6.8024026370,22.0330996255,38.9604461753
1888,6.7634421995,22.0330736449,38.9604461753
1889,6.7244817540,22.0330661311,38.9604461753
1890,6.6855213103,22.0330801033,38.9604461753
1891,6.6465608650,22.0330880362,38.9604461753
1892,6.6076004212,22.0331018361,38.9604461753
1893,6.5686399769,22.0331137203,38.9604461753
1894,6.5296795316,22.0331218323,38.9604461753
1895,6.4907190870,22.0331107096,38.9604461753
1896,6.4517586446,22.0330934469,38.9604461753
1897,6.4127982017,22.0330775520,38.9604461753
1898,6.3738377609,22.0330570251,38.9604461753
1899,6.3348773157,22.0330481785,38.9604461753
1900,6.2959168700,22.0330541014,38.9604461753
1901,6.2569564248,22.0330455651,38.9604461753
1902,6.2179959798,22.0330358843,38.9604461753
1903,6.1790355342,22.0330289521,38.9604461753
1904,6.1400750891,22.0330197976,38.9604461753
1905,6.1011146447,22.0330080916,38.9604461753
1906,6.0621542009,22.0329945243,38.9604461753
1907,6.0231937603,22.0329736384,38.9604461753
1908,5.9842333162,22.0329610438,38.9604461753
1909,5.9452929460,22.0328841044,38.9404461753
1910,5.9063527104,22.0327560552,38.9404461753
1911,5.8673926278,22.0325877396,38.9604461753
1912,5.8284326925,22.0323882188,38.9604461753
1913,5.7894923573,22.0322952451,38.9404461753
1914,5.7505521542,22.0321576542,38.9404461753
1915,5.7116320900,22.0319852268,38.9204461753
1916,5.6727121521,22.0317863223,38.9204461753
1917,5.6338123238,22.0315670603,38.9004461753
1918,5.5949125835,22.0313327292,38.9004461753
1919,5.5560323196,22.0312136691,38.8804461753
1920,5.5171518826,22.0311869166,38.8804461753
1921,5.4782914649,22.0312339445,38.8604461753
1922,5.4394310236,22.0312144238,38.8604461753
1923,5.4005906455,22.0311417165,38.8404461753
1924,5.3617902006,22.0311517068,38.8004461753
1925,5.3230497852,22.0311028904,38.7404461753
1926,5.2843894569,22.0310074296,38.6604461753
1927,5.2458290116,22.0309988976,38.5604461753
1928,5.2073886131,22.0310594286,38.4404461753
1929,5.1690483401,22.0311746429,38.3404461753
1930,5.1308282214,22.0313328705,38.2204461753
1931,5.0927478471,22.0314068713,38.0804461753
1932,5.0547876041,22.0315310622,37.9604461753
1933,5.0169675116,22.0316946162,37.8204461753
1934,4.9792674267,22.0318596761,37.7004461753
1935,4.9417070480,22.0319308444,37.5604461753
1936,4.9043067923,22.0320502260,37.4004461753
1937,4.8670863616,22.0320841067,37.2204461753
1938,4.8300260213,22.0321726921,37.0604461753
1939,4.7931455762,22.0321816746,36.8804461753
1940,4.7564251926,22.0322494501,36.7204461753
1941,4.7198449245,22.0323635831,36.5804461753
1942,4.6833844896,22.0323923259,36.4604461753
1943,4.6470241364,22.0324745275,36.3604461753
1944,4.6107839035,22.0325988766,36.2404461753
1945,4.5746434751,22.0326346807,36.1404461753
1946,4.5385831328,22.0327212317,36.0604461753
1947,4.5026226869,22.0327262839,35.9604461753
1948,4.4667422931,22.0327875909,35.8804461753
1949,4.4309618503,22.0327722270,35.7804461753
1950,4.3952614858,22.0326958320,35.7004461753
1951,4.3596210399,22.0326915045,35.6404461753
1952,4.3240606151,22.0327304594,35.5604461753
1953,4.2886002762,22.0328176949,35.4604461753
1954,4.2532198305,22.0328231712,35.3804461753
1955,4.2178994351,22.0328831142,35.3204461753
1956,4.1826589929,22.0328665123,35.2404461753
1957,4.1475186322,22.0327890174,35.1404461753
1958,4.1124981867,22.0327821630,35.0204461753
1959,4.0775777410,22.0327759401,34.9204461753
1960,4.0427773619,22.0327076299,34.8004461753
1961,4.0081171139,22.0325904151,34.6604461753
1962,3.9735766900,22.0325512291,34.5404461753
1963,3.9391363692,22.0324582844,34.4404461753
1964,3.9048159289,22.0324381978,34.3204461753
1965,3.8706355036,22.0324759331,34.1804461753
1966,3.8365751044,22.0325324912,34.0604461753
1967,3.8026547997,22.0326304774,33.9204461753
1968,3.7688946053,22.0327608545,33.7604461753
1969,3.7353145188,22.0329162879,33.5804461753
1970,3.7018941286,22.0329774260,33.4204461753
1971,3.6686136854,22.0329632989,33.2804461753
1972,3.6354533216,22.0328893731,33.1604461753
1973,3.6023930975,22.0327682088,33.0604461753
1974,3.5694130309,22.0326099810,32.9804461753
1975,3.5364926728,22.0325338070,32.9204461753
1976,3.5036122284,22.0325230812,32.8804461753
1977,3.4707518083,22.0325644977,32.8604461753
1978,3.4379314666,22.0326473088,32.8204461753
1979,3.4051312241,22.0327629017,32.8004461753
1980,3.3723307922,22.0327934168,32.8004461753
1981,3.3395104278,22.0328667106,32.8204461753
1982,3.3066501571,22.0329740830,32.8604461753
1983,3.2737299855,22.0331085553,32.9204461753
1984,3.2407695675,22.0331516566,32.9604461753
1985,3.2077891355,22.0331211685,32.9804461753
1986,3.1748088103,22.0330318343,32.9804461753
1987,3.1418486446,22.0328958625,32.9604461753
1988,3.1089286503,22.0327233635,32.9204461753
1989,3.0760684107,22.0326068594,32.8604461753
1990,3.0432483326,22.0324514085,32.8204461753
1991,3.0104539927,22.0318185265,32.8004461753
1992,2.9776716955,22.0307275376,32.8004461753
1993,2.9449025308,22.0298675963,32.7804461753
1994,2.9121531715,22.0284403199,32.7804461753
1995,2.8794113796,22.0264796241,32.8004461753
1996,2.8466773283,22.0243936823,32.8004461753
1997,2.8140036728,22.0217498418,32.7804461753
1998,2.7812919037,22.0196290371,32.7804461753
1999,2.7486144138,22.0167916227,32.8004461753
2000,2.7158512840,22.0145394606,32.8404461753
2001,2.6829985835,22.0127676179,32.9004461753
2002,2.6500469328,22.0113897408,32.9804461753
2003,2.6171093629,22.0087844437,33.0404461753
2004,2.5841942729,22.0051019439,33.1204461753
2005,2.5511380908,22.0022330011,33.1804461753
2006,2.5181294214,21.9981482706,33.2604461753
2007,2.4851333332,21.9932312048,33.3604461753
2008,2.4522202328,21.9873158638,33.4404461753
2009,2.4193787904,21.9805040218,33.5404461753
2010,2.3861325482,21.9752397062,33.6604461753
2011,2.3530026763,21.9687451457,33.7604461753
2012,2.3200205478,21.9611718376,33.8404461753
2013,2.2871712765,21.9526349024,33.9404461753
2014,2.2544364625,21.9432250171,34.0604461753
2015,2.2218343779,21.9330250089,34.1604461753
2016,2.1884819368,21.9252775690,34.2404461753
2017,2.1546586627,21.9195761009,34.3004461753
2018,2.1205597196,21.9155105973,34.3404461753
2019,2.0862631726,21.9128389763,34.4004461753
2020,2.0518169597,21.9113028804,34.4804461753
2021,2.0172419756,21.9106882854,34.5804461753
2022,1.9828212745,21.9066186576,34.6604461753
2023,1.9481997723,21.9039993127,34.7204461753
2024,1.9139495444,21.8980654685,34.7604461753
2025,1.8794077520,21.8939980355,34.7804461753
2026,1.8446802633,21.8914553981,34.8204461753
2027,1.8326886420,21.8910070496,12.0000000000
2028,1.8208308196,21.8891652979,12.0000000000
2029,1.8090209947,21.8871532254,11.9800000000
2030,1.7971176873,21.8857998328,11.9800000000
2031,1.7854037396,21.8831953309,12.0000000000
2032,1.7735431891,21.8813712303,12.0000000000
2033,1.7619442887,21.8783735799,11.9800000000
2034,1.7506278711,21.8744417745,11.9800000000
2035,1.7396153686,21.8697763284,11.9600000000
2036,1.7281754692,21.8662877322,11.9600000000
2037,1.7170159831,21.8619304085,11.9800000000
2038,1.7061485074,21.8568887449,11.9800000000
2039,1.6947608130,21.8531045123,12.0000000000
2040,1.6830751249,21.8503760159,12.0000000000
2041,1.6716978301,21.8465606309,12.0000000000
2042,1.6600152525,21.8438188466,12.0000000000
2043,1.6481800561,21.8419618255,11.9800000000
2044,1.6366290805,21.8387845057,11.9800000000
2045,1.6248735177,21.8365826100,11.9600000000
2046,1.6130366752,21.8351770638,11.9200000000
2047,1.6014848572,21.8323195298,11.9000000000
2048,1.5902063203,21.8286515325,11.8600000000
2049,1.5786916005,21.8260725348,11.8000000000
2050,1.5670544134,21.8243774021,11.7600000000
2051,1.5557746983,21.8212696654,11.7000000000
2052,1.5445157884,21.8183954091,11.6200000000
2053,1.5337165030,21.8143846942,11.5200000000
2054,1.5234084448,21.8095160254,11.4000000000
2055,1.5126776345,21.8059748799,11.3000000000
2056,1.5024052955,21.8014618486,11.2200000000
2057,1.4925645791,21.7961982091,11.1600000000
2058,1.4831411392,21.7903702438,11.0800000000
2059,1.4730528636,21.7860358354,10.9800000000
2060,1.4634225491,21.7809302460,10.9000000000
2061,1.4542365985,21.7752506059,10.8000000000
2062,1.4444135164,21.7710590122,10.6800000000
2063,1.4351052826,21.7661144816,10.5400000000
2064,1.4262613625,21.7606043565,10.4200000000
2065,1.4178538231,21.7546889799,10.2800000000
2066,1.4098505053,21.7484953296,10.1200000000
2067,1.4010475277,21.7438789258,9.9400000000
2068,1.3920120941,21.7402418197,9.7400000000
2069,1.3827757488,21.7377753392,9.5600000000
2070,1.3735400774,21.7362548215,9.3600000000
2071,1.3648173395,21.7335247222,9.1400000000
2072,1.3566413945,21.7299084364,8.9400000000
2073,1.3482764509,21.7274454872,8.7200000000
2074,1.3399363328,21.7259115933,8.4800000000
2075,1.3317160276,21.7251027780,8.2600000000
2076,1.3236998570,21.7248549686,8.0200000000
2077,1.3160574528,21.7232949501,7.8000000000
2078,1.3089318513,21.7207692022,7.5600000000
2079,1.3023016987,21.7177145211,7.3000000000
2080,1.2955884308,21.7156620996,7.0200000000
2081,1.2894358914,21.7129593862,6.7200000000
2082,1.2832497325,21.7111691242,6.4400000000
2083,1.2775782814,21.7087141207,6.1800000000
2084,1.2719027628,21.7071021379,5.9000000000
2085,1.2663844944,21.7061488729,5.6000000000
2086,1.2611241752,21.7056934158,5.2800000000
2087,1.2562075917,21.7052129917,4.9400000000
2088,1.2517865919,21.7040166806,4.5800000000
2089,1.2476406483,21.7033450021,4.2000000000
2090,1.2438121992,21.7030473818,3.8400000000
2091,1.2404193442,21.7021880016,3.5000000000
2092,1.2372738170,21.7017210340,3.1800000000
2093,1.2345661895,21.7008640897,2.8400000000
2094,1.2322799655,21.6998040992,2.5200000000
2095,1.2303256384,21.6988381772,2.1800000000
2096,1.2287803584,21.6978766628,1.8200000000
2097,1.2274504421,21.6973244649,1.4400000000
2098,1.2264075847,21.6970436653,1.0800000000
2099,1.2256768665,21.6969268278,0.7400000000
2100,1.2253157659,21.6968084795,0.3800000000
2101,1.2252796320,21.6967913231,0.0400000000
2102,1.2252796320,21.6967913231,0.0000000000
2103,1.2252796320,21.6967913231,0.0000000000
2104,1.2252796320,21.6967913231,0.0000000000
2105,1.2252796320,21.6967913231,0.0000000000
2106,1.2252796320,21.6967913231,0.0000000000
2107,1.2252796320,21.6967913231,0.0000000000
2108,1.2252796320,21.6967913231,0.0000000000
2109,1.2252796320,21.6967913231,0.0000000000
2110,1.2252796320,21.6967913231,0.0000000000
2111,1.2252796320,21.6967913231,0.0000000000
2112,1.2252796320,21.6967913231,0.0000000000
2113,1.2252796320,21.6967913231,0.0000000000
2114,1.2252796320,21.6967913231,0.0000000000
2115,1.2252796320,21.6967913231,0.0000000000
2116,1.2252796320,21.6967913231,0.0000000000
2117,1.2252796320,21.6967913231,0.0000000000
2118,1.2252796320,21.6967913231,0.0000000000
2119,1.2252796320,21.6967913231,0.0000000000
2120,1.2252611164,21.6967837617,0.0200000000
2121,1.2252417799,21.6967786530,0.0200000000
2122,1.2252048845,21.6967632020,0.0400000000
2123,1.2251276856,21.6967422183,0.0800000000
2124,1.2249988622,21.6966874046,0.1400000000
2125,1.2247998757,21.6965935730,0.2200000000
2126,1.2245258236,21.6964283596,0.3200000000
2127,1.2241175553,21.6962642957,0.4400000000
2128,1.2235561272,21.6961186985,0.5800000000
2129,1.2229095306,21.6958505330,0.7000000000
2130,1.2220983089,21.6956325436,0.8400000000
2131,1.2211773751,21.6952428246,1.0000000000
2132,1.2200395519,21.6949301611,1.1800000000
2133,1.2187310503,21.6944917281,1.3800000000
2134,1.2172042215,21.6941717376,1.5600000000
2135,1.2154952569,21.6939772129,1.7200000000
2136,1.2136701741,21.6934489395,1.9000000000
2137,1.2116411989,21.6930927659,2.0600000000
2138,1.2095603013,21.6923787174,2.2000000000
2139,1.2074775778,21.6913566299,2.3200000000
2140,1.2054233307,21.6900773844,2.4200000000
2141,1.2031152641,21.6891167449,2.5000000000
2142,1.2008435456,21.6878521124,2.6000000000
2143,1.1986301972,21.6863409907,2.6800000000
2144,1.1963636530,21.6847312773,2.7800000000
2145,1.1937437231,21.6834879079,2.9000000000
2146,1.1908428176,21.6825788717,3.0400000000
2147,1.1878991167,21.6814298610,3.1600000000
2148,1.1847382780,21.6806319271,3.2600000000
2149,1.1816514308,21.6793563980,3.3400000000
2150,1.1786461656,21.6776824862,3.4400000000
2151,1.1757441373,21.6756903437,3.5200000000
2152,1.1724558123,21.6741766334,3.6200000000
2153,1.1692304913,21.6722832491,3.7400000000
2154,1.1661066270,21.6700500737,3.8400000000
2155,1.1630902898,21.6675464543,3.9200000000
2156,1.1596253300,21.6655882783,3.9800000000
2157,1.1558284844,21.6641503759,4.0600000000
2158,1.1521519431,21.6622039319,4.1600000000
2159,1.1485888653,21.6598326714,4.2800000000
2160,1.1451496985,21.6571203786,4.3800000000
2161,1.1418338373,21.6541376509,4.4600000000
2162,1.1379563392,21.6517379409,4.5600000000
2163,1.1336724271,21.6499553312,4.6400000000
2164,1.1295251514,21.6476601833,4.7400000000
2165,1.1249694458,21.6459675090,4.8600000000
2166,1.1205813973,21.6436552307,4.9600000000
2167,1.1161061765,21.6413370421,5.0400000000
2168,1.1112887075,21.6396631266,5.1000000000
2169,1.1062334900,21.6385330047,5.1800000000
2170,1.1013641387,21.6365972831,5.2400000000
2171,1.0962576040,21.6352550076,5.2800000000
2172,1.0909852103,21.6344079748,5.3400000000
2173,1.0858954309,21.6326648324,5.3800000000
2174,1.0805848913,21.6314850997,5.4400000000
2175,1.0754591888,21.6294363014,5.5200000000
2176,1.0700276811,21.6279929982,5.6200000000
2177,1.0647733990,21.6256821285,5.7400000000
2178,1.0597258718,21.6226660269,5.8800000000
2179,1.0541705996,21.6203991014,6.0000000000
2180,1.0484973556,21.6180509312,6.1400000000
2181,1.0430388943,21.6149052676,6.3000000000
2182,1.0378263199,21.6111233807,6.4400000000
2183,1.0328298927,21.6068111058,6.6000000000
2184,1.0280382414,21.6020710976,6.7400000000
2185,1.0234326192,21.5969870201,6.8600000000
2186,1.0179190329,21.5927394365,6.9600000000
2187,1.0126752141,21.5879824664,7.0800000000
2188,1.0065520797,21.5841568129,7.2200000000
2189,0.9998031341,21.5812711009,7.3400000000
2190,0.9926165506,21.5791966329,7.4800000000
2191,0.9851045476,21.5778040056,7.6400000000
2192,0.9777694977,21.5750930200,7.8200000000
2193,0.9700244555,21.5731708540,7.9800000000
2194,0.9625821150,21.5699233985,8.1200000000
2195,0.9555093703,21.5656182059,8.2800000000
2196,0.9477147029,21.5623296257,8.4600000000
2197,0.9402806595,21.5578877119,8.6600000000
2198,0.9332476440,21.5525321266,8.8400000000
2199,0.9265796040,21.5464281245,9.0400000000
2200,0.9202231705,21.5396943771,9.2600000000
2201,0.9125803095,21.5340519773,9.5000000000
2202,0.9053152803,21.5275345430,9.7600000000
2203,0.8984063522,21.5203049709,10.0000000000
2204,0.8901471483,21.5142855065,10.2200000000
2205,0.8823409275,21.5073231422,10.4600000000
2206,0.8749603926,21.4996036796,10.6800000000
2207,0.8679619841,21.4912732126,10.8800000000
2208,0.8612970790,21.4824469654,11.0600000000
2209,0.8544463452,21.4735108003,11.2600000000
2210,0.8459569273,21.4657829168,11.4800000000
2211,0.8379792948,21.4572518103,11.6800000000
2212,0.8284710356,21.4501629029,11.8600000000
2213,0.8196276272,21.4420515449,12.0000000000
2214,0.8114790870,21.4332423853,12.0000000000
2215,0.8039326768,21.4239122357,12.0000000000
2216,0.7948514026,21.4160681004,12.0000000000
2217,0.7865135631,21.4074378957,12.0000000000
2218,0.7788263363,21.3982234210,12.0000000000
2219,0.7715837388,21.3886555173,12.0000000000
2220,0.7627592625,21.3805235668,12.0000000000
2221,0.7545693255,21.3717528809,12.0000000000
2222,0.7449699026,21.3645854908,11.9800000000
2223,0.7342873990,21.3592518507,11.9400000000
2224,0.7228859526,21.3559139742,11.8800000000
2225,0.7122533195,21.3507050670,11.8400000000
2226,0.7024938638,21.3441079900,11.7800000000
2227,0.6917557618,21.3393623853,11.7400000000
2228,0.6804045837,21.3366104484,11.6800000000
2229,0.6697593933,21.3320017696,11.6000000000
2230,0.6599954996,21.3258505111,11.5400000000
2231,0.6493696438,21.3215583336,11.4600000000
2232,0.6396208210,21.3156489805,11.4000000000
2233,0.6307514838,21.3085507795,11.3600000000
2234,0.6227174393,21.3006044514,11.3000000000
2235,0.6134673718,21.2942542821,11.2200000000
2236,0.6033288593,21.2896864638,11.1200000000
2237,0.5941025040,21.2836237937,11.0400000000
2238,0.5857705700,21.2764726206,10.9800000000
2239,0.5763713276,21.2709531785,10.9000000000
2240,0.5679128100,21.2642380106,10.8000000000
2241,0.5585030276,21.2591864370,10.6800000000
2242,0.5500644366,21.2528712346,10.5400000000
2243,0.5424342240,21.2458338873,10.3800000000
2244,0.5338285441,21.2403582802,10.2000000000
2245,0.5245731304,21.2365718152,10.0000000000
2246,0.5162818195,21.2313850471,9.7800000000
2247,0.5089878751,21.2252360655,9.5400000000
2248,0.5025913822,21.2184576233,9.3200000000
2249,0.4969914264,21.2113101136,9.0800000000
2250,0.4920800844,21.2039840560,8.8200000000
2251,0.4861137998,21.1978180323,8.5800000000
2252,0.4809277654,21.1913120775,8.3200000000
2253,0.4764165877,21.1846569385,8.0400000000
2254,0.4710059132,21.1791223020,7.7400000000
2255,0.4649272401,21.1747977981,7.4600000000
2256,0.4584491412,21.1717482351,7.1600000000
2257,0.4518032069,21.1699689215,6.8800000000
2258,0.4452198811,21.1692730613,6.6200000000
2259,0.4390326756,21.1678895556,6.3400000000
2260,0.4334106355,21.1655745902,6.0800000000
2261,0.4285003276,21.1624877024,5.8000000000
2262,0.4233613425,21.1604182986,5.5400000000
2263,0.4182108550,21.1593505538,5.2600000000
2264,0.4135583425,21.1575191262,5.0000000000
2265,0.4094894410,21.1550489763,4.7600000000
2266,0.4052520754,21.1534191501,4.5400000000
2267,0.4015246645,21.1511960874,4.3400000000
2268,0.3976303765,21.1497331722,4.1600000000
2269,0.3941789983,21.1477112947,4.0000000000
2270,0.3912357356,21.1452762168,3.8200000000
2271,0.3880464191,21.1434807056,3.6600000000
2272,0.3847590813,21.1423388606,3.4800000000
2273,0.3818883102,21.1407523319,3.2800000000
2274,0.3794947324,21.1388459256,3.0600000000
2275,0.3775166032,21.1367803494,2.8600000000
2276,0.3758819009,21.1346566384,2.6800000000
2277,0.3745443650,21.1325682424,2.4800000000
2278,0.3734600425,21.1305853544,2.2600000000
2279,0.3725906322,21.1287620262,2.0200000000
2280,0.3715397812,21.1273006187,1.8000000000
2281,0.3707128237,21.1259308956,1.6000000000
2282,0.3700584910,21.1246706382,1.4200000000
2283,0.3695361901,21.1235239901,1.2600000000
2284,0.3691143186,21.1224864813,1.1200000000
2285,0.3687684231,21.1215482083,1.0000000000
2286,0.3684795404,21.1206958311,0.9000000000
2287,0.3680826332,21.1199782904,0.8200000000
2288,0.3676624928,21.1193935836,0.7200000000
2289,0.3672314255,21.1189762337,0.6000000000
2290,0.3669149564,21.1185891325,0.5000000000
2291,0.3667028040,21.1182738686,0.3800000000
2292,0.3665839906,21.1180653419,0.2400000000
2293,0.3665070147,21.1179732837,0.1200000000
2294,0.3665070147,21.1179732837,0.0000000000
2295,0.3665070147,21.1179732837,0.0000000000
2296,0.3665070147,21.1179732837,0.0000000000
2297,0.3665070147,21.1179732837,0.0000000000
2298,0.3665070147,21.1179732837,0.0000000000
2299,0.3665070147,21.1179732837,0.0000000000
2300,0.3665070147,21.1179732837,0.0000000000
2301,0.3664917401,21.1179603730,0.0200000000
2302,0.3664744156,21.1179503800,0.0200000000
2303,0.3664744156,21.1179503800,0.0000000000
2304,0.3664744156,21.1179503800,0.0000000000
2305,0.3664555379,21.1179437745,0.0200000000
2306,0.3664030875,21.1179146377,0.0600000000
2307,0.3663094598,21.1178395786,0.1200000000
2308,0.3661962354,21.1177265289,0.1600000000
2309,0.3660563025,21.1175567679,0.2200000000
2310,0.3659104609,21.1173415234,0.2600000000
2311,0.3657513493,21.1170638842,0.3200000000
2312,0.3655914340,21.1167413519,0.3600000000
2313,0.3654231734,21.1163565294,0.4200000000
2314,0.3651446798,21.1159412689,0.5000000000
2315,0.3647551192,21.1155389723,0.5600000000
2316,0.3643630551,21.1150331208,0.6400000000
2317,0.3639504844,21.1144676251,0.7000000000
2318,0.3635440844,21.1138018631,0.7800000000
2319,0.3631359898,21.1130222101,0.8800000000
2320,0.3625467957,21.1122642851,0.9600000000
2321,0.3617876847,21.1115829992,1.0200000000
2322,0.3610926391,21.1107826794,1.0600000000
2323,0.3602197131,21.1100809672,1.1200000000
2324,0.3592931921,21.1093829995,1.1600000000
2325,0.3582395553,21.1088517279,1.1800000000
2326,0.3571082953,21.1085160929,1.1800000000
2327,0.3559552820,21.1083889700,1.1600000000
2328,0.3548371610,21.1084538191,1.1200000000
2329,0.3537441097,21.1083303733,1.1000000000
2330,0.3526458181,21.1083916571,1.1000000000
2331,0.3515853031,21.1085958819,1.0800000000
2332,0.3505455082,21.1086165367,1.0400000000
2333,0.3495370403,21.1084635905,1.0200000000
2334,0.3485691055,21.1081418730,1.0200000000
2335,0.3475792052,21.1080001075,1.0000000000
2336,0.3465797096,21.1080318661,1.0000000000
2337,0.3456091069,21.1078964766,0.9800000000
2338,0.3447136129,21.1076106611,0.9400000000
2339,0.3438972806,21.1071863951,0.9200000000
2340,0.3430567494,21.1069258048,0.8800000000
2341,0.3422031376,21.1068211775,0.8600000000
2342,0.3414179184,21.1065848920,0.8200000000
2343,0.3407378080,21.1062457020,0.7600000000
2344,0.3401895365,21.1058434603,0.6800000000
2345,0.3397485545,21.1054076451,0.6200000000
2346,0.3393031217,21.1051023754,0.5400000000
2347,0.3389017437,21.1049221097,0.4400000000
2348,0.3386030933,21.1047210925,0.3600000000
2349,0.3384123682,21.1045443896,0.2600000000
2350,0.3382921543,21.1044104171,0.1800000000
2351,0.3382233361,21.1043121112,0.1200000000
2352,0.3381839826,21.1042424599,0.0800000000
2353,0.3381585826,21.1041881015,0.0600000000
2354,0.3381503882,21.1041698572,0.0200000000
2355,0.3381503882,21.1041698572,0.0000000000
2356,0.3381503882,21.1041698572,0.0000000000
2357,0.3381448755,21.1041506320,0.0200000000
2358,0.3381300831,21.1040924840,0.0600000000
2359,0.3381122352,21.1040145003,0.0800000000
2360,0.3380922525,21.1039370362,0.0800000000
2361,0.3380651527,21.1038407782,0.1000000000
2362,0.3380311589,21.1037049680,0.1400000000
2363,0.3379886863,21.1035507082,0.1600000000
2364,0.3379410165,21.1033564723,0.2000000000
2365,0.3378902860,21.1031424012,0.2200000000
2366,0.3378327526,21.1028888467,0.2600000000
2367,0.3377532895,21.1025788699,0.3200000000
2368,0.3376567144,21.1021907034,0.4000000000
2369,0.3375472072,21.1017028425,0.5000000000
2370,0.3374214509,21.1011366400,0.5800000000
2371,0.3372648292,21.1005161002,0.6400000000
2372,0.3370726794,21.0998222137,0.7200000000
2373,0.3368858863,21.0990649104,0.7800000000
2374,0.3367076064,21.0982645253,0.8200000000
2375,0.3364919332,21.0974113635,0.8800000000
2376,0.3362877762,21.0965143016,0.9200000000
2377,0.3360541010,21.0956038095,0.9400000000
2378,0.3358338784,21.0946488739,0.9800000000
2379,0.3355907487,21.0936788801,1.0000000000
2380,0.3353147823,21.0926761625,1.0400000000
2381,0.3350567587,21.0916480459,1.0600000000
2382,0.3347647108,21.0905875234,1.1000000000
2383,0.3344882996,21.0894609370,1.1600000000
2384,0.3342177963,21.0882918228,1.2000000000
2385,0.3339115088,21.0871108961,1.2200000000
2386,0.3335804118,21.0859366837,1.2200000000
2387,0.3332888268,21.0847726484,1.2000000000
2388,0.3330335112,21.0836410946,1.1600000000
2389,0.3327813418,21.0825293345,1.1400000000
2390,0.3325559824,21.0814526669,1.1000000000
2391,0.3323399636,21.0804353489,1.0400000000
2392,0.3321032808,21.0794637619,1.0000000000
2393,0.3318925960,21.0785066768,0.9800000000
2394,0.3316550501,21.0775559024,0.9800000000
2395,0.3314354878,21.0765803039,1.0000000000
2396,0.3312239555,21.0755620436,1.0400000000
2397,0.3309675647,21.0744923410,1.1000000000
2398,0.3307258261,21.0733782663,1.1400000000
2399,0.3304379656,21.0722133043,1.2000000000
2400,0.3301026494,21.0709780055,1.2800000000
2401,0.3297873942,21.0696756177,1.3400000000
2402,0.3294207658,21.0683037636,1.4200000000
2403,0.3290459864,21.0668306918,1.5200000000
2404,0.3286750706,21.0652331871,1.6400000000
2405,0.3282286883,21.0635100670,1.7800000000
2406,0.3277043526,21.0616422683,1.9400000000
2407,0.3271521534,21.0596369064,2.0800000000
2408,0.3266055865,21.0574646116,2.2400000000
2409,0.3259652147,21.0551308756,2.4200000000
2410,0.3253342708,21.0526292142,2.5800000000
2411,0.3246907980,21.0499452725,2.7600000000
2412,0.3240208618,21.0470620824,2.9600000000
2413,0.3233647992,21.0439504941,3.1800000000
2414,0.3227143251,21.0405929230,3.4200000000
2415,0.3220454183,21.0370149119,3.6400000000
2416,0.3213847499,21.0332321725,3.8400000000
2417,0.3206875622,21.0292730906,4.0200000000
2418,0.3199469910,21.0251185805,4.2200000000
2419,0.3192196062,21.0207791207,4.4000000000
2420,0.3182958783,21.0162728221,4.6000000000
2421,0.3173942052,21.0115379108,4.8200000000
2422,0.3165114019,21.0065555159,5.0600000000
2423,0.3154802251,21.0013771885,5.2800000000
2424,0.3142758650,20.9959901748,5.5200000000
2425,0.3130083734,20.9903508606,5.7800000000
2426,0.3115477090,20.9845107528,6.0200000000
2427,0.3100030609,20.9784236794,6.2800000000
2428,0.3083871103,20.9720658257,6.5600000000
2429,0.3068670296,20.9653763597,6.8600000000
2430,0.3051293614,20.9584510360,7.1400000000
2431,0.3034347587,20.9512476811,7.4000000000
2432,0.3017341577,20.9437993554,7.6400000000
2433,0.2999946368,20.9360932495,7.9000000000
2434,0.2982951394,20.9280917429,8.1800000000
2435,0.2966838440,20.9197662323,8.4800000000
2436,0.2951074238,20.9111492433,8.7600000000
2437,0.2935963597,20.9022567135,9.0200000000
2438,0.2921381438,20.8931122504,9.2600000000
2439,0.2907163894,20.8836990142,9.5200000000
2440,0.2893231017,20.8740389755,9.7600000000
2441,0.2878364787,20.8641298709,10.0200000000
2442,0.2861003939,20.8539772354,10.3000000000
2443,0.2843203222,20.8435683476,10.5600000000
2444,0.2825613713,20.8329125467,10.8000000000
2445,0.2808677022,20.8219829957,11.0600000000
2446,0.2791028924,20.8108216586,11.3000000000
2447,0.2773968288,20.7993882450,11.5600000000
2448,0.2756979115,20.7876707674,11.8400000000
2449,0.2740126560,20.7756483087,12.1400000000
2450,0.2723505111,20.7632996701,12.4600000000
2451,0.2707048805,20.7506462319,12.7600000000
2452,0.2690468120,20.7377120752,13.0400000000
2453,0.2672863439,20.7245291032,13.3000000000
2454,0.2655550772,20.7111002419,13.5400000000
2455,0.2638416196,20.6974070296,13.8000000000
2456,0.2621412519,20.6834703747,14.0400000000
2457,0.2604504247,20.6693109713,14.2600000000
2458,0.2587645780,20.6549495814,14.4600000000
2459,0.2570291112,20.6404128089,14.6400000000
2460,0.2549257270,20.6257226293,14.8400000000
2461,0.2529027547,20.6108394851,15.0200000000
2462,0.2508882926,20.5957533874,15.2200000000
2463,0.2489333393,20.5804779772,15.4000000000
2464,0.2470271927,20.5650351729,15.5600000000
2465,0.2450559868,20.5494190931,15.7400000000
2466,0.2429547258,20.5336585505,15.9000000000
2467,0.2408497653,20.5177572694,16.0400000000
2468,0.2386168823,20.5017522754,16.1600000000
2469,0.2364883694,20.4856321937,16.2600000000
2470,0.2344384798,20.4694212853,16.3400000000
2471,0.2324177958,20.4531462481,16.4000000000
2472,0.2304684786,20.4368222240,16.4400000000
2473,0.2285041388,20.4204395695,16.5000000000
2474,0.2265613138,20.4039737919,16.5800000000
2475,0.2246742034,20.3874411450,16.6400000000
2476,0.2228239206,20.3708238391,16.7200000000
2477,0.2210120113,20.3541419512,16.7800000000
2478,0.2190992915,20.3373907989,16.8600000000
2479,0.2171955334,20.3205782410,16.9200000000
2480,0.2153188068,20.3036821498,17.0000000000
2481,0.2134833701,20.2866809389,17.1000000000
2482,0.2116790458,20.2695557290,17.2200000000
2483,0.2098560426,20.2522917127,17.3600000000
2484,0.2079970580,20.2349108446,17.4800000000
2485,0.2061744702,20.2174255772,17.5800000000
2486,0.2043392380,20.1998611950,17.6600000000
2487,0.2025362939,20.1821929469,17.7600000000
2488,0.2007532898,20.1644020701,17.8800000000
2489,0.1989480605,20.1465129240,17.9800000000
2490,0.1970360384,20.1285141971,18.1000000000
2491,0.1951350999,20.1103735236,18.2400000000
2492,0.1932458795,20.0920707685,18.4000000000
2493,0.1913823541,20.0736246612,18.5400000000
2494,0.1894704817,20.0550628632,18.6600000000
2495,0.1875117162,20.0363651832,18.8000000000
2496,0.1855575618,20.0175061567,18.9600000000
2497,0.1835801768,19.9984685742,19.1400000000
2498,0.1816166774,19.9792285048,19.3400000000
2499,0.1796665052,19.9597659657,19.5600000000
2500,0.1775774210,19.9400764831,19.8000000000
2501,0.1754814887,19.9201262783,20.0600000000
2502,0.1733511166,19.8998981515,20.3400000000
2503,0.1711518852,19.8793756521,20.6400000000
2504,0.1689617497,19.8585303911,20.9600000000
2505,0.1667156098,19.8373491528,21.3000000000
2506,0.1644237681,19.8158107439,21.6600000000
2507,0.1621143508,19.7938920716,22.0400000000
2508,0.1597677304,19.7715751056,22.4400000000
2509,0.1573755578,19.7488406140,22.8600000000
2510,0.1549769201,19.7256644077,23.3000000000
2511,0.1526018106,19.7020234167,23.7600000000
2512,0.1502446510,19.6778982970,24.2400000000
2513,0.1478481351,19.6532746435,24.7400000000
2514,0.1454042427,19.6281331442,25.2600000000
2515,0.1429108055,19.6024539158,25.8000000000
2516,0.1404128586,19.5762125389,26.3600000000
2517,0.1378274837,19.5493968823,26.9400000000
2518,0.1351784563,19.5219845812,27.5400000000
2519,0.1325039936,19.4939518709,28.1600000000
2520,0.1298424443,19.4652751180,28.8000000000
2521,0.1271554904,19.4359379082,29.4600000000
2522,0.1244681436,19.4059179520,30.1400000000
2523,0.1217104865,19.3752014918,30.8400000000
2524,0.1188803024,19.3437686482,31.5600000000
2525,0.1160180158,19.3115957199,32.3000000000
2526,0.1131492751,19.2786604208,33.0600000000
2527,0.1102034658,19.2449488826,33.8400000000
2528,0.1072520576,19.2104348450,34.6400000000
2529,0.1042876445,19.1750989730,35.4600000000
2530,0.1012688498,19.1389247158,36.3000000000
2531,0.0982330213,19.1018889312,37.1600000000
2532,0.0951751458,19.0639720353,38.0400000000
2533,0.0920762130,19.0251555411,38.9400000000
2534,0.0888830404,18.9854236491,39.8600000000
2535,0.0856798707,18.9447495823,40.8000000000
2536,0.0824417531,18.9031153153,41.7600000000
2537,0.0791806516,18.8604999094,42.7400000000
2538,0.0759125856,18.8168821682,43.7400000000
2539,0.0726398073,18.7722820861,44.7200000000
2540,0.0693645205,18.7266795544,45.7200000000
2541,0.0660879704,18.6800946404,46.7000000000
2542,0.0628082215,18.6325476231,47.6600000000
2543,0.0595420361,18.5840575001,48.6000000000
2544,0.0562969370,18.5346038558,49.5600000000
2545,0.0530710305,18.4841669137,50.5400000000
2546,0.0498694655,18.4327264474,51.5400000000
2547,0.0466902880,18.3802626843,52.5600000000
2548,0.0435684003,18.3267536775,53.6000000000
2549,0.0404953745,18.2721801297,54.6600000000
2550,0.0374240566,18.2165648710,55.7000000000
2551,0.0344033300,18.1599253652,56.7200000000
2552,0.0314136251,18.1022427919,57.7600000000
2553,0.0284921059,18.0435354404,58.7800000000
2554,0.0256535018,17.9838228728,59.7800000000
2555,0.0228667387,17.9231268140,60.7600000000
2556,0.0201278384,17.8614676150,61.7200000000
2557,0.0174505262,17.7988648387,62.6600000000
2558,0.0148346004,17.7353386761,63.5800000000
2559,0.0122851418,17.6709090970,64.4800000000
2560,0.0097950486,17.6055965482,65.3600000000
2561,0.0073820541,17.5394205264,66.2200000000
2562,0.0050394771,17.4724014550,67.0600000000
2563,0.0027691466,17.4045594326,67.8800000000
2564,0.0005721735,17.3359145806,68.6800000000
2565,-0.0015534803,17.2664871134,69.4600000000
2566,-0.0036052887,17.1962970965,70.2200000000
2567,-0.0055868387,17.1253647692,70.9600000000
2568,-0.0074969235,17.0537102231,71.6800000000
2569,-0.0093317187,16.9813534823,72.3800000000
2570,-0.0110891504,16.9083146226,73.0600000000
2571,-0.0127834687,16.8346140956,73.7200000000
2572,-0.0144090591,16.7602718663,74.3600000000
2573,-0.0159681647,16.6853080777,74.9800000000
2574,-0.0174649524,16.6097429004,75.5800000000
2575,-0.0188917603,16.5335962667,76.1600000000
2576,-0.0202521258,16.4568883284,76.7200000000
2577,-0.0215370570,16.3796390141,77.2600000000
2578,-0.0227577436,16.3018685935,77.7800000000
2579,-0.0239246843,16.2239569289,77.9204031859
2580,-0.0250562942,16.1460447431,77.9204031859
2581,-0.0261072563,16.0681314278,77.9204031859
2582,-0.0270796869,15.9902170927,77.9204031859
2583,-0.0279909686,15.9123020184,77.9204031859
2584,-0.0288197840,15.8343860233,77.9204031859
2585,-0.0295969616,15.7564694960,77.9204031859
2586,-0.0303112970,15.6785523672,77.9204031859
2587,-0.0309889317,15.6006349106,77.9204031859
2588,-0.0316283146,15.5227171307,77.9204031859
2589,-0.0322298801,15.4447990497,77.9204031859
2590,-0.0328031640,15.3668807554,77.9204031859
2591,-0.0333717967,15.2889624271,77.9204031859
2592,-0.0338985460,15.2110438044,77.9204031859
2593,-0.0343648830,15.1331247967,77.9204031859
2594,-0.0348135335,15.0552056851,77.9204031859
2595,-0.0352330764,14.9772864114,77.9204031859
2596,-0.0356085956,14.8993669131,77.9204031859
2597,-0.0359841625,14.8214474150,77.9204031859
2598,-0.0363561715,14.7435278998,77.9204031859
2599,-0.0366931104,14.6656082251,77.9204031859
2600,-0.0370022312,14.5876884351,77.9204031859
2601,-0.0372767475,14.5097685155,77.9204031859
2602,-0.0375074247,14.4318484538,77.9204031859
2603,-0.0377120714,14.3539283193,77.9204031859
2604,-0.0379162792,14.2760081837,77.9204031859
2605,-0.0381291694,14.1981080714,77.9004031859
2606,-0.0383097195,14.1202478776,77.8604031859
2607,-0.0384501536,14.0424476011,77.8004031859
2608,-0.0385972686,13.9647273372,77.7204031859
2609,-0.0387693733,13.8871071248,77.6204031859
2610,-0.0389415341,13.8096069128,77.5004031859
2611,-0.0390988847,13.7322466697,77.3604031859
2612,-0.0392223170,13.6550463652,77.2004031859
2613,-0.0393533037,13.5780260734,77.0204031859
2614,-0.0394754018,13.5012057672,76.8204031859
2615,-0.0396074406,13.4246054778,76.6004031859
2616,-0.0397400304,13.3482451897,76.3604031859
2617,-0.0398704373,13.2721448983,76.1004031859
2618,-0.0399621858,13.1963245506,75.8204031859
2619,-0.0400187747,13.1208041686,75.5204031859
2620,-0.0400815107,13.0456037916,75.2004031859
2621,-0.0401462969,12.9707434165,74.8604031859
2622,-0.0402250530,12.8962430549,74.5004031859
2623,-0.0403036138,12.8221226933,74.1204031859
2624,-0.0403261081,12.7484022936,73.7204031859
2625,-0.0403541274,12.6751018958,73.3004031859
2626,-0.0403691248,12.6022414941,72.8604031859
2627,-0.0403654077,12.5298410910,72.4004031859
2628,-0.0403692566,12.4579206879,71.9204031859
2629,-0.0403327404,12.3865002941,71.4204031859
2630,-0.0402013217,12.3156000127,70.9004031859
2631,-0.0400938318,12.2452396916,70.3604031859
2632,-0.0400223749,12.1754393250,69.8004031859
2633,-0.0399618892,12.1062189483,69.2204031859
2634,-0.0398030980,12.0375987288,68.6204031859
2635,-0.0396632659,11.9695984694,68.0004031859
2636,-0.0395687522,11.9022381325,67.3604031859
2637,-0.0394865786,11.8355377799,66.7004031859
2638,-0.0393987078,11.7695174352,66.0204031859
2639,-0.0393080252,11.7041970950,65.3204031859
2640,-0.0392351603,11.6395967329,64.6004031859
2641,-0.0391325136,11.5757364122,63.8604031859
2642,-0.0390426834,11.5126360730,63.1004031859
2643,-0.0389534629,11.4503157336,62.3204031859
2644,-0.0389011579,11.3887953527,61.5204031859
2645,-0.0388191369,11.3280950049,60.7004031859
2646,-0.0387354556,11.2682346602,59.8604031859
2647,-0.0386505727,11.2092343181,59.0004031859
2648,-0.0385875543,11.1511139491,58.1204031859
2649,-0.0385366686,11.0938935685,57.2204031859
2650,-0.0385046909,11.0375931744,56.3004031859
2651,-0.0384760476,10.9822327786,55.3604031859
2652,-0.0384481775,10.9278323826,54.4004031859
2653,-0.0383999432,10.8744120012,53.4204031859
2654,-0.0383454720,10.8219516263,52.4604031859
2655,-0.0382809920,10.7704712635,51.4804031859
2656,-0.0381943237,10.7199509346,50.5204031859
2657,-0.0381038600,10.6703706140,49.5804031859
2658,-0.0380163997,10.6217102894,48.6604031859
2659,-0.0379476512,10.5739499357,47.7604031859
2660,-0.0378672459,10.5270696014,46.8804031859
2661,-0.0377847806,10.4810492721,46.0204031859
2662,-0.0377067412,10.4358689364,45.1804031859
2663,-0.0376394586,10.3915085842,44.3604031859
2664,-0.0375650479,10.3479482446,43.5604031859
2665,-0.0374953065,10.3051678982,42.7804031859
2666,-0.0374142832,10.2631475731,42.0204031859
2667,-0.0373163382,10.2218672862,41.2804031859
2668,-0.0372067864,10.1813070309,40.5604031859
2669,-0.0371092054,10.1414467472,39.8604031859
2670,-0.0370094760,10.1022664709,39.1804031859
2671,-0.0368882988,10.0637462583,38.5204031859
2672,-0.0367807278,10.0258660079,37.8804031859
2673,-0.0366797561,9.9886057415,37.2604031859
2674,-0.0365848685,9.9519454611,36.6604031859
2675,-0.0365043575,9.9158651478,36.0804031859
2676,-0.0364209927,9.8803448424,35.5204031859
2677,-0.0363263153,9.8453645673,34.9804031859
2678,-0.0362352129,9.8109042846,34.4604031859
2679,-0.0361122610,9.7769441040,33.9604031859
2680,-0.0359932556,9.7434639123,33.4804031859
2681,-0.0358698427,9.7104437397,33.0204031859
2682,-0.0357408156,9.6778635920,32.5804031859
2683,-0.0356160854,9.6457034307,32.1604031859
2684,-0.0354966504,9.6139432521,31.7604031859
2685,-0.0353816240,9.5825630597,31.3804031859
2686,-0.0352652026,9.5515428750,31.0204031859
2687,-0.0351381713,9.5208627348,30.6804031859
2688,-0.0350195775,9.4905025633,30.3604031859
2689,-0.0348967422,9.4604424110,30.0604031859
2690,-0.0347794766,9.4306622387,29.7804031859
2691,-0.0346577493,9.4011420865,29.5204031859
2692,-0.0345375598,9.3718619300,29.2804031859
2693,-0.0343940419,9.3428018812,29.0604031859
2694,-0.0342529565,9.3139418229,28.8604031859
2695,-0.0341157570,9.2852617479,28.6804031859
2696,-0.0339753273,9.2567416904,28.5204031859
2697,-0.0338439142,9.2283615915,28.3804031859
2698,-0.0337035456,9.2001015369,28.2604031859
2699,-0.0335739178,9.1719414321,28.1604031859
2700,-0.0334443286,9.1438613279,28.0804031859
2701,-0.0333109289,9.1158412423,28.0204031859
2702,-0.0331883373,9.0878611076,27.9804031859
2703,-0.0330658385,9.0599009728,27.9604031859
2704,-0.0329446751,9.0319408321,27.9604031859
2705,-0.0328089921,9.0039607579,27.9804031859
2706,-0.0326796651,8.9759406532,28.0204031859
2707,-0.0325500200,8.9478605493,28.0804031859
2708,-0.0324227434,8.9197004337,28.1604031859
2709,-0.0322741148,8.8914404214,28.2604031859
2710,-0.0321346371,8.8630603609,28.3804031859
2711,-0.0319975114,8.8345402874,28.5204031859
2712,-0.0318641616,8.8058601942,28.6804031859
2713,-0.0317367468,8.7770000723,28.8604031859
2714,-0.0316162559,8.7479399189,29.0604031859
2715,-0.0315022047,8.7186597378,29.2804031859
2716,-0.0313901553,8.6891395473,29.5204031859
2717,-0.0312815312,8.6593593422,29.7804031859
2718,-0.0311641631,8.6292991682,30.0604031859
2719,-0.0310435842,8.5989390044,30.3604031859
2720,-0.0309134020,8.5682588774,30.6804031859
2721,-0.0307891595,8.5372387231,31.0204031859
2722,-0.0306647380,8.5058585665,31.3804031859
2723,-0.0305402484,8.4740984073,31.7604031859
2724,-0.0304090975,8.4419382716,32.1604031859
2725,-0.0302822692,8.4093581152,32.5804031859
2726,-0.0301580014,8.3763379459,33.0204031859
2727,-0.0300252289,8.3428578060,33.4804031859
2728,-0.0298960800,8.3088976483,33.9604031859
2729,-0.0297635102,8.2744375002,34.4604031859
2730,-0.0296321774,8.2394573435,34.9804031859
2731,-0.0295007900,8.2039371833,35.5204031859
2732,-0.0293610949,8.1678570506,36.0804031859
2733,-0.0292229494,8.1311969077,36.6604031859
2734,-0.0290986431,8.0939367118,37.2604031859
2735,-0.0289820479,8.0560564881,37.8804031859
2736,-0.0288590331,8.0175362813,38.5204031859
2737,-0.0287284256,7.9785760541,38.9604461753
2738,-0.0285989749,7.9396158230,38.9604461753
2739,-0.0284899041,7.9006555295,38.9604461753
2740,-0.0283872209,7.8616952186,38.9604461753
2741,-0.0282825238,7.8227349131,38.9604461753
2742,-0.0281848512,7.7837745894,38.9604461753
2743,-0.0280799873,7.7448142843,38.9604461753
2744,-0.0279829494,7.7058539590,38.9604461753
2745,-0.0278960907,7.6668936096,38.9604461753
2746,-0.0278026370,7.6279332755,38.9604461753
2747,-0.0277154881,7.5889729268,38.9604461753
2748,-0.0276231821,7.5500125900,38.9604461753
2749,-0.0275255330,7.5110522662,38.9604461753
2750,-0.0274379349,7.4720919185,38.9604461753
2751,-0.0273502364,7.4331315710,38.9604461753
2752,-0.0272705649,7.3941712063,38.9604461753
2753,-0.0271896246,7.3552108442,38.9604461753
2754,-0.0271138080,7.3162504718,38.9604461753
2755,-0.0270448163,7.2772900867,38.9604461753
2756,-0.0269845918,7.2383296871,38.9604461753
2757,-0.0269415164,7.1993692647,38.9604461753
2758,-0.0269082283,7.1604088328,38.9604461753
2759,-0.0268706562,7.1214484047,38.9604461753
2760,-0.0268347392,7.0824879751,38.9604461753
2761,-0.0268027466,7.0435275420,38.9604461753
2762,-0.0267811560,7.0045671019,38.9604461753
2763,-0.0267578269,6.9656066627,38.9604461753
2764,-0.0267404417,6.9266462204,38.9604461753
2765,-0.0267434775,6.8876857743,38.9604461753
2766,-0.0267403545,6.8487253283,38.9604461753
2767,-0.0267296791,6.8097648835,38.9604461753
2768,-0.0267292405,6.7708044374,38.9604461753
2769,-0.0267300418,6.7318439912,38.9604461753
2770,-0.0267264525,6.6928835452,38.9604461753
2771,-0.0267282432,6.6539230991,38.9604461753
2772,-0.0267413813,6.6149626551,38.9604461753
2773,-0.0267554235,6.5760022115,38.9604461753
2774,-0.0267744786,6.5370417699,38.9604461753
2775,-0.0267898548,6.4980813268,38.9604461753
2776,-0.0268043579,6.4591208833,38.9604461753
2777,-0.0268272367,6.4201604439,38.9604461753
2778,-0.0268376175,6.3811999991,38.9604461753
2779,-0.0268417088,6.3422395531,38.9604461753
2780,-0.0268611527,6.3032791118,38.9604461753
2781,-0.0268928137,6.2643186785,38.9604461753
2782,-0.0269215452,6.2253582429,38.9604461753
2783,-0.0269475662,6.1863978054,38.9604461753
2784,-0.0269651542,6.1474373632,38.9604461753
2785,-0.0269836236,6.1084769214,38.9604461753
2786,-0.0270078569,6.0695164828,38.9604461753
2787,-0.0270402179,6.0305560500,38.9604461753
2788,-0.0270632847,5.9915956107,38.9604461753
2789,-0.0270374841,5.9526351731,38.9604461753
2790,-0.0270819624,5.9136947523,38.9404461753
2791,-0.0270740548,5.8747943069,38.9004461753
2792,-0.0271334237,5.8359539061,38.8404461753
2793,-0.0271380303,5.7971534602,38.8004461753
2794,-0.0272079232,5.7584130771,38.7404461753
2795,-0.0273300548,5.7197528238,38.6604461753
2796,-0.0273849621,5.6811924167,38.5604461753
2797,-0.0274310907,5.6427119982,38.4804461753
2798,-0.0274257856,5.6042915524,38.4204461753
2799,-0.0273799052,5.5659111336,38.3804461753
2800,-0.0274107816,5.5275906999,38.3204461753
2801,-0.0275032926,5.4893103655,38.2804461753
2802,-0.0276451441,5.4510901826,38.2204461753
2803,-0.0277175005,5.4129098050,38.1804461753
2804,-0.0278191101,5.3747894942,38.1204461753
2805,-0.0279686721,5.3367093417,38.0804461753
2806,-0.0281168315,5.2986491839,38.0604461753
2807,-0.0281934351,5.2605888149,38.0604461753
2808,-0.0282127820,5.2225483736,38.0404461753
2809,-0.0281867020,5.1845079364,38.0404461753
2810,-0.0281533945,5.1464475048,38.0604461753
2811,-0.0280864336,5.1083471174,38.1004461753
2812,-0.0281040279,5.0702266753,38.1204461753
2813,-0.0280790849,5.0320662373,38.1604461753
2814,-0.0280207395,4.9938858357,38.1804461753
2815,-0.0280379434,4.9556653934,38.2204461753
2816,-0.0280145986,4.9174249543,38.2404461753
2817,-0.0280702069,4.8791445486,38.2804461753
2818,-0.0280784301,4.8408441033,38.3004461753
2819,-0.0281602724,4.8025437445,38.3004461753
2820,-0.0283014158,4.7642235583,38.3204461753
2821,-0.0284901502,4.7259035769,38.3204461753
2822,-0.0287171395,4.6875638027,38.3404461753
2823,-0.0289748878,4.6491842220,38.3804461753
2824,-0.0291802549,4.6107443244,38.4404461753
2825,-0.0294208006,4.5722646300,38.4804461753
2826,-0.0296893815,4.5337651207,38.5004461753
2827,-0.0299804603,4.4952257737,38.5404461753
2828,-0.0302892990,4.4566665643,38.5604461753
2829,-0.0306123327,4.4180674699,38.6004461753
2830,-0.0308242684,4.3794476052,38.6204461753
2831,-0.0310695228,4.3407879370,38.6604461753
2832,-0.0313221490,4.3020683149,38.7204461753
2833,-0.0316002673,4.2632688655,38.8004461753
2834,-0.0318989445,4.2243695660,38.9004461753
2835,-0.0320854062,4.1854095660,38.9604461753
2836,-0.0323101230,4.1464497679,38.9604461753
2837,-0.0324353902,4.1074895231,38.9604461753
2838,-0.0326112929,4.0685294740,38.9604461753
2839,-0.0327384482,4.0295692353,38.9604461753
2840,-0.0328349906,3.9906089088,38.9604461753
2841,-0.0329884182,3.9516687649,38.9404461753
2842,-0.0330548099,3.9127683754,38.9004461753
2843,-0.0330517731,3.8738879293,38.8804461753
2844,-0.0329938060,3.8350475264,38.8404461753
2845,-0.0329949738,3.7962270802,38.8204461753
2846,-0.0329417980,3.7574466705,38.7804461753
2847,-0.0328461103,3.7187263426,38.7204461753
2848,-0.0328487637,3.6800458965,38.6804461753
2849,-0.0328872991,3.6414254695,38.6204461753
2850,-0.0329978832,3.6028451818,38.5804461753
2851,-0.0330348813,3.5642847534,38.5604461753
2852,-0.0330133052,3.5257243133,38.5604461753
2853,-0.0330769346,3.4871839196,38.5404461753
2854,-0.0332089397,3.4486836997,38.5004461753
2855,-0.0332637590,3.4102432927,38.4404461753
2856,-0.0333890523,3.3718430509,38.4004461753
2857,-0.0335596169,3.3334629837,38.3804461753
2858,-0.0336448001,3.2950826321,38.3804461753
2859,-0.0336745593,3.2566821974,38.4004461753
2860,-0.0336777161,3.2182417514,38.4404461753
2861,-0.0336295374,3.1797413353,38.5004461753
2862,-0.0335409999,3.1412009909,38.5404461753
2863,-0.0334211000,3.1026007309,38.6004461753
2864,-0.0329146722,3.0639236001,38.6804461753
2865,-0.0325521181,3.0251848505,38.7404461753
2866,-0.0322286268,2.9863657521,38.8204461753
2867,-0.0312395577,2.9474978883,38.8804461753
2868,-0.0296057456,2.9085717143,38.9604461753
2869,-0.0282773827,2.8696339201,38.9604461753
2870,-0.0261491937,2.8307316428,38.9604461753
2871,-0.0244482817,2.7918083430,38.9604461753
2872,-0.0217899096,2.7529386965,38.9604461753
2873,-0.0182489100,2.7141394995,38.9604461753
2874,-0.0138855980,2.6754241553,38.9604461753
2875,-0.0087485478,2.6368038617,38.9604461753
2876,-0.0028798960,2.5983081830,38.9404461753
2877,0.0036914122,2.5599262047,38.9404461753
2878,0.0109361274,2.5216859742,38.9204461753
2879,0.0165169525,2.4832081431,38.8804461753
2880,0.0232107297,2.4449285451,38.8604461753
2881,0.0282567833,2.4063971083,38.8604461753
2882,0.0319471692,2.3676921971,38.8804461753
2883,0.0375348276,2.3292153578,38.8804461753
2884,0.0447693246,2.2909935477,38.9004461753
2885,0.0534402621,2.2530717920,38.9004461753
2886,0.0633835067,2.2154429066,38.9204461753
2887,0.0744565069,2.1781308469,38.9204461753
2888,0.0865401963,2.1411547849,38.9004461753
2889,0.0995344105,2.1045312313,38.8604461753
2890,0.1133683773,2.0682379589,38.8404461753
2891,0.1279709081,2.0322902091,38.8004461753
2892,0.1388057472,1.9950540806,38.7804461753
2893,0.1512863044,1.9583367999,38.7804461753
2894,0.1651828485,1.9221531261,38.7604461753
2895,0.1803205790,1.8864708994,38.7604461753
2896,0.1965600222,1.8512543765,38.7804461753
2897,0.2018861232,1.8405011142,12.0000000000
2898,0.2074507085,1.8298918829,11.9800000000
2899,0.2115365285,1.8186301568,11.9800000000
2900,0.2143813924,1.8069722517,12.0000000000
2901,0.2180404961,1.7955437365,12.0000000000
2902,0.2205155300,1.7838017517,12.0000000000
2903,0.2239126567,1.7722926453,12.0000000000
2904,0.2276511454,1.7609109011,11.9800000000
2905,0.2301655509,1.7492386534,11.9400000000
2906,0.2319259934,1.7374493684,11.9200000000
2907,0.2331805175,1.7256357927,11.8800000000
2908,0.2336767631,1.7138262144,11.8200000000
2909,0.2350944234,1.7021721233,11.7400000000
2910,0.2357232793,1.6905090645,11.6800000000
2911,0.2377456420,1.6790460959,11.6400000000
2912,0.2388627137,1.6674799146,11.6200000000
2913,0.2412996710,1.6561183285,11.6200000000
2914,0.2447784930,1.6450522633,11.6000000000
2915,0.2490855432,1.6342815011,11.6000000000
2916,0.2540404455,1.6238151100,11.5800000000
2917,0.2575351675,1.6128169957,11.5400000000
2918,0.2618738509,1.6021452467,11.5200000000
2919,0.2668849863,1.5917722567,11.5200000000
2920,0.2724201531,1.5816919824,11.5000000000
2921,0.2763935400,1.5709002172,11.5000000000
2922,0.2811421850,1.5604483863,11.4800000000
2923,0.2844228888,1.5494888889,11.4400000000
2924,0.2886354593,1.5389172925,11.3800000000
2925,0.2935605744,1.5287470791,11.3000000000
2926,0.2969618081,1.5180760150,11.2000000000
2927,0.3012580788,1.5078194825,11.1200000000
2928,0.3062317386,1.4979857087,11.0200000000
2929,0.3117091058,1.4885618852,10.9000000000
2930,0.3155616171,1.4785152063,10.7600000000
2931,0.3180629088,1.4681733912,10.6400000000
2932,0.3214932750,1.4582072391,10.5400000000
2933,0.3257555212,1.4486988398,10.4200000000
2934,0.3286068648,1.4387805617,10.3200000000
2935,0.3324120087,1.4293169007,10.2000000000
2936,0.3348875806,1.4195249886,10.1000000000
2937,0.3383905363,1.4101799524,9.9800000000
2938,0.3419941552,1.4010235595,9.8400000000
2939,0.3463313503,1.3923248735,9.7200000000
2940,0.3512235787,1.3840417278,9.6200000000
2941,0.3565398301,1.3761202967,9.5400000000
2942,0.3621851436,1.3685044688,9.4800000000
2943,0.3680915631,1.3611405154,9.4400000000
2944,0.3725681332,1.3528521670,9.4200000000
2945,0.3775771124,1.3449215600,9.3800000000
2946,0.3830048751,1.3372960113,9.3600000000
2947,0.3887448679,1.3299533359,9.3200000000
2948,0.3930432031,1.3217513901,9.2600000000
2949,0.3978905783,1.3139555352,9.1800000000
2950,0.4031592381,1.3065113681,9.1200000000
2951,0.4087325261,1.2993937800,9.0400000000
2952,0.4145167890,1.2925771897,8.9400000000
2953,0.4204360342,1.2860384639,8.8200000000
2954,0.4264277823,1.2797582286,8.6800000000
2955,0.4311267800,1.2726032988,8.5600000000
2956,0.4361510892,1.2658466193,8.4200000000
2957,0.4398254974,1.2584042592,8.3000000000
2958,0.4440405729,1.2514172184,8.1600000000
2959,0.4486294277,1.2448641725,8.0000000000
2960,0.4518901617,1.2377564293,7.8200000000
2961,0.4557105151,1.2311171145,7.6600000000
2962,0.4582145587,1.2240686987,7.4800000000
2963,0.4596339117,1.2169284020,7.2800000000
2964,0.4619712792,1.2102665469,7.0600000000
2965,0.4649450990,1.2041290559,6.8200000000
2966,0.4683340245,1.1985122255,6.5600000000
2967,0.4719665818,1.1933894404,6.2800000000
2968,0.4757352458,1.1886950212,6.0200000000
2969,0.4795663729,1.1843671042,5.7800000000
2970,0.4826535275,1.1797910932,5.5200000000
2971,0.4858868530,1.1756168860,5.2800000000
2972,0.4891662678,1.1718161178,5.0200000000
2973,0.4915872773,1.1676945753,4.7800000000
2974,0.4931385207,1.1634491019,4.5200000000
2975,0.4950622044,1.1596257734,4.2800000000
2976,0.4962355860,1.1557808318,4.0200000000
2977,0.4977898419,1.1523351550,3.7800000000
2978,0.4995777881,1.1492567061,3.5600000000
2979,0.5007018171,1.1461327728,3.3200000000
2980,0.5020896623,1.1433607906,3.1000000000
2981,0.5036077064,1.1409369213,2.8600000000
2982,0.5051759341,1.1388131836,2.6400000000
2983,0.5062488057,1.1366217123,2.4400000000
2984,0.5068906779,1.1344547789,2.2600000000
2985,0.5077460543,1.1325368814,2.1000000000
2986,0.5082490722,1.1306425284,1.9600000000
2987,0.5084853923,1.1288581090,1.8000000000
2988,0.5085331792,1.1272388139,1.6200000000
2989,0.5084571737,1.1257807936,1.4600000000
2990,0.5086055055,1.1245094173,1.2800000000
2991,0.5089186054,1.1234340716,1.1200000000
2992,0.5090663191,1.1224652679,0.9800000000
2993,0.5091038254,1.1216461261,0.8200000000
2994,0.5090791206,1.1210066031,0.6400000000
2995,0.5091411647,1.1205306298,0.4800000000
2996,0.5092282813,1.1202435572,0.3000000000
2997,0.5092582071,1.1201481400,0.1000000000
2998,0.5092582071,1.1201481400,0.0000000000
2999,0.5092582071,1.1201481400,0.0000000000
3000,0.5092582071,1.1201481400,0.0000000000
3001,0.5092582071,1.1201481400,0.0000000000
3002,0.5092582071,1.1201481400,0.0000000000
3003,0.5092582071,1.1201481400,0.0000000000
3004,0.5092582071,1.1201481400,0.0000000000
3005,0.5092582071,1.1201481400,0.0000000000
3006,0.5092582071,1.1201481400,0.0000000000
3007,0.5092582071,1.1201481400,0.0000000000
3008,0.5092582071,1.1201481400,0.0000000000
3009,0.5092673963,1.1201303760,0.0200000000
3010,0.5092999220,1.1200799569,0.0600000000
3011,0.5093304982,1.1200060307,0.0800000000
3012,0.5093494130,1.1199282989,0.0800000000
3013,0.5093609781,1.1198289699,0.1000000000
3014,0.5093923082,1.1196925205,0.1400000000
3015,0.5094264596,1.1195362078,0.1600000000
3016,0.5094832990,1.1193866441,0.1600000000
3017,0.5095132418,1.1192498836,0.1400000000
3018,0.5095229702,1.1191503580,0.1000000000
3019,0.5095232073,1.1190703583,0.0800000000
3020,0.5095368403,1.1189915285,0.0800000000
3021,0.5095405597,1.1189316439,0.0600000000
3022,0.5095514241,1.1188726357,0.0600000000
3023,0.5095778657,1.1187971318,0.0800000000
3024,0.5096010633,1.1186793954,0.1200000000
3025,0.5096622520,1.1185101147,0.1800000000
3026,0.5097065099,1.1182946124,0.2200000000
3027,0.5098033925,1.1180319077,0.2800000000
3028,0.5098776474,1.1176796490,0.3600000000
3029,0.5099195999,1.1172215660,0.4600000000
3030,0.5100582328,1.1166996648,0.5400000000
3031,0.5101377418,1.1161049562,0.6000000000
3032,0.5103233325,1.1154507727,0.6800000000
3033,0.5105333923,1.1147412130,0.7400000000
3034,0.5108528595,1.1140296368,0.7800000000
3035,0.5112568747,1.1133391502,0.8000000000
3036,0.5116202070,1.1126264163,0.8000000000
3037,0.5119729097,1.1119307146,0.7800000000
3038,0.5123706286,1.1113066797,0.7400000000
3039,0.5128040992,1.1107317855,0.7200000000
3040,0.5131092563,1.1101241021,0.6800000000
3041,0.5134409776,1.1096003073,0.6200000000
3042,0.5137651694,1.1091684513,0.5400000000
3043,0.5140511445,1.1088340589,0.4400000000
3044,0.5142120438,1.1085574519,0.3200000000
3045,0.5143387757,1.1083776214,0.2200000000
3046,0.5143807569,1.1082868603,0.1000000000
3047,0.5143807569,1.1082868603,0.0000000000
3048,0.5143807569,1.1082868603,0.0000000000
3049,0.5143807569,1.1082868603,0.0000000000
3050,0.5143807569,1.1082868603,0.0000000000
3051,0.5143807569,1.1082868603,0.0000000000
3052,0.5143807569,1.1082868603,0.0000000000
3053,0.5143807569,1.1082868603,0.0000000000
3054,0.5143807569,1.1082868603,0.0000000000
3055,0.5143807569,1.1082868603,0.0000000000
3056,0.5143807569,1.1082868603,0.0000000000
3057,0.5143857140,1.1082674843,0.0200000000
3058,0.5143932429,1.1082079586,0.0600000000
3059,0.5144163594,1.1081313712,0.0800000000
3060,0.5144494918,1.1080585547,0.0800000000
3061,0.5145004010,1.1079724835,0.1000000000
3062,0.5145817276,1.1078585274,0.1400000000
3063,0.5147087917,1.1077040777,0.2000000000
3064,0.5148449532,1.1074594146,0.2800000000
3065,0.5149556909,1.1071379536,0.3400000000
3066,0.5150353798,1.1067255828,0.4200000000
3067,0.5150728941,1.1062470510,0.4800000000
3068,0.5152096385,1.1057040032,0.5600000000
3069,0.5152905808,1.1050489853,0.6600000000
3070,0.5155030847,1.1043401539,0.7400000000
3071,0.5156358500,1.1035107122,0.8400000000
3072,0.5156843512,1.1025919916,0.9200000000
3073,0.5158993737,1.1016358717,0.9800000000
3074,0.5162830139,1.1006477319,1.0600000000
3075,0.5168286869,1.0996240908,1.1600000000
3076,0.5175359386,1.0985572286,1.2800000000
3077,0.5184088626,1.0974372269,1.4200000000
3078,0.5191406213,1.0960368952,1.5800000000
3079,0.5196673504,1.0943995325,1.7200000000
3080,0.5199948333,1.0925482748,1.8800000000
3081,0.5206711072,1.0906024451,2.0600000000
3082,0.5211066464,1.0883848099,2.2600000000
3083,0.5219572373,1.0860552402,2.4800000000
3084,0.5231836141,1.0836723008,2.6800000000
3085,0.5240597422,1.0809078118,2.9000000000
3086,0.5245982289,1.0778143296,3.1400000000
3087,0.5248162514,1.0744614106,3.3600000000
3088,0.5247426632,1.0709021712,3.5600000000
3089,0.5244075916,1.0671370514,3.7800000000
3090,0.5247280642,1.0631298457,4.0200000000
3091,0.5246961932,1.0588899655,4.2400000000
3092,0.5243551009,1.0544630867,4.4400000000
3093,0.5247817435,1.0498226583,4.6600000000
3094,0.5247986301,1.0449626876,4.8600000000
3095,0.5256615728,1.0399971131,5.0400000000
3096,0.5274042366,1.0350553804,5.2400000000
3097,0.5298742639,1.0302309255,5.4200000000
3098,0.5329590986,1.0255332457,5.6200000000
3099,0.5365509561,1.0209792849,5.8000000000
3100,0.5405595875,1.0165687889,5.9600000000
3101,0.5437859411,1.0113918552,6.1000000000
3102,0.5460767605,1.0056090750,6.2200000000
3103,0.5491443340,1.0000834626,6.3200000000
3104,0.5512747739,0.9940060598,6.4400000000
3105,0.5525857188,0.9875987964,6.5400000000
3106,0.5549711520,0.9814235144,6.6200000000
3107,0.5579195905,0.9753848795,6.7200000000
3108,0.5614683661,0.9695843458,6.8000000000
3109,0.5639797141,0.9631575946,6.9000000000
3110,0.5655913451,0.9563250954,7.0200000000
3111,0.5683384478,0.9497563948,7.1200000000
3112,0.5701397320,0.9427440504,7.2400000000
3113,0.5730894713,0.9360228423,7.3400000000
3114,0.5750422958,0.9288644293,7.4200000000
3115,0.5761595191,0.9214278836,7.5200000000
3116,0.5785471719,0.9141705621,7.6400000000
3117,0.5819924451,0.9071949982,7.7800000000
3118,0.5843747057,0.8996208029,7.9400000000
3119,0.5879713391,0.8923854295,8.0800000000
3120,0.5925157549,0.8855598683,8.2000000000
3121,0.5977924561,0.8791531200,8.3000000000
3122,0.6018935566,0.8717993880,8.4200000000
3123,0.6065399810,0.8646578797,8.5200000000
3124,0.6119907196,0.8579542203,8.6400000000
3125,0.6162189148,0.8502593672,8.7800000000
3126,0.6214239638,0.8430401245,8.9000000000
3127,0.6273800866,0.8362929324,9.0000000000
3128,0.6338554973,0.8298708255,9.1200000000
3129,0.6407708575,0.8237124659,9.2600000000
3130,0.6465689676,0.8162882946,9.4200000000
3131,0.6530665743,0.8092213924,9.6000000000
3132,0.6582992659,0.8009353234,9.8000000000
3133,0.6644852405,0.7930528037,10.0200000000
3134,0.6714059895,0.7854784500,10.2600000000
3135,0.6769955481,0.7765662542,10.5200000000
3136,0.6809866631,0.7665738270,10.7600000000
3137,0.6831663529,0.7558123516,10.9800000000
3138,0.6871956741,0.7453836906,11.1800000000
3139,0.6928282677,0.7354723895,11.4000000000
3140,0.6966599896,0.7245235125,11.6000000000
3141,0.7022628884,0.7141158267,11.8200000000
3142,0.7092443718,0.7043557606,12.0000000000
3143,0.7143643591,0.6935028472,12.0000000000
3144,0.7209510615,0.6834721268,12.0000000000
3145,0.7286305267,0.6742511825,12.0000000000
3146,0.7345339494,0.6638037139,12.0000000000
3147,0.7403501276,0.6533074254,12.0000000000
3148,0.7464667034,0.6429833031,12.0000000000
3149,0.7538471001,0.6335212873,12.0000000000
3150,0.7605725529,0.6235830638,12.0000000000
3151,0.7684198945,0.6145045602,12.0000000000
3152,0.7745143355,0.6041673560,12.0000000000
3153,0.7786519402,0.5929245527,11.9800000000
3154,0.7846011227,0.5825722183,11.9400000000
3155,0.7918773426,0.5731812107,11.8800000000
3156,0.7973357437,0.5626744768,11.8400000000
3157,0.8042534965,0.5531396409,11.7800000000
3158,0.8093347398,0.5425562309,11.7400000000
3159,0.8124334909,0.5312533046,11.7200000000
3160,0.8173890606,0.5206325359,11.7200000000
3161,0.8239851242,0.5109691025,11.7000000000
3162,0.8287444247,0.5002808352,11.7000000000
3163,0.8315084868,0.4889326035,11.6800000000
3164,0.8361420037,0.4782109935,11.6800000000
3165,0.8425020872,0.4684383307,11.6600000000
3166,0.8501711795,0.4596553572,11.6600000000
3167,0.8561338706,0.4496585620,11.6400000000
3168,0.8635060768,0.4407025264,11.6000000000
3169,0.8691268423,0.4306239056,11.5400000000
3170,0.8728269730,0.4197776790,11.4600000000
3171,0.8782514670,0.4097964734,11.3600000000
3172,0.8851813298,0.4008961699,11.2800000000
3173,0.8903600204,0.3909879126,11.1800000000
3174,0.8936580254,0.3803891786,11.1000000000
3175,0.8949938257,0.3694705872,11.0000000000
3176,0.8944366034,0.3585648133,10.9200000000
3177,0.8924071350,0.3479368475,10.8200000000
3178,0.8892570327,0.3376692063,10.7400000000
3179,0.8878926957,0.3271170414,10.6400000000
3180,0.8883205399,0.3165657121,10.5600000000
3181,0.8905056826,0.3062956025,10.5000000000
3182,0.8943734856,0.2965769760,10.4600000000
3183,0.8998115566,0.2876651309,10.4400000000
3184,0.9066721676,0.2797958478,10.4400000000
3185,0.9146331616,0.2730109988,10.4600000000
3186,0.9233356832,0.2672077482,10.4600000000
3187,0.9325457347,0.2622072132,10.4800000000
3188,0.9421023525,0.2579058813,10.4800000000
3189,0.9519254811,0.2541969536,10.5000000000
3190,0.9619573943,0.2509639490,10.5400000000
3191,0.9721656713,0.2481089394,10.6000000000
3192,0.9824849589,0.2455162761,10.6400000000
3193,0.9928698632,0.2431101667,10.6600000000
3194,1.0033433902,0.2409203645,10.7000000000
3195,1.0138782749,0.2389367811,10.7200000000
3196,1.0244407878,0.2371060104,10.7200000000
3197,1.0350011882,0.2353832382,10.7000000000
3198,1.0455789583,0.2337705450,10.7000000000
3199,1.0561835188,0.2322015654,10.7200000000
3200,1.0668030374,0.2307372487,10.7200000000
3201,1.0774404703,0.2292564984,10.7400000000
3202,1.0881290045,0.2278552002,10.7800000000
3203,1.0988864634,0.2265200306,10.8400000000
3204,1.1096889997,0.2252240325,10.8800000000
3205,1.1205549249,0.2239531003,10.9400000000
3206,1.1314580027,0.2226556816,10.9800000000
3207,1.1424264906,0.2214011409,11.0400000000
3208,1.1534756877,0.2201482870,11.1200000000
3209,1.1646171462,0.2188230312,11.2200000000
3210,1.1758758396,0.2174675151,11.3400000000
3211,1.1872747035,0.2161050532,11.4800000000
3212,1.1988350703,0.2147458187,11.6400000000
3213,1.2105680105,0.2133138572,11.8200000000
3214,1.2225027684,0.2118848877,12.0200000000
3215,1.2346545075,0.2104176327,12.2400000000
3216,1.2470505768,0.2089726874,12.4800000000
3217,1.2597086893,0.2075305409,12.7400000000
3218,1.2726441415,0.2060491638,13.0200000000
3219,1.2858789746,0.2045453051,13.3200000000
3220,1.2994243219,0.2029411958,13.6400000000
3221,1.3133118378,0.2013357977,13.9800000000
3222,1.3275234145,0.1997480044,14.3000000000
3223,1.3420758512,0.1981491964,14.6400000000
3224,1.3569849610,0.1965004263,15.0000000000
3225,1.3722752202,0.1948413986,15.3800000000
3226,1.3879641684,0.1931486768,15.7800000000
3227,1.4040761243,0.1914620011,16.2000000000
3228,1.4206257456,0.1897300558,16.6400000000
3229,1.4376330898,0.1879523481,17.1000000000
3230,1.4551205450,0.1861508737,17.5800000000
3231,1.4731004903,0.1842514089,18.0800000000
3232,1.4916011476,0.1823315968,18.6000000000
3233,1.5106393527,0.1803602141,19.1400000000
3234,1.5302350817,0.1783360094,19.7000000000
3235,1.5504027151,0.1762041179,20.2800000000
3236,1.5711702484,0.1740398722,20.8800000000
3237,1.5925570113,0.1718361535,21.5000000000
3238,1.6145857628,0.1696194651,22.1400000000
3239,1.6372703977,0.1673287578,22.8000000000
3240,1.6606325696,0.1649794337,23.4800000000
3241,1.6846942699,0.1625905059,24.1800000000
3242,1.7094731816,0.1601378471,24.9000000000
3243,1.7349891503,0.1576189299,25.6400000000
3244,1.7612498951,0.1549109273,26.4000000000
3245,1.7882954534,0.1522108942,27.1800000000
3246,1.8161350871,0.1494117521,27.9800000000
3247,1.8447943579,0.1465681280,28.8000000000
3248,1.8742960477,0.1437080764,29.6400000000
3249,1.9046632467,0.1408649747,30.5000000000
3250,1.9359105062,0.1379817172,31.3800000000
3251,1.9680492244,0.1349648993,32.2800000000
3252,2.0011064612,0.1318893347,33.2000000000
3253,2.0351005994,0.1287368488,34.1400000000
3254,2.0700549598,0.1255426843,35.1000000000
3255,2.1059939892,0.1223563749,36.0800000000
3256,2.1429342867,0.1191406605,37.0800000000
3257,2.1808531129,0.1158655692,38.0600000000
3258,2.2197712527,0.1125396121,39.0600000000
3259,2.2597128346,0.1092114842,40.0800000000
3260,2.3006963490,0.1058639547,41.1200000000
3261,2.3427426236,0.1025078874,42.1800000000
3262,2.3858688033,0.0991078543,43.2600000000
3263,2.4300572068,0.0956950258,44.3200000000
3264,2.4753275979,0.0922669529,45.4000000000
3265,2.5216926168,0.0887264685,46.5000000000
3266,2.5691854069,0.0852480663,47.6200000000
3267,2.6178216517,0.0817762805,48.7600000000
3268,2.6676181505,0.0782669918,49.9200000000
3269,2.7185940689,0.0747080951,51.1000000000
3270,2.7707367343,0.0712080895,52.2600000000
3271,2.8240228387,0.0677222501,53.4000000000
3272,2.8784765749,0.0643186909,54.5600000000
3273,2.9340775377,0.0609986105,55.7000000000
3274,2.9908448080,0.0577525939,56.8600000000
3275,3.0487987974,0.0545940003,58.0400000000
3276,3.1079562150,0.0514670934,59.2400000000
3277,3.1682954613,0.0483443141,60.4200000000
3278,3.2297991850,0.0452802688,61.5800000000
3279,3.2924478248,0.0422892274,62.7200000000
3280,3.3562207951,0.0393645287,63.8400000000
3281,3.4210964561,0.0364745099,64.9400000000
3282,3.4870572942,0.0336801868,66.0200000000
3283,3.5540831986,0.0309867618,67.0800000000
3284,3.6221526182,0.0283621644,68.1200000000
3285,3.6912450771,0.0257986273,69.1400000000
