step,x,y,velocity
0,0.0000000000,0.0000000000,0.0000000000
1,0.0000200000,-0.0000000000,0.0200000000
2,0.0000400000,-0.0000000000,0.0200000000
3,0.0000800000,-0.0000000001,0.0400000000
4,0.0001600000,-0.0000000005,0.0800000000
5,0.0003000000,-0.0000000015,0.1400000000
6,0.0005200000,-0.0000000039,0.2200000000
7,0.0008400000,-0.0000000090,0.3200000000
8,0.0012800000,-0.0000000186,0.4400000000
9,0.0018600000,-0.0000000352,0.5800000000
10,0.0025600000,-0.0000000610,0.7000000000
11,0.0034000000,-0.0000000996,0.8400000000
12,0.0044000000,-0.0000001560,1.0000000000
13,0.0055800000,-0.0000002363,1.1800000000
14,0.0069600000,-0.0000003477,1.3800000000
15,0.0085600000,-0.0000004993,1.6000000000
16,0.0103600000,-0.0000006971,1.8000000000
17,0.0123800000,-0.0000009523,2.0200000000
18,0.0146399999,-0.0000012776,2.2600000000
19,0.0171599999,-0.0000016878,2.5200000000
20,0.0199599999,-0.0000021997,2.8000000000
21,0.0230599998,-0.0000028323,3.1000000000
22,0.0264799997,-0.0000036072,3.4200000000
23,0.0302399996,-0.0000045481,3.7600000000
24,0.0343599994,-0.0000056813,4.1200000000
25,0.0388599992,-0.0000070359,4.5000000000
26,0.0437599990,-0.0000086444,4.9000000000
27,0.0490799986,-0.0000105421,5.3200000000
28,0.0548399982,-0.0000127673,5.7600000000
29,0.0610599976,-0.0000153596,6.2200000000
30,0.0677599970,-0.0000183653,6.7000000000
31,0.0749599961,-0.0000218332,7.2000000000
32,0.0826799951,-0.0000258116,7.7200000000
33,0.0909399939,-0.0000303566,8.2600000000
34,0.0997599923,-0.0000355333,8.8200000000
35,0.1091599905,-0.0000413949,9.4000000000
36,0.1191599883,-0.0000480114,10.0000000000
37,0.1297799857,-0.0000554591,10.6200000000
38,0.1410399826,-0.0000637925,11.2600000000
39,0.1529599790,-0.0000731063,11.9200000000
40,0.1655599747,-0.0000834546,12.6000000000
41,0.1788599698,-0.0000949502,13.3000000000
42,0.1928799640,-0.0001076809,14.0200000000
43,0.2076399573,-0.0001217405,14.7600000000
44,0.2231599496,-0.0001372056,15.5200000000
45,0.2394599408,-0.0001541698,16.3000000000
46,0.2565199307,-0.0001726728,17.0600000000
47,0.2743599193,-0.0001928655,17.8400000000
48,0.2929999064,-0.0002148105,18.6400000000
49,0.3124598918,-0.0002386551,19.4600000000
50,0.3327598753,-0.0002645002,20.3000000000
51,0.3539198569,-0.0002924186,21.1600000000
52,0.3759598363,-0.0003225740,22.0400000000
53,0.3988998133,-0.0003550433,22.9400000000
54,0.4227597876,-0.0003900398,23.8600000000
55,0.4475597594,-0.0004274539,24.8000000000
56,0.4733197281,-0.0004676453,25.7600000000
57,0.5000596934,-0.0005106883,26.7400000000
58,0.5277996555,-0.0005565493,27.7400000000
59,0.5565596137,-0.0006055718,28.7600000000
60,0.5863595678,-0.0006578642,29.8000000000
61,0.6172195173,-0.0007136981,30.8600000000
62,0.6491594618,-0.0007732688,31.9400000000
63,0.6821994028,-0.0008356757,33.0400000000
64,0.7163593373,-0.0009025763,34.1600000000
65,0.7516592665,-0.0009732981,35.3000000000
66,0.7881191901,-0.0010479528,36.4600000000
67,0.8257591084,-0.0011263507,37.6400000000
68,0.8645590204,-0.0012089750,38.8000000000
69,0.9045389241,-0.0012967248,39.9800000000
70,0.9457188220,-0.0013884228,41.1800000000
71,0.9881187162,-0.0014831808,42.4000000000
72,1.0317586013,-0.0015833240,43.6400000000
73,1.0766184780,-0.0016885049,44.8600000000
74,1.1226783460,-0.0017987432,46.0600000000
75,1.1699582049,-0.0019142763,47.2800000000
76,1.2184380543,-0.0020351137,48.4800000000
77,1.2681378987,-0.0021594730,49.7000000000
78,1.3190777312,-0.0022901002,50.9400000000
79,1.3712375562,-0.0024252226,52.1600000000
80,1.4245973759,-0.0025639141,53.3600000000
81,1.4791371845,-0.0027084059,54.5400000000
82,1.5342800915,-0.0028555613,55.1431033284
83,1.5894229868,-0.0030070348,55.1431033284
84,1.6445658829,-0.0031582093,55.1431033284
85,1.6997087809,-0.0033086905,55.1431033284
86,1.7548516782,-0.0034594226,55.1431033284
87,1.8099945665,-0.0036134277,55.1431033284
88,1.8651374883,-0.0037549057,55.1431033284
89,1.9202803941,-0.0039025080,55.1431033284
90,1.9754232836,-0.0040560722,55.1431033284
91,2.0305661630,-0.0042132435,55.1431033284
92,2.0857090269,-0.0043757432,55.1431033284
93,2.1408518789,-0.0045422260,55.1431033284
94,2.1959947322,-0.0047082730,55.1431033284
95,2.2511375911,-0.0048724561,55.1431033284
96,2.3062804337,-0.0050420195,55.1431033284
97,2.3614232671,-0.0052145557,55.1431033284
98,2.4165660876,-0.0053911872,55.1431033284
99,2.4717088942,-0.0055720946,55.1431033284
100,2.5268517170,-0.0057479915,55.1431033284
101,2.5819945128,-0.0059321388,55.1431033284
102,2.6371372959,-0.0061200749,55.1431033284
103,2.6922801002,-0.0063016641,55.1431033284
104,2.7474229101,-0.0064815477,55.1431033284
105,2.8025657336,-0.0066572420,55.1431033284
106,2.8577085190,-0.0068444869,55.1431033284
107,2.9128512967,-0.0070339764,55.1431033284
108,2.9679940682,-0.0072252893,55.1431033284
109,3.0231368357,-0.0074177305,55.1431033284
110,3.0782796206,-0.0076051334,55.1431033284
111,3.1334223740,-0.0078015775,55.1431033284
112,3.1885651290,-0.0079975857,55.1431033284
113,3.2437078586,-0.0082006143,55.1431033284
114,3.2988505795,-0.0084059645,55.1431033284
115,3.3539932971,-0.0086122425,55.1431033284
116,3.4091359954,-0.0088235767,55.1431033284
117,3.4642786719,-0.0090405393,55.1431033284
118,3.5194213930,-0.0092458607,55.1431033284
119,3.5745641176,-0.0094502334,55.1431033284
120,3.6297068242,-0.0096594125,55.1431033284
121,3.6848495055,-0.0098751496,55.1431033284
122,3.7124209883,-0.0099779125,27.5716743046
123,3.7399924709,-0.0100807222,27.5716743046
124,3.7675639594,-0.0101819548,27.5716743046
125,3.7951354432,-0.0102844406,27.5716743046
126,3.8227068986,-0.0103943062,27.5716743046
127,3.8502783498,-0.0105052362,27.5716743046
128,3.8778497779,-0.0106217383,27.5716743046
129,3.9054212018,-0.0107392454,27.5716743046
130,3.9329926226,-0.0108574964,27.5716743046
131,3.9605640810,-0.0109665907,27.5716743046
132,3.9881355605,-0.0110702360,27.5716743046
133,4.0157070182,-0.0111795270,27.5716743046
134,4.0432784536,-0.0112943105,27.5716743046
135,4.0708498707,-0.0114133917,27.5716743046
136,4.0984212795,-0.0115344007,27.5716743046
137,4.1259926549,-0.0116627842,27.5716743046
138,4.1535640146,-0.0117944922,27.5716743046
139,4.1811353929,-0.0119222521,27.5716743046
140,4.2087067501,-0.0120544859,27.5716743046
141,4.2362781111,-0.0121859365,27.5716743046
142,4.2638494502,-0.0123218919,27.5716743046
143,4.2914208000,-0.0124556545,27.5716743046
144,4.3189921252,-0.0125944006,27.5716743046
145,4.3465634489,-0.0127334442,27.5716743046
146,4.3741347519,-0.0128765350,27.5716743046
147,4.4017060953,-0.0130116270,27.5716743046
148,4.4292774220,-0.0131500764,27.5716743046
149,4.4568487362,-0.0132909958,27.5716743046
150,4.4844200459,-0.0134327785,27.5716743046
151,4.5119913727,-0.0135712122,27.5716743046
152,4.5395626815,-0.0137131676,27.5716743046
153,4.5671339653,-0.0138599148,27.5716743046
154,4.5947052371,-0.0140089093,27.5716743046
155,4.6222764909,-0.0141611790,27.5716743046
156,4.6498477263,-0.0143167434,27.5716743046
157,4.6774189880,-0.0144675818,27.5716743046
158,4.7049902272,-0.0146224824,27.5716743046
159,4.7325614713,-0.0147765082,27.5716743046
160,4.7601326772,-0.0149372130,27.5716743046
161,4.7877038523,-0.0151031408,27.5716743046
162,4.8152750507,-0.0152651219,27.5716743046
163,4.8428462394,-0.0154287753,27.5716743046
164,4.8704174521,-0.0155883092,27.5716743046
165,4.8979885904,-0.0157602398,27.5716743046
166,4.9255597068,-0.0159356237,27.5716743046
167,4.9531307900,-0.0161161757,27.5716743046
168,4.9807018207,-0.0163045626,27.5716743046
169,5.0082728364,-0.0164951335,27.5716743046
170,5.0358438225,-0.0166899329,27.5716743046
171,5.0634148335,-0.0168811855,27.5716743046
172,5.0909858844,-0.0170665915,27.5716743046
173,5.1185569408,-0.0172511848,27.5716743046
174,5.1461280110,-0.0174336950,27.5716743046
175,5.1736991068,-0.0176123084,27.5716743046
176,5.2012702170,-0.0177886815,27.5716743046
177,5.2288412951,-0.0179699966,27.5716743046
178,5.2564123753,-0.0181509985,27.5716743046
179,5.2839834183,-0.0183375757,27.5716743046
180,5.3115544395,-0.0185273400,27.5716743046
181,5.3391254648,-0.0187165197,27.5716743046
182,5.3666964376,-0.0189132077,27.5716743046
183,5.3942674620,-0.0191025142,27.5716743046
184,5.4218384760,-0.0192933212,27.5716743046
185,5.4494094590,-0.0194885700,27.5716743046
186,5.4769805264,-0.0196715030,27.5716743046
187,5.5045515850,-0.0198557661,27.5716743046
188,5.5321226172,-0.0200439324,27.5716743046
189,5.5596937886,-0.0202104594,27.5716743046
190,5.5872648854,-0.0203889205,27.5716743046
191,5.6148359345,-0.0205745880,27.5716743046
192,5.6424070063,-0.0207568740,27.5716743046
193,5.6699780449,-0.0209440945,27.5716743046
194,5.6975489985,-0.0211434500,27.5716743046
195,5.7251199545,-0.0213424632,27.5716743046
196,5.7526908984,-0.0215431530,27.5716743046
197,5.7802618654,-0.0217406512,27.5716743046
198,5.8078327684,-0.0219468892,27.5716743046
199,5.8354036531,-0.0221555451,27.5716743046
200,5.8629746218,-0.0223527958,27.5716743046
201,5.8905455579,-0.0225545637,27.5716743046
202,5.9181165011,-0.0227553444,27.5716743046
203,5.9456874582,-0.0229542089,27.5716743046
204,5.9732584227,-0.0231520570,27.5716743046
205,6.0008293659,-0.0233528425,27.5716743046
206,6.0283805555,-0.0235162716,27.5516743046
207,6.0558919063,-0.0236496917,27.5116743046
208,6.0833432893,-0.0237761424,27.4516743046
209,6.1107547661,-0.0238802144,27.4116743046
210,6.1381063041,-0.0239665620,27.3516743046
211,6.1653776193,-0.0241065053,27.2716743046
212,6.1925886778,-0.0242895789,27.2116743046
213,6.2197194798,-0.0245071379,27.1316743046
214,6.2467501571,-0.0247393068,27.0316743046
215,6.2736611767,-0.0249270155,26.9116743046
216,6.3004720154,-0.0251386933,26.8116743046
217,6.3271627572,-0.0253618103,26.6916743046
218,6.3537132626,-0.0256109551,26.5516743046
219,6.3801435584,-0.0258808999,26.4316743046
220,6.4064336750,-0.0261670942,26.2916743046
221,6.4326036393,-0.0264662654,26.1716743046
222,6.4586334782,-0.0267753778,26.0316743046
223,6.4845439907,-0.0270207533,25.9116743046
224,6.5103142923,-0.0272867479,25.7716743046
225,6.5359644114,-0.0275692102,25.6516743046
226,6.5615143749,-0.0278648862,25.5516743046
227,6.5869842070,-0.0281712305,25.4716743046
228,6.6123539315,-0.0284857651,25.3716743046
229,6.6376444019,-0.0287325396,25.2916743046
230,6.6628348576,-0.0289803205,25.1916743046
231,6.6879453610,-0.0292228163,25.1116743046
232,6.7129956451,-0.0294867404,25.0516743046
233,6.7380057377,-0.0297680189,25.0116743046
234,6.7629556685,-0.0300629863,24.9516743046
235,6.7878255091,-0.0303649926,24.8716743046
236,6.8125952323,-0.0306758960,24.7716743046
237,6.8372848577,-0.0309939829,24.6916743046
238,6.8618744050,-0.0313174124,24.5916743046
239,6.8863438915,-0.0316446349,24.4716743046
240,6.9106733317,-0.0319743505,24.3316743046
241,6.9348827345,-0.0323059972,24.2116743046
242,6.9589921067,-0.0326391812,24.1116743046
243,6.9830214534,-0.0329736423,24.0316743046
244,7.0069907787,-0.0333092262,23.9716743046
245,7.0309200850,-0.0336458745,23.9316743046
246,7.0547904057,-0.0339000874,23.8716743046
247,7.0786213372,-0.0340882468,23.8316743046
248,7.1023926276,-0.0342233528,23.7716743046
249,7.1261236437,-0.0344001036,23.7316743046
250,7.1497949833,-0.0345259872,23.6716743046
251,7.1733860495,-0.0346953767,23.5916743046
252,7.1969168396,-0.0348993633,23.5316743046
253,7.2203680569,-0.0350457760,23.4516743046
254,7.2437590016,-0.0352305197,23.3916743046
255,7.2671096854,-0.0354455985,23.3516743046
256,7.2904008544,-0.0355990253,23.2916743046
257,7.3136117598,-0.0357879579,23.2116743046
258,7.3367630613,-0.0359193293,23.1516743046
259,7.3598741046,-0.0360901216,23.1116743046
260,7.3829648945,-0.0362922189,23.0916743046
261,7.4060154552,-0.0365188032,23.0516743046
262,7.4290465801,-0.0366778752,23.0316743046
263,7.4520380173,-0.0367823099,22.9916743046
264,7.4750092164,-0.0369300610,22.9716743046
265,7.4979801676,-0.0371123333,22.9716743046
266,7.5209715197,-0.0372340414,22.9916743046
267,7.5440026289,-0.0373953912,23.0316743046
268,7.5670534966,-0.0375882281,23.0516743046
269,7.5901448139,-0.0377166241,23.0916743046
270,7.6132558909,-0.0378827899,23.1116743046
271,7.6363667582,-0.0380759188,23.1116743046
272,7.6594580867,-0.0382023030,23.0916743046
273,7.6825491805,-0.0383660359,23.0916743046
274,7.7056600443,-0.0385595872,23.1116743046
275,7.7288106979,-0.0387769849,23.1516743046
276,7.7519819289,-0.0389203123,23.1716743046
277,7.7751529310,-0.0390968092,23.1716743046
278,7.7983037188,-0.0392994196,23.1516743046
279,7.8214143177,-0.0395223733,23.1116743046
280,7.8445047552,-0.0397613629,23.0916743046
281,7.8675558978,-0.0399179274,23.0516743046
282,7.8905468287,-0.0401028182,22.9916743046
283,7.9134582291,-0.0402148449,22.9116743046
284,7.9362694213,-0.0403631595,22.8116743046
285,7.9589604254,-0.0405375525,22.6916743046
286,7.9815112425,-0.0407341778,22.5516743046
287,8.0039018992,-0.0409476560,22.3916743046
288,8.0261131810,-0.0410797044,22.2116743046
289,8.0481247528,-0.0411468873,22.0116743046
290,8.0699161573,-0.0412553075,21.7916743046
291,8.0914673753,-0.0413955508,21.5516743046
292,8.1127989227,-0.0414691516,21.3316743046
293,8.1338903036,-0.0415803957,21.0916743046
294,8.1547219162,-0.0416310917,20.8316743046
295,8.1753133865,-0.0417227476,20.5916743046
296,8.1956450297,-0.0417583626,20.3316743046
297,8.2157367022,-0.0417500498,20.0916743046
298,8.2356083299,-0.0417930908,19.8716743046
299,8.2552800042,-0.0417913593,19.6716743046
300,8.2747316437,-0.0417545765,19.4516743046
301,8.2939433087,-0.0417734776,19.2116743046
302,8.3129349729,-0.0417539060,18.9916743046
303,8.3317266209,-0.0417853307,18.7916743046
304,8.3503381586,-0.0418566632,18.6116743046
305,8.3687898188,-0.0418794512,18.4516743046
306,8.3870613826,-0.0419429848,18.2716743046
307,8.4051328063,-0.0420381699,18.0716743046
308,8.4229840807,-0.0421576566,17.8516743046
309,8.4406356484,-0.0422189847,17.6516743046
310,8.4581071390,-0.0422991250,17.4716743046
311,8.4754187863,-0.0423296966,17.3116743046
312,8.4925503320,-0.0423960759,17.1316743046
313,8.5094817448,-0.0424901760,16.9316743046
314,8.5262333663,-0.0425322450,16.7516743046
315,8.5428250347,-0.0425462104,16.5916743046
316,8.5592366290,-0.0425974495,16.4116743046
317,8.5754882308,-0.0426459863,16.2516743046
318,8.5915597175,-0.0427236449,16.0716743046
319,8.6074710757,-0.0428239475,15.9116743046
320,8.6232423093,-0.0429418411,15.7716743046
321,8.6388534322,-0.0430730565,15.6116743046
322,8.6542849365,-0.0431454912,15.4316743046
323,8.6695165885,-0.0431715834,15.2316743046
324,8.6845681552,-0.0432284982,15.0516743046
325,8.6994196103,-0.0433091802,14.8516743046
326,8.7140911551,-0.0433708286,14.6716743046
327,8.7285626533,-0.0434422248,14.4716743046
328,8.7428541727,-0.0435087609,14.2916743046
329,8.7569857569,-0.0435592265,14.1316743046
330,8.7709374075,-0.0435849275,13.9516743046
331,8.7847290581,-0.0436105202,13.7916743046
332,8.7983807297,-0.0436018680,13.6516743046
333,8.8118722908,-0.0435466143,13.4916743046
334,8.8251837722,-0.0434749398,13.3116743046
335,8.8383348406,-0.0433486986,13.1516743046
336,8.8513052769,-0.0431694873,12.9716743046
337,8.8640748756,-0.0429392400,12.7716743046
338,8.8766634384,-0.0426593362,12.5916743046
339,8.8890526961,-0.0424146198,12.3916743046
340,8.9012604761,-0.0421062423,12.2116743046
341,8.9133065548,-0.0417390320,12.0516743046
342,8.9251707673,-0.0413181870,11.8716743046
343,8.9368329923,-0.0408486238,11.6716743046
344,8.9482731464,-0.0403350878,11.4516743046
345,8.9594769492,-0.0399150362,11.2116743046
346,8.9704578898,-0.0394293954,10.9916743046
347,8.9812022860,-0.0390338572,10.7516743046
348,8.9916889804,-0.0387106367,10.4916743046
349,9.0018920161,-0.0382906902,10.2116743046
350,9.0118388850,-0.0379814656,9.9516743046
351,9.0215416656,-0.0375659336,9.7116743046
352,9.0309873848,-0.0372304721,9.4516743046
353,9.0401955456,-0.0369760720,9.2116743046
354,9.0491792451,-0.0365974567,8.9916743046
355,9.0579579204,-0.0361195474,8.7916743046
356,9.0665215199,-0.0357475738,8.5716743046
357,9.0748887253,-0.0354740692,8.3716743046
358,9.0830374432,-0.0352545487,8.1516743046
359,9.0909871402,-0.0350772271,7.9516743046
360,9.0987574748,-0.0349329327,7.7716743046
361,9.1063282329,-0.0348151443,7.5716743046
362,9.1136792736,-0.0347186258,7.3516743046
363,9.1208305017,-0.0346387384,7.1516743046
364,9.1277978568,-0.0343933703,6.9716743046
365,9.1346067109,-0.0341973789,6.8116743046
366,9.1412699150,-0.0338613002,6.6716743046
367,9.1477664415,-0.0334174012,6.5116743046
368,9.1540763196,-0.0328924851,6.3316743046
369,9.1601801626,-0.0323089353,6.1316743046
370,9.1660986569,-0.0316813584,5.9516743046
371,9.1718307560,-0.0312072302,5.7516743046
372,9.1773367870,-0.0306752129,5.5316743046
373,9.1826375125,-0.0301015753,5.3316743046
374,9.1877140045,-0.0295028735,5.1116743046
375,9.1926051409,-0.0290541764,4.9116743046
376,9.1972709132,-0.0285618591,4.6916743046
377,9.2016924546,-0.0280447749,4.4516743046
378,9.2058645065,-0.0276396619,4.1916743046
379,9.2097921049,-0.0272041156,3.9516743046
380,9.2134564861,-0.0267560427,3.6916743046
381,9.2168920298,-0.0264227332,3.4516743046
382,9.2201142044,-0.0261751258,3.2316743046
383,9.2231403069,-0.0259914064,3.0316743046
384,9.2259821811,-0.0257551918,2.8516743046
385,9.2286264932,-0.0255577321,2.6516743046
386,9.2310871373,-0.0253244852,2.4716743046
387,9.2333923555,-0.0251518369,2.3116743046
388,9.2355542198,-0.0249456531,2.1716743046
389,9.2375931467,-0.0247173010,2.0516743046
390,9.2394899395,-0.0244792342,1.9116743046
391,9.2412651491,-0.0242368965,1.7916743046
392,9.2429072860,-0.0240596553,1.6516743046
393,9.2443935796,-0.0239330704,1.4916743046
394,9.2457379274,-0.0237925280,1.3516743046
395,9.2469654390,-0.0236913502,1.2316743046
396,9.2480912080,-0.0235758907,1.1316743046
397,9.2491355356,-0.0234517987,1.0516743046
398,9.2500790294,-0.0233272859,0.9516743046
399,9.2509023747,-0.0232098779,0.8316743046
400,9.2515862762,-0.0231064758,0.6916743046
401,9.2521539176,-0.0230386912,0.5716743046
402,9.2526235151,-0.0229944771,0.4716743046
403,9.2529729864,-0.0229551755,0.3516743046
404,9.2532226493,-0.0229234205,0.2516743046
405,9.2533926879,-0.0228997787,0.1716743046
406,9.2534639345,-0.0228919601,0.0716743046
407,9.2534639345,-0.0228919601,0.0000000000
408,9.2534639345,-0.0228919601,0.0000000000
409,9.2534639345,-0.0228919601,0.0000000000
410,9.2534639345,-0.0228919601,0.0000000000
411,9.2534639345,-0.0228919601,0.0000000000
412,9.2534837539,-0.0228892784,0.0200000000
413,9.2535434148,-0.0228829078,0.0600000000
414,9.2536228194,-0.0228731658,0.0800000000
415,9.2537024495,-0.0228654823,0.0800000000
416,9.2538021629,-0.0228579161,0.1000000000
417,9.2539419162,-0.0228496093,0.1400000000
418,9.2541412025,-0.0228327278,0.2000000000
419,9.2543805362,-0.0228148562,0.2400000000
420,9.2546400928,-0.0227996794,0.2600000000
421,9.2548992227,-0.0227784257,0.2600000000
422,9.2551387276,-0.0227630179,0.2400000000
423,9.2553784256,-0.0227509827,0.2400000000
424,9.2556380527,-0.0227370612,0.2600000000
425,9.2558975174,-0.0227203859,0.2600000000
426,9.2561764206,-0.0226956275,0.2800000000
427,9.2564945544,-0.0226611182,0.3200000000
428,9.2568716512,-0.0226142351,0.3800000000
429,9.2572877595,-0.0225571921,0.4200000000
430,9.2577626309,-0.0224872130,0.4800000000
431,9.2583159682,-0.0224010858,0.5600000000
432,9.2589279561,-0.0223017340,0.6200000000
433,9.2596222765,-0.0222127439,0.7000000000
434,9.2603748937,-0.0221070682,0.7600000000
435,9.2612055636,-0.0219822182,0.8400000000
436,9.2620944940,-0.0218414961,0.9000000000
437,9.2630219836,-0.0216886462,0.9400000000
438,9.2639740920,-0.0215658065,0.9600000000
439,9.2649265607,-0.0214457926,0.9600000000
440,9.2658972112,-0.0213107458,0.9800000000
441,9.2668713764,-0.0212039655,0.9800000000
442,9.2678238291,-0.0210838240,0.9600000000
443,9.2687350068,-0.0209567214,0.9200000000
444,9.2696250117,-0.0208229629,0.9000000000
445,9.2705187690,-0.0207171432,0.9000000000
446,9.2714306775,-0.0205953934,0.9200000000
447,9.2723806440,-0.0204569607,0.9600000000
448,9.2733542580,-0.0203452661,0.9800000000
449,9.2743656425,-0.0202129727,1.0200000000
450,9.2754346453,-0.0200592427,1.0800000000
451,9.2765810718,-0.0198823071,1.1600000000
452,9.2778246827,-0.0196797436,1.2600000000
453,9.2791934783,-0.0195042481,1.3800000000
454,9.2806587503,-0.0192959743,1.4800000000
455,9.2822488612,-0.0191183582,1.6000000000
456,9.2839745303,-0.0188954997,1.7400000000
457,9.2858157212,-0.0186316511,1.8600000000
458,9.2877526423,-0.0183317563,1.9600000000
459,9.2897777212,-0.0180854735,2.0400000000
460,9.2919079466,-0.0178811699,2.1400000000
461,9.2941128323,-0.0176225604,2.2200000000
462,9.2963724356,-0.0173182697,2.2800000000
463,9.2986671631,-0.0169767644,2.3200000000
464,9.3009917380,-0.0167085266,2.3400000000
465,9.3033621514,-0.0164951248,2.3800000000
466,9.3057468220,-0.0162243004,2.4000000000
467,9.3081773222,-0.0160091980,2.4400000000
468,9.3106714784,-0.0158383628,2.5000000000
469,9.3132481042,-0.0157064557,2.5800000000
470,9.3158790004,-0.0154874002,2.6400000000
471,9.3185934056,-0.0153130318,2.7200000000
472,9.3214100228,-0.0151749451,2.8200000000
473,9.3243002560,-0.0149371386,2.9000000000
474,9.3272825024,-0.0146112455,3.0000000000
475,9.3303363072,-0.0142104009,3.0800000000
476,9.3334998087,-0.0138868924,3.1800000000
477,9.3367341620,-0.0134787763,3.2600000000
478,9.3400194684,-0.0130000673,3.3200000000
479,9.3433580167,-0.0126209959,3.3600000000
480,9.3467467546,-0.0121596331,3.4200000000
481,9.3502056452,-0.0116247725,3.5000000000
482,9.3537548378,-0.0110220852,3.6000000000
483,9.3574145079,-0.0103548414,3.7200000000
484,9.3611965142,-0.0098174136,3.8200000000
485,9.3650732955,-0.0093924828,3.9000000000
486,9.3689977297,-0.0088629389,3.9600000000
487,9.3729501195,-0.0082476222,4.0000000000
488,9.3769411619,-0.0077659782,4.0200000000
489,9.3809439576,-0.0073944596,4.0200000000
490,9.3849537907,-0.0069016727,4.0400000000
491,9.3889505500,-0.0063121690,4.0400000000
492,9.3929152027,-0.0056473912,4.0200000000
493,9.3968292943,-0.0049260820,3.9800000000
494,9.4007138770,-0.0041569156,3.9600000000
495,9.4046280525,-0.0035562243,3.9600000000
496,9.4085491841,-0.0028742218,3.9800000000
497,9.4124937929,-0.0023446360,3.9800000000
498,9.4164440454,-0.0017157443,4.0000000000
499,9.4203809997,-0.0010083608,4.0000000000
500,9.4243233688,-0.0004623523,3.9800000000
501,9.4282812785,-0.0000436026,3.9800000000
502,9.4322438400,0.0005023882,4.0000000000
503,9.4362219194,0.0009205806,4.0000000000
504,9.4401645404,0.0014647671,3.9800000000
505,9.4441227300,0.0018808628,3.9800000000
506,9.4480585822,0.0023175176,3.9600000000
507,9.4519386141,0.0028758654,3.9200000000
508,9.4558154153,0.0033006153,3.9000000000
509,9.4596362401,0.0038491571,3.8600000000
510,9.4634138078,0.0042614462,3.8000000000
511,9.4671354230,0.0047973378,3.7600000000
512,9.4708532686,0.0052038156,3.7400000000
513,9.4745409735,0.0055052005,3.7000000000
514,9.4781745067,0.0057220794,3.6400000000
515,9.4817545877,0.0061002590,3.6000000000
516,9.4852589000,0.0066016526,3.5400000000
517,9.4886678677,0.0071937159,3.4600000000
518,9.4920026523,0.0078564466,3.4000000000
519,9.4953244364,0.0083617686,3.3600000000
520,9.4985711011,0.0089526731,3.3000000000
521,9.5017245881,0.0096037644,3.2200000000
522,9.5048063903,0.0100904833,3.1200000000
523,9.5077549194,0.0106438150,3.0000000000
524,9.5105918777,0.0112452030,2.9000000000
525,9.5133000109,0.0118732275,2.7800000000
526,9.5159387488,0.0123416952,2.6800000000
527,9.5184467750,0.0128549249,2.5600000000
528,9.5208068458,0.0133901500,2.4200000000
529,9.5230408295,0.0139372486,2.3000000000
530,9.5251701800,0.0144903006,2.2000000000
531,9.5272494694,0.0149037680,2.1200000000
532,9.5292600804,0.0153521467,2.0600000000
533,9.5312120722,0.0156840020,1.9800000000
534,9.5330768043,0.0159231137,1.8800000000
535,9.5348687215,0.0160935037,1.8000000000
536,9.5365647237,0.0162100223,1.7000000000
537,9.5381828879,0.0162871227,1.6200000000
538,9.5396950450,0.0164413334,1.5200000000
539,9.5410803512,0.0166436369,1.4000000000
540,9.5423726806,0.0167846498,1.3000000000
541,9.5435888172,0.0168816646,1.2200000000
542,9.5446996815,0.0170244248,1.1200000000
543,9.5456896675,0.0171655905,1.0000000000
544,9.5465361301,0.0173175809,0.8600000000
545,9.5472212472,0.0174611586,0.7000000000
546,9.5477665289,0.0175887043,0.5600000000
547,9.5481542524,0.0176870426,0.4000000000
548,9.5483666691,0.0177443067,0.2200000000
549,9.5484244098,0.0177606163,0.0600000000
550,9.5484244098,0.0177606163,0.0000000000
551,9.5484244098,0.0177606163,0.0000000000
552,9.5484244098,0.0177606163,0.0000000000
553,9.5484244098,0.0177606163,0.0000000000
554,9.5484244098,0.0177606163,0.0000000000
555,9.5484244098,0.0177606163,0.0000000000
556,9.5484244098,0.0177606163,0.0000000000
557,9.5484244098,0.0177606163,0.0000000000
558,9.5484244098,0.0177606163,0.0000000000
559,9.5484244098,0.0177606163,0.0000000000
560,9.5484441907,0.0177635687,0.0200000000
561,9.5484638561,0.0177672120,0.0200000000
562,9.5484638561,0.0177672120,0.0000000000
563,9.5484638561,0.0177672120,0.0000000000
564,9.5484836008,0.0177703974,0.0200000000
565,9.5485424910,0.0177818839,0.0600000000
566,9.5486216324,0.0177935735,0.0800000000
567,9.5487396505,0.0178152929,0.1200000000
568,9.5489156850,0.0178528673,0.1800000000
569,9.5491324727,0.0178903253,0.2200000000
570,9.5494068013,0.0179463952,0.2800000000
571,9.5497186599,0.0180181181,0.3200000000
572,9.5500928916,0.0180840777,0.3800000000
573,9.5505092342,0.0181393841,0.4200000000
574,9.5509428520,0.0182140541,0.4400000000
575,9.5513739631,0.0183020499,0.4400000000
576,9.5518222606,0.0184051487,0.4600000000
577,9.5523147720,0.0184913605,0.5000000000
578,9.5528240212,0.0185965522,0.5200000000
579,9.5533695189,0.0187231708,0.5600000000
580,9.5539406004,0.0188244914,0.5800000000
581,9.5545083722,0.0189429615,0.5800000000
582,9.5551009987,0.0190367373,0.6000000000
583,9.5556968330,0.0191073170,0.6000000000
584,9.5562746559,0.0191575231,0.5800000000
585,9.5568097557,0.0192301056,0.5400000000
586,9.5573219577,0.0193198223,0.5200000000
587,9.5578311413,0.0194253309,0.5200000000
588,9.5583646039,0.0195091025,0.5400000000
589,9.5589341313,0.0196188229,0.5800000000
590,9.5595674579,0.0197110038,0.6400000000
591,9.5602756355,0.0198409442,0.7200000000
592,9.5610481215,0.0199489510,0.7800000000
593,9.5618946654,0.0201004879,0.8600000000
594,9.5628340147,0.0202985352,0.9600000000
595,9.5638849762,0.0205472920,1.0800000000
596,9.5650856836,0.0207633983,1.2200000000
597,9.5664133277,0.0209449501,1.3400000000
598,9.5678858147,0.0210938864,1.4800000000
599,9.5694814539,0.0212119352,1.6000000000
600,9.5712191811,0.0213008410,1.7400000000
601,9.5730683457,0.0215013161,1.8600000000
602,9.5750052408,0.0218013780,1.9600000000
603,9.5770715237,0.0220398633,2.0800000000
604,9.5792438664,0.0222224202,2.1800000000
605,9.5814999400,0.0223555810,2.2600000000
606,9.5838045093,0.0226227149,2.3200000000
607,9.5861561604,0.0228210510,2.3600000000
608,9.5885141626,0.0231438910,2.3800000000
609,9.5908959839,0.0235720582,2.4200000000
610,9.5933141230,0.0238979469,2.4400000000
611,9.5957820325,0.0241425335,2.4800000000
612,9.5982939539,0.0245191646,2.5400000000
613,9.6008961277,0.0248242732,2.6200000000
614,9.6035664887,0.0250513690,2.6800000000
615,9.6063000454,0.0254325087,2.7600000000
616,9.6091053320,0.0257202012,2.8200000000
617,9.6119466590,0.0260464845,2.8600000000
618,9.6148168077,0.0262844898,2.8800000000
619,9.6176920617,0.0264497607,2.8800000000
620,9.6205500898,0.0265559457,2.8600000000
621,9.6233694743,0.0266148624,2.8200000000
622,9.6261693417,0.0266421189,2.8000000000
623,9.6289601425,0.0268689020,2.8000000000
624,9.6317287195,0.0271206586,2.7800000000
625,9.6344393723,0.0275206105,2.7400000000
626,9.6371434585,0.0278144092,2.7200000000
627,9.6398465688,0.0281170555,2.7200000000
628,9.6425221108,0.0284796507,2.7000000000
629,9.6451770596,0.0289708192,2.7000000000
630,9.6477914018,0.0295604079,2.6800000000
631,9.6504336033,0.0300089292,2.6800000000
632,9.6531124874,0.0303459452,2.7000000000
633,9.6558013919,0.0305904705,2.7000000000
634,9.6585159818,0.0307619402,2.7200000000
635,9.6612734746,0.0308795562,2.7600000000
636,9.6640362344,0.0311886808,2.7800000000
637,9.6668407936,0.0314833807,2.8200000000
638,9.6696832066,0.0319471569,2.8800000000
639,9.6725795919,0.0325575275,2.9600000000
640,9.6755561061,0.0330681771,3.0200000000
641,9.6786315097,0.0334579116,3.1000000000
642,9.6817797154,0.0340313228,3.2000000000
643,9.6850169120,0.0347681800,3.3200000000
644,9.6884276772,0.0353497990,3.4600000000
645,9.6919513104,0.0359825780,3.5800000000
646,9.6956390455,0.0364714642,3.7200000000
647,9.6994617258,0.0368357654,3.8400000000
648,9.7033528140,0.0374546615,3.9400000000
649,9.7073666973,0.0380648590,4.0600000000
650,9.7114409864,0.0389049591,4.1600000000
651,9.7155535512,0.0399366621,4.2400000000
652,9.7197242836,0.0411369083,4.3400000000
653,9.7239360359,0.0424776328,4.4200000000
654,9.7281728301,0.0439336462,4.4800000000
655,9.7324568122,0.0454960475,4.5600000000
656,9.7368096341,0.0471599409,4.6600000000
657,9.7413651392,0.0484695109,4.7400000000
658,9.7459741101,0.0499470042,4.8400000000
659,9.7506206859,0.0515643274,4.9200000000
660,9.7554395602,0.0528208503,4.9800000000
661,9.7602855623,0.0542768255,5.0600000000
662,9.7652819776,0.0553949642,5.1200000000
663,9.7702617728,0.0567467185,5.1600000000
664,9.7753794631,0.0577751377,5.2200000000
665,9.7805844579,0.0585338400,5.2600000000
666,9.7857522156,0.0596167438,5.2800000000
667,9.7910116431,0.0604172576,5.3200000000
668,9.7962701880,0.0615539657,5.3800000000
669,9.8016640589,0.0624011709,5.4600000000
670,9.8070534025,0.0635950617,5.5200000000
671,9.8124528514,0.0650803064,5.6000000000
672,9.8180004073,0.0662029030,5.6600000000
673,9.8235159704,0.0676411533,5.7000000000
674,9.8290185726,0.0693437893,5.7600000000
675,9.8346732987,0.0706337788,5.8000000000
676,9.8404157350,0.0715807871,5.8200000000
677,9.8462372888,0.0722509455,5.8600000000
678,9.8520108435,0.0733647072,5.8800000000
679,9.8578761597,0.0741674938,5.9200000000
680,9.8637908968,0.0747147460,5.9400000000
681,9.8696795332,0.0757560729,5.9800000000
682,9.8756737471,0.0764983661,6.0400000000
683,9.8817335009,0.0769941321,6.0800000000
684,9.8877860604,0.0780266647,6.1400000000
685,9.8939588794,0.0787913254,6.2200000000
686,9.9002181395,0.0793012892,6.2800000000
687,9.9064851063,0.0803851375,6.3600000000
688,9.9128593650,0.0811501382,6.4200000000
689,9.9192997887,0.0816526736,6.4600000000
690,9.9256850720,0.0827565565,6.4800000000
691,9.9321589552,0.0835306603,6.5200000000
692,9.9385999763,0.0848758917,6.5800000000
693,9.9449689309,0.0866816649,6.6200000000
694,9.9512810758,0.0888678091,6.6800000000
695,9.9575219345,0.0913598128,6.7200000000
696,9.9639908240,0.0932521842,6.7400000000
697,9.9705855030,0.0946442360,6.7400000000
698,9.9770782722,0.0965261363,6.7600000000
699,9.9837351652,0.0979138592,6.8000000000
700,9.9905241450,0.0988984169,6.8600000000
701,9.9972366095,0.1004961714,6.9000000000
702,10.0040613363,0.1016405076,6.9200000000
703,10.0107992681,0.1033846047,6.9600000000
704,10.0174162105,0.1056064224,6.9800000000
705,10.0242002413,0.1072487760,6.9800000000
706,10.0308597866,0.1094052676,7.0000000000
707,10.0377100529,0.1110286754,7.0400000000
708,10.0446757419,0.1121787952,7.0600000000
709,10.0515426231,0.1139832185,7.1000000000
710,10.0585836175,0.1152832173,7.1600000000
711,10.0655147665,0.1172323643,7.2000000000
712,10.0725968219,0.1186369610,7.2200000000
713,10.0797531671,0.1195935812,7.2200000000
714,10.0869685977,0.1201895355,7.2400000000
715,10.0942019846,0.1204989130,7.2400000000
716,10.1014216129,0.1205721757,7.2200000000
717,10.1085284634,0.1215944655,7.1800000000
718,10.1154656009,0.1233669560,7.1600000000
719,10.1221850687,0.1257213461,7.1200000000
720,10.1290346953,0.1274319643,7.0600000000
721,10.1356652679,0.1297375896,7.0200000000
722,10.1424221421,0.1314067960,6.9600000000
723,10.1492447748,0.1325635513,6.9200000000
724,10.1560645331,0.1333055067,6.8600000000
725,10.1628720215,0.1337184252,6.8200000000
726,10.1696303429,0.1338690611,6.7600000000
727,10.1763115629,0.1345899632,6.7200000000
728,10.1829175254,0.1354366384,6.6600000000
729,10.1892938500,0.1370611030,6.5800000000
730,10.1956579570,0.1384783334,6.5200000000
731,10.2017992357,0.1405459638,6.4800000000
732,10.2077233540,0.1431220893,6.4600000000
733,10.2138939321,0.1450340428,6.4600000000
734,10.2198810856,0.1475128314,6.4800000000
735,10.2261369074,0.1493499743,6.5200000000
736,10.2322544971,0.1516622666,6.5400000000
737,10.2381965204,0.1544887060,6.5800000000
738,10.2444874548,0.1566132634,6.6400000000
739,10.2505943746,0.1593202785,6.6800000000
740,10.2565016722,0.1624815812,6.7000000000
741,10.2622424139,0.1660130801,6.7400000000
742,10.2684425577,0.1687067425,6.7600000000
743,10.2744136388,0.1718759364,6.7600000000
744,10.2801551710,0.1754061501,6.7400000000
745,10.2856746704,0.1792041925,6.7000000000
746,10.2916573574,0.1820846536,6.6400000000
747,10.2978738362,0.1841796455,6.5600000000
748,10.3037975014,0.1868554989,6.5000000000
749,10.3094525109,0.1899783929,6.4600000000
750,10.3148758091,0.1934513507,6.4400000000
751,10.3201084170,0.1972054705,6.4400000000
752,10.3258566319,0.2000645657,6.4200000000
753,10.3313371549,0.2033307970,6.3800000000
754,10.3365570450,0.2068938221,6.3200000000
755,10.3422353940,0.2095761256,6.2800000000
756,10.3476567550,0.2127060529,6.2600000000
757,10.3534239362,0.2150358644,6.2200000000
758,10.3594026083,0.2166776562,6.2000000000
759,10.3651426332,0.2190211821,6.2000000000
760,10.3706121501,0.2218981223,6.1800000000
761,10.3764234604,0.2240007569,6.1800000000
762,10.3824498894,0.2254575184,6.2000000000
763,10.3885812302,0.2263776596,6.2000000000
764,10.3945286122,0.2281989360,6.2200000000
765,10.4002163052,0.2307165834,6.2200000000
766,10.4056522373,0.2337806072,6.2400000000
767,10.4108327015,0.2372591688,6.2400000000
768,10.4157673159,0.2410457214,6.2200000000
769,10.4212225066,0.2439497348,6.1800000000
770,10.4269763294,0.2460349024,6.1200000000
771,10.4324188029,0.2487452311,6.0800000000
772,10.4381611495,0.2506814790,6.0600000000
773,10.4440419705,0.2519684695,6.0200000000
774,10.4499536423,0.2527259233,5.9600000000
775,10.4558241246,0.2530603447,5.8800000000
776,10.4614959069,0.2543654444,5.8200000000
777,10.4672228127,0.2551470772,5.7800000000
778,10.4726882164,0.2568346087,5.7200000000
779,10.4782225018,0.2579214782,5.6400000000
780,10.4834303696,0.2598108468,5.5400000000
781,10.4882929121,0.2622942478,5.4600000000
782,10.4933993491,0.2640504656,5.4000000000
783,10.4981653871,0.2664142087,5.3200000000
784,10.5031184380,0.2680621427,5.2200000000
785,10.5077378231,0.2703162238,5.1400000000
786,10.5120054572,0.2729974360,5.0400000000
787,10.5159305650,0.2759639034,4.9200000000
788,10.5195344338,0.2791040515,4.7800000000
789,10.5235383461,0.2814882257,4.6600000000
790,10.5277727104,0.2831804900,4.5600000000
791,10.5316584955,0.2853285762,4.4400000000
792,10.5351941525,0.2877758460,4.3000000000
793,10.5383967017,0.2903994464,4.1400000000
794,10.5415779723,0.2928242179,4.0000000000
795,10.5444848826,0.2953940959,3.8800000000
796,10.5473532801,0.2978559439,3.7800000000
797,10.5505373763,0.2997404946,3.7000000000
798,10.5539240429,0.3010746946,3.6400000000
799,10.5573753206,0.3019477821,3.5600000000
800,10.5607986920,0.3024499063,3.4600000000
801,10.5639742929,0.3034848742,3.3400000000
802,10.5668435334,0.3049017224,3.2000000000
803,10.5697349618,0.3058404674,3.0400000000
804,10.5723351042,0.3071247023,2.9000000000
805,10.5746679552,0.3086367230,2.7800000000
806,10.5771295777,0.3096963524,2.6800000000
807,10.5793675571,0.3110197753,2.6000000000
808,10.5814102746,0.3125293796,2.5400000000
809,10.5836538323,0.3136323070,2.5000000000
810,10.5857344663,0.3149818855,2.4800000000
811,10.5876461385,0.3164981670,2.4400000000
812,10.5894218156,0.3181423600,2.4200000000
813,10.5910932864,0.3198923844,2.4200000000
814,10.5926895015,0.3217378376,2.4400000000
815,10.5946206896,0.3232937658,2.4800000000
816,10.5966725491,0.3247909206,2.5400000000
817,10.5990307233,0.3259325923,2.6200000000
818,10.6012828003,0.3273853652,2.6800000000
819,10.6034132714,0.3290763688,2.7200000000
820,10.6058290030,0.3303693656,2.7400000000
821,10.6082288925,0.3317725513,2.7800000000
822,10.6104798400,0.3334378548,2.8000000000
823,10.6126082023,0.3353181935,2.8400000000
824,10.6146426657,0.3373848233,2.9000000000
825,10.6165846992,0.3395921081,2.9400000000
826,10.6184629011,0.3419314151,3.0000000000
827,10.6203571968,0.3443090703,3.0400000000
828,10.6221771235,0.3467690432,3.0600000000
829,10.6239253370,0.3492804869,3.0600000000
830,10.6261077963,0.3514537958,3.0800000000
831,10.6286430129,0.3532028174,3.0800000000
832,10.6309841021,0.3551733253,3.0600000000
833,10.6336391953,0.3566945355,3.0600000000
834,10.6360892175,0.3584942551,3.0400000000
835,10.6383355911,0.3604826730,3.0000000000
836,10.6404166787,0.3626156227,2.9800000000
837,10.6423687888,0.3648672147,2.9800000000
838,10.6441998325,0.3671929143,2.9600000000
839,10.6463863911,0.3691282079,2.9200000000
840,10.6488317674,0.3706113583,2.8600000000
841,10.6510351752,0.3723064672,2.7800000000
842,10.6530060463,0.3741225253,2.6800000000
843,10.6551470322,0.3755260135,2.5600000000
844,10.6573723626,0.3764769629,2.4200000000
845,10.6595567467,0.3770566751,2.2600000000
846,10.6616548721,0.3773604346,2.1200000000
847,10.6635193302,0.3779649146,1.9600000000
848,10.6652683177,0.3782957357,1.7800000000
849,10.6668823819,0.3784342882,1.6200000000
850,10.6683223669,0.3784408588,1.4400000000
851,10.6695829663,0.3786628705,1.2800000000
852,10.6706184837,0.3790339550,1.1000000000
853,10.6714984722,0.3792226881,0.9000000000
854,10.6721668283,0.3794904568,0.7200000000
855,10.6727106736,0.3796239945,0.5600000000
856,10.6730740525,0.3797351509,0.3800000000
857,10.6732513535,0.3797662055,0.1800000000
858,10.6732513535,0.3797662055,0.0000000000
859,10.6732513535,0.3797662055,0.0000000000
860,10.6732513535,0.3797662055,0.0000000000
861,10.6732513535,0.3797662055,0.0000000000
862,10.6732513535,0.3797662055,0.0000000000
863,10.6732513535,0.3797662055,0.0000000000
864,10.6732513535,0.3797662055,0.0000000000
865,10.6732513535,0.3797662055,0.0000000000
866,10.6732513535,0.3797662055,0.0000000000
867,10.6732513535,0.3797662055,0.0000000000
868,10.6732513535,0.3797662055,0.0000000000
869,10.6732513535,0.3797662055,0.0000000000
870,10.6732703655,0.3797724138,0.0200000000
871,10.6732900113,0.3797761613,0.0200000000
872,10.6733298607,0.3797796282,0.0400000000
873,10.6734098519,0.3797808202,0.0800000000
874,10.6735081485,0.3797991986,0.1000000000
875,10.6736394300,0.3798478317,0.1400000000
876,10.6738346171,0.3798914436,0.2000000000
877,10.6740936151,0.3799978392,0.2800000000
878,10.6744620061,0.3800910492,0.3800000000
879,10.6749190010,0.3802939177,0.5000000000
880,10.6754972331,0.3804540664,0.6000000000
881,10.6761486022,0.3807608535,0.7200000000
882,10.6768694788,0.3812298277,0.8600000000
883,10.6777729749,0.3816094261,0.9800000000
884,10.6787318090,0.3821882499,1.1200000000
885,10.6799250946,0.3826513585,1.2800000000
886,10.6811563702,0.3833587201,1.4200000000
887,10.6826391071,0.3839045142,1.5800000000
888,10.6843185367,0.3842758849,1.7200000000
889,10.6861475149,0.3844769787,1.8400000000
890,10.6880122057,0.3850122621,1.9400000000
891,10.6900067428,0.3853319837,2.0200000000
892,10.6919751859,0.3860040193,2.0800000000
893,10.6940928253,0.3864296988,2.1600000000
894,10.6961638442,0.3872292493,2.2200000000
895,10.6981563577,0.3883781138,2.3000000000
896,10.7001267354,0.3897483736,2.4000000000
897,10.7020294582,0.3914006587,2.5200000000
898,10.7038523863,0.3932825017,2.6200000000
899,10.7056180450,0.3953777461,2.7400000000
900,10.7078362025,0.3972146396,2.8800000000
901,10.7104852485,0.3987059998,3.0400000000
902,10.7135170898,0.3997905909,3.2200000000
903,10.7168242212,0.4004886467,3.3800000000
904,10.7200955204,0.4017882628,3.5200000000
905,10.7236740070,0.4026466529,3.6800000000
906,10.7274660233,0.4031081856,3.8200000000
907,10.7314042973,0.4032247933,3.9400000000
908,10.7353639587,0.4040264676,4.0400000000
909,10.7392052576,0.4055160390,4.1200000000
910,10.7428080109,0.4076356070,4.1800000000
911,10.7461684498,0.4102538221,4.2600000000
912,10.7493091331,0.4132780093,4.3600000000
913,10.7522371909,0.4166156848,4.4400000000
914,10.7549932239,0.4202234379,4.5400000000
915,10.7578971000,0.4238167517,4.6200000000
916,10.7606133404,0.4276278457,4.6800000000
917,10.7639927308,0.4309230120,4.7200000000
918,10.7679208612,0.4335758202,4.7400000000
919,10.7721408876,0.4357342866,4.7400000000
920,10.7759846557,0.4384736016,4.7200000000
921,10.7802542948,0.4404857104,4.7200000000
922,10.7841806892,0.4431410874,4.7400000000
923,10.7885166861,0.4450559583,4.7400000000
924,10.7930781370,0.4462690394,4.7200000000
925,10.7977549942,0.4469057553,4.7200000000
926,10.8022754112,0.4483317393,4.7400000000
927,10.8069453281,0.4491438206,4.7400000000
928,10.8116551561,0.4494535299,4.7200000000
929,10.8162054879,0.4505475503,4.6800000000
930,10.8204862266,0.4523889836,4.6600000000
931,10.8243642843,0.4548999731,4.6200000000
932,10.8278603686,0.4578275991,4.5600000000
933,10.8309540407,0.4610679067,4.4800000000
934,10.8336830274,0.4644938418,4.3800000000
935,10.8369173074,0.4673274672,4.3000000000
936,10.8405522802,0.4695102573,4.2400000000
937,10.8444799160,0.4709981006,4.2000000000
938,10.8485228034,0.4718895381,4.1400000000
939,10.8525620682,0.4722993432,4.0600000000
940,10.8565219213,0.4723334523,3.9600000000
941,10.8603537892,0.4720836754,3.8400000000
942,10.8640730830,0.4724766814,3.7400000000
943,10.8675564221,0.4734619470,3.6200000000
944,10.8707612021,0.4749178953,3.5200000000
945,10.8736065302,0.4768512105,3.4400000000
946,10.8760812931,0.4790942327,3.3400000000
947,10.8788133784,0.4807983777,3.2200000000
948,10.8811573807,0.4827963900,3.0800000000
949,10.8831663225,0.4849702696,2.9600000000
950,10.8854177285,0.4866683777,2.8200000000
951,10.8876530827,0.4881101793,2.6600000000
952,10.8895184730,0.4897444128,2.4800000000
953,10.8915073308,0.4909389188,2.3200000000
954,10.8931824022,0.4923341018,2.1800000000
955,10.8949742742,0.4933503670,2.0600000000
956,10.8965043203,0.4945753400,1.9600000000
957,10.8981221034,0.4954519117,1.8400000000
958,10.8994965266,0.4965189453,1.7400000000
959,10.9009322578,0.4972693293,1.6200000000
960,10.9021116532,0.4981634358,1.4800000000
961,10.9030760791,0.4991223323,1.3600000000
962,10.9041131568,0.4998379229,1.2600000000
963,10.9051879600,0.5003249528,1.1800000000
964,10.9061148930,0.5009535983,1.1200000000
965,10.9071021598,0.5013914388,1.0800000000
966,10.9081262043,0.5016651776,1.0600000000
967,10.9090889524,0.5021087044,1.0600000000
968,10.9100905293,0.5023887824,1.0400000000
969,10.9110077679,0.5027871207,1.0000000000
970,10.9117939299,0.5033024355,0.9400000000
971,10.9124350987,0.5038755869,0.8600000000
972,10.9131167192,0.5042943870,0.8000000000
973,10.9136949264,0.5047876176,0.7600000000
974,10.9142996790,0.5051401433,0.7000000000
975,10.9147786766,0.5055337945,0.6200000000
976,10.9152326480,0.5057873886,0.5200000000
977,10.9156482258,0.5059319400,0.4400000000
978,10.9159817822,0.5059978196,0.3400000000
979,10.9162010209,0.5060161058,0.2200000000
980,10.9163171777,0.5060462321,0.1200000000
981,10.9163171777,0.5060462321,0.0000000000
982,10.9163171777,0.5060462321,0.0000000000
983,10.9163171777,0.5060462321,0.0000000000
984,10.9163171777,0.5060462321,0.0000000000
985,10.9163171777,0.5060462321,0.0000000000
986,10.9163171777,0.5060462321,0.0000000000
987,10.9163171777,0.5060462321,0.0000000000
988,10.9163352710,0.5060547546,0.0200000000
989,10.9163844229,0.5060891653,0.0600000000
990,10.9164933803,0.5061394473,0.1200000000
991,10.9166859647,0.5061934033,0.2000000000
992,10.9169569079,0.5063222045,0.3000000000
993,10.9173218672,0.5064280568,0.3800000000
994,10.9177567186,0.5064951707,0.4400000000
995,10.9182497070,0.5066605868,0.5200000000
996,10.9187954822,0.5069547456,0.6200000000
997,10.9194593265,0.5071768058,0.7000000000
998,10.9201286731,0.5075367713,0.7600000000
999,10.9208875361,0.5077900042,0.8000000000
1000,10.9217328572,0.5079482198,0.8600000000
1001,10.9226140333,0.5082755250,0.9400000000
1002,10.9235916583,0.5084858807,1.0000000000
1003,10.9246267681,0.5085866156,1.0400000000
1004,10.9257267536,0.5085922655,1.1000000000
1005,10.9268885722,0.5087986088,1.1800000000
1006,10.9280549136,0.5092196168,1.2400000000
1007,10.9291675928,0.5098523451,1.2800000000
1008,10.9301767797,0.5106718216,1.3000000000
1009,10.9313503796,0.5113185543,1.3400000000
1010,10.9324462676,0.5121897774,1.4000000000
1011,10.9337497982,0.5128906397,1.4800000000
1012,10.9349627790,0.5138394693,1.5400000000
1013,10.9363602268,0.5145767206,1.5800000000
1014,10.9379191050,0.5150861310,1.6400000000
1015,10.9394395363,0.5158903004,1.7200000000
1016,10.9408488019,0.5169776691,1.7800000000
1017,10.9421218951,0.5182782973,1.8200000000
1018,10.9436544353,0.5193672051,1.8800000000
1019,10.9453920364,0.5201839931,1.9200000000
1020,10.9469820537,0.5212954988,1.9400000000
1021,10.9487803554,0.5221240584,1.9800000000
1022,10.9504612339,0.5232800202,2.0400000000
1023,10.9523569660,0.5241359405,2.0800000000
1024,10.9540963365,0.5253126267,2.1000000000
1025,10.9560168511,0.5261621111,2.1000000000
1026,10.9577485184,0.5273143820,2.0800000000
1027,10.9596571187,0.5281412102,2.0800000000
1028,10.9614142754,0.5292911669,2.1000000000
1029,10.9633843722,0.5301268213,2.1400000000
1030,10.9654783460,0.5306567968,2.1600000000
1031,10.9674518666,0.5315347584,2.1600000000
1032,10.9692642000,0.5327463059,2.1800000000
1033,10.9708643781,0.5342267890,2.1800000000
1034,10.9727186386,0.5354107307,2.2000000000
1035,10.9747534953,0.5362470070,2.2000000000
1036,10.9766336564,0.5374274283,2.2200000000
1037,10.9787304867,0.5382705788,2.2600000000
1038,10.9807046659,0.5394891912,2.3200000000
1039,10.9824797327,0.5410444205,2.3600000000
1040,10.9842440856,0.5426417491,2.3800000000
1041,10.9857855964,0.5444550732,2.3800000000
1042,10.9876088198,0.5459535580,2.3600000000
1043,10.9896688986,0.5471049378,2.3600000000
1044,10.9915189636,0.5486021550,2.3800000000
1045,10.9936052247,0.5497475434,2.3800000000
1046,10.9954821914,0.5512432025,2.4000000000
1047,10.9971234824,0.5529942489,2.4000000000
1048,10.9985387884,0.5549077036,2.3800000000
1049,10.9997492149,0.5569103189,2.3400000000
1050,11.0012823555,0.5586515483,2.3200000000
1051,11.0030999575,0.5600933260,2.3200000000
1052,11.0051267852,0.5611805101,2.3000000000
1053,11.0069078710,0.5625716727,2.2600000000
1054,11.0084218988,0.5641678306,2.2000000000
1055,11.0096875907,0.5658685434,2.1200000000
1056,11.0111909816,0.5672768813,2.0600000000
1057,11.0128866722,0.5683746214,2.0200000000
1058,11.0147316722,0.5691466157,2.0000000000
1059,11.0164186307,0.5702209392,2.0000000000
1060,11.0179150377,0.5715778349,2.0200000000
1061,11.0192396436,0.5731554975,2.0600000000
1062,11.0205941532,0.5747863574,2.1200000000
1063,11.0222775317,0.5762027741,2.2000000000
1064,11.0237802220,0.5778908269,2.2600000000
1065,11.0255898197,0.5793104592,2.3000000000
1066,11.0276400820,0.5803961962,2.3200000000
1067,11.0295076032,0.5818390976,2.3600000000
1068,11.0311463838,0.5835650171,2.3800000000
1069,11.0325609564,0.5854790141,2.3800000000
1070,11.0343069319,0.5871256984,2.4000000000
1071,11.0362909554,0.5884761246,2.4000000000
1072,11.0380380024,0.5901507072,2.4200000000
1073,11.0395464781,0.5920430340,2.4200000000
1074,11.0408333088,0.5940688837,2.4000000000
1075,11.0420196136,0.5961090506,2.3600000000
1076,11.0430168599,0.5981816093,2.3000000000
1077,11.0443187103,0.5999798266,2.2200000000
1078,11.0454070700,0.6018455901,2.1600000000
1079,11.0463100328,0.6037193718,2.0800000000
1080,11.0474720688,0.6053225164,1.9800000000
1081,11.0488132717,0.6066112269,1.8600000000
1082,11.0498818438,0.6079590227,1.7200000000
1083,11.0510822996,0.6090168062,1.6000000000
1084,11.0520537734,0.6101597142,1.5000000000
1085,11.0528205593,0.6113070761,1.3800000000
1086,11.0534305375,0.6124323879,1.2800000000
1087,11.0539063899,0.6134902936,1.1600000000
1088,11.0542689492,0.6144436827,1.0200000000
1089,11.0546642600,0.6152522180,0.9000000000
1090,11.0551374216,0.6158972902,0.8000000000
1091,11.0554819721,0.6164835367,0.6800000000
1092,11.0558337367,0.6168932460,0.5400000000
1093,11.0560459440,0.6172084730,0.3800000000
1094,11.0562131204,0.6173806706,0.2400000000
1095,11.0563106394,0.6174505995,0.1200000000
1096,11.0563106394,0.6174505995,0.0000000000
1097,11.0563106394,0.6174505995,0.0000000000
1098,11.0563106394,0.6174505995,0.0000000000
1099,11.0563106394,0.6174505995,0.0000000000
1100,11.0563106394,0.6174505995,0.0000000000
1101,11.0563106394,0.6174505995,0.0000000000
1102,11.0563106394,0.6174505995,0.0000000000
1103,11.0563214035,0.6174674558,0.0200000000
1104,11.0563306299,0.6174852005,0.0200000000
1105,11.0563306299,0.6174852005,0.0000000000
1106,11.0563306299,0.6174852005,0.0000000000
1107,11.0563306299,0.6174852005,0.0000000000
1108,11.0563359578,0.6175044778,0.0200000000
1109,11.0563446156,0.6175225067,0.0200000000
1110,11.0563446156,0.6175225067,0.0000000000
1111,11.0563446156,0.6175225067,0.0000000000
1112,11.0563446156,0.6175225067,0.0000000000
1113,11.0563446156,0.6175225067,0.0000000000
1114,11.0563446156,0.6175225067,0.0000000000
1115,11.0563597344,0.6175355994,0.0200000000
1116,11.0564113293,0.6175662258,0.0600000000
1117,11.0564721697,0.6176181723,0.0800000000
1118,11.0565246816,0.6176785254,0.0800000000
1119,11.0565584400,0.6177281276,0.0600000000
1120,11.0565950256,0.6177756828,0.0600000000
1121,11.0566367949,0.6178439127,0.0800000000
1122,11.0567165780,0.6179335489,0.1200000000
1123,11.0568563057,0.6180470221,0.1800000000
1124,11.0570039412,0.6182101288,0.2200000000
1125,11.0571939524,0.6183567429,0.2400000000
1126,11.0573859353,0.6185605629,0.2800000000
1127,11.0576591853,0.6187628855,0.3400000000
1128,11.0579519501,0.6190640312,0.4200000000
1129,11.0582391824,0.6194486059,0.4800000000
1130,11.0585259557,0.6199296060,0.5600000000
1131,11.0587981250,0.6204866731,0.6200000000
1132,11.0592118754,0.6210513063,0.7000000000
1133,11.0595961903,0.6217069755,0.7600000000
1134,11.0601164897,0.6223146666,0.8000000000
1135,11.0607516094,0.6228333408,0.8200000000
1136,11.0613001460,0.6234428551,0.8200000000
1137,11.0617814525,0.6241312911,0.8400000000
1138,11.0622125368,0.6248984718,0.8800000000
1139,11.0626072159,0.6257516004,0.9400000000
1140,11.0629619014,0.6266651639,0.9800000000
1141,11.0634830570,0.6275186255,1.0000000000
1142,11.0639289012,0.6284137361,1.0000000000
1143,11.0643196865,0.6293559075,1.0200000000
1144,11.0646578803,0.6303182094,1.0200000000
1145,11.0649589913,0.6313136651,1.0400000000
1146,11.0652348767,0.6323578333,1.0800000000
1147,11.0657164874,0.6333911054,1.1400000000
1148,11.0661600996,0.6345275948,1.2200000000
1149,11.0665637968,0.6357422670,1.2800000000
1150,11.0669283088,0.6370109400,1.3200000000
1151,11.0672557542,0.6383103165,1.3400000000
1152,11.0678243766,0.6395677221,1.3800000000
1153,11.0683210576,0.6408766560,1.4000000000
1154,11.0690414504,0.6420770868,1.4000000000
1155,11.0696656546,0.6433525354,1.4200000000
1156,11.0705056307,0.6444974547,1.4200000000
1157,11.0712120096,0.6457061849,1.4000000000
1158,11.0720950855,0.6467404852,1.3600000000
1159,11.0731007724,0.6475642533,1.3000000000
1160,11.0739407411,0.6485034298,1.2600000000
1161,11.0746239445,0.6494899556,1.2000000000
1162,11.0754144089,0.6502834075,1.1200000000
1163,11.0762835555,0.6508901894,1.0600000000
1164,11.0769801282,0.6515795271,0.9800000000
1165,11.0775860170,0.6522718412,0.9200000000
1166,11.0782735508,0.6528211109,0.8800000000
1167,11.0790298061,0.6532305959,0.8600000000
1168,11.0797052382,0.6537629411,0.8600000000
1169,11.0804818253,0.6541768402,0.8800000000
1170,11.0811765388,0.6547170006,0.8800000000
1171,11.0817619057,0.6553470368,0.8600000000
1172,11.0824494737,0.6558636123,0.8600000000
1173,11.0831254084,0.6563623228,0.8400000000
1174,11.0837092717,0.6569662298,0.8400000000
1175,11.0842194928,0.6576585263,0.8600000000
1176,11.0848731592,0.6582771702,0.9000000000
1177,11.0854696458,0.6590293694,0.9600000000
1178,11.0859977597,0.6598785430,1.0000000000
1179,11.0864731167,0.6608259794,1.0600000000
1180,11.0871564909,0.6617384484,1.1400000000
1181,11.0877672654,0.6627713833,1.2000000000
1182,11.0885772115,0.6637103121,1.2400000000
1183,11.0892771181,0.6647580386,1.2600000000
1184,11.0901512770,0.6656654780,1.2600000000
1185,11.0911883352,0.6664157514,1.2800000000
1186,11.0923777701,0.6669881539,1.3200000000
1187,11.0936689528,0.6673465492,1.3400000000
1188,11.0948801771,0.6679197296,1.3400000000
1189,11.0961542340,0.6682649527,1.3200000000
1190,11.0974246088,0.6684216305,1.2800000000
1191,11.0986445566,0.6684329124,1.2200000000
1192,11.0997765224,0.6682978074,1.1400000000
1193,11.1008150915,0.6683523446,1.0400000000
1194,11.1017318321,0.6682749715,0.9200000000
1195,11.1025117348,0.6682626503,0.7800000000
1196,11.1031242573,0.6683586512,0.6200000000
1197,11.1035642566,0.6683578631,0.4400000000
1198,11.1038421357,0.6683922610,0.2800000000
1199,11.1039378326,0.6684212802,0.1000000000
1200,11.1039378326,0.6684212802,0.0000000000
1201,11.1039378326,0.6684212802,0.0000000000
1202,11.1039378326,0.6684212802,0.0000000000
1203,11.1039378326,0.6684212802,0.0000000000
1204,11.1039378326,0.6684212802,0.0000000000
1205,11.1039378326,0.6684212802,0.0000000000
1206,11.1039378326,0.6684212802,0.0000000000
1207,11.1039378326,0.6684212802,0.0000000000
1208,11.1039378326,0.6684212802,0.0000000000
1209,11.1039378326,0.6684212802,0.0000000000
1210,11.1039378326,0.6684212802,0.0000000000
1211,11.1039509887,0.6684363440,0.0200000000
1212,11.1039624027,0.6684527671,0.0200000000
1213,11.1039822405,0.6684875013,0.0400000000
1214,11.1040079065,0.6685181812,0.0400000000
1215,11.1040539349,0.6685566699,0.0600000000
1216,11.1041407813,0.6686062452,0.1000000000
1217,11.1042915697,0.6686597509,0.1600000000
1218,11.1044889103,0.6686922576,0.2000000000
1219,11.1047089082,0.6686932289,0.2200000000
1220,11.1049255209,0.6687316857,0.2200000000
1221,11.1051136005,0.6687997007,0.2000000000
1222,11.1053107419,0.6688333947,0.2000000000
1223,11.1055181061,0.6689068799,0.2200000000
1224,11.1057447830,0.6690342282,0.2600000000
1225,11.1059929702,0.6692362261,0.3200000000
1226,11.1063079569,0.6694105343,0.3600000000
1227,11.1066353989,0.6696735585,0.4200000000
1228,11.1070393038,0.6698936967,0.4600000000
1229,11.1075326932,0.6700579129,0.5200000000
1230,11.1080613576,0.6703416627,0.6000000000
1231,11.1085938120,0.6707316528,0.6600000000
1232,11.1092558671,0.6710622326,0.7400000000
1233,11.1099002060,0.6715363923,0.8000000000
1234,11.1104915224,0.6721330035,0.8400000000
1235,11.1112280980,0.6726501654,0.9000000000
1236,11.1121122825,0.6730727974,0.9800000000
1237,11.1131536787,0.6733589685,1.0800000000
1238,11.1143089350,0.6734637675,1.1600000000
1239,11.1155670620,0.6733950907,1.2600000000
1240,11.1169270459,0.6731609036,1.3800000000
1241,11.1184070455,0.6731620584,1.4800000000
1242,11.1199440034,0.6734291924,1.5600000000
1243,11.1215639094,0.6734466424,1.6200000000
1244,11.1232123093,0.6732507402,1.6600000000
1245,11.1248512609,0.6728816362,1.6800000000
1246,11.1264923748,0.6723667137,1.7200000000
1247,11.1282567199,0.6721311584,1.7800000000
1248,11.1300665079,0.6717018946,1.8600000000
1249,11.1320227937,0.6715812886,1.9600000000
1250,11.1340505217,0.6718047143,2.0400000000
1251,11.1360681227,0.6723871972,2.1000000000
1252,11.1381967009,0.6726080021,2.1400000000
1253,11.1402757253,0.6731938839,2.1600000000
1254,11.1424255734,0.6734030570,2.1600000000
1255,11.1445266020,0.6738096017,2.1400000000
1256,11.1465275597,0.6745683957,2.1400000000
1257,11.1483526369,0.6756470492,2.1200000000
1258,11.1503021404,0.6763721947,2.0800000000
1259,11.1520629620,0.6773620973,2.0200000000
1260,11.1538954568,0.6779989354,1.9400000000
1261,11.1557128866,0.6782862490,1.8400000000
1262,11.1573789872,0.6788534426,1.7600000000
1263,11.1590202355,0.6791022479,1.6600000000
1264,11.1605601926,0.6790907520,1.5400000000
1265,11.1619414364,0.6793191502,1.4000000000
1266,11.1632214297,0.6793232917,1.2800000000
1267,11.1643524947,0.6791808422,1.1400000000
1268,11.1653314554,0.6792259644,0.9800000000
1269,11.1661126242,0.6793985198,0.8000000000
1270,11.1667419603,0.6795148642,0.6400000000
1271,11.1672018829,0.6795233007,0.4600000000
1272,11.1674602178,0.6794939222,0.2600000000
1273,11.1675387980,0.6794789171,0.0800000000
1274,11.1675387980,0.6794789171,0.0000000000
1275,11.1675387980,0.6794789171,0.0000000000
1276,11.1675387980,0.6794789171,0.0000000000
1277,11.1675387980,0.6794789171,0.0000000000
1278,11.1675387980,0.6794789171,0.0000000000
1279,11.1675387980,0.6794789171,0.0000000000
1280,11.1675387980,0.6794789171,0.0000000000
1281,11.1675387980,0.6794789171,0.0000000000
1282,11.1675387980,0.6794789171,0.0000000000
1283,11.1675587315,0.6794772874,0.0200000000
1284,11.1676176158,0.6794657704,0.0600000000
1285,11.1676975968,0.6794640283,0.0800000000
1286,11.1678162566,0.6794819128,0.1200000000
1287,11.1679870639,0.6795387007,0.1800000000
1288,11.1682443975,0.6795758408,0.2600000000
1289,11.1685867158,0.6796872776,0.3600000000
1290,11.1690225879,0.6797474071,0.4400000000
1291,11.1695624980,0.6797375548,0.5400000000
1292,11.1701762125,0.6796494948,0.6200000000
1293,11.1708752465,0.6794770086,0.7200000000
1294,11.1717131585,0.6794178193,0.8400000000
1295,11.1726372427,0.6792455740,0.9400000000
1296,11.1736971548,0.6792319222,1.0600000000
1297,11.1748821082,0.6794213564,1.2000000000
1298,11.1762421075,0.6794199458,1.3600000000
1299,11.1777693726,0.6792223066,1.5400000000
1300,11.1794798358,0.6789030640,1.7400000000
1301,11.1813659776,0.6783700828,1.9600000000
1302,11.1835143127,0.6781459033,2.1600000000
1303,11.1858024974,0.6776561986,2.3400000000
1304,11.1881935967,0.6769263740,2.5000000000
1305,11.1906975723,0.6759711220,2.6800000000
1306,11.1933853129,0.6749364962,2.8800000000
1307,11.1963867145,0.6743405193,3.0600000000
1308,11.1996057426,0.6742614105,3.2200000000
1309,11.2029692484,0.6737645923,3.4000000000
1310,11.2064624167,0.6728940893,3.6000000000
1311,11.2102723070,0.6726163568,3.8200000000
1312,11.2142904579,0.6727382738,4.0200000000
1313,11.2184444177,0.6735881077,4.2400000000
1314,11.2226159229,0.6752217983,4.4800000000
1315,11.2272654123,0.6761436701,4.7400000000
1316,11.2322432817,0.6762893275,4.9800000000
1317,11.2373388635,0.6773261721,5.2000000000
1318,11.2427758973,0.6775057904,5.4400000000
1319,11.2484467366,0.6769299588,5.7000000000
1320,11.2542581203,0.6757005607,5.9400000000
1321,11.2604538832,0.6754713826,6.2000000000
1322,11.2668753278,0.6763405482,6.4800000000
1323,11.2733021277,0.6783712730,6.7400000000
1324,11.2802641976,0.6792712630,7.0200000000
1325,11.2875818746,0.6790868636,7.3200000000
1326,11.2950985864,0.6779647924,7.6000000000
1327,11.3027600483,0.6760381369,7.9000000000
1328,11.3109570509,0.6754236872,8.2200000000
1329,11.3194372217,0.6762465505,8.5200000000
1330,11.3279609777,0.6785898777,8.8400000000
1331,11.3370632902,0.6794190384,9.1400000000
1332,11.3464687413,0.6788956924,9.4200000000
1333,11.3561234236,0.6800206405,9.7200000000
1334,11.3661570324,0.6796624582,10.0400000000
1335,11.3763698730,0.6780458300,10.3400000000
1336,11.3867544958,0.6756385058,10.6600000000
1337,11.3972501379,0.6724820684,10.9600000000
1338,11.4078054300,0.6685041029,11.2800000000
1339,11.4191797037,0.6663310184,11.5800000000
1340,11.4310379621,0.6661277711,11.8600000000
1341,11.4429229822,0.6644705760,12.0000000000
1342,11.4545928808,0.6616753181,12.0000000000
1343,11.4660158898,0.6579990610,12.0000000000
1344,11.4778990030,0.6563282467,12.0000000000
1345,11.4895750410,0.6535587457,12.0000000000
1346,11.5015525741,0.6528247831,12.0000000000
1347,11.5134793920,0.6541480423,12.0000000000
1348,11.5250047230,0.6574897103,12.0000000000
1349,11.5357895491,0.6627516040,12.0000000000
1350,11.5473333186,0.6660290094,12.0000000000
1351,11.5592741404,0.6672192934,12.0000000000
1352,11.5708358729,0.6704327558,12.0000000000
1353,11.5816782815,0.6755749515,12.0000000000
1354,11.5932575002,0.6787248235,12.0000000000
1355,11.6041279021,0.6838075750,12.0000000000
1356,11.6139530601,0.6906622574,11.9800000000
1357,11.6224333756,0.6990674848,11.9400000000
1358,11.6293171257,0.7087498598,11.8800000000
1359,11.6377427051,0.7170111922,11.8000000000
1360,11.6474099132,0.7236017223,11.7000000000
1361,11.6580143816,0.7283524749,11.6200000000
1362,11.6676005461,0.7348130514,11.5600000000
1363,11.6759118493,0.7427900583,11.5200000000
1364,11.6854821951,0.7491664587,11.5000000000
1365,11.6937920145,0.7570581316,11.4600000000
1366,11.7033122821,0.7633290570,11.4000000000
1367,11.7137150137,0.7677928642,11.3200000000
1368,11.7231170821,0.7739157320,11.2200000000
1369,11.7312745888,0.7815022124,11.1400000000
1370,11.7379777086,0.7903246035,11.0800000000
1371,11.7430542670,0.8001281821,11.0400000000
1372,11.7464801680,0.8106021309,11.0200000000
1373,11.7485177494,0.8214321199,11.0200000000
1374,11.7494172743,0.8324354128,11.0400000000
1375,11.7493843716,0.8435153639,11.0800000000
1376,11.7485981704,0.8546275864,11.1400000000
1377,11.7471994631,0.8657600622,11.2200000000
1378,11.7452961721,0.8769189100,11.3200000000
1379,11.7429818862,0.8881223773,11.4400000000
1380,11.7403108033,0.8993901063,11.5800000000
1381,11.7373330702,0.9107461930,11.7400000000
1382,11.7341033415,0.9222203053,11.9200000000
1383,11.7306404034,0.9338350571,12.1200000000
1384,11.7269738492,0.9456177555,12.3400000000
1385,11.7231185033,0.9575924249,12.5800000000
1386,11.7190843835,0.9697822353,12.8400000000
1387,11.7148854200,0.9822121631,13.1200000000
1388,11.7105178855,0.9949015698,13.4200000000
1389,11.7060146381,1.0078826469,13.7400000000
1390,11.7013696876,1.0211744051,14.0800000000
1391,11.6965538544,1.0347876835,14.4400000000
1392,11.6915867865,1.0487505140,14.8200000000
1393,11.6864678538,1.0630838643,15.2200000000
1394,11.6811906223,1.0778066503,15.6400000000
1395,11.6757381009,1.0929339901,16.0800000000
1396,11.6701040366,1.1084848396,16.5400000000
1397,11.6643065168,1.1244870008,17.0200000000
1398,11.6583289827,1.1409557435,17.5200000000
1399,11.6521754167,1.1579137866,18.0400000000
1400,11.6458356081,1.1753787008,18.5800000000
1401,11.6393007984,1.1933685830,19.1400000000
1402,11.6325653358,1.2119026582,19.7200000000
1403,11.6256302039,1.2310025625,20.3200000000
1404,11.6184838119,1.2506853642,20.9400000000
1405,11.6111227088,1.2709710873,21.5800000000
1406,11.6035408772,1.2918788234,22.2400000000
1407,11.5957281819,1.3134261711,22.9200000000
1408,11.5876785688,1.3356322092,23.6200000000
1409,11.5793946814,1.3585191664,24.3400000000
1410,11.5708568296,1.3821011825,25.0800000000
1411,11.5620585775,1.4063971979,25.8400000000
1412,11.5529862795,1.4314235402,26.6200000000
1413,11.5436766460,1.4572147620,27.4200000000
1414,11.5341052083,1.4837832618,28.2400000000
1415,11.5242417128,1.5111393919,29.0800000000
1416,11.5140884519,1.5393052382,29.9400000000
1417,11.5036413255,1.5683005817,30.8200000000
1418,11.4929123877,1.5981510138,31.7200000000
1419,11.4818920819,1.6288743349,32.6400000000
1420,11.4705584602,1.6604839129,33.5800000000
1421,11.4588635862,1.6929837824,34.5400000000
1422,11.4468622344,1.7264148751,35.5200000000
1423,11.4345214488,1.7607865991,36.5200000000
1424,11.4218668475,1.7960868974,37.5000000000
1425,11.4088785122,1.8323298712,38.5000000000
1426,11.3955620946,1.8694962999,39.4800000000
1427,11.3818756907,1.9075923988,40.4800000000
1428,11.3678730533,1.9466162088,41.4600000000
1429,11.3535699920,1.9865946284,42.4600000000
1430,11.3389437483,2.0275407319,43.4800000000
1431,11.3240130796,2.0694824240,44.5200000000
1432,11.3087525101,2.1123893770,45.5400000000
1433,11.2931626426,2.1562405757,46.5400000000
1434,11.2772672292,2.2010656740,47.5600000000
1435,11.2610423822,2.2468774011,48.6000000000
1436,11.2444723124,2.2936489436,49.6200000000
1437,11.2275653163,2.3414044572,50.6600000000
1438,11.2103398531,2.3901716780,51.7200000000
1439,11.1927518874,2.4399562485,52.8000000000
1440,11.1748600569,2.4907576461,53.8600000000
1441,11.1566260291,2.5425835454,54.9400000000
1442,11.1380666032,2.5954186446,56.0000000000
1443,11.1191215492,2.6492629695,57.0800000000
1444,11.0998301848,2.7041515445,58.1800000000
1445,11.0802176005,2.7601143583,59.3000000000
1446,11.0602684114,2.8171247947,60.4000000000
1447,11.0399781603,2.8751600952,61.4800000000
1448,11.0193240022,2.9342334577,62.5800000000
1449,10.9983273114,2.9943311663,63.6600000000
1450,10.9770159054,3.0554417413,64.7200000000
1451,10.9553350245,3.1175672546,65.8000000000
1452,10.9333329418,3.1807033612,66.8600000000
1453,10.9109914264,3.2448225213,67.9000000000
1454,10.8883223879,3.3099077046,68.9200000000
1455,10.8653073152,3.3759312824,69.9200000000
1456,10.8419809677,3.4429265443,70.9400000000
1457,10.8183189973,3.5108638298,71.9400000000
1458,10.7943570795,3.5797343815,72.9200000000
1459,10.7701257652,3.6495276320,73.8800000000
1460,10.7455413003,3.7201932989,74.8200000000
1461,10.7206682466,3.7917326503,75.7400000000
1462,10.6955308030,3.8641752574,76.6800000000
1463,10.6701182329,3.9374962045,77.6000000000
1464,10.6444655372,4.0117287500,78.5400000000
1465,10.6185736076,4.0868519793,79.4600000000
1466,10.5924164966,4.1628357614,80.3600000000
1467,10.5659784757,4.2396535240,81.2400000000
1468,10.5392824625,4.3172919995,82.1000000000
1469,10.5123403946,4.3957341347,82.9400000000
1470,10.4851487077,4.4749575515,83.7600000000
1471,10.4579393599,4.5542558645,83.8365735407
1472,10.4307640495,4.6335658486,83.8365735407
1473,10.4036156583,4.7128850513,83.8365735407
1474,10.3764741995,4.7922066264,83.8365735407
1475,10.3493004072,4.8715171306,83.8365735407
1476,10.3221309160,4.9508291083,83.8365735407
1477,10.2949829950,5.0301484720,83.8365735407
1478,10.2678264565,5.1094648857,83.8365735407
1479,10.2406964569,5.1887903808,83.8365735407
1480,10.2135532067,5.2681113430,83.8365735407
1481,10.1864023634,5.3474297063,83.8365735407
1482,10.1592371716,5.4267431568,83.8365735407
1483,10.1321081298,5.5060689795,83.8365735407
1484,10.1049862735,5.5853972593,83.8365735407
1485,10.0778657535,5.6647259959,83.8365735407
1486,10.0507465881,5.7440551957,83.8365735407
1487,10.0302325473,5.8040958669,63.4484678410
1488,10.0097423395,5.8641446758,63.4484678410
1489,9.9892296701,5.9241858156,63.4484678410
1490,9.9687044971,5.9842226822,63.4484678410
1491,9.9481766215,6.0442586247,63.4484678410
1492,9.9276449134,6.1042932567,63.4484678410
1493,9.9070904079,6.1643200871,63.4484678410
1494,9.8865382595,6.2243477246,63.4484678410
1495,9.8660047132,6.2843817279,63.4484678410
1496,9.8454577924,6.3444111550,63.4484678410
1497,9.8249423686,6.4044513537,63.4484678410
1498,9.8043834175,6.4644766617,63.4484678410
1499,9.7838302468,6.5245039492,63.4484678410
1500,9.7632890830,6.5845353465,63.4484678410
1501,9.7427578543,6.6445701424,63.4484678410
1502,9.7222294791,6.7046059141,63.4484678410
1503,9.7016993830,6.7646410973,63.4484678410
1504,9.6811941302,6.8246847704,63.4484678410
1505,9.6606784832,6.8847248928,63.4484678410
1506,9.6401313939,6.9447542622,63.4484678410
1507,9.6196158912,7.0047944339,63.4484678410
1508,9.5991176916,7.0648405153,63.4484678410
1509,9.5786307126,7.1248904259,63.4484678410
1510,9.5581872057,7.1849551501,63.4484678410
1511,9.5377632446,7.2450265234,63.4484678410
1512,9.5173914962,7.3050945049,63.4284678410
1513,9.4969940308,7.3651115129,63.3884678410
1514,9.4766096996,7.4250696140,63.3284678410
1515,9.4562662174,7.4849571036,63.2484678410
1516,9.4359640112,7.5447530016,63.1484678410
1517,9.4156590304,7.6044634646,63.0684678410
1518,9.3953885239,7.6640800270,62.9684678410
1519,9.3751614326,7.7235846040,62.8484678410
1520,9.3550168257,7.7829693390,62.7084678410
1521,9.3349134411,7.8421991014,62.5484678410
1522,9.3148807286,7.9012627638,62.3684678410
1523,9.2948876994,7.9601286892,62.1684678410
1524,9.2749670224,8.0187868455,61.9484678410
1525,9.2550891235,8.0772060558,61.7084678410
1526,9.2353126685,8.1353851417,61.4484678410
1527,9.2156112945,8.1932940125,61.1684678410
1528,9.1960168433,8.2509646197,60.9084678410
1529,9.1765342187,8.3083774968,60.6284678410
1530,9.1571856675,8.3655190543,60.3284678410
1531,9.1378969014,8.4223429904,60.0084678410
1532,9.1186999105,8.4788390221,59.6684678410
1533,9.0996315053,8.5349985296,59.3084678410
1534,9.0807293437,8.5908131568,58.9284678410
1535,9.0619398731,8.6462436298,58.5284678410
1536,9.0432814082,8.7012750365,58.1084678410
1537,9.0247515226,8.7558854341,57.6684678410
1538,9.0063699326,8.8100603909,57.2084678410
1539,8.9881421432,8.8637806548,56.7284678410
1540,8.9700901917,8.9170325810,56.2284678410
1541,8.9522099044,8.9697936340,55.7084678410
1542,8.9344907505,9.0220391260,55.1684678410
1543,8.9169452755,9.0737944285,54.6484678410
1544,8.8995560484,9.1250325108,54.1084678410
1545,8.8823453146,9.1757397987,53.5484678410
1546,8.8652854607,9.2258857853,52.9684678410
1547,8.8484302287,9.2754676124,52.3684678410
1548,8.8317688272,9.3244604856,51.7484678410
1549,8.8153045871,9.3728866620,51.1484678410
1550,8.7990796028,9.4207393103,50.5284678410
1551,8.7830714574,9.4680319226,49.9284678410
1552,8.7672348753,9.5147280431,49.3084678410
1553,8.7516133803,9.5608635363,48.7084678410
1554,8.7361605042,9.6064437736,48.1284678410
1555,8.7208813154,9.6514493471,47.5284678410
1556,8.7058231122,9.6959174160,46.9484678410
1557,8.6909619531,9.7398609695,46.3884678410
1558,8.6762805976,9.7832530601,45.8084678410
1559,8.6617734985,9.8261129239,45.2484678410
1560,8.6474413183,9.8684618991,44.7084678410
1561,8.6333029226,9.9102852536,44.1484678410
1562,8.6193452259,9.9515996721,43.6084678410
1563,8.6055844432,9.9924317296,43.0884678410
1564,8.5919711237,10.0327858511,42.5884678410
1565,8.5784772984,10.0726736906,42.1084678410
1566,8.5651085178,10.1121182160,41.6484678410
1567,8.5518858890,10.1511476909,41.2084678410
1568,8.5387694802,10.1897696914,40.7884678410
1569,8.5257893920,10.2280155493,40.3884678410
1570,8.5128929010,10.2658884686,40.0084678410
1571,8.5000978250,10.3034156192,39.6484678410
1572,8.4874441139,10.3406317346,39.3084678410
1573,8.4748809256,10.3775406349,38.9884678410
1574,8.4624360981,10.4141729132,38.6884678410
1575,8.4501010607,10.4505467672,38.4084678410
1576,8.4378627913,10.4866788909,38.1484678410
1577,8.4256832952,10.5225775232,37.9084678410
1578,8.4135649853,10.5582645962,37.6884678410
1579,8.4015124078,10.5937627735,37.4884678410
1580,8.3895108504,10.6290881807,37.3084678410
1581,8.3775672333,10.6642642901,37.1484678410
1582,8.3656768126,10.6993106107,37.0084678410
1583,8.3538196051,10.7342414809,36.8884678410
1584,8.3419787648,10.7690722987,36.7884678410
1585,8.3301775813,10.8038320984,36.7084678410
1586,8.3184121165,10.8385406569,36.6484678410
1587,8.3066370090,10.8732037030,36.6084678410
1588,8.2948674380,10.9078475073,36.5884678410
1589,8.2830891072,10.9424883344,36.5884678410
1590,8.2713041918,10.9771480471,36.6084678410
1591,8.2594914759,11.0118405526,36.6484678410
1592,8.2476538270,11.0465879508,36.7084678410
1593,8.2357548994,11.0813989676,36.7884678410
1594,8.2238280295,11.1163061134,36.8884678410
1595,8.2118454770,11.1513210407,37.0084678410
1596,8.1998414152,11.1864765689,37.1484678410
1597,8.1877794427,11.2217813928,37.3084678410
1598,8.1756342949,11.2572480053,37.4884678410
1599,8.1634217230,11.2929029306,37.6884678410
1600,8.1511471386,11.3287691614,37.9084678410
1601,8.1388014853,11.3648647351,38.1484678410
1602,8.1263503764,11.4011990205,38.4084678410
1603,8.1138112981,11.4377991442,38.6884678410
1604,8.1011700983,11.4746813987,38.9884678410
1605,8.0884260167,11.5118666649,39.3084678410
1606,8.0755719614,11.5493736545,39.6484678410
1607,8.0626107856,11.5872244856,40.0084678410
1608,8.0495246388,11.6254341846,40.3884678410
1609,8.0362940215,11.6640172104,40.7884678410
1610,8.0229420292,11.7030026195,41.2084678410
1611,8.0094341933,11.7423997418,41.6484678410
1612,7.9958322198,11.7820499251,41.9183816736
1613,7.9822493019,11.8217066403,41.9183816736
1614,7.9686746548,11.8613661874,41.9183816736
1615,7.9550814443,11.9010193758,41.9183816736
1616,7.9415012066,11.9406770090,41.9183816736
1617,7.9279035421,11.9803286703,41.9183816736
1618,7.9143273993,12.0199877054,41.9183816736
1619,7.9007514300,12.0596467999,41.9183816736
1620,7.8872004007,12.0993144231,41.9183816736
1621,7.8736322907,12.1389762072,41.9183816736
1622,7.8600554450,12.1786350017,41.9183816736
1623,7.8464613489,12.2182878865,41.9183816736
1624,7.8328625568,12.2579391611,41.9183816736
1625,7.8192492299,12.2975854478,41.9183816736
1626,7.8056280431,12.3372290348,41.9183816736
1627,7.7920283871,12.3768800131,41.9183816736
1628,7.7784539643,12.4165396370,41.9183816736
1629,7.7648791884,12.4561991400,41.9183816736
1630,7.7512844528,12.4958518056,41.9183816736
1631,7.7376656664,12.5354962173,41.9183816736
1632,7.7240604315,12.5751452817,41.9183816736
1633,7.7104638747,12.6147973228,41.9183816736
1634,7.6968479009,12.6544427006,41.9183816736
1635,7.6832250394,12.6940857122,41.9183816736
1636,7.6696255497,12.7337367475,41.9183816736
1637,7.6560370890,12.7733915638,41.9183816736
1638,7.6424755414,12.8130555922,41.9183816736
1639,7.6288986297,12.8527143641,41.9183816736
1640,7.6153356165,12.8923778914,41.9183816736
1641,7.6017724978,12.9320413826,41.9183816736
1642,7.5882072915,12.9717041599,41.9183816736
1643,7.5746365382,13.0113650395,41.9183816736
1644,7.5610352831,13.0510154693,41.9183816736
1645,7.5474358087,13.0906665099,41.9183816736
1646,7.5338417647,13.1303194125,41.9183816736
1647,7.5202250948,13.1699645513,41.9183816736
1648,7.5066114464,13.2096107276,41.9183816736
1649,7.4929892080,13.2492539533,41.9183816736
1650,7.4793800288,13.2889016640,41.9183816736
1651,7.4657529987,13.3285432428,41.9183816736
1652,7.4521393707,13.3681894262,41.9183816736
1653,7.4385413468,13.4078409642,41.9183816736
1654,7.4249173590,13.4474835887,41.9183816736
1655,7.4113308266,13.4871390658,41.9183816736
1656,7.3977541365,13.5267979136,41.9183816736
1657,7.3841791497,13.5664573444,41.9183816736
1658,7.3705004132,13.6060811111,41.9183816736
1659,7.3568816412,13.6457255278,41.9183816736
1660,7.3432005402,13.6853273189,41.8983816736
1661,7.3296228434,13.7249646819,41.8983816736
1662,7.3161342735,13.7646113378,41.8783816736
1663,7.3025398704,13.8041795370,41.8383816736
1664,7.2888701662,13.8436582954,41.7783816736
1665,7.2751384421,13.8830731690,41.7383816736
1666,7.2615369235,13.9225120085,41.7183816736
1667,7.2478650945,13.9618841889,41.6783816736
1668,7.2341340660,14.0012145794,41.6583816736
1669,7.2205317862,14.0405896826,41.6583816736
1670,7.2068593710,14.0799193138,41.6383816736
1671,7.1933194689,14.1192524602,41.5983816736
1672,7.1798816406,14.1585994626,41.5783816736
1673,7.1664216194,14.1979388786,41.5783816736
1674,7.1528682812,14.2372250862,41.5583816736
1675,7.1394283632,14.2765079657,41.5183816736
1676,7.1260750743,14.3157992543,41.4983816736
1677,7.1127983771,14.3550742682,41.4583816736
1678,7.0993970721,14.3942858035,41.4383816736
1679,7.0860721195,14.4335233508,41.4383816736
1680,7.0726190937,14.4727383161,41.4583816736
1681,7.0592509647,14.5119823034,41.4583816736
1682,7.0459440804,14.5512682166,41.4783816736
1683,7.0326908971,14.5905722785,41.4783816736
1684,7.0194736943,14.6299095538,41.4983816736
1685,7.0060905748,14.6692329472,41.5383816736
1686,6.9925646600,14.7085709058,41.5983816736
1687,6.9791138897,14.7479768902,41.6383816736
1688,6.9657141262,14.7874636142,41.6983816736
1689,6.9523446531,14.8270450538,41.7783816736
1690,6.9387972274,14.8666716372,41.8783816736
1691,6.9253101294,14.9063610427,41.9183816736
1692,6.9118812559,14.9460701862,41.9183816736
1693,6.8984984013,14.9857948627,41.9183816736
1694,6.8851516859,15.0255316959,41.9183816736
1695,6.8717918378,15.0652641157,41.9183816736
1696,6.8584683724,15.1049876560,41.8983816736
1697,6.8451353288,15.1446657868,41.8583816736
1698,6.8316506156,15.1842292449,41.7983816736
1699,6.8182521810,15.2237375393,41.7183816736
1700,6.8049336851,15.2631673168,41.6183816736
1701,6.7914930392,15.3024288084,41.4983816736
1702,6.7781669278,15.3415814646,41.3583816736
1703,6.7649343500,15.3806391528,41.2383816736
1704,6.7517899810,15.4195788824,41.0983816736
1705,6.7385613721,15.4583633080,40.9783816736
1706,6.7252383405,15.4969673266,40.8383816736
1707,6.7120400213,15.5354873341,40.7183816736
1708,6.6989422861,15.5739360306,40.6183816736
1709,6.6859244883,15.6123274011,40.5383816736
1710,6.6729687656,15.6506764380,40.4783816736
1711,6.6598618310,15.6889317772,40.4383816736
1712,6.6468276120,15.7271908247,40.4183816736
1713,6.6338589611,15.7654299120,40.3783816736
1714,6.6209384527,15.8036641824,40.3583816736
1715,6.6080635984,15.8418716427,40.3183816736
1716,6.5950807475,15.8800214153,40.2983816736
1717,6.5819587869,15.9180812556,40.2583816736
1718,6.5687353503,15.9560424281,40.1983816736
1719,6.5556279990,15.9940015240,40.1583816736
1720,6.5426097057,16.0319701126,40.1383816736
1721,6.5294588309,16.0698929840,40.1383816736
1722,6.5163652952,16.1078145329,40.1183816736
1723,6.5033391459,16.1457169881,40.0783816736
1724,6.4902869130,16.1835470038,40.0183816736
1725,6.4771448080,16.2212611843,39.9383816736
1726,6.4638424465,16.2588130662,39.8383816736
1727,6.4506954748,16.2963348738,39.7583816736
1728,6.4372059410,16.3336711027,39.6983816736
1729,6.4237319907,16.3709704311,39.6583816736
1730,6.4098047972,16.4080388153,39.5983816736
1731,6.3954222378,16.4448899693,39.5583816736
1732,6.3812566714,16.4818036572,39.5383816736
1733,6.3672677263,16.5187846393,39.5383816736
1734,6.3525517748,16.5554608341,39.5183816736
1735,6.3371740230,16.5918210784,39.4783816736
1736,6.3211902069,16.6278533755,39.4183816736
1737,6.3058783228,16.6641328897,39.3783816736
1738,6.2910745251,16.7005579184,39.3183816736
1739,6.2766880915,16.7371068143,39.2783816736
1740,6.2611087790,16.7731415969,39.2583816736
1741,6.2461312682,16.8093873639,39.2183816736
1742,6.2299128442,16.8450292155,39.1583816736
1743,6.2126203366,16.8801179169,39.1183816736
1744,6.1963254721,16.9156588910,39.0983816736
1745,6.1787911750,16.9505602606,39.0583816736
1746,6.1602046618,16.9848445909,38.9983816736
1747,6.1407199080,17.0185341263,38.9183816736
1748,6.1204644966,17.0516488521,38.8183816736
1749,6.1019935330,17.0856545612,38.6983816736
1750,6.0850159974,17.1203186399,38.5983816736
1751,6.0665089013,17.1540539812,38.4783816736
1752,6.0467273266,17.1869415089,38.3783816736
1753,6.0287910197,17.2207801693,38.2983816736
1754,6.0093040225,17.2536339865,38.1983816736
1755,5.9917123867,17.2874052390,38.0783816736
1756,5.9723470039,17.3200754001,37.9783816736
1757,5.9515486927,17.3517090422,37.8583816736
1758,5.9330197425,17.3845625705,37.7183816736
1759,5.9164156533,17.4182513855,37.5583816736
1760,5.9109933006,17.4306364630,13.5200611473
1761,5.9060434453,17.4430026654,13.3200611473
1762,5.9015436204,17.4553056397,13.1000611473
1763,5.8974188755,17.4674862658,12.8600611473
1764,5.8936084979,17.4794963684,12.6000611473
1765,5.8886464509,17.4908166688,12.3600611473
1766,5.8828386012,17.5014773426,12.1400611473
1767,5.8764335995,17.5115066701,11.9000611473
1768,5.8696017352,17.5209802891,11.6800611473
1769,5.8624665290,17.5299736554,11.4800611473
1770,5.8551167585,17.5385569098,11.3000611473
1771,5.8487369819,17.5476892376,11.1400611473
1772,5.8420101912,17.5563421694,10.9600611473
1773,5.8361744714,17.5654298366,10.8000611473
1774,5.8299082232,17.5740042072,10.6200611473
1775,5.8233560218,17.5821064496,10.4200611473
1776,5.8166055224,17.5898064243,10.2400611473
1777,5.8097183746,17.5971667794,10.0800611473
1778,5.8027370648,17.6042425217,9.9400611473
1779,5.7957186180,17.6110536157,9.7800611473
1780,5.7886818209,17.6176425659,9.6400611473
1781,5.7816373167,17.6240461997,9.5200611473
1782,5.7745896283,17.6302966108,9.4200611473
1783,5.7684872674,17.6373675325,9.3400611473
1784,5.7621652886,17.6441610676,9.2800611473
1785,5.7556673147,17.6507303191,9.2400611473
1786,5.7490223443,17.6571220243,9.2200611473
1787,5.7432452708,17.6643077706,9.2200611473
1788,5.7373611885,17.6713801606,9.2000611473
1789,5.7322845580,17.6790047618,9.1600611473
1790,5.7279071759,17.6869828342,9.1000611473
1791,5.7234973744,17.6948514525,9.0200611473
1792,5.7196976608,17.7029217478,8.9200611473
1793,5.7151731272,17.7105161719,8.8400611473
1794,5.7112868280,17.7183446678,8.7400611473
1795,5.7067213899,17.7257035694,8.6600611473
1796,5.7016677456,17.7326126451,8.5600611473
1797,5.6967933655,17.7395028592,8.4400611473
1798,5.6925925242,17.7466613470,8.3000611473
1799,5.6890053291,17.7540129068,8.1800611473
1800,5.6859152768,17.7614787601,8.0800611473
1801,5.6820683120,17.7684475071,7.9600611473
1802,5.6776652110,17.7749585180,7.8600611473
1803,5.6739057343,17.7817699559,7.7800611473
1804,5.6695739478,17.7881601805,7.7200611473
1805,5.6648083967,17.7941828760,7.6800611473
1806,5.6597068237,17.7998969368,7.6600611473
1807,5.6543649537,17.8053310656,7.6200611473
1808,5.6488307221,17.8105400205,7.6000611473
1809,5.6440596285,17.8164558970,7.6000611473
1810,5.6399560314,17.8228766308,7.6200611473
1811,5.6353409358,17.8289401466,7.6200611473
1812,5.6313766565,17.8354712281,7.6400611473
1813,5.6279585333,17.8423487111,7.6800611473
1814,5.6238270473,17.8488465388,7.7000611473
1815,5.6202887424,17.8556854963,7.7000611473
1816,5.6160766496,17.8621074597,7.6800611473
1817,5.6113712427,17.8681265693,7.6400611473
1818,5.6067509036,17.8741860906,7.6200611473
1819,5.6019295963,17.8800869657,7.6200611473
1820,5.5967293416,17.8856840976,7.6400611473
1821,5.5922597513,17.8919295842,7.6800611473
1822,5.5873079413,17.8978262374,7.7000611473
1823,5.5819981369,17.9034026985,7.7000611473
1824,5.5763998746,17.9087185995,7.7200611473
1825,5.5716094806,17.9147726453,7.7200611473
1826,5.5664232725,17.9204642344,7.7000611473
1827,5.5620078531,17.9267725633,7.7000611473
1828,5.5571014068,17.9326810423,7.6800611473
1829,5.5529583131,17.9391001784,7.6400611473
1830,5.5494599371,17.9458697203,7.6200611473
1831,5.5452348395,17.9522111619,7.6200611473
1832,5.5416515894,17.9589588173,7.6400611473
1833,5.5386017232,17.9660073388,7.6800611473
1834,5.5346577241,17.9726671750,7.7400611473
1835,5.5300345655,17.9789246310,7.7800611473
1836,5.5249020993,17.9847981942,7.8000611473
1837,5.5205301475,17.9912578375,7.8000611473
1838,5.5156009186,17.9972771442,7.7800611473
1839,5.5102708323,18.0028895169,7.7400611473
1840,5.5046325615,18.0081629642,7.7200611473
1841,5.4987488337,18.0131610730,7.7200611473
1842,5.4926608456,18.0179407118,7.7400611473
1843,5.4864265506,18.0225278800,7.7400611473
1844,5.4804559641,18.0274847587,7.7600611473
1845,5.4743042225,18.0322149410,7.7600611473
1846,5.4689970105,18.0378489491,7.7400611473
1847,5.4640004724,18.0437602225,7.7400611473
1848,5.4585949753,18.0492720231,7.7200611473
1849,5.4539525540,18.0554402699,7.7200611473
1850,5.4498850001,18.0619783083,7.7000611473
1851,5.4464072606,18.0688033992,7.6600611473
1852,5.4421569950,18.0751038889,7.6000611473
1853,5.4373342591,18.0809258940,7.5600611473
1854,5.4320801820,18.0863339617,7.5400611473
1855,5.4265217935,18.0913693598,7.5000611473
1856,5.4217216571,18.0971060841,7.4800611473
1857,5.4165091698,18.1024149904,7.4400611473
1858,5.4110123758,18.1073394759,7.3800611473
1859,5.4053311302,18.1119236162,7.3000611473
1860,5.3995122291,18.1162316176,7.2400611473
1861,5.3944895411,18.1213344678,7.1600611473
1862,5.3891896572,18.1260590947,7.1000611473
1863,5.3836800778,18.1304737292,7.0600611473
1864,5.3789194479,18.1356057131,7.0000611473
1865,5.3738590821,18.1403258768,6.9200611473
1866,5.3695251909,18.1455918639,6.8200611473
1867,5.3648438636,18.1503851920,6.7000611473
1868,5.3605160473,18.1553682446,6.6000611473
1869,5.3568019160,18.1607270155,6.5200611473
1870,5.3526227531,18.1656005956,6.4200611473
1871,5.3490539302,18.1707923461,6.3000611473
1872,5.3450283892,18.1755078289,6.2000611473
1873,5.3415645282,18.1805533037,6.1200611473
1874,5.3376709680,18.1851447440,6.0200611473
1875,5.3343387831,18.1900137548,5.9000611473
1876,5.3314854476,18.1950174315,5.7600611473
1877,5.3290321086,18.2000514968,5.6000611473
1878,5.3269091927,18.2050385090,5.4200611473
1879,5.3242059201,18.2095507767,5.2600611473
1880,5.3210662060,18.2135951829,5.1200611473
1881,5.3183903892,18.2177715703,4.9600611473
1882,5.3161064281,18.2219706781,4.7800611473
1883,5.3141493688,18.2261115571,4.5800611473
1884,5.3121702580,18.2300413991,4.4000611473
1885,5.3104507980,18.2339171669,4.2400611473
1886,5.3089336097,18.2377261879,4.1000611473
1887,5.3075728033,18.2414663875,3.9800611473
1888,5.3056967682,18.2448169936,3.8400611473
1889,5.3040609603,18.2481580994,3.7200611473
1890,5.3020509871,18.2511206736,3.5800611473
1891,5.2997980998,18.2537467966,3.4600611473
1892,5.2978579472,18.2564901191,3.3600611473
1893,5.2961682593,18.2593014811,3.2800611473
1894,5.2946938214,18.2621190726,3.1800611473
1895,5.2934033069,18.2648936980,3.0600611473
1896,5.2917769884,18.2673669651,2.9600611473
1897,5.2902283059,18.2697476225,2.8400611473
1898,5.2888851009,18.2721358720,2.7400611473
1899,5.2877013029,18.2745180029,2.6600611473
1900,5.2862489731,18.2766262370,2.5600611473
1901,5.2850056026,18.2787257437,2.4400611473
1902,5.2835664639,18.2805709445,2.3400611473
1903,5.2823449392,18.2824247377,2.2200611473
1904,5.2809774171,18.2840447816,2.1200611473
1905,5.2795482839,18.2854440039,2.0000611473
1906,5.2783385613,18.2869092013,1.9000611473
1907,5.2770488824,18.2881934719,1.8200611473
1908,5.2759370388,18.2895578835,1.7600611473
1909,5.2747241993,18.2907775682,1.7200611473
1910,5.2734642366,18.2918584461,1.6600611473
1911,5.2723675468,18.2930508679,1.6200611473
1912,5.2714001918,18.2943253952,1.6000611473
1913,5.2705314684,18.2956690898,1.6000611473
1914,5.2697547461,18.2970450606,1.5800611473
1915,5.2690446222,18.2984565554,1.5800611473
1916,5.2683273702,18.2998419579,1.5600611473
1917,5.2674458112,18.3010802793,1.5200611473
1918,5.2666609044,18.3023586003,1.5000611473
1919,5.2657459593,18.3034964289,1.4600611473
1920,5.2647346114,18.3045215883,1.4400611473
1921,5.2636737660,18.3054352503,1.4000611473
1922,5.2626037047,18.3062419303,1.3400611473
1923,5.2615262490,18.3069694248,1.3000611473
1924,5.2604364140,18.3076408533,1.2800611473
1925,5.2593247472,18.3082754818,1.2800611473
1926,5.2582997081,18.3090751404,1.3000611473
1927,5.2571989579,18.3098394132,1.3400611473
1928,5.2560358822,18.3106187886,1.4000611473
1929,5.2548320842,18.3114091344,1.4400611473
1930,5.2535466210,18.3121822888,1.5000611473
1931,5.2523286607,18.3131888503,1.5800611473
1932,5.2510025896,18.3141539079,1.6400611473
1933,5.2495636405,18.3150962644,1.7200611473
1934,5.2480371326,18.3160119015,1.7800611473
1935,5.2466019216,18.3171951161,1.8600611473
1936,5.2450156622,18.3183464722,1.9600611473
1937,5.2435069782,18.3197784383,2.0800611473
1938,5.2417856699,18.3211804972,2.2200611473
1939,5.2398524757,18.3225688240,2.3800611473
1940,5.2377364423,18.3239374404,2.5200611473
1941,5.2354309454,18.3253039731,2.6800611473
1942,5.2329261153,18.3266844717,2.8600611473
1943,5.2305393581,18.3285349200,3.0200611473
1944,5.2283016739,18.3307662326,3.1600611473
1945,5.2258177390,18.3329691565,3.3200611473
1946,5.2230747692,18.3350782179,3.4600611473
1947,5.2201186001,18.3370975995,3.5800611473
1948,5.2169553431,18.3390553175,3.7200611473
1949,5.2136189991,18.3409566008,3.8400611473
1950,5.2101647286,18.3429336952,3.9800611473
1951,5.2069542717,18.3454838850,4.1000611473
1952,5.2035145146,18.3478939856,4.2000611473
1953,5.2003652280,18.3507924192,4.2800611473
1954,5.1969290026,18.3535085360,4.3800611473
1955,5.1932369762,18.3560813733,4.5000611473
1956,5.1898140173,18.3592140270,4.6400611473
1957,5.1860711230,18.3621549324,4.7600611473
1958,5.1826379787,18.3655949490,4.8600611473
1959,5.1788649185,18.3687837138,4.9400611473
1960,5.1754050023,18.3724485735,5.0400611473
1961,5.1722369047,18.3764707848,5.1200611473
1962,5.1686076877,18.3801669744,5.1800611473
1963,5.1646386520,18.3835575192,5.2200611473
1964,5.1610222781,18.3874047111,5.2800611473
1965,5.1577040398,18.3916141707,5.3600611473
1966,5.1546493517,18.3960914403,5.4200611473
1967,5.1510360695,18.4001849058,5.4600611473
1968,5.1477427586,18.4045649940,5.4800611473
1969,5.1439371098,18.4085635078,5.5200611473
1970,5.1404703460,18.4128848301,5.5400611473
1971,5.1369594868,18.4171704042,5.5400611473
1972,5.1330185533,18.4210356491,5.5200611473
1973,5.1294384730,18.4252373273,5.5200611473
1974,5.1261764920,18.4296656625,5.5000611473
1975,5.1231666017,18.4342690562,5.5000611473
1976,5.1196402773,18.4385159505,5.5200611473
1977,5.1164004985,18.4429852802,5.5200611473
1978,5.1133851519,18.4476328562,5.5400611473
1979,5.1097517603,18.4518678943,5.5800611473
1980,5.1056714919,18.4557035292,5.6000611473
1981,5.1019141443,18.4599097899,5.6400611473
1982,5.0977260761,18.4637172007,5.6600611473
1983,5.0938669189,18.4679121503,5.7000611473
1984,5.0902761628,18.4724160125,5.7600611473
1985,5.0869183231,18.4771452431,5.8000611473
1986,5.0829449188,18.4814524899,5.8600611473
1987,5.0792245659,18.4860831811,5.9400611473
1988,5.0756998010,18.4909881144,6.0400611473
1989,5.0723177763,18.4961367319,6.1600611473
1990,5.0682004750,18.5008522590,6.2600611473
1991,5.0637527304,18.5054263980,6.3800611473
1992,5.0587662440,18.5096271303,6.5200611473
1993,5.0540549353,18.5143628232,6.6800611473
1994,5.0487958757,18.5187051182,6.8200611473
1995,5.0430812158,18.5227130998,6.9800611473
1996,5.0375641282,18.5272768942,7.1600611473
1997,5.0323507844,18.5324154097,7.3200611473
1998,5.0274097882,18.5380046019,7.4600611473
1999,5.0226772164,18.5439768792,7.6200611473
2000,5.0171492436,18.5494229847,7.7600611473
2001,5.0111446300,18.5545259230,7.8800611473
2002,5.0046499798,18.5591628287,7.9800611473
2003,4.9977877605,18.5633906570,8.0600611473
2004,4.9906770426,18.5673115094,8.1200611473
2005,4.9843528407,18.5724681622,8.1600611473
2006,4.9789229253,18.5785861210,8.1800611473
2007,4.9743170997,18.5853462816,8.1800611473
2008,4.9688337607,18.5914433297,8.2000611473
2009,4.9626949245,18.5969399921,8.2400611473
2010,4.9573952485,18.6033278281,8.3000611473
2011,4.9513561911,18.6090799065,8.3400611473
2012,4.9448079753,18.6143412655,8.4000611473
2013,4.9379667846,18.6192842141,8.4400611473
2014,4.9320249696,18.6253064620,8.4600611473
2015,4.9255011478,18.6306927765,8.4600611473
2016,4.9186695886,18.6357168422,8.4800611473
2017,4.9114976215,18.6402416984,8.4800611473
2018,4.9040953895,18.6443379890,8.4600611473
2019,4.8975465754,18.6496938893,8.4600611473
2020,4.8905939703,18.6544788569,8.4400611473
2021,4.8845441140,18.6603639118,8.4400611473
2022,4.8779478148,18.6655971008,8.4200611473
2023,4.8722317357,18.6717796463,8.4200611473
2024,4.8658725097,18.6772679312,8.4000611473
2025,4.8590430319,18.6821586633,8.4000611473
2026,4.8518926515,18.6865287302,8.3800611473
2027,4.8445336222,18.6904531803,8.3400611473
2028,4.8370154942,18.6940170502,8.3200611473
2029,4.8302572127,18.6988697864,8.3200611473
2030,4.8230848144,18.7031257614,8.3400611473
2031,4.8156321854,18.7068694147,8.3400611473
2032,4.8079991556,18.7101800451,8.3200611473
2033,4.8002616153,18.7131279058,8.2800611473
2034,4.7926256750,18.7162776719,8.2600611473
2035,4.7850583891,18.7195889849,8.2600611473
2036,4.7773640679,18.7225378881,8.2400611473
2037,4.7696027659,18.7251842427,8.2000611473
2038,4.7618227313,18.7275783307,8.1400611473
2039,4.7542144521,18.7302389085,8.0600611473
2040,4.7467823369,18.7330895641,7.9600611473
2041,4.7393227123,18.7356291238,7.8800611473
2042,4.7318461051,18.7379212194,7.8200611473
2043,4.7244232376,18.7402515388,7.7800611473
2044,4.7169611602,18.7423813159,7.7600611473
2045,4.7094945423,18.7443431929,7.7200611473
2046,4.7020151020,18.7461731968,7.7000611473
2047,4.6945502585,18.7478915239,7.6600611473
2048,4.6871254533,18.7495142367,7.6000611473
2049,4.6797255472,18.7510621111,7.5600611473
2050,4.6723341834,18.7525521655,7.5400611473
2051,4.6650718291,18.7544254322,7.5000611473
2052,4.6577985888,18.7561722266,7.4800611473
2053,4.6505414432,18.7578118445,7.4400611473
2054,4.6433904932,18.7597920521,7.4200611473
2055,4.6362389889,18.7616144925,7.3800611473
2056,4.6290827395,18.7633345490,7.3600611473
2057,4.6219088006,18.7649792681,7.3600611473
2058,4.6146960911,18.7665419975,7.3800611473
2059,4.6074685580,18.7680346690,7.3800611473
2060,4.6002098997,18.7694743859,7.4000611473
2061,4.5929029196,18.7708752971,7.4400611473
2062,4.5856207647,18.7726700495,7.5000611473
2063,4.5782332767,18.7743677978,7.5800611473
2064,4.5708318769,18.7764178271,7.6800611473
2065,4.5632714153,18.7783362570,7.8000611473
2066,4.5556574559,18.7805884103,7.9400611473
2067,4.5478727485,18.7826771697,8.0600611473
2068,4.5399497723,18.7846298718,8.1600611473
2069,4.5320328799,18.7869149150,8.2400611473
2070,4.5240042635,18.7890202258,8.3000611473
2071,4.5158578293,18.7909851775,8.3800611473
2072,4.5076225610,18.7928331462,8.4400611473
2073,4.4992859067,18.7945914511,8.5200611473
2074,4.4909385171,18.7967423907,8.6200611473
2075,4.4824341769,18.7987585423,8.7400611473
2076,4.4739176315,18.8011281698,8.8400611473
2077,4.4654008052,18.8037798036,8.9200611473
2078,4.4567124382,18.8062033921,9.0200611473
2079,4.4478520947,18.8084472799,9.1400611473
2080,4.4388136528,18.8105511103,9.2800611473
2081,4.4297441387,18.8130219528,9.4000611473
2082,4.4206554556,18.8157872740,9.5000611473
2083,4.4114102935,18.8184467017,9.6200611473
2084,4.4021407868,18.8213717374,9.7200611473
2085,4.3926676875,18.8240339155,9.8400611473
2086,4.3829939946,18.8264877465,9.9800611473
2087,4.3732840887,18.8292678477,10.1000611473
2088,4.3633674509,18.8318211096,10.2400611473
2089,4.3534129786,18.8346915363,10.3600611473
2090,4.3432475876,18.8373213860,10.5000611473
2091,4.3328704799,18.8397611685,10.6600611473
2092,4.3223144188,18.8420439069,10.8000611473
2093,4.3115860087,18.8442853702,10.9600611473
2094,4.3006914332,18.8464113010,11.1000611473
2095,4.2896173011,18.8484490882,11.2600611473
2096,4.2783485136,18.8504212509,11.4400611473
2097,4.2669082037,18.8523397734,11.6000611473
2098,4.2553373424,18.8543257757,11.7400611473
2099,4.2435955627,18.8562602176,11.9000611473
2100,4.2318081935,18.8587139900,12.0400611473
2101,4.2198697406,18.8610249266,12.1600611473
2102,4.2078073858,18.8632178009,12.2600611473
2103,4.1956070220,18.8653194758,12.3800611473
2104,4.1832566697,18.8673739166,12.5200611473
2105,4.1708118537,18.8698050697,12.6800611473
2106,4.1583189930,18.8726829859,12.8200611473
2107,4.1456220663,18.8753792869,12.9800611473
2108,4.1327464644,18.8779001758,13.1200611473
2109,4.1196820388,18.8802836201,13.2800611473
2110,4.1064159805,18.8825606675,13.4600611473
2111,4.0929730882,18.8847503504,13.6200611473
2112,4.0793769594,18.8868680295,13.7600611473
2113,4.0656503080,18.8889259748,13.8800611473
2114,4.0518151909,18.8909338703,13.9800611473
2115,4.0378931720,18.8928992479,14.0600611473
2116,4.0239616172,18.8954328448,14.1600611473
2117,4.0098892664,18.8978595891,14.2800611473
2118,3.9956954488,18.9001664701,14.3800611473
2119,3.9813945581,18.9025615271,14.5000611473
2120,3.9669739567,18.9048436409,14.6000611473
2121,3.9524183489,18.9070378336,14.7200611473
2122,3.9377508530,18.9091588653,14.8200611473
2123,3.9229542074,18.9112239819,14.9400611473
2124,3.9080116267,18.9132556131,15.0800611473
2125,3.8929961909,18.9158625561,15.2400611473
2126,3.8778147293,18.9183261923,15.3800611473
2127,3.8625759844,18.9211603677,15.5000611473
2128,3.8471665977,18.9238366178,15.6400611473
2129,3.8315693847,18.9263602818,15.8000611473
2130,3.8158615097,18.9292971198,15.9800611473
2131,3.7999305073,18.9321251121,16.1800611473
2132,3.7837869269,18.9347777359,16.3600611473
2133,3.7674212141,18.9373073740,16.5600611473
2134,3.7509177096,18.9403413139,16.7800611473
2135,3.7341440901,18.9432271710,17.0200611473
2136,3.7170870446,18.9459944278,17.2800611473
2137,3.6998005492,18.9488456767,17.5200611473
2138,3.6822650563,18.9515319863,17.7400611473
2139,3.6645072707,18.9540828375,17.9400611473
2140,3.6465216973,18.9565942063,18.1600611473
2141,3.6282810382,18.9590109405,18.4000611473
2142,3.6098084933,18.9613501205,18.6200611473
2143,3.5910948712,18.9636958087,18.8600611473
2144,3.5721521026,18.9659805956,19.0800611473
2145,3.5529771306,18.9683439007,19.3200611473
2146,3.5335731406,18.9706458920,19.5400611473
2147,3.5139758599,18.9730158295,19.7400611473
2148,3.4941895633,18.9753204555,19.9200611473
2149,3.4742371213,18.9775807462,20.0800611473
2150,3.4541392380,18.9798001963,20.2200611473
2151,3.4339159931,18.9819769956,20.3400611473
2152,3.4135910454,18.9841432363,20.4400611473
2153,3.3932239255,18.9866439036,20.5200611473
2154,3.3727514242,18.9891063443,20.6200611473
2155,3.3521521971,18.9915192220,20.7400611473
2156,3.3314090202,18.9939061788,20.8800611473
2157,3.3105370940,18.9962224838,21.0000611473
2158,3.2895697160,18.9985850333,21.1000611473
2159,3.2685125638,19.0008634819,21.1800611473
2160,3.2473917194,19.0031107319,21.2400611473
2161,3.2262234089,19.0052887200,21.2800611473
2162,3.2049906288,19.0074258341,21.3400611473
2163,3.1836782290,19.0095707429,21.4200611473
2164,3.1623067021,19.0117273302,21.4800611473
2165,3.1408572046,19.0139079934,21.5600611473
2166,3.1193474748,19.0160894078,21.6200611473
2167,3.0977550324,19.0182478991,21.7000611473
2168,3.0760612099,19.0203974875,21.8000611473
2169,3.0542498658,19.0225779349,21.9200611473
2170,3.0323118432,19.0248951446,22.0600611473
2171,3.0102144152,19.0272264093,22.2200611473
2172,2.9879784326,19.0295787298,22.3600611473
2173,2.9655782920,19.0318996898,22.5200611473
2174,2.9429916454,19.0341660022,22.7000611473
2175,2.9202027816,19.0364199956,22.9000611473
2176,2.8972279142,19.0386210609,23.0800611473
2177,2.8740539249,19.0408408508,23.2800611473
2178,2.8506975718,19.0430443120,23.4600611473
2179,2.8271827683,19.0452717101,23.6200611473
2180,2.8034892163,19.0475208226,23.8000611473
2181,2.7795912893,19.0497326134,24.0000611473
2182,2.7554718368,19.0519379195,24.2200611473
2183,2.7311120554,19.0541505283,24.4600611473
2184,2.7064920621,19.0563725438,24.7200611473
2185,2.6815923814,19.0586106140,25.0000611473
2186,2.6563949764,19.0608874265,25.3000611473
2187,2.6308753106,19.0631533026,25.6200611473
2188,2.6050171264,19.0654509281,25.9600611473
2189,2.5788007159,19.0677844744,26.3200611473
2190,2.5522038604,19.0701297985,26.7000611473
2191,2.5252084233,19.0725088088,27.1000611473
2192,2.4977980579,19.0749635250,27.5200611473
2193,2.4699452425,19.0774100928,27.9600611473
2194,2.4416344416,19.0798997572,28.4200611473
2195,2.4128418817,19.0823901442,28.9000611473
2196,2.3835497550,19.0849070686,29.4000611473
2197,2.3537347259,19.0874118836,29.9200611473
2198,2.3233743166,19.0898737678,30.4600611473
2199,2.2924598948,19.0924316418,31.0200611473
2200,2.2609628890,19.0949816399,31.6000611473
2201,2.2288657167,19.0975536958,32.2000611473
2202,2.1961492851,19.1001597496,32.8200611473
2203,2.1627896970,19.1027508062,33.4600611473
2204,2.1287692718,19.1053564233,34.1200611473
2205,2.0940715070,19.1080227633,34.8000611473
2206,2.0586717145,19.1106890410,35.5000611473
2207,2.0225495684,19.1133505041,36.2200611473
2208,1.9856862437,19.1160228464,36.9600611473
2209,1.9480598118,19.1186789037,37.7200611473
2210,1.9096530702,19.1213578788,38.5000611473
2211,1.8704435753,19.1240243952,39.3000611473
2212,1.8304121737,19.1266901407,40.1200611473
2213,1.7895396707,19.1293669121,40.9600611473
2214,1.7478060474,19.1320543273,41.8200611473
2215,1.7059694248,19.1346711443,41.9183816736
2216,1.6641300207,19.1372431060,41.9183816736
2217,1.6222881180,19.1397740935,41.9183816736
2218,1.5804436289,19.1422619556,41.9183816736
2219,1.5385941490,19.1446644025,41.9183816736
2220,1.4967428988,19.1470358121,41.9183816736
2221,1.4548877284,19.1493369931,41.9183816736
2222,1.4130302132,19.1515951205,41.9183816736
2223,1.3711712536,19.1538263130,41.9183816736
2224,1.3293107304,19.1560279762,41.9183816736
2225,1.2874478237,19.1581838448,41.9183816736
2226,1.2455818035,19.1602783781,41.9183816736
2227,1.2037132762,19.1623221857,41.9183816736
2228,1.1618423475,19.1643161887,41.9183816736
2229,1.1199682892,19.1662433535,41.9183816736
2230,1.0780921585,19.1681249488,41.9183816736
2231,1.0362137181,19.1699544153,41.9183816736
2232,0.9943338044,19.1717498411,41.9183816736
2233,0.9524515687,19.1734902605,41.9183816736
2234,0.9105677383,19.1751918680,41.9183816736
2235,0.8686821671,19.1768500746,41.9183816736
2236,0.8267948128,19.1784626091,41.9183816736
2237,0.7849057728,19.1800307472,41.9183816736
2238,0.7430150877,19.1815543013,41.9183816736
2239,0.7011230307,19.1830396588,41.9183816736
2240,0.6592293552,19.1844786412,41.9183816736
2241,0.6173342066,19.1858740807,41.9183816736
2242,0.5754378596,19.1872330623,41.9183816736
2243,0.5335411674,19.1885813590,41.9183816736
2244,0.4916429606,19.1898817392,41.9183816736
2245,0.4497428656,19.1911197874,41.9183816736
2246,0.4078423220,19.1923425574,41.9183816736
2247,0.3659402238,19.1935108425,41.9183816736
2248,0.3240375949,19.1946599352,41.9183816736
2249,0.2821343152,19.1957850439,41.9183816736
2250,0.2402298279,19.1968642415,41.9183816736
2251,0.1983243244,19.1979032303,41.9183816736
2252,0.1564181728,19.1989157416,41.9183816736
2253,0.1145112236,19.1998946835,41.9183816736
2254,0.0726035845,19.2008436342,41.9183816736
2255,0.0306952572,19.2017616912,41.9183816736
2256,-0.0112135920,19.2026556052,41.9183816736
2257,-0.0531229118,19.2035271754,41.9183816736
2258,-0.0950329674,19.2043626153,41.9183816736
2259,-0.1369433494,19.2051815204,41.9183816736
2260,-0.1788344700,19.2059615196,41.8983816736
2261,-0.2206862686,19.2067038608,41.8583816736
2262,-0.2625186829,19.2074104718,41.8383816736
2263,-0.3043111345,19.2081145313,41.7983816736
2264,-0.3460436625,19.2088135356,41.7383816736
2265,-0.3877362922,19.2095061168,41.6983816736
2266,-0.4293696993,19.2101497285,41.6383816736
2267,-0.4709237649,19.2107486615,41.5583816736
2268,-0.5123777459,19.2113527044,41.4583816736
2269,-0.5537517769,19.2119527322,41.3783816736
2270,-0.5950257990,19.2125526433,41.2783816736
2271,-0.6362198460,19.2131502549,41.1983816736
2272,-0.6773547129,19.2136880035,41.1383816736
2273,-0.7184102269,19.2141732609,41.0583816736
2274,-0.7594055656,19.2146727644,40.9983816736
2275,-0.8003212455,19.2151429787,40.9183816736
2276,-0.8411767685,19.2156262942,40.8583816736
2277,-0.8819921850,19.2161182861,40.8183816736
2278,-0.9227475401,19.2166149833,40.7583816736
2279,-0.9634228711,19.2171131613,40.6783816736
2280,-1.0039990238,19.2175384763,40.5783816736
2281,-1.0444557730,19.2179019187,40.4583816736
2282,-1.0847723129,19.2182872947,40.3183816736
2283,-1.1249286948,19.2186880581,40.1583816736
2284,-1.1649049654,19.2190988944,39.9783816736
2285,-1.2047211633,19.2195159126,39.8183816736
2286,-1.2443973206,19.2199360530,39.6783816736
2287,-1.2839534651,19.2203567523,39.5583816736
2288,-1.3233696177,19.2207759586,39.4183816736
2289,-1.3626265988,19.2211075632,39.2583816736
2290,-1.4017434638,19.2214520307,39.1183816736
2291,-1.4407409331,19.2217187882,38.9983816736
2292,-1.4796387873,19.2219213770,38.8983816736
2293,-1.5184168811,19.2220707964,38.7783816736
2294,-1.5570948304,19.2222536725,38.6783816736
2295,-1.5956925892,19.2224729468,38.5983816736
2296,-1.6342301782,19.2227201344,38.5383816736
2297,-1.6726881489,19.2228979165,38.4583816736
2298,-1.7110863407,19.2230186642,38.3983816736
2299,-1.7494046513,19.2230924921,38.3183816736
2300,-1.7876228236,19.2232190029,38.2183816736
2301,-1.8257208374,19.2233864190,38.0983816736
2302,-1.8637186981,19.2235854033,37.9983816736
2303,-1.9016364234,19.2238085117,37.9183816736
2304,-1.9394545153,19.2239565396,37.8183816736
2305,-1.9771924670,19.2241366838,37.7383816736
2306,-2.0148303229,19.2243356317,37.6383816736
2307,-2.0523484997,19.2244596221,37.5183816736
2308,-2.0897268283,19.2245226158,37.3783816736
2309,-2.1269452075,19.2245362099,37.2183816736
2310,-2.1639835878,19.2245460920,37.0383816736
2311,-2.2008618958,19.2244723456,36.8783816736
2312,-2.2375596128,19.2242514731,36.6983816736
2313,-2.2740556012,19.2238335103,36.4983816736
2314,-2.3103721292,19.2234665720,36.3183816736
2315,-2.3464838578,19.2227733522,36.1183816736
2316,-2.3824074251,19.2217415624,35.9383816736
2317,-2.4181358408,19.2208976253,35.7383816736
2318,-2.4536475286,19.2202080808,35.5183816736
2319,-2.4889614146,19.2196445758,35.3183816736
2320,-2.5240567798,19.2191844265,35.0983816736
2321,-2.5589531361,19.2188084490,34.8983816736
2322,-2.5936092614,19.2175662201,34.6783816736
2323,-2.6280734306,19.2165763479,34.4783816736
2324,-2.6623202195,19.2146958056,34.2983816736
2325,-2.6963147224,19.2120362183,34.0983816736
2326,-2.7300673049,19.2086866232,33.9183816736
2327,-2.7635519568,19.2047233735,33.7183816736
2328,-2.7967559806,19.2002923035,33.4983816736
2329,-2.8296846147,19.1953438415,33.2983816736
2330,-2.8625810264,19.1915158785,33.1183816736
2331,-2.8954102073,19.1886004363,32.9583816736
2332,-2.9279507295,19.1846587712,32.7783816736
2333,-2.9602108164,19.1798374006,32.6183816736
2334,-2.9924433571,19.1761888491,32.4383816736
2335,-3.0243757799,19.1714756444,32.2783816736
2336,-3.0562804290,19.1679543565,32.0983816736
2337,-3.0879416839,19.1637561230,31.9383816736
2338,-3.1192892673,19.1584207610,31.7983816736
2339,-3.1503351864,19.1521222870,31.6783816736
2340,-3.1810607996,19.1450084825,31.5383816736
2341,-3.2114912364,19.1371916277,31.4183816736
2342,-3.2422558646,19.1313282939,31.3183816736
2343,-3.2727122690,19.1243825094,31.2383816736
2344,-3.3034303410,19.1192836013,31.1383816736
2345,-3.3342406697,19.1156970086,31.0183816736
2346,-3.3646978296,19.1103765067,30.9183816736
2347,-3.3950862767,19.1053682541,30.7983816736
2348,-3.4255500180,19.1019190751,30.6583816736
2349,-3.4555702419,19.0965397221,30.4983816736
2350,-3.4857010836,19.0928297735,30.3583816736
2351,-3.5153575765,19.0871346283,30.1983816736
2352,-3.5451189613,19.0832150344,30.0183816736
2353,-3.5583667467,19.0805153613,13.5200611473
2354,-3.5712262899,19.0771206927,13.3000611473
2355,-3.5841050685,19.0747230555,13.1000611473
2356,-3.5969246143,19.0731145698,12.9200611473
2357,-3.6094301779,19.0705788175,12.7600611473
2358,-3.6218930211,19.0688654937,12.5800611473
2359,-3.6342277505,19.0678070212,12.3800611473
2360,-3.6463718991,19.0671851361,12.1600611473
2361,-3.6582061726,19.0654550974,11.9600611473
2362,-3.6696989295,19.0628692941,11.7800611473
2363,-3.6811842236,19.0611046859,11.6200611473
2364,-3.6925704091,19.0599957319,11.4400611473
2365,-3.7037949036,19.0594043806,11.2400611473
2366,-3.7148081167,19.0583874784,11.0600611473
2367,-3.7255252259,19.0563987844,10.9000611473
2368,-3.7361666310,19.0551025558,10.7200611473
2369,-3.7466999321,19.0543512503,10.5600611473
2370,-3.7570749760,19.0540285537,10.3800611473
2371,-3.7671994067,19.0526337235,10.2200611473
2372,-3.7772444251,19.0517939382,10.0800611473
2373,-3.7870403964,19.0499934483,9.9600611473
2374,-3.7965272758,19.0474571674,9.8200611473
2375,-3.8056800595,19.0443679391,9.6600611473
2376,-3.8149428240,19.0421695857,9.5200611473
2377,-3.8239110802,19.0393532883,9.4000611473
2378,-3.8329965159,19.0373668355,9.3000611473
2379,-3.8418278686,19.0347179231,9.2200611473
2380,-3.8505142663,19.0318104816,9.1600611473
2381,-3.8589504722,19.0284522172,9.0800611473
2382,-3.8671714577,19.0247404923,9.0200611473
2383,-3.8756885457,19.0220231583,8.9400611473
2384,-3.8843557657,19.0200905995,8.8800611473
2385,-3.8928053753,19.0174923733,8.8400611473
2386,-3.9014369792,19.0156788429,8.8200611473
2387,-3.9101781743,19.0145019886,8.8200611473
2388,-3.9188081808,19.0125863502,8.8400611473
2389,-3.9275983182,19.0113258070,8.8800611473
2390,-3.9362817761,19.0091992481,8.9400611473
2391,-3.9451481244,19.0077746899,8.9800611473
2392,-3.9541081123,19.0069263278,9.0000611473
2393,-3.9629609005,19.0050957960,9.0400611473
2394,-3.9719845575,19.0039190518,9.1000611473
2395,-3.9808764256,19.0018035379,9.1400611473
2396,-3.9895789995,18.9989448796,9.1600611473
2397,-3.9985192431,18.9969501953,9.1600611473
2398,-4.0075687015,18.9956664431,9.1400611473
2399,-4.0163962915,18.9934562922,9.1000611473
2400,-4.0249877992,18.9905180092,9.0800611473
2401,-4.0333230061,18.9870184333,9.0400611473
2402,-4.0419489013,18.9845213491,8.9800611473
2403,-4.0503142905,18.9813677863,8.9400611473
2404,-4.0589154050,18.9791595484,8.8800611473
2405,-4.0675979384,18.9777261294,8.8000611473
2406,-4.0760261979,18.9754124506,8.7400611473
2407,-4.0841928355,18.9724129347,8.7000611473
2408,-4.0921191004,18.9688748865,8.6800611473
2409,-4.0998041338,18.9649263526,8.6400611473
2410,-4.1072893630,18.9606512156,8.6200611473
2411,-4.1145823984,18.9561313611,8.5800611473
2412,-4.1217240887,18.9514121550,8.5600611473
2413,-4.1295210740,18.9478792146,8.5600611473
2414,-4.1377227066,18.9453591606,8.5800611473
2415,-4.1456905464,18.9421762409,8.5800611473
2416,-4.1539995200,18.9399576807,8.6000611473
2417,-4.1625218397,18.9385361592,8.6400611473
2418,-4.1708934179,18.9361680919,8.7000611473
2419,-4.1795370627,18.9346263796,8.7800611473
2420,-4.1883754254,18.9337668269,8.8800611473
2421,-4.1973702150,18.9334588323,9.0000611473
2422,-4.2063332832,18.9318857708,9.1000611473
2423,-4.2155093904,18.9309865583,9.2200611473
2424,-4.2246313790,18.9288889241,9.3600611473
2425,-4.2336017047,18.9258221967,9.4800611473
2426,-4.2423771130,18.9219790495,9.5800611473
2427,-4.2516278966,18.9191970026,9.6600611473
2428,-4.2606392423,18.9155534827,9.7200611473
2429,-4.2700437927,18.9129432672,9.7600611473
2430,-4.2792048202,18.9094064357,9.8200611473
2431,-4.2881310925,18.9051247453,9.9000611473
2432,-4.2968193896,18.9002548057,9.9600611473
2433,-4.3052797015,18.8949233571,10.0000611473
2434,-4.3144450176,18.8908738378,10.0200611473
2435,-4.3232976897,18.8861800309,10.0200611473
2436,-4.3326660895,18.8826822734,10.0000611473
2437,-4.3423067245,18.8801800793,9.9600611473
2438,-4.3515728480,18.8766943704,9.9000611473
2439,-4.3604359067,18.8724659202,9.8200611473
2440,-4.3688999457,18.8676868374,9.7200611473
2441,-4.3778076226,18.8641071075,9.6000611473
2442,-4.3869446716,18.8615060505,9.5000611473
2443,-4.3956872197,18.8579981446,9.4200611473
2444,-4.4046479048,18.8554350091,9.3200611473
2445,-4.4132154486,18.8519743847,9.2400611473
2446,-4.4219941157,18.8494296407,9.1400611473
2447,-4.4303437698,18.8460171959,9.0200611473
2448,-4.4386913220,18.8428730165,8.9200611473
2449,-4.4466451011,18.8390150275,8.8400611473
2450,-4.4548865470,18.8361051755,8.7400611473
2451,-4.4626998755,18.8324641109,8.6200611473
2452,-4.4700844061,18.8282951609,8.4800611473
2453,-4.4777758799,18.8251226780,8.3200611473
2454,-4.4849997082,18.8213707582,8.1400611473
2455,-4.4924180783,18.8185401478,7.9400611473
2456,-4.4993402178,18.8151220593,7.7200611473
2457,-4.5058116170,18.8112916139,7.5200611473
2458,-4.5125050744,18.8083781073,7.3000611473
2459,-4.5192622704,18.8061983892,7.1000611473
2460,-4.5255485985,18.8034024421,6.8800611473
2461,-4.5313627348,18.8001952267,6.6400611473
2462,-4.5367576031,18.7967149133,6.4200611473
2463,-4.5423744731,18.7940428482,6.2200611473
2464,-4.5480659167,18.7920205208,6.0400611473
2465,-4.5533399964,18.7895124543,5.8400611473
2466,-4.5581996895,18.7866896064,5.6200611473
2467,-4.5629141141,18.7840974531,5.3800611473
2468,-4.5672475020,18.7812960284,5.1600611473
2469,-4.5717194341,18.7791503281,4.9600611473
2470,-4.5760155574,18.7771474539,4.7400611473
2471,-4.5802608990,18.7756549310,4.5000611473
2472,-4.5843584133,18.7745647499,4.2400611473
2473,-4.5880341830,18.7730913859,3.9600611473
2474,-4.5915738309,18.7720137287,3.7000611473
2475,-4.5949058026,18.7712425070,3.4200611473
2476,-4.5978677645,18.7701412495,3.1600611473
2477,-4.6006383146,18.7693546080,2.8800611473
2478,-4.6031597513,18.7688077332,2.5800611473
2479,-4.6053896655,18.7684398210,2.2600611473
2480,-4.6072588863,18.7678500302,1.9600611473
2481,-4.6087932800,18.7671657485,1.6800611473
2482,-4.6101371582,18.7667068748,1.4200611473
2483,-4.6112785051,18.7664070889,1.1800611473
2484,-4.6121698032,18.7660502906,0.9600611473
2485,-4.6128084986,18.7657177906,0.7200611473
2486,-4.6132732640,18.7655332527,0.5000611473
2487,-4.6135397170,18.7653952688,0.3000611473
2488,-4.6136079850,18.7653534447,0.0800611473
2489,-4.6136079850,18.7653534447,0.0000000000
2490,-4.6136079850,18.7653534447,0.0000000000
2491,-4.6136079850,18.7653534447,0.0000000000
2492,-4.6136079850,18.7653534447,0.0000000000
2493,-4.6136079850,18.7653534447,0.0000000000
2494,-4.6136079850,18.7653534447,0.0000000000
2495,-4.6136079850,18.7653534447,0.0000000000
2496,-4.6136079850,18.7653534447,0.0000000000
2497,-4.6136079850,18.7653534447,0.0000000000
2498,-4.6136079850,18.7653534447,0.0000000000
2499,-4.6136079850,18.7653534447,0.0000000000
2500,-4.6136268825,18.7653468959,0.0200000000
2501,-4.6136848492,18.7653314085,0.0600000000
2502,-4.6137616339,18.7653089561,0.0800000000
2503,-4.6138786935,18.7652825545,0.1200000000
2504,-4.6140560457,18.7652517941,0.1800000000
2505,-4.6143034073,18.7651717175,0.2600000000
2506,-4.6146138654,18.7650941564,0.3200000000
2507,-4.6149865636,18.7649489116,0.4000000000
2508,-4.6153960424,18.7647393237,0.4600000000
2509,-4.6158551908,18.7644551006,0.5400000000
2510,-4.6163985548,18.7642006294,0.6000000000
2511,-4.6170008414,18.7639841790,0.6400000000
2512,-4.6175945715,18.7636959350,0.6600000000
2513,-4.6181958367,18.7633374937,0.7000000000
2514,-4.6188518184,18.7630406975,0.7200000000
2515,-4.6195128609,18.7626657004,0.7600000000
2516,-4.6202289068,18.7623563812,0.7800000000
2517,-4.6209125119,18.7619807696,0.7800000000
2518,-4.6216133884,18.7616868782,0.7600000000
2519,-4.6222825411,18.7613265525,0.7600000000
2520,-4.6229049346,18.7609262697,0.7400000000
2521,-4.6235344733,18.7606201962,0.7000000000
2522,-4.6241104765,18.7603412333,0.6400000000
2523,-4.6246289773,18.7600393112,0.6000000000
2524,-4.6251081993,18.7597125907,0.5800000000
2525,-4.6255680637,18.7593591438,0.5800000000
2526,-4.6260541028,18.7590809964,0.5600000000
2527,-4.6265307116,18.7588730444,0.5200000000
2528,-4.6269331103,18.7586501649,0.4600000000
2529,-4.6273199005,18.7584864780,0.4200000000
2530,-4.6277000944,18.7583621695,0.4000000000
2531,-4.6280637506,18.7581955738,0.4000000000
2532,-4.6284281355,18.7579867109,0.4200000000
2533,-4.6287763759,18.7577519162,0.4200000000
2534,-4.6291262673,18.7574851279,0.4400000000
2535,-4.6294633497,18.7572023286,0.4400000000
2536,-4.6298044817,18.7568937366,0.4600000000
2537,-4.6301650954,18.7565473875,0.5000000000
2538,-4.6306246989,18.7562274427,0.5600000000
2539,-4.6310974093,18.7558579228,0.6000000000
2540,-4.6315684799,18.7554548194,0.6200000000
2541,-4.6320544034,18.7550081893,0.6600000000
2542,-4.6326524212,18.7546072221,0.7200000000
2543,-4.6333305046,18.7542639978,0.7600000000
2544,-4.6340947241,18.7539667293,0.8200000000
2545,-4.6348599146,18.7535741947,0.8600000000
2546,-4.6357158205,18.7532368149,0.9200000000
2547,-4.6366338533,18.7529560733,0.9600000000
2548,-4.6375871575,18.7527288927,0.9800000000
2549,-4.6385400983,18.7523651567,1.0200000000
2550,-4.6395754629,18.7520578780,1.0800000000
2551,-4.6406400461,18.7515971584,1.1600000000
2552,-4.6417080781,18.7510074910,1.2200000000
2553,-4.6427610851,18.7503155544,1.2600000000
2554,-4.6438297435,18.7495407195,1.3200000000
2555,-4.6449185283,18.7486606356,1.4000000000
2556,-4.6462041840,18.7478879199,1.5000000000
2557,-4.6474983271,18.7469815019,1.5800000000
2558,-4.6489835544,18.7461963269,1.6800000000
2559,-4.6505287740,18.7453537734,1.7600000000
2560,-4.6520869476,18.7443380495,1.8600000000
2561,-4.6536744199,18.7431546933,1.9800000000
2562,-4.6552773270,18.7418291411,2.0800000000
2563,-4.6571178843,18.7406986770,2.1600000000
2564,-4.6591275803,18.7397555323,2.2200000000
2565,-4.6612510340,18.7389818759,2.2600000000
2566,-4.6634434012,18.7383558359,2.2800000000
2567,-4.6656677059,18.7378549682,2.2800000000
2568,-4.6677855902,18.7370661931,2.2600000000
2569,-4.6699161500,18.7364424022,2.2200000000
2570,-4.6720203576,18.7359546416,2.1600000000
2571,-4.6740214643,18.7352546616,2.1200000000
2572,-4.6758771311,18.7343601781,2.0600000000
2573,-4.6776102882,18.7333226009,2.0200000000
2574,-4.6792475620,18.7321739780,2.0000000000
2575,-4.6809765619,18.7312508533,1.9600000000
2576,-4.6827683071,18.7305070461,1.9400000000
2577,-4.6844751415,18.7295849201,1.9400000000
2578,-4.6861179035,18.7285158396,1.9600000000
2579,-4.6879071528,18.7276222027,2.0000000000
2580,-4.6896277271,18.7265638908,2.0200000000
2581,-4.6914887457,18.7256805961,2.0600000000
2582,-4.6934378084,18.7249542666,2.0800000000
2583,-4.6952954429,18.7240185348,2.0800000000
2584,-4.6970805944,18.7229125355,2.1000000000
2585,-4.6988157686,18.7216600299,2.1400000000
2586,-4.7005424973,18.7202967954,2.2000000000
2587,-4.7022319612,18.7188259754,2.2400000000
2588,-4.7041272109,18.7175948666,2.2600000000
2589,-4.7061482442,18.7165834199,2.2600000000
2590,-4.7080541154,18.7154064514,2.2400000000
2591,-4.7100748960,18.7144399909,2.2400000000
2592,-4.7119799800,18.7133002300,2.2200000000
2593,-4.7137621738,18.7120447679,2.1800000000
2594,-4.7156629097,18.7110187060,2.1600000000
2595,-4.7174713167,18.7098374931,2.1600000000
2596,-4.7191806113,18.7085498938,2.1400000000
2597,-4.7210020600,18.7075047504,2.1000000000
2598,-4.7229001332,18.7066540340,2.0800000000
2599,-4.7247050513,18.7056202688,2.0800000000
2600,-4.7265850665,18.7047781626,2.0600000000
2601,-4.7283378563,18.7037741069,2.0200000000
2602,-4.7301627464,18.7029557085,2.0000000000
2603,-4.7320086442,18.7022967232,1.9600000000
2604,-4.7338345337,18.7017712449,1.9000000000
2605,-4.7356453946,18.7013465300,1.8600000000
2606,-4.7373801037,18.7008661297,1.8000000000
2607,-4.7390965492,18.7004770092,1.7600000000
2608,-4.7406860261,18.6998740470,1.7000000000
2609,-4.7422198460,18.6993527061,1.6200000000
2610,-4.7436268551,18.6986789662,1.5600000000
2611,-4.7449291406,18.6978950960,1.5200000000
2612,-4.7461190024,18.6970490293,1.4600000000
2613,-4.7472238611,18.6961570162,1.4200000000
2614,-4.7482688326,18.6952253326,1.4000000000
2615,-4.7493985036,18.6944680721,1.3600000000
2616,-4.7505512768,18.6938671445,1.3000000000
2617,-4.7517153877,18.6933850181,1.2600000000
2618,-4.7528914594,18.6929920102,1.2400000000
2619,-4.7539755525,18.6924774791,1.2000000000
2620,-4.7550785708,18.6920582529,1.1800000000
2621,-4.7562060680,18.6917101867,1.1800000000
2622,-4.7572993566,18.6912154949,1.2000000000
2623,-4.7583721186,18.6905935770,1.2400000000
2624,-4.7594387408,18.6899228184,1.2600000000
2625,-4.7604533647,18.6891757320,1.2600000000
2626,-4.7615311835,18.6885626197,1.2400000000
2627,-4.7625219444,18.6878855725,1.2000000000
2628,-4.7634678136,18.6871800717,1.1800000000
2629,-4.7644557820,18.6866112848,1.1400000000
2630,-4.7653858816,18.6859873339,1.1200000000
2631,-4.7662715951,18.6853018330,1.1200000000
2632,-4.7671339542,18.6845562212,1.1400000000
2633,-4.7680873549,18.6839312197,1.1400000000
2634,-4.7690105969,18.6832289204,1.1600000000
2635,-4.7698930198,18.6824759730,1.1600000000
2636,-4.7708495743,18.6818558089,1.1400000000
2637,-4.7718657947,18.6813391889,1.1400000000
2638,-4.7729402092,18.6809018865,1.1600000000
2639,-4.7740794198,18.6805247935,1.2000000000
2640,-4.7752564040,18.6802036886,1.2200000000
2641,-4.7764459556,18.6799328253,1.2200000000
2642,-4.7775665791,18.6795036366,1.2000000000
2643,-4.7786734551,18.6791566126,1.1600000000
2644,-4.7796733787,18.6786981885,1.1000000000
2645,-4.7805530375,18.6781818548,1.0200000000
2646,-4.7813868766,18.6777931232,0.9200000000
2647,-4.7820746848,18.6773845649,0.8000000000
2648,-4.7827078360,18.6770860358,0.7000000000
2649,-4.7832871391,18.6768651107,0.6200000000
2650,-4.7837506864,18.6766294756,0.5200000000
2651,-4.7841579391,18.6764629066,0.4400000000
2652,-4.7844566760,18.6763005604,0.3400000000
2653,-4.7846733755,18.6761568896,0.2600000000
2654,-4.7848507286,18.6760644456,0.2000000000
2655,-4.7849516500,18.6759995236,0.1200000000
2656,-4.7849996113,18.6759634721,0.0600000000
2657,-4.7849996113,18.6759634721,0.0000000000
2658,-4.7849996113,18.6759634721,0.0000000000
2659,-4.7849996113,18.6759634721,0.0000000000
2660,-4.7849996113,18.6759634721,0.0000000000
2661,-4.7850153553,18.6759511381,0.0200000000
2662,-4.7850605069,18.6759116244,0.0600000000
2663,-4.7851603994,18.6758451301,0.1200000000
2664,-4.7853376106,18.6757524145,0.2000000000
2665,-4.7855897087,18.6755897905,0.3000000000
2666,-4.7859251704,18.6753370744,0.4200000000
2667,-4.7863741564,18.6750747548,0.5200000000
2668,-4.7868685215,18.6747347502,0.6000000000
2669,-4.7873861093,18.6743252347,0.6600000000
2670,-4.7879110364,18.6738621456,0.7000000000
2671,-4.7885422603,18.6734388770,0.7600000000
2672,-4.7891742443,18.6729483708,0.8000000000
2673,-4.7898233303,18.6723842012,0.8600000000
2674,-4.7906070739,18.6718652157,0.9400000000
2675,-4.7913998187,18.6712556621,1.0000000000
2676,-4.7921871417,18.6705761604,1.0400000000
2677,-4.7931059040,18.6699712836,1.1000000000
2678,-4.7940110201,18.6692782001,1.1400000000
2679,-4.7950430152,18.6686658390,1.2000000000
2680,-4.7962004089,18.6681191765,1.2800000000
2681,-4.7974890126,18.6676253136,1.3800000000
2682,-4.7988812073,18.6671855481,1.4600000000
2683,-4.8002610198,18.6665479608,1.5200000000
2684,-4.8016378826,18.6657329463,1.6000000000
2685,-4.8030255676,18.6647509430,1.7000000000
2686,-4.8044395747,18.6636050879,1.8200000000
2687,-4.8060676124,18.6625872994,1.9200000000
2688,-4.8078588163,18.6616975869,2.0000000000
2689,-4.8096069587,18.6606078170,2.0600000000
2690,-4.8115241549,18.6596570496,2.1400000000
2691,-4.8134253846,18.6584725980,2.2400000000
2692,-4.8152935732,18.6570969995,2.3200000000
2693,-4.8171494288,18.6555438736,2.4200000000
2694,-4.8190137482,18.6538187900,2.5400000000
2695,-4.8209066073,18.6519215594,2.6800000000
2696,-4.8228197520,18.6498770845,2.8000000000
2697,-4.8250930264,18.6480764670,2.9000000000
2698,-4.8276071945,18.6464033386,3.0200000000
2699,-4.8300731235,18.6444919008,3.1200000000
2700,-4.8324845915,18.6423883747,3.2000000000
2701,-4.8351945200,18.6405762247,3.2600000000
2702,-4.8378632301,18.6386350945,3.3000000000
2703,-4.8404168244,18.6365134074,3.3200000000
2704,-4.8428868502,18.6342355636,3.3600000000
2705,-4.8456531913,18.6322934624,3.3800000000
2706,-4.8482808362,18.6301674610,3.3800000000
2707,-4.8507735645,18.6279144839,3.3600000000
2708,-4.8535052500,18.6260276097,3.3200000000
2709,-4.8560824852,18.6239665763,3.3000000000
2710,-4.8585101036,18.6217907387,3.2600000000
2711,-4.8608229484,18.6195217414,3.2400000000
2712,-4.8634263068,18.6175929788,3.2400000000
2713,-4.8659164089,18.6154889371,3.2600000000
2714,-4.8686794520,18.6136846109,3.3000000000
2715,-4.8716593025,18.6121321642,3.3600000000
2716,-4.8747881212,18.6108015653,3.4000000000
2717,-4.8780123167,18.6096609676,3.4200000000
2718,-4.8810701561,18.6081292958,3.4200000000
2719,-4.8842507961,18.6068189030,3.4400000000
2720,-4.8875024455,18.6056962383,3.4400000000
2721,-4.8908215734,18.6047190023,3.4600000000
2722,-4.8941685537,18.6038418918,3.4600000000
2723,-4.8975594977,18.6030596525,3.4800000000
2724,-4.9007975209,18.6017846599,3.4800000000
2725,-4.9041164945,18.6006736180,3.5000000000
2726,-4.9074782740,18.5996997397,3.5000000000
2727,-4.9108502696,18.5988394808,3.4800000000
2728,-4.9142427511,18.5980639363,3.4800000000
2729,-4.9174925166,18.5968762394,3.4600000000
2730,-4.9205331246,18.5953106395,3.4200000000
2731,-4.9233514016,18.5934811819,3.3600000000
2732,-4.9262845252,18.5919258088,3.3200000000
2733,-4.9290010251,18.5901235246,3.2600000000
2734,-4.9315359005,18.5881378743,3.2200000000
2735,-4.9342142169,18.5864609064,3.1600000000
2736,-4.9369523370,18.5850505526,3.0800000000
2737,-4.9394501517,18.5834253382,2.9800000000
2738,-4.9419733015,18.5820787443,2.8600000000
2739,-4.9442685213,18.5805459149,2.7600000000
2740,-4.9466199199,18.5792600981,2.6800000000
2741,-4.9487533350,18.5778092570,2.5800000000
2742,-4.9509030882,18.5766133636,2.4600000000
2743,-4.9530420010,18.5756160411,2.3600000000
2744,-4.9551225748,18.5747860938,2.2400000000
2745,-4.9571061571,18.5740966003,2.1000000000
2746,-4.9588757753,18.5732084272,1.9800000000
2747,-4.9604250860,18.5722158364,1.8400000000
2748,-4.9619446794,18.5714100847,1.7200000000
2749,-4.9632927229,18.5705116535,1.6200000000
2750,-4.9644701325,18.5695822953,1.5000000000
2751,-4.9656512641,18.5688306782,1.4000000000
2752,-4.9667832463,18.5682331698,1.2800000000
2753,-4.9678602124,18.5677509417,1.1800000000
2754,-4.9687721253,18.5672105577,1.0600000000
2755,-4.9695175840,18.5666713997,0.9200000000
2756,-4.9701298822,18.5661565298,0.8000000000
2757,-4.9707106849,18.5657658021,0.7000000000
2758,-4.9711958637,18.5653797949,0.6200000000
2759,-4.9716224133,18.5650169514,0.5600000000
2760,-4.9719985284,18.5646578728,0.5200000000
2761,-4.9723481628,18.5643589484,0.4600000000
2762,-4.9726224854,18.5640959900,0.3800000000
2763,-4.9728155930,18.5638932354,0.2800000000
2764,-4.9729399254,18.5637925306,0.1600000000
2765,-4.9729841123,18.5637519409,0.0600000000
2766,-4.9729841123,18.5637519409,0.0000000000
2767,-4.9729841123,18.5637519409,0.0000000000
2768,-4.9729841123,18.5637519409,0.0000000000
2769,-4.9729841123,18.5637519409,0.0000000000
2770,-4.9729841123,18.5637519409,0.0000000000
2771,-4.9729841123,18.5637519409,0.0000000000
2772,-4.9729993463,18.5637389823,0.0200000000
2773,-4.9730437515,18.5636986317,0.0600000000
2774,-4.9731412076,18.5636286151,0.1200000000
2775,-4.9732946004,18.5635002772,0.2000000000
2776,-4.9734838324,18.5633219761,0.2600000000
2777,-4.9736922317,18.5631061760,0.3000000000
2778,-4.9739323604,18.5628379629,0.3600000000
2779,-4.9742369049,18.5625786318,0.4000000000
2780,-4.9745694940,18.5622608512,0.4600000000
2781,-4.9749208286,18.5619050929,0.5000000000
2782,-4.9752980687,18.5614912211,0.5600000000
2783,-4.9757576477,18.5611054916,0.6000000000
2784,-4.9762374132,18.5606522532,0.6600000000
2785,-4.9768316132,18.5602112018,0.7400000000
2786,-4.9774690563,18.5596641495,0.8400000000
2787,-4.9781610341,18.5589987422,0.9600000000
2788,-4.9789456124,18.5582277449,1.1000000000
2789,-4.9798053687,18.5573066482,1.2600000000
2790,-4.9807247205,18.5562508110,1.4000000000
2791,-4.9819010997,18.5552262468,1.5600000000
2792,-4.9831193845,18.5540405899,1.7000000000
2793,-4.9843935910,18.5526855999,1.8600000000
2794,-4.9857968783,18.5512049295,2.0400000000
2795,-4.9873513742,18.5495921238,2.2400000000
2796,-4.9889899282,18.5477572557,2.4600000000
2797,-4.9907260924,18.5456894709,2.7000000000
2798,-4.9926751445,18.5435151674,2.9200000000
2799,-4.9951297552,18.5415892167,3.1200000000
2800,-4.9976292221,18.5393737562,3.3400000000
2801,-5.0001910614,18.5368730803,3.5800000000
2802,-5.0028334341,18.5340867805,3.8400000000
2803,-5.0055745071,18.5310109199,4.1200000000
2804,-5.0084704068,18.5276717336,4.4200000000
2805,-5.0114697779,18.5240532017,4.7000000000
2806,-5.0152811837,18.5208169716,5.0000000000
2807,-5.0198733563,18.5181310171,5.3200000000
2808,-5.0244878007,18.5148534414,5.6600000000
2809,-5.0298909093,18.5122908613,5.9800000000
2810,-5.0352474734,18.5090128098,6.2800000000
2811,-5.0405625620,18.5051000317,6.6000000000
2812,-5.0467816836,18.5020200759,6.9400000000
2813,-5.0529177139,18.4981397754,7.2600000000
2814,-5.0599184328,18.4951817466,7.6000000000
2815,-5.0675914692,18.4930637020,7.9600000000
2816,-5.0752300088,18.4897158203,8.3400000000
2817,-5.0827768983,18.4853076393,8.7400000000
2818,-5.0902233047,18.4799731635,9.1600000000
2819,-5.0975567548,18.4738401293,9.5600000000
2820,-5.1047835485,18.4670153909,9.9400000000
2821,-5.1133879128,18.4613536849,10.3000000000
2822,-5.1216942286,18.4546404503,10.6800000000
2823,-5.1302199624,18.4475638507,11.0800000000
2824,-5.1389846092,18.4401186531,11.5000000000
2825,-5.1479759462,18.4323234072,11.9000000000
2826,-5.1566732276,18.4235976009,12.3200000000
2827,-5.1656941433,18.4146297985,12.7200000000
2828,-5.1744156215,18.4048550444,13.1000000000
2829,-5.1828825238,18.3943916240,13.4600000000
2830,-5.1911400787,18.3833348258,13.8000000000
2831,-5.1999467626,18.3722466376,14.1600000000
2832,-5.2085553841,18.3605289912,14.5400000000
2833,-5.2170313025,18.3482260482,14.9400000000
2834,-5.2260217213,18.3358214212,15.3200000000
2835,-5.2348660434,18.3228254077,15.7200000000
2836,-5.2444055204,18.3098062688,16.1400000000
2837,-5.2537602349,18.2961658540,16.5400000000
2838,-5.2638017630,18.2824980336,16.9600000000
2839,-5.2736261552,18.2681854197,17.3600000000
2840,-5.2833043649,18.2532703046,17.7800000000
2841,-5.2937299921,18.2383767256,18.1800000000
2842,-5.3047834983,18.2234672118,18.5600000000
2843,-5.3163893345,18.2084743413,18.9600000000
2844,-5.3276265641,18.1927339388,19.3400000000
2845,-5.3385870281,18.1763163924,19.7400000000
2846,-5.3502401252,18.1598655284,20.1600000000
2847,-5.3624758033,18.1433427628,20.5600000000
2848,-5.3743479418,18.1260449963,20.9800000000
2849,-5.3868298060,18.1086867859,21.3800000000
2850,-5.3989279033,18.0905999498,21.7600000000
2851,-5.4107380611,18.0718493292,22.1600000000
2852,-5.4223431843,18.0524798295,22.5800000000
2853,-5.4347672733,18.0331003968,23.0200000000
2854,-5.4478729568,18.0136665434,23.4400000000
2855,-5.4606118710,17.9935154723,23.8400000000
2856,-5.4730789986,17.9727039772,24.2600000000
2857,-5.4853558522,17.9512710851,24.7000000000
2858,-5.4974926908,17.9292776417,25.1200000000
2859,-5.5105224635,17.9073346378,25.5200000000
2860,-5.5235531336,17.8849513485,25.9000000000
2861,-5.5373505066,17.8625611163,26.3000000000
2862,-5.5517751317,17.8401166829,26.6800000000
2863,-5.5657760702,17.8169369478,27.0800000000
2864,-5.5795251953,17.7931669424,27.4600000000
2865,-5.5937889730,17.7692352846,27.8600000000
2866,-5.6077704479,17.7446992710,28.2400000000
2867,-5.6214655382,17.7195914137,28.6000000000
2868,-5.6350052470,17.6940140822,28.9400000000
2869,-5.6493310793,17.6685009849,29.2600000000
2870,-5.6642856234,17.6430028437,29.5600000000
2871,-5.6788209710,17.6168965595,29.8800000000
2872,-5.6939571090,17.5907866050,30.1800000000
2873,-5.7089084392,17.5642485319,30.4600000000
2874,-5.7243629805,17.5376990393,30.7200000000
2875,-5.7393329509,17.5105531375,31.0000000000
2876,-5.7540743245,17.4829418734,31.3000000000
2877,-5.7684860697,17.4548420870,31.5800000000
2878,-5.7826802205,17.4262963257,31.8800000000
2879,-5.7967525981,17.3973786185,32.1600000000
2880,-5.8106698652,17.3680535222,32.4600000000
2881,-5.8244683809,17.3383633123,32.7400000000
2882,-5.8382504929,17.3083350758,33.0400000000
2883,-5.8521282485,17.2780426625,33.3200000000
2884,-5.8660999208,17.2474633104,33.6200000000
2885,-5.8804052653,17.2167294998,33.9000000000
2886,-5.8947184572,17.1857127601,34.1600000000
2887,-5.9097632459,17.1547326386,34.4400000000
2888,-5.9247796969,17.1234057523,34.7400000000
2889,-5.9395815904,17.0916676940,35.0200000000
2890,-5.9543113172,17.0596097223,35.2800000000
2891,-5.9689521676,17.0272035639,35.5600000000
2892,-5.9836098549,16.9945198585,35.8200000000
2893,-5.9982143264,16.9615059309,36.1000000000
2894,-6.0128788831,16.9281906075,36.4000000000
2895,-6.0274851236,16.8945442089,36.6800000000
2896,-6.0421101156,16.8605790796,36.9800000000
2897,-6.0568709774,16.8263240513,37.3000000000
2898,-6.0716524774,16.7917079155,37.6400000000
2899,-6.0864500554,16.7567074629,38.0000000000
2900,-6.1014088317,16.7213625989,38.3800000000
2901,-6.1164308962,16.6856103125,38.7800000000
2902,-6.1314937937,16.6494631865,39.1600000000
2903,-6.1469066219,16.6130291595,39.5600000000
2904,-6.1623625116,16.5762009221,39.9400000000
2905,-6.1779635698,16.5390431909,40.3000000000
2906,-6.1937017923,16.5015309162,40.6800000000
2907,-6.2096532949,16.4636743981,41.0800000000
2908,-6.2255952821,16.4254018930,41.4600000000
2909,-6.2415515300,16.3867023096,41.8600000000
2910,-6.2576145518,16.3476357391,42.2400000000
2911,-6.2738047915,16.3082322350,42.6000000000
2912,-6.2901216304,16.2684699266,42.9800000000
2913,-6.3065388174,16.2283596839,43.3400000000
2914,-6.3229898252,16.1878960367,43.6800000000
2915,-6.3395938019,16.1471059698,44.0400000000
2916,-6.3562935834,16.1059446567,44.4200000000
2917,-6.3731243338,16.0644048175,44.8200000000
2918,-6.3901113250,16.0225182788,45.2000000000
2919,-6.4072460342,15.9802600045,45.6000000000
2920,-6.4245146778,15.9376459887,45.9800000000
2921,-6.4418812320,15.8946832327,46.3400000000
2922,-6.4594242054,15.8514250950,46.6800000000
2923,-6.4770425019,15.8078090746,47.0400000000
2924,-6.4947239383,15.7638088109,47.4200000000
2925,-6.5125136593,15.7194640905,47.7800000000
2926,-6.5304398588,15.6748077834,48.1200000000
2927,-6.5485165772,15.6298239790,48.4800000000
2928,-6.5667343622,15.5844873282,48.8600000000
2929,-6.5849674124,15.5387690137,49.2200000000
2930,-6.6032822267,15.4926742463,49.6000000000
2931,-6.6216366431,15.4462079467,49.9600000000
2932,-6.6400715523,15.3994079027,50.3000000000
2933,-6.6586169981,15.3522644828,50.6600000000
2934,-6.6772834770,15.3047603338,51.0400000000
2935,-6.6960440036,15.2568634003,51.4400000000
2936,-6.7148701558,15.2085841253,51.8200000000
2937,-6.7338084216,15.1599621705,52.1800000000
2938,-6.7529021157,15.1109929512,52.5600000000
2939,-6.7720806276,15.0616704301,52.9200000000
2940,-6.7913269034,15.0120094951,53.2600000000
2941,-6.8106649744,14.9619980623,53.6200000000
2942,-6.8301016636,14.9116173605,54.0000000000
2943,-6.8496520579,14.8608946666,54.3600000000
2944,-6.8692454553,14.8098242370,54.7000000000
2945,-6.8889106850,14.7583958174,55.0600000000
2946,-6.9085602214,14.7068724483,55.1431033284
2947,-6.9281580713,14.6553293971,55.1431033284
2948,-6.9477145245,14.6037706250,55.1431033284
2949,-6.9672296671,14.5521962025,55.1431033284
2950,-6.9866961232,14.5006033839,55.1431033284
2951,-7.0061025114,14.4489879410,55.1431033284
2952,-7.0254792855,14.3973613736,55.1431033284
2953,-7.0448017673,14.3457144613,55.1431033284
2954,-7.0640829345,14.2940521111,55.1431033284
2955,-7.0833120750,14.2423703735,55.1431033284
2956,-7.1025031317,14.1906744821,55.1431033284
2957,-7.1216531287,14.1389633666,55.1431033284
2958,-7.1407724064,14.0872408854,55.1431033284
2959,-7.1598666820,14.0355091690,55.1431033284
2960,-7.1789241941,13.9837638979,55.1431033284
2961,-7.1979563461,13.9320092939,55.1431033284
2962,-7.2169610449,13.8802446026,55.1431033284
2963,-7.2359368427,13.8284693098,55.1431033284
2964,-7.2548743498,13.7767012951,55.1231033284
2965,-7.2737684703,13.7249600110,55.0831033284
2966,-7.2926127882,13.6732644253,55.0231033284
2967,-7.3114089917,13.6216364548,54.9431033284
2968,-7.3301437834,13.5700925554,54.8431033284
2969,-7.3488241159,13.5186139903,54.7631033284
2970,-7.3674598210,13.4671830657,54.7031033284
2971,-7.3860500049,13.4158207402,54.6231033284
2972,-7.4045997673,13.3645075980,54.5631033284
2973,-7.4231019997,13.3132623451,54.4831033284
2974,-7.4415510028,13.2621041961,54.3831033284
2975,-7.4599403566,13.2110521046,54.2631033284
2976,-7.4782641295,13.1601251995,54.1231033284
2977,-7.4965156099,13.1093423285,53.9631033284
2978,-7.5146880127,13.0587223129,53.7831033284
2979,-7.5327903976,13.0082471619,53.6231033284
2980,-7.5508301601,12.9578982859,53.4831033284
2981,-7.5688030869,12.9076954249,53.3231033284
2982,-7.5866999215,12.8576565126,53.1431033284
2983,-7.6045302272,12.8077637332,52.9831033284
2984,-7.6223020312,12.7579987199,52.8431033284
2985,-7.6400189809,12.7083415420,52.7231033284
2986,-7.6576807273,12.6588133130,52.5831033284
2987,-7.6752917839,12.6093944108,52.4631033284
2988,-7.6928463521,12.5601040032,52.3231033284
2989,-7.7103398814,12.5109617019,52.1631033284
2990,-7.7277838258,12.4619503554,52.0231033284
2991,-7.7451757433,12.4130478673,51.9031033284
2992,-7.7625160984,12.3642331810,51.8031033284
2993,-7.7798066868,12.3155281635,51.6831033284
2994,-7.7970486463,12.2669544429,51.5431033284
2995,-7.8142227608,12.2185264232,51.3831033284
2996,-7.8313307203,12.1702659268,51.2031033284
2997,-7.8483713008,12.1221513031,51.0431033284
2998,-7.8653564943,12.0741655851,50.9031033284
2999,-7.8822840068,12.0263291779,50.7431033284
3000,-7.8991650604,11.9786248374,50.6031033284
3001,-7.9159984161,11.9310309108,50.4831033284
3002,-7.9327970594,11.8835307773,50.3831033284
3003,-7.9495503552,11.8361418900,50.2631033284
3004,-7.9662550972,11.7888419055,50.1631033284
3005,-7.9829066327,11.7416503962,50.0431033284
3006,-7.9995104665,11.6945481003,49.9431033284
3007,-8.0160815287,11.6475190777,49.8631033284
3008,-8.0326108527,11.6005813753,49.7631033284
3009,-8.0490951585,11.5537550433,49.6431033284
3010,-8.0655397006,11.5070207291,49.5431033284
3011,-8.0819539616,11.4603605681,49.4631033284
3012,-8.0983398606,11.4137964372,49.3631033284
3013,-8.1146920453,11.3673052517,49.2831033284
3014,-8.1310169971,11.3208680915,49.2231033284
3015,-8.1473103135,11.2745046097,49.1431033284
3016,-8.1635794239,11.2281962187,49.0831033284
3017,-8.1797998119,11.1819555099,49.0031033284
3018,-8.1959955482,11.1357697384,48.9431033284
3019,-8.2121703916,11.0896190292,48.9031033284
3020,-8.2283352619,11.0434860176,48.8831033284
3021,-8.2444950922,10.9973512403,48.8831033284
3022,-8.2606839136,10.9512054325,48.9031033284
3023,-8.2768633172,10.9050139370,48.9431033284
3024,-8.2930607858,10.8587651949,49.0031033284
3025,-8.3092965926,10.8124451170,49.0831033284
3026,-8.3255664600,10.7660310128,49.1831033284
3027,-8.3418746126,10.7195031700,49.3031033284
3028,-8.3582357082,10.6728455338,49.4431033284
3029,-8.3746511529,10.6260374038,49.6031033284
3030,-8.3911045210,10.5790942147,49.7431033284
3031,-8.4075803355,10.5320317390,49.8631033284
3032,-8.4240870057,10.4848741147,49.9631033284
3033,-8.4406167839,10.4375974432,50.0831033284
3034,-8.4571935958,10.3901889058,50.2231033284
3035,-8.4737844848,10.3426581741,50.3431033284
3036,-8.4904225540,10.2950379964,50.4431033284
3037,-8.5070960764,10.2473030923,50.5631033284
3038,-8.5238116243,10.1994769436,50.6631033284
3039,-8.5405592410,10.1515348857,50.7831033284
3040,-8.5573479402,10.1034588830,50.9231033284
3041,-8.5741757858,10.0552270776,51.0831033284
3042,-8.5910786530,10.0068308087,51.2631033284
3043,-8.6080408020,9.9582857672,51.4231033284
3044,-8.6250535738,9.9095677431,51.6031033284
3045,-8.6421448712,9.8606652987,51.8031033284
3046,-8.6592994012,9.8115942774,51.9831033284
3047,-8.6765112288,9.7623314185,52.1831033284
3048,-8.6938079394,9.7128651771,52.4031033284
3049,-8.7111788504,9.6631706323,52.6431033284
3050,-8.7286226687,9.6132261477,52.9031033284
3051,-8.7461587503,9.5630173006,53.1831033284
3052,-8.7637865161,9.5125227048,53.4831033284
3053,-8.7815047757,9.4617631287,53.7631033284
3054,-8.7993049021,9.4107567449,54.0231033284
3055,-8.8172064557,9.3595315679,54.2631033284
3056,-8.8351813709,9.3080989812,54.4831033284
3057,-8.8532190043,9.2564340819,54.7231033284
3058,-8.8713446278,9.2045668825,54.9431033284
3059,-8.8895351609,9.1525105058,55.1431033284
3060,-8.9077204000,9.1004522796,55.1431033284
3061,-8.9258833899,9.0483862864,55.1431033284
3062,-8.9440510934,8.9963219378,55.1431033284
3063,-8.9622273603,8.9442605782,55.1431033284
3064,-8.9804222943,8.8922057396,55.1431033284
3065,-8.9986166413,8.8401506958,55.1431033284
3066,-9.0168074207,8.7880944052,55.1431033284
3067,-9.0349746826,8.7360299025,55.1431033284
3068,-9.0531321392,8.6839619795,55.1431033284
3069,-9.0712948445,8.6318958870,55.1431033284
3070,-9.0894671798,8.5798331549,55.1431033284
3071,-9.1076456890,8.5277937629,55.1231033284
3072,-9.1258107668,8.4757920492,55.0831033284
3073,-9.1439572601,8.4238473991,55.0231033284
3074,-9.1620760733,8.3719778202,54.9431033284
3075,-9.1801612537,8.3202024184,54.8431033284
3076,-9.1982029134,8.2685389250,54.7231033284
3077,-9.2162078525,8.2170109002,54.5831033284
3078,-9.2341705915,8.1655952447,54.4631033284
3079,-9.2520999314,8.1143162205,54.3231033284
3080,-9.2699435394,8.0631767307,54.1631033284
3081,-9.2877363785,8.0121678043,54.0231033284
3082,-9.3054864872,7.9613134285,53.8631033284
3083,-9.3231466583,7.9106183208,53.6831033284
3084,-9.3407243654,7.8601062772,53.4831033284
3085,-9.3497932572,7.8340687576,27.5716743046
3086,-9.3587891200,7.8082175873,27.3716743046
3087,-9.3677229970,7.7825354341,27.1916743046
3088,-9.3766037107,7.7570041916,27.0316743046
3089,-9.3854407115,7.7316059719,26.8916743046
3090,-9.3942389365,7.7063213169,26.7716743046
3091,-9.4029943289,7.6811276408,26.6716743046
3092,-9.4117278252,7.6560110490,26.5916743046
3093,-9.4204340251,7.6309484907,26.5316743046
3094,-9.4291123032,7.6059185827,26.4916743046
3095,-9.4377782847,7.5809055800,26.4716743046
3096,-9.4464411910,7.5558915121,26.4716743046
3097,-9.4551079964,7.5308576292,26.4916743046
3098,-9.4637892131,7.5057864063,26.5316743046
3099,-9.4724711795,7.4806519558,26.5916743046
3100,-9.4811822526,7.4554429214,26.6716743046
3101,-9.4899182029,7.4301366827,26.7716743046
3102,-9.4986903438,7.4047159885,26.8916743046
3103,-9.5075160339,7.3791656733,27.0316743046
3104,-9.5163937239,7.3534640435,27.1916743046
3105,-9.5253102130,7.3275853887,27.3716743046
3106,-9.5342980318,7.3015197727,27.5716743046
3107,-9.5432715035,7.2754492140,27.5716743046
3108,-9.5522386759,7.2493764879,27.5716743046
3109,-9.5612186913,7.2233081825,27.5716743046
3110,-9.5702044968,7.1972418724,27.5716743046
3111,-9.5791819748,7.1711726930,27.5716743046
3112,-9.5881719155,7.1451078088,27.5716743046
3113,-9.5971497466,7.1190387511,27.5716743046
3114,-9.6061152668,7.0929654568,27.5716743046
3115,-9.6150904412,7.0668954843,27.5716743046
3116,-9.6240771314,7.0408294792,27.5716743046
3117,-9.6330733713,7.0147667684,27.5716743046
3118,-9.6420672837,6.9887032544,27.5716743046
3119,-9.6510641700,6.9626407668,27.5716743046
3120,-9.6600555871,6.9365763918,27.5716743046
3121,-9.6690507875,6.9105133223,27.5716743046
3122,-9.6780351150,6.8844465027,27.5716743046
3123,-9.6870157958,6.8583784265,27.5716743046
3124,-9.6959929660,6.8323091411,27.5716743046
3125,-9.7049808704,6.8062435546,27.5716743046
3126,-9.7139768760,6.7801807630,27.5716743046
3127,-9.7229787441,6.7541199957,27.5716743046
3128,-9.7319654489,6.7280539956,27.5716743046
3129,-9.7409595034,6.7019905306,27.5716743046
3130,-9.7499457377,6.6759243683,27.5716743046
3131,-9.7589281659,6.6498568941,27.5716743046
3132,-9.7679148922,6.6237909015,27.5716743046
3133,-9.7768978858,6.5977236222,27.5716743046
3134,-9.7858923597,6.5716603019,27.5716743046
3135,-9.7948836407,6.5455958800,27.5716743046
3136,-9.8038686979,6.5195293119,27.5716743046
3137,-9.8128605986,6.4934651038,27.5716743046
3138,-9.8218571327,6.4674024946,27.5716743046
3139,-9.8308478987,6.4413378950,27.5716743046
3140,-9.8398283932,6.4152697546,27.5716743046
3141,-9.8488029401,6.3891995661,27.5716743046
3142,-9.8577768881,6.3631291714,27.5716743046
3143,-9.8667452472,6.3370568535,27.5716743046
3144,-9.8757078247,6.3109825476,27.5716743046
3145,-9.8846779818,6.2849108482,27.5716743046
3146,-9.8936537043,6.2588410644,27.5716743046
3147,-9.9026267354,6.2327703541,27.5716743046
3148,-9.9116043943,6.2067012370,27.5716743046
3149,-9.9205671345,6.1806269870,27.5716743046
3150,-9.9295058182,6.1545444803,27.5716743046
3151,-9.9384512309,6.1284642806,27.5716743046
3152,-9.9473980098,6.1023845496,27.5716743046
3153,-9.9563473526,6.0763056982,27.5716743046
3154,-9.9653078033,6.0502306614,27.5716743046
3155,-9.9742766034,6.0241584952,27.5716743046
3156,-9.9832435964,5.9980857075,27.5716743046
3157,-9.9922128194,5.9720136868,27.5716743046
3158,-10.0011813429,5.9459414254,27.5716743046
3159,-10.0101512198,5.9198696297,27.5716743046
3160,-10.0191219401,5.8937981242,27.5716743046
3161,-10.0280948005,5.8677273551,27.5716743046
3162,-10.0370697252,5.8416572966,27.5716743046
3163,-10.0460483715,5.8155885196,27.5716743046
3164,-10.0550153000,5.7895157097,27.5716743046
3165,-10.0639785133,5.7634416223,27.5716743046
3166,-10.0729238136,5.7373613841,27.5716743046
3167,-10.0818798136,5.7112848182,27.5716743046
3168,-10.0908215096,5.6852033440,27.5716743046
3169,-10.0998199847,5.6591625644,27.5516743046
3170,-10.1088687302,5.6331392102,27.5516743046
3171,-10.1179638841,5.6071108526,27.5716743046
3172,-10.1270168981,5.5810678082,27.5716743046
3173,-10.1359871285,5.5550172857,27.5516743046
3174,-10.1448960300,5.5289457259,27.5516743046
3175,-10.1538780579,5.5028781138,27.5716743046
3176,-10.1629131058,5.4768288311,27.5716743046
3177,-10.1719835977,5.4508130486,27.5516743046
3178,-10.1809580595,5.4248062945,27.5116743046
3179,-10.1899622373,5.3988733193,27.4516743046
3180,-10.1988763606,5.3729515467,27.4116743046
3181,-10.2077092197,5.3470653595,27.3516743046
3182,-10.2165952801,5.3212396847,27.3116743046
3183,-10.2254120440,5.2954114025,27.2916743046
3184,-10.2342807686,5.2696432152,27.2516743046
3185,-10.2431789366,5.2439063410,27.2316743046
3186,-10.2521079767,5.2182225057,27.1916743046
3187,-10.2609371582,5.1925676172,27.1316743046
3188,-10.2698037150,5.1669679495,27.0916743046
3189,-10.2786991321,5.1413994708,27.0716743046
3190,-10.2876269936,5.1158423027,27.0716743046
3191,-10.2965737533,5.0903129358,27.0516743046
3192,-10.3055404342,5.0647905591,27.0516743046
3193,-10.3143998889,5.0392519319,27.0316743046
3194,-10.3232813925,5.0137633192,26.9916743046
3195,-10.3321839986,4.9883032560,26.9716743046
3196,-10.3411082819,4.9628507830,26.9716743046
3197,-10.3500427811,4.9374230920,26.9516743046
3198,-10.3589902198,4.9119999512,26.9516743046
3199,-10.3678360566,4.8865201084,26.9716743046
3200,-10.3767261495,4.8610133094,27.0116743046
3201,-10.3855283840,4.8354549040,27.0316743046
3202,-10.3943868507,4.8098736000,27.0716743046
3203,-10.4032798748,4.7842831146,27.0916743046
3204,-10.4122011176,4.7587024531,27.0916743046
3205,-10.4211510798,4.7331106369,27.1116743046
3206,-10.4300109053,4.7074451560,27.1516743046
3207,-10.4388069324,4.6816943283,27.2116743046
3208,-10.4475618026,4.6558450007,27.2916743046
3209,-10.4563559626,4.6299456410,27.3516743046
3210,-10.4651182991,4.6039510605,27.4316743046
3211,-10.4739754181,4.5779252349,27.4916743046
3212,-10.4829058124,4.5518821715,27.5316743046
3213,-10.4918792758,4.5258327625,27.5516743046
3214,-10.5008997374,4.4997784251,27.5716743046
3215,-10.5098308395,4.4736933213,27.5716743046
3216,-10.5188116625,4.4476252941,27.5716743046
3217,-10.5277105489,4.4215291825,27.5716743046
3218,-10.5366651628,4.3954521406,27.5716743046
3219,-10.5455428552,4.3693488112,27.5716743046
3220,-10.5544736554,4.3432847447,27.5516743046
3221,-10.5633309962,4.3171956230,27.5516743046
3222,-10.5722438783,4.2911465612,27.5316743046
3223,-10.5810728832,4.2651111847,27.4916743046
3224,-10.5899588532,4.2391163308,27.4716743046
3225,-10.5988823050,4.2131766168,27.4316743046
3226,-10.6078392647,4.1872696147,27.4116743046
3227,-10.6166954683,4.1613702670,27.3716743046
3228,-10.6255811401,4.1355444584,27.3116743046
3229,-10.6343608540,4.1097669350,27.2316743046
3230,-10.6430574218,4.0840245654,27.1716743046
3231,-10.6516777947,4.0583409522,27.0916743046
3232,-10.6603257561,4.0327299354,27.0316743046
3233,-10.6690284906,4.0071797320,26.9916743046
3234,-10.6777656474,3.9817047017,26.9316743046
3235,-10.6864170774,3.9562426730,26.8916743046
3236,-10.6949912238,3.9308178276,26.8316743046
3237,-10.7034939276,3.9054533622,26.7516743046
3238,-10.7120551442,3.8801719254,26.6916743046
3239,-10.7206653886,3.8549494070,26.6516743046
3240,-10.7292057025,3.8297242387,26.6316743046
3241,-10.7376954641,3.8044820117,26.6316743046
3242,-10.7462637622,3.7792452130,26.6516743046
3243,-10.7549026067,3.7539901968,26.6916743046
3244,-10.7636069129,3.7286942064,26.7516743046
3245,-10.7723739126,3.7033352146,26.8316743046
3246,-10.7810898233,3.6778529074,26.9316743046
3247,-10.7898904708,3.6522728041,27.0516743046
3248,-10.7987602326,3.6266107554,27.1516743046
3249,-10.8076982670,3.6008453568,27.2716743046
3250,-10.8167037576,3.5749551844,27.4116743046
3251,-10.8256642117,3.5488801487,27.5716743046
3252,-10.8346623597,3.5228180967,27.5716743046
3253,-10.8436903363,3.4967663624,27.5716743046
3254,-10.8526913490,3.4707052996,27.5716743046
3255,-10.8616044893,3.4446140529,27.5716743046
3256,-10.8704472321,3.4184988633,27.5716743046
3257,-10.8792339088,3.3923647566,27.5716743046
3258,-10.8880919876,3.3662547649,27.5716743046
3259,-10.8970070883,3.3401641880,27.5716743046
3260,-10.9058460823,3.3140688447,27.5516743046
3261,-10.9146168788,3.2879926995,27.5116743046
3262,-10.9233248767,3.2619587755,27.4516743046
3263,-10.9320992717,3.2359893728,27.4116743046
3264,-10.9409175532,3.2100982160,27.3516743046
3265,-10.9497602398,3.1842999387,27.2716743046
3266,-10.9585829972,3.1586005450,27.1716743046
3267,-10.9673057929,3.1329515362,27.0916743046
3268,-10.9759503254,3.1073393619,27.0316743046
3269,-10.9845896516,3.0818098732,26.9516743046
3270,-10.9931718196,3.0563666265,26.8516743046
3271,-11.0016711144,3.0310221123,26.7316743046
3272,-11.0100910755,3.0057986827,26.5916743046
3273,-11.0183299750,2.9806838676,26.4316743046
3274,-11.0263659946,2.9556924132,26.2516743046
3275,-11.0341809337,2.9308405227,26.0516743046
3276,-11.0417713916,2.9061073773,25.8716743046
3277,-11.0495070856,2.8815869932,25.7116743046
3278,-11.0569288449,2.8571578328,25.5316743046
3279,-11.0644445193,2.8329667526,25.3316743046
3280,-11.0719990394,2.8089764223,25.1516743046
3281,-11.0795689636,2.7852007562,24.9516743046
3282,-11.0871461727,2.7616164023,24.7716743046
3283,-11.0947253164,2.7382007859,24.6116743046
3284,-11.1017124286,2.7147477880,24.4716743046
3285,-11.1081795770,2.6912705643,24.3516743046
3286,-11.1148780383,2.6679623185,24.2516743046
3287,-11.1210138190,2.6446237260,24.1316743046
3288,-11.1266535254,2.6212631806,24.0316743046
3289,-11.1318425019,2.5979213150,23.9116743046
3290,-11.1366258076,2.5745950247,23.8116743046
3291,-11.1410324889,2.5513167818,23.6916743046
3292,-11.1460983866,2.5283163896,23.5516743046
3293,-11.1516905850,2.5055618147,23.4316743046
3294,-11.1565892190,2.4827910993,23.2916743046
3295,-11.1608786919,2.4600606181,23.1316743046
3296,-11.1646287292,2.4374173724,22.9516743046
3297,-11.1691664273,2.4151227996,22.7516743046
3298,-11.1743255177,2.3931486268,22.5716743046
3299,-11.1786224564,2.3711527303,22.4116743046
3300,-11.1821770938,2.3492070726,22.2316743046
3301,-11.1865600547,2.3275749562,22.0716743046
3302,-11.1915900167,2.3062689737,21.8916743046
3303,-11.1971189530,2.2852937599,21.6916743046
3304,-11.2030259812,2.2646506057,21.4716743046
3305,-11.2076173109,2.2438803428,21.2716743046
3306,-11.2111078496,2.2230795047,21.0916743045
3307,-11.2136696256,2.2023454902,20.8916743045
3308,-11.2172216662,2.1819812783,20.6716743045
3309,-11.2215412575,2.1620114399,20.4316743045
3310,-11.2246229333,2.1420765529,20.1716743045
3311,-11.2285463033,2.1225756331,19.8916743045
3312,-11.2331099508,2.1035228951,19.5916743045
3313,-11.2381613160,2.0848835691,19.3116743045
3314,-11.2416573637,2.0661961024,19.0116743045
3315,-11.2458308055,2.0479763036,18.6916743045
3316,-11.2485466268,2.0298266957,18.3516743045
3317,-11.2514993776,2.0120384260,18.0316743045
3318,-11.2526422202,2.0000929703,12.0000000000
3319,-11.2530916885,1.9884616515,11.6400000000
3320,-11.2530000460,1.9772020244,11.2600000000
3321,-11.2538021256,1.9663315751,10.9000000000
3322,-11.2539847174,1.9557731538,10.5600000000
3323,-11.2549557751,1.9455793004,10.2400000000
3324,-11.2565149133,1.9357623412,9.9400000000
3325,-11.2584996755,1.9263493120,9.6200000000
3326,-11.2607797652,1.9173537802,9.2800000000
3327,-11.2632620149,1.9087444808,8.9600000000
3328,-11.2658770276,1.9004887369,8.6600000000
3329,-11.2674968027,1.8922667706,8.3800000000
3330,-11.2694017806,1.8844145443,8.0800000000
3331,-11.2704624596,1.8767273757,7.7600000000
3332,-11.2718892162,1.8694050834,7.4600000000
3333,-11.2725985293,1.8623004036,7.1400000000
3334,-11.2737070303,1.8555508239,6.8400000000
3335,-11.2741843363,1.8490082114,6.5600000000
3336,-11.2741842154,1.8427482114,6.2600000000
3337,-11.2738311218,1.8367786448,5.9800000000
3338,-11.2732243242,1.8311311501,5.6800000000
3339,-11.2724443612,1.8258282021,5.3600000000
3340,-11.2722838221,1.8207707494,5.0600000000
3341,-11.2718685678,1.8160088208,4.7800000000
3342,-11.2719413778,1.8114894073,4.5200000000
3343,-11.2717300947,1.8072546748,4.2400000000
3344,-11.2713203276,1.8032958251,3.9800000000
3345,-11.2707753807,1.7995957396,3.7400000000
3346,-11.2706700510,1.7961173339,3.4800000000
3347,-11.2708730431,1.7928836991,3.2399999999
3348,-11.2708282003,1.7898640320,3.0199999999
3349,-11.2706105071,1.7870524471,2.8199999999
3350,-11.2706769703,1.7844532968,2.5999999999
3351,-11.2709330096,1.7820669934,2.3999999999
3352,-11.2713153840,1.7798801715,2.2199999999
3353,-11.2714601352,1.7778653646,2.0199999999
3354,-11.2714427213,1.7760654488,1.7999999999
3355,-11.2714748250,1.7744657709,1.5999999999
3356,-11.2714038524,1.7730875972,1.3799999999
3357,-11.2714590687,1.7719088898,1.1799999999
3358,-11.2714298937,1.7709493332,0.9599999999
3359,-11.2713635405,1.7702323972,0.7199999999
3360,-11.2713701115,1.7697724441,0.4599999999
3361,-11.2713576450,1.7695527976,0.2199999999
3362,-11.2713576450,1.7695527976,0.0000000000
3363,-11.2713576450,1.7695527976,0.0000000000
3364,-11.2713576450,1.7695527976,0.0000000000
3365,-11.2713576450,1.7695527976,0.0000000000
3366,-11.2713576450,1.7695527976,0.0000000000
3367,-11.2713576450,1.7695527976,0.0000000000
3368,-11.2713576450,1.7695527976,0.0000000000
3369,-11.2713576450,1.7695527976,0.0000000000
3370,-11.2713576450,1.7695527976,0.0000000000
3371,-11.2713576450,1.7695527976,0.0000000000
3372,-11.2713576450,1.7695527976,0.0000000000
3373,-11.2713576450,1.7695527976,0.0000000000
3374,-11.2713576450,1.7695527976,0.0000000000
3375,-11.2713575167,1.7695327980,0.0200000000
3376,-11.2713560512,1.7695128518,0.0200000000
3377,-11.2713509889,1.7694731734,0.0400000000
3378,-11.2713374739,1.7693943233,0.0800000000
3379,-11.2713172103,1.7692963979,0.1000000000
3380,-11.2712942661,1.7691990656,0.1000000000
3381,-11.2712865093,1.7691194425,0.0800000000
3382,-11.2712873417,1.7690394469,0.0800000000
3383,-11.2712931181,1.7689797256,0.0600000000
3384,-11.2712936476,1.7689197279,0.0600000000
3385,-11.2712911985,1.7688798030,0.0400000000
3386,-11.2712865151,1.7688400781,0.0400000000
3387,-11.2712861671,1.7687800791,0.0600000000
3388,-11.2712817909,1.7687202389,0.0600000000
3389,-11.2712820062,1.7686802395,0.0400000000
3390,-11.2712856965,1.7686404101,0.0400000000
3391,-11.2712858068,1.7686204104,0.0200000000
3392,-11.2712876540,1.7686004959,0.0200000000
3393,-11.2712876540,1.7686004959,0.0000000000
3394,-11.2712876540,1.7686004959,0.0000000000
3395,-11.2712876540,1.7686004959,0.0000000000
3396,-11.2712910140,1.7685807801,0.0200000000
3397,-11.2712954390,1.7685612758,0.0200000000
3398,-11.2712998320,1.7685215177,0.0400000000
3399,-11.2713006155,1.7684815254,0.0400000000
3400,-11.2713068271,1.7684218478,0.0600000000
3401,-11.2713076968,1.7683618541,0.0600000000
3402,-11.2713054223,1.7683219188,0.0400000000
3403,-11.2713071224,1.7682819550,0.0400000000
3404,-11.2713144265,1.7682224012,0.0600000000
3405,-11.2713161727,1.7681624266,0.0600000000
3406,-11.2713143631,1.7681224676,0.0400000000
3407,-11.2713143631,1.7681224676,0.0000000000
3408,-11.2713143631,1.7681224676,0.0000000000
3409,-11.2713143631,1.7681224676,0.0000000000
3410,-11.2713150797,1.7681024804,0.0200000000
3411,-11.2713174076,1.7680826164,0.0200000000
3412,-11.2713174076,1.7680826164,0.0000000000
3413,-11.2713174076,1.7680826164,0.0000000000
3414,-11.2713174076,1.7680826164,0.0000000000
3415,-11.2713174076,1.7680826164,0.0000000000
3416,-11.2713174076,1.7680826164,0.0000000000
3417,-11.2713171032,1.7680626187,0.0200000000
3418,-11.2713154887,1.7680426840,0.0200000000
3419,-11.2713164204,1.7680026948,0.0400000000
3420,-11.2713249300,1.7679231487,0.0800000000
3421,-11.2713265890,1.7678231624,0.1000000000
3422,-11.2713407333,1.7676838788,0.1400000000
3423,-11.2713431827,1.7674838938,0.2000000000
3424,-11.2713666004,1.7672450390,0.2400000000
3425,-11.2714095930,1.7669886182,0.2600000000
3426,-11.2714665439,1.7667349322,0.2600000000
3427,-11.2714966647,1.7664565570,0.2800000000
3428,-11.2715015062,1.7661765989,0.2800000000
3429,-11.2714849701,1.7658770549,0.3000000000
3430,-11.2714465822,1.7655392290,0.3400000000
3431,-11.2713830154,1.7651443122,0.4000000000
3432,-11.2712891586,1.7646735778,0.4800000000
3433,-11.2712489240,1.7640949750,0.5800000000
3434,-11.2712716770,1.7633953449,0.7000000000
3435,-11.2712352752,1.7625561340,0.8400000000
3436,-11.2711313122,1.7615615529,1.0000000000
3437,-11.2711370468,1.7603815668,1.1800000000
3438,-11.2710488455,1.7590444727,1.3400000000
3439,-11.2708678130,1.7575755863,1.4800000000
3440,-11.2705932471,1.7559587334,1.6400000000
3441,-11.2702311364,1.7542159552,1.7800000000
3442,-11.2700809455,1.7522817776,1.9400000000
3443,-11.2698264783,1.7501771051,2.1200000000
3444,-11.2698097812,1.7478971663,2.2800000000
3445,-11.2696202103,1.7454444814,2.4600000000
3446,-11.2696922361,1.7428254716,2.6200000000
3447,-11.2695524266,1.7400289643,2.8000000000
3448,-11.2692163159,1.7370478522,3.0000000000
3449,-11.2686953969,1.7338702676,3.2200000000
3450,-11.2685568182,1.7304130439,3.4600000000
3451,-11.2681649645,1.7267137398,3.7200000000
3452,-11.2675404668,1.7228032919,3.9600000000
3453,-11.2673884988,1.7185860291,4.2200000000
3454,-11.2676677629,1.7140947028,4.5000000000
3455,-11.2675444597,1.7093363001,4.7600000000
3456,-11.2679001884,1.7043088697,5.0400000000
3457,-11.2686821684,1.6990668751,5.3000000000
3458,-11.2689075127,1.6935314600,5.5400000000
3459,-11.2686406481,1.6877376026,5.8000000000
3460,-11.2679405698,1.6817383118,6.0400000000
3461,-11.2668559561,1.6755323781,6.3000000000
3462,-11.2665603682,1.6689990614,6.5400000000
3463,-11.2657655369,1.6622859516,6.7600000000
3464,-11.2657639690,1.6552859517,7.0000000000
3465,-11.2664433961,1.6480979911,7.2200000000
3466,-11.2663750696,1.6406783057,7.4200000000
3467,-11.2656654522,1.6330713323,7.6400000000
3468,-11.2658313958,1.6252330887,7.8400000000
3469,-11.2652608537,1.6171933075,8.0600000000
3470,-11.2655909759,1.6088998752,8.3000000000
3471,-11.2666212606,1.6004021042,8.5600000000
3472,-11.2666658065,1.5916022169,8.8000000000
3473,-11.2675808363,1.5826287493,9.0200000000
3474,-11.2674620820,1.5734095141,9.2200000000
3475,-11.2664692309,1.5640620949,9.4000000000
3476,-11.2666064966,1.5545030804,9.5600000000
3477,-11.2676851910,1.5448229968,9.7400000000
3478,-11.2695488602,1.5350592712,9.9400000000
3479,-11.2700487831,1.5249516267,10.1200000000
3480,-11.2714835301,1.5147722406,10.2800000000
3481,-11.2715591186,1.5043525148,10.4200000000
3482,-11.2726860058,1.4938729287,10.5400000000
3483,-11.2746681195,1.4834191818,10.6400000000
3484,-11.2773493004,1.4729985834,10.7600000000
3485,-11.2783211251,1.4621821535,10.8600000000
3486,-11.2778605119,1.4512118192,10.9800000000
3487,-11.2785883275,1.4401557491,11.0800000000
3488,-11.2803237459,1.4291315066,11.1600000000
3489,-11.2803900339,1.4179117024,11.2200000000
3490,-11.2816208898,1.4066789382,11.3000000000
3491,-11.2812194378,1.3953260338,11.3600000000
3492,-11.2794857719,1.3840586294,11.4000000000
3493,-11.2793040299,1.3726000706,11.4600000000
3494,-11.2776945226,1.3612132587,11.5000000000
3495,-11.2776411995,1.3496933821,11.5200000000
3496,-11.2760923421,1.3382779784,11.5200000000
3497,-11.2733512352,1.3271094363,11.5000000000
3498,-11.2724040100,1.3156485129,11.5000000000
3499,-11.2700935739,1.3043625799,11.5200000000
3500,-11.2695197580,1.2928568798,11.5200000000
3501,-11.2703558558,1.2813472081,11.5400000000
3502,-11.2723179164,1.2699752286,11.5400000000
3503,-11.2751757457,1.2587740496,11.5600000000
3504,-11.2760848718,1.2472097299,11.6000000000
3505,-11.2750991107,1.2355914738,11.6600000000
3506,-11.2725726952,1.2241265349,11.7400000000
3507,-11.2718846579,1.2123065431,11.8400000000
3508,-11.2727158252,1.2003754593,11.9600000000
3509,-11.2747718515,1.1885529065,12.0000000000
3510,-11.2777939494,1.1769396845,12.0000000000
3511,-11.2787909270,1.1649811714,12.0000000000
3512,-11.2777334749,1.1530278541,12.0000000000
3513,-11.2783041014,1.1410414290,12.0000000000
3514,-11.2768216095,1.1291333554,12.0000000000
3515,-11.2770658236,1.1171558448,11.9800000000
3516,-11.2752630349,1.1053122663,11.9800000000
3517,-11.2718179821,1.0938174148,12.0000000000
3518,-11.2704573213,1.0818948059,12.0000000000
3519,-11.2673195087,1.0703123134,12.0000000000
3520,-11.2627995021,1.0592177228,11.9800000000
3521,-11.2572027843,1.0486254072,11.9800000000
3522,-11.2507826373,1.0385346534,11.9600000000
3523,-11.2437161081,1.0288855205,11.9600000000
3524,-11.2361331858,1.0196108405,11.9800000000
3525,-11.2303069929,1.0091429909,11.9800000000
3526,-11.2236733895,0.9991912621,11.9600000000
3527,-11.2189169369,0.9882613692,11.9200000000
3528,-11.2161694052,0.9766828948,11.9000000000
3529,-11.2153621418,0.9648504003,11.8600000000
3530,-11.2125609822,0.9533876997,11.8000000000
3531,-11.2081892138,0.9424705004,11.7600000000
3532,-11.2058171302,0.9309726389,11.7400000000
3533,-11.2054689518,0.9192778207,11.7000000000
3534,-11.2031330379,0.9078337870,11.6800000000
3535,-11.1990665743,0.8969272077,11.6400000000
3536,-11.1936724455,0.8866350857,11.6200000000
3537,-11.1872591761,0.8769451747,11.6200000000
3538,-11.1826485738,0.8662572401,11.6400000000
3539,-11.1767975115,0.8561947021,11.6400000000
3540,-11.1699905818,0.8467278490,11.6600000000
3541,-11.1624377314,0.8377922768,11.7000000000
3542,-11.1565699324,0.8276469658,11.7200000000
3543,-11.1497168299,0.8181394222,11.7200000000
3544,-11.1446572247,0.8075899959,11.7000000000
3545,-11.1415487306,0.7963519860,11.6600000000
3546,-11.1367669296,0.7857834299,11.6000000000
3547,-11.1307426815,0.7759641206,11.5200000000
3548,-11.1242501204,0.7665206969,11.4600000000
3549,-11.1169675165,0.7577760940,11.3800000000
3550,-11.1113908727,0.7479710217,11.2800000000
3551,-11.1076709639,0.7374492406,11.1600000000
3552,-11.1025042721,0.7277155005,11.0200000000
3553,-11.0991840705,0.7173754878,10.8600000000
3554,-11.0943542762,0.7078051437,10.7200000000
3555,-11.0905034244,0.6979723140,10.5600000000
3556,-11.0884740202,0.6877518483,10.4200000000
3557,-11.0882807785,0.6774536612,10.3000000000
3558,-11.0896716248,0.6673489323,10.2000000000
3559,-11.0893175745,0.6572351274,10.1200000000
3560,-11.0872522073,0.6473894249,10.0600000000
3561,-11.0835660561,0.6381151223,9.9800000000
3562,-11.0790580100,0.6293235399,9.8800000000
3563,-11.0761937563,0.6199514510,9.8000000000
3564,-11.0750383545,0.6103205088,9.7000000000
3565,-11.0740154660,0.6007952740,9.5800000000
3566,-11.0746805349,0.5913386317,9.4800000000
3567,-11.0737310381,0.5820269156,9.3600000000
3568,-11.0712411054,0.5731494929,9.2200000000
3569,-11.0673442834,0.5649703500,9.0600000000
3570,-11.0624570460,0.5575562209,8.8800000000
3571,-11.0568770595,0.5508553141,8.7200000000
3572,-11.0508156508,0.5447827756,8.5800000000
3573,-11.0444497228,0.5392717538,8.4200000000
3574,-11.0379137989,0.5342538560,8.2400000000
3575,-11.0313112938,0.5296659888,8.0400000000
3576,-11.0246893293,0.5254317018,7.8600000000
3577,-11.0180767103,0.5214866707,7.7000000000
3578,-11.0114893196,0.5177772390,7.5600000000
3579,-11.0049338681,0.5142587654,7.4400000000
3580,-10.9986735842,0.5104267366,7.3400000000
3581,-10.9923778713,0.5068112699,7.2600000000
3582,-10.9868939713,0.5022077451,7.1600000000
3583,-10.9823578291,0.4967717710,7.0800000000
3584,-10.9773708971,0.4918310313,7.0200000000
3585,-10.9733549826,0.4861220182,6.9800000000
3586,-10.9687631242,0.4809450272,6.9200000000
3587,-10.9637794159,0.4762601310,6.8400000000
3588,-10.9585132940,0.4719897259,6.7800000000
3589,-10.9530371453,0.4680604263,6.7400000000
3590,-10.9483801049,0.4632714415,6.6800000000
3591,-10.9440318984,0.4583062527,6.6000000000
3592,-10.9392774572,0.4538154967,6.5400000000
3593,-10.9342256849,0.4497253138,6.5000000000
3594,-10.9299857780,0.4448249476,6.4800000000
3595,-10.9260423232,0.4396830059,6.4800000000
3596,-10.9215716225,0.4350199130,6.4600000000
3597,-10.9167355598,0.4307974850,6.4200000000
3598,-10.9116582284,0.4269673015,6.3600000000
3599,-10.9073612786,0.4223327980,6.3200000000
3600,-10.9039792298,0.4170650333,6.2600000000
3601,-10.8999696011,0.4123099015,6.2200000000
3602,-10.8955001466,0.4080129286,6.2000000000
3603,-10.8907162684,0.4041321928,6.1600000000
3604,-10.8856967856,0.4005960379,6.1400000000
3605,-10.8805256358,0.3973604221,6.1000000000
3606,-10.8760190647,0.3932790966,6.0800000000
3607,-10.8712011601,0.3895704318,6.0800000000
3608,-10.8671240905,0.3850870064,6.0600000000
3609,-10.8626184070,0.3810345483,6.0600000000
3610,-10.8577844227,0.3773468667,6.0800000000
3611,-10.8536742765,0.3728665656,6.0800000000
3612,-10.8491479614,0.3688371647,6.0600000000
3613,-10.8447013667,0.3647199574,6.0600000000
3614,-10.8410359489,0.3598690696,6.0800000000
3615,-10.8368075519,0.3555001957,6.0800000000
3616,-10.8334243360,0.3504725273,6.0600000000
3617,-10.8293980547,0.3459434370,6.0600000000
3618,-10.8262411868,0.3407940890,6.0400000000
3619,-10.8224018302,0.3361833037,6.0000000000
3620,-10.8182235000,0.3319052251,5.9800000000
3621,-10.8136350781,0.3280702825,5.9800000000
3622,-10.8098050640,0.3235038187,5.9600000000
3623,-10.8068572707,0.3183699201,5.9200000000
3624,-10.8031962673,0.3137942612,5.8600000000
3625,-10.7990277287,0.3097327731,5.8200000000
3626,-10.7945233560,0.3061427555,5.7600000000
3627,-10.7902999447,0.3023447037,5.6800000000
3628,-10.7868712056,0.2979424147,5.5800000000
3629,-10.7829916732,0.2941004324,5.4600000000
3630,-10.7788141872,0.2907421276,5.3600000000
3631,-10.7744715210,0.2878097480,5.2400000000
3632,-10.7708121730,0.2842574006,5.1000000000
3633,-10.7679040516,0.2802147245,4.9800000000
3634,-10.7646458826,0.2766356276,4.8400000000
3635,-10.7611148843,0.2735640725,4.6800000000
3636,-10.7574261406,0.2709174199,4.5400000000
3637,-10.7536514639,0.2686178077,4.4200000000
3638,-10.7498331633,0.2665971691,4.3200000000
3639,-10.7461810182,0.2644432341,4.2400000000
3640,-10.7424989877,0.2625505504,4.1400000000
3641,-10.7392703361,0.2600889638,4.0600000000
3642,-10.7359007782,0.2579334872,4.0000000000
3643,-10.7324662480,0.2560439364,3.9200000000
3644,-10.7289902653,0.2543655012,3.8600000000
3645,-10.7258955586,0.2521260392,3.8200000000
3646,-10.7232840014,0.2494209756,3.7600000000
3647,-10.7212104726,0.2463324681,3.7200000000
3648,-10.7197197049,0.2429460819,3.7000000000
3649,-10.7188563195,0.2393893747,3.6600000000
3650,-10.7186347197,0.2357962015,3.6000000000
3651,-10.7190384482,0.2322994311,3.5200000000
3652,-10.7200212755,0.2290236945,3.4200000000
3653,-10.7204178240,0.2257073186,3.3400000000
3654,-10.7202446466,0.2224719500,3.2400000000
3655,-10.7195456276,0.2194312639,3.1200000000
3656,-10.7183894053,0.2166847115,2.9800000000
3657,-10.7168653870,0.2143119982,2.8200000000
3658,-10.7151021366,0.2123471705,2.6400000000
3659,-10.7132529096,0.2107553290,2.4400000000
3660,-10.7114636447,0.2093747018,2.2600000000
3661,-10.7096894455,0.2082512175,2.1000000000
3662,-10.7082433572,0.2069281798,1.9600000000
3663,-10.7067901502,0.2058660172,1.8000000000
3664,-10.7054065120,0.2050234346,1.6200000000
3665,-10.7041086010,0.2043548337,1.4600000000
3666,-10.7030594952,0.2035537239,1.3200000000
3667,-10.7022754624,0.2026988013,1.1600000000
3668,-10.7017287278,0.2018377083,1.0200000000
3669,-10.7014023617,0.2010420418,0.8600000000
3670,-10.7010401124,0.2004665633,0.6800000000
3671,-10.7008446463,0.1999846992,0.5200000000
3672,-10.7007658323,0.1996129623,0.3800000000
3673,-10.7007573877,0.1993530995,0.2600000000
3674,-10.7007248069,0.1991964518,0.1600000000
3675,-10.7006953081,0.1991220891,0.0800000000
3676,-10.7006913107,0.1991024926,0.0200000000
3677,-10.7006913107,0.1991024926,0.0000000000
3678,-10.7006913107,0.1991024926,0.0000000000
3679,-10.7006913107,0.1991024926,0.0000000000
3680,-10.7006874630,0.1990828662,0.0200000000
3681,-10.7006871193,0.1990628692,0.0200000000
3682,-10.7006871193,0.1990628692,0.0000000000
3683,-10.7006871193,0.1990628692,0.0000000000
3684,-10.7006871193,0.1990628692,0.0000000000
3685,-10.7006871193,0.1990628692,0.0000000000
3686,-10.7007017823,0.1990492678,0.0200000000
3687,-10.7007138908,0.1990333498,0.0200000000
3688,-10.7007138908,0.1990333498,0.0000000000
3689,-10.7007138908,0.1990333498,0.0000000000
3690,-10.7007138908,0.1990333498,0.0000000000
3691,-10.7007193682,0.1990141145,0.0200000000
3692,-10.7007214594,0.1989942241,0.0200000000
3693,-10.7007214594,0.1989942241,0.0000000000
3694,-10.7007214594,0.1989942241,0.0000000000
3695,-10.7007214594,0.1989942241,0.0000000000
3696,-10.7007214594,0.1989942241,0.0000000000
3697,-10.7007329076,0.1989778247,0.0200000000
3698,-10.7007582874,0.1989234568,0.0600000000
3699,-10.7008273326,0.1988253102,0.1200000000
3700,-10.7008955354,0.1986805747,0.1600000000
3701,-10.7010227661,0.1985010966,0.2200000000
3702,-10.7011344408,0.1982663015,0.2600000000
3703,-10.7012201787,0.1979580013,0.3200000000
3704,-10.7012595252,0.1975599412,0.4000000000
3705,-10.7013599669,0.1971110409,0.4600000000
3706,-10.7015530216,0.1966498144,0.5000000000
3707,-10.7018348074,0.1962127826,0.5200000000
3708,-10.7022097603,0.1957968376,0.5600000000
3709,-10.7025395553,0.1952718278,0.6200000000
3710,-10.7029768631,0.1947774980,0.6600000000
3711,-10.7034899895,0.1943312904,0.6800000000
3712,-10.7039440009,0.1937724759,0.7200000000
3713,-10.7043049511,0.1931264767,0.7400000000
3714,-10.7045494803,0.1924280460,0.7400000000
3715,-10.7046735713,0.1916782451,0.7600000000
3716,-10.7049405544,0.1909241098,0.8000000000
3717,-10.7053651534,0.1901762357,0.8600000000
3718,-10.7058905673,0.1893967870,0.9400000000
3719,-10.7066000895,0.1886364067,1.0400000000
3720,-10.7074919660,0.1878946814,1.1600000000
3721,-10.7083336846,0.1869039697,1.3000000000
3722,-10.7090736234,0.1856453631,1.4600000000
3723,-10.7096352902,0.1841471874,1.6000000000
3724,-10.7099531768,0.1824568182,1.7200000000
3725,-10.7099769926,0.1806369740,1.8200000000
3726,-10.7096748166,0.1787611570,1.9000000000
3727,-10.7097071267,0.1768014233,1.9600000000
3728,-10.7100901174,0.1748384363,2.0000000000
3729,-10.7108328975,0.1729170103,2.0600000000
3730,-10.7112419976,0.1708572440,2.1000000000
3731,-10.7120130739,0.1688824424,2.1200000000
3732,-10.7124330643,0.1668044607,2.1200000000
3733,-10.7124889174,0.1647052036,2.1000000000
3734,-10.7121829248,0.1626276164,2.1000000000
3735,-10.7117710177,0.1605480172,2.1200000000
3736,-10.7117299685,0.1584284147,2.1200000000
3737,-10.7120297643,0.1563095182,2.1400000000
3738,-10.7119606798,0.1541706336,2.1400000000
3739,-10.7115288430,0.1520950813,2.1200000000
3740,-10.7114674433,0.1499759707,2.1200000000
3741,-10.7110384862,0.1478794030,2.1400000000
3742,-10.7109825687,0.1457001203,2.1800000000
3743,-10.7105487180,0.1435433232,2.2000000000
3744,-10.7099964331,0.1413724752,2.2400000000
3745,-10.7098287532,0.1390785956,2.3000000000
3746,-10.7100697787,0.1367510418,2.3400000000
3747,-10.7107315056,0.1344440703,2.4000000000
3748,-10.7117679502,0.1322351378,2.4400000000
3749,-10.7124247687,0.1298229626,2.5000000000
3750,-10.7135283493,0.1274909013,2.5800000000
3751,-10.7150814692,0.1253068183,2.6800000000
3752,-10.7162874465,0.1227798401,2.8000000000
3753,-10.7179990801,0.1203894614,2.9400000000
3754,-10.7201623016,0.1182251895,3.0600000000
3755,-10.7226696577,0.1163019720,3.1600000000
3756,-10.7254677063,0.1145904453,3.2800000000
3757,-10.7280347102,0.1123306022,3.4200000000
3758,-10.7302748179,0.1095380554,3.5800000000
3759,-10.7329926995,0.1069398407,3.7600000000
3760,-10.7353179998,0.1037839924,3.9200000000
3761,-10.7371281376,0.1001498486,4.0600000000
3762,-10.7396184924,0.0967926872,4.1800000000
3763,-10.7427251479,0.0937908391,4.3200000000
3764,-10.7462963562,0.0911526444,4.4400000000
3765,-10.7502474959,0.0888364200,4.5800000000
3766,-10.7538632654,0.0857714876,4.7400000000
3767,-10.7570130248,0.0819918824,4.9200000000
3768,-10.7595452700,0.0775880052,5.0800000000
3769,-10.7628998189,0.0735885801,5.2200000000
3770,-10.7669582230,0.0700567595,5.3800000000
3771,-10.7704366228,0.0657706034,5.5200000000
3772,-10.7732035854,0.0608101278,5.6800000000
3773,-10.7769105809,0.0562716496,5.8600000000
3774,-10.7814253628,0.0522895466,6.0200000000
3775,-10.7852750891,0.0474806790,6.1600000000
3776,-10.7899605731,0.0432992152,6.2800000000
3777,-10.7952811054,0.0397063978,6.4200000000
3778,-10.8000192387,0.0351406019,6.5800000000
3779,-10.8040071954,0.0296822320,6.7600000000
3780,-10.8090340344,0.0248684508,6.9600000000
3781,-10.8132641434,0.0191164270,7.1400000000
3782,-10.8185522587,0.0140839489,7.3000000000
3783,-10.8229787367,0.0081039913,7.4400000000
3784,-10.8263817153,0.0013084239,7.6000000000
3785,-10.8286046597,-0.0061054900,7.7400000000
3786,-10.8321458401,-0.0131225863,7.8600000000
3787,-10.8369452982,-0.0195229927,8.0000000000
3788,-10.8428792725,-0.0250657672,8.1200000000
3789,-10.8478551533,-0.0316588098,8.2600000000
3790,-10.8540261192,-0.0373872982,8.4200000000
3791,-10.8611691711,-0.0421043322,8.5600000000
3792,-10.8689857678,-0.0458783508,8.6800000000
3793,-10.8772605977,-0.0488135832,8.7800000000
3794,-10.8849764561,-0.0531684805,8.8600000000
3795,-10.8919050012,-0.0588497534,8.9600000000
3796,-10.8997691131,-0.0633887119,9.0800000000
3797,-10.9082965795,-0.0668945237,9.2200000000
3798,-10.9161948914,-0.0718797288,9.3400000000
3799,-10.9231914523,-0.0782170575,9.4400000000
3800,-10.9290666303,-0.0857586677,9.5600000000
3801,-10.9336218852,-0.0943225250,9.7000000000
3802,-10.9366849319,-0.1036946830,9.8600000000
3803,-10.9381148546,-0.1136323347,10.0400000000
3804,-10.9378070545,-0.1238677076,10.2400000000
3805,-10.9356978815,-0.1341128522,10.4600000000
3806,-10.9317687780,-0.1440653467,10.7000000000
3807,-10.9260497418,-0.1534149042,10.9600000000
3808,-10.9186219021,-0.1618508272,11.2400000000
3809,-10.9096190040,-0.1690702057,11.5400000000
3810,-10.8993277541,-0.1749650997,11.8600000000
3811,-10.8882574877,-0.1795964279,12.0000000000
3812,-10.8767800557,-0.1830990777,12.0000000000
3813,-10.8650544085,-0.1856503906,12.0000000000
3814,-10.8531863634,-0.1874250755,12.0000000000
3815,-10.8412404606,-0.1885632345,12.0000000000
3816,-10.8292588277,-0.1892269161,12.0000000000
3817,-10.8172622878,-0.1895150659,12.0000000000
3818,-10.8052622878,-0.1895157255,12.0000000000
3819,-10.7932651612,-0.1892531394,12.0000000000
3820,-10.7811148838,-0.1887669719,12.1600000000
3821,-10.7687950148,-0.1880623952,12.3400000000
3822,-10.7562833322,-0.1872201374,12.5400000000
3823,-10.7435607515,-0.1862436435,12.7600000000
3824,-10.7306039133,-0.1851851800,13.0000000000
3825,-10.7173928268,-0.1840472902,13.2600000000
3826,-10.7039091892,-0.1828131437,13.5400000000
3827,-10.6901302637,-0.1815143705,13.8400000000
3828,-10.6760347751,-0.1801642595,14.1600000000
3829,-10.6616041010,-0.1787480512,14.5000000000
3830,-10.6468141484,-0.1773069050,14.8600000000
3831,-10.6316492604,-0.1757956897,15.2400000000
3832,-10.6160844652,-0.1742637791,15.6400000000
3833,-10.6001060737,-0.1726468044,16.0600000000
3834,-10.5836878583,-0.1710060113,16.5000000000
3835,-10.5668095766,-0.1693431202,16.9600000000
3836,-10.5494515973,-0.1676536956,17.4400000000
3837,-10.5315935509,-0.1659408685,17.9400000000
3838,-10.5132164251,-0.1641936283,18.4600000000
3839,-10.4943044770,-0.1623665485,19.0000000000
3840,-10.4748322420,-0.1605156943,19.5600000000
3841,-10.4547836679,-0.1585988536,20.1400000000
3842,-10.4341424285,-0.1565772617,20.7400000000
3843,-10.4128815670,-0.1545216909,21.3600000000
3844,-10.3909839827,-0.1524013602,22.0000000000
3845,-10.3684242060,-0.1502724936,22.6600000000
3846,-10.3451793940,-0.1481667121,23.3400000000
3847,-10.3212356498,-0.1460175930,24.0400000000
3848,-10.2965713684,-0.1438425472,24.7600000000
3849,-10.2711635724,-0.1416760058,25.5000000000
3850,-10.2449935703,-0.1395037742,26.2600000000
3851,-10.2180462747,-0.1372666200,27.0400000000
3852,-10.1903002274,-0.1349813493,27.8400000000
3853,-10.1617330120,-0.1326770481,28.6600000000
3854,-10.1323261932,-0.1303341857,29.5000000000
3855,-10.1020612313,-0.1279338349,30.3600000000
3856,-10.0709132481,-0.1255378503,31.2400000000
3857,-10.0388686182,-0.1230637253,32.1400000000
3858,-10.0059036007,-0.1205594846,33.0600000000
3859,-9.9719944956,-0.1180750150,34.0000000000
3860,-9.9371251837,-0.1155585319,34.9600000000
3861,-9.9012745552,-0.1130255415,35.9400000000
3862,-9.8644229995,-0.1104708521,36.9400000000
3863,-9.8265519482,-0.1078737231,37.9600000000
3864,-9.7876420518,-0.1052242019,39.0000000000
3865,-9.7476685559,-0.1025930007,40.0600000000
3866,-9.7066119898,-0.0999742253,41.1400000000
3867,-9.6644620957,-0.0972166853,42.2400000000
3868,-9.6211855073,-0.0945284708,43.3600000000
3869,-9.5767661794,-0.0918501671,44.5000000000
3870,-9.5311837760,-0.0891893221,45.6600000000
3871,-9.4844154902,-0.0865983686,46.8400000000
3872,-9.4364414972,-0.0840809091,48.0400000000
3873,-9.3872834487,-0.0816121719,49.2200000000
3874,-9.3369639800,-0.0791432702,50.3800000000
3875,-9.2854619155,-0.0766997190,51.5600000000
3876,-9.2327545254,-0.0743441659,52.7600000000
3877,-9.1788283607,-0.0719339455,53.9800000000
3878,-9.1236596507,-0.0695544834,55.2200000000
3879,-9.0672271284,-0.0672391375,56.4800000000
3880,-9.0095514142,-0.0649785196,57.7200000000
3881,-8.9506525566,-0.0627766637,58.9400000000
3882,-8.8905501210,-0.0606513781,60.1400000000
3883,-8.8292651209,-0.0585798670,61.3200000000
3884,-8.7668165252,-0.0565991353,62.4800000000
3885,-8.7032267056,-0.0546397360,63.6200000000
3886,-8.6385139893,-0.0527603903,64.7400000000
3887,-8.5726991019,-0.0509420926,65.8400000000
3888,-8.5058012623,-0.0492200436,66.9200000000
3889,-8.4378404765,-0.0476038759,67.9800000000
3890,-8.3687973299,-0.0460782596,69.0600000000
3891,-8.2986922283,-0.0446328794,70.1200000000
3892,-8.2275469389,-0.0431860232,71.1600000000
3893,-8.1553791187,-0.0418600753,72.1800000000
3894,-8.0822104066,-0.0405747862,73.1800000000
3895,-8.0080600099,-0.0393813570,74.1600000000
3896,-7.9329483374,-0.0382628553,75.1200000000
3897,-7.8568951476,-0.0372450529,76.0600000000
3898,-7.7799212460,-0.0362760954,76.9800000000
3899,-7.7020466754,-0.0353565081,77.8800000000
3900,-7.6232916651,-0.0344699677,78.7600000000
3901,-7.5436759598,-0.0336430013,79.6200000000
3902,-7.4632199624,-0.0328404474,80.4600000000
3903,-7.3819437007,-0.0320609128,81.2800000000
3904,-7.2998670054,-0.0313243782,82.0800000000
3905,-7.2171555490,-0.0306396746,82.7142903783
3906,-7.1344436253,-0.0300139692,82.7142903783
3907,-7.0517316028,-0.0294014553,82.7142903783
3908,-6.9690190535,-0.0288647835,82.7142903783
3909,-6.8863062118,-0.0283752441,82.7142903783
3910,-6.8035933084,-0.0278962384,82.7142903783
3911,-6.7208800204,-0.0274890263,82.7142903783
3912,-6.6381665272,-0.0271258745,82.7142903783
3913,-6.5554529047,-0.0267934890,82.7142903783
3914,-6.4727392855,-0.0264602803,82.7142903783
3915,-6.3900254199,-0.0261951937,82.7142903783
3916,-6.3073113981,-0.0259843859,82.7142903783
3917,-6.2245973597,-0.0257802240,82.7142903783
3918,-6.1418831864,-0.0256410827,82.7142903783
3919,-6.0591689824,-0.0255215175,82.7142903783
3920,-5.9764548024,-0.0253863969,82.7142903783
3921,-5.8937405440,-0.0253136646,82.7142903783
3922,-5.8110262689,-0.0252633179,82.7142903783
3923,-5.7283119832,-0.0252355944,82.7142903783
3924,-5.6455976944,-0.0252519835,82.7142903783
3925,-5.5628834044,-0.0252445144,82.7142903783
3926,-5.4801691185,-0.0252718194,82.7142903783
3927,-5.3974548441,-0.0253231370,82.7142903783
3928,-5.3147405640,-0.0253644871,82.7142903783
3929,-5.2320262945,-0.0254232248,82.7142903783
3930,-5.1493120576,-0.0255172544,82.7142903783
3931,-5.0665977930,-0.0255825971,82.7142903783
3932,-4.9838835843,-0.0256988333,82.7142903783
3933,-4.9011694072,-0.0258357514,82.7142903783
3934,-4.8184552805,-0.0260002756,82.7142903783
3935,-4.7357411174,-0.0261453927,82.7142903783
3936,-4.6530269739,-0.0263012878,82.7142903783
3937,-4.5978839526,-0.0263963886,55.1431033284
3938,-4.5427408929,-0.0264657106,55.1431033284
3939,-4.4875978449,-0.0265438303,55.1431033284
3940,-4.4324548261,-0.0266403942,55.1431033284
3941,-4.3773118229,-0.0267455012,55.1431033284
3942,-4.3221688365,-0.0268590199,55.1431033284
3943,-4.2670258684,-0.0269811745,55.1431033284
3944,-4.2118829192,-0.0271115390,55.1431033284
3945,-4.1567599119,-0.0272144246,55.1231033284
3946,-4.1016369066,-0.0273183881,55.1231033284
3947,-4.0465339238,-0.0274336527,55.1031033284
3948,-3.9914709571,-0.0275563122,55.0631033284
3949,-3.9364679611,-0.0276649884,55.0031033284
3950,-3.8815049718,-0.0277769292,54.9631033284
3951,-3.8265620289,-0.0279097116,54.9431033284
3952,-3.7716191191,-0.0280555365,54.9431033284
3953,-3.7166962097,-0.0282015010,54.9231033284
3954,-3.6618133355,-0.0283600879,54.8831033284
3955,-3.6069904439,-0.0285124554,54.8231033284
3956,-3.5522475507,-0.0286641266,54.7431033284
3957,-3.4976046745,-0.0288216640,54.6431033284
3958,-3.4430818007,-0.0289798808,54.5231033284
3959,-3.3886588647,-0.0291148359,54.4231033284
3960,-3.3343559715,-0.0292658978,54.3031033284
3961,-3.2801531540,-0.0294419250,54.2031033284
3962,-3.2260703663,-0.0296266842,54.0831033284
3963,-3.1720874823,-0.0297805839,53.9831033284
3964,-3.1181846054,-0.0299368033,53.9031033284
3965,-3.0643417416,-0.0300974101,53.8431033284
3966,-3.0105788923,-0.0302627033,53.7631033284
3967,-2.9569160618,-0.0304338167,53.6631033284
3968,-2.9033732763,-0.0306182883,53.5431033284
3969,-2.8499304735,-0.0307975180,53.4431033284
3970,-2.7966076815,-0.0309797505,53.3231033284
3971,-2.7434248970,-0.0311638963,53.1831033284
3972,-2.6904021374,-0.0313548166,53.0231033284
3973,-2.6375193567,-0.0315395221,52.8831033284
3974,-2.5847965476,-0.0317156776,52.7231033284
3975,-2.5322137416,-0.0318924952,52.5831033284
3976,-2.4797509621,-0.0320768506,52.4631033284
3977,-2.4273882015,-0.0322663034,52.3631033284
3978,-2.3751454545,-0.0324592464,52.2431033284
3979,-2.3230426635,-0.0326396658,52.1031033284
3980,-2.2710999177,-0.0328323884,51.9431033284
3981,-2.2192971626,-0.0330223214,51.8031033284
3982,-2.1676144151,-0.0332140958,51.6831033284
3983,-2.1160316674,-0.0334056555,51.5831033284
3984,-2.0645288539,-0.0335784262,51.5031033284
3985,-2.0131260427,-0.0337517330,51.4031033284
3986,-1.9618031338,-0.0338930059,51.3231033284
3987,-1.9105401625,-0.0340093194,51.2631033284
3988,-1.8593171846,-0.0341226756,51.2231033284
3989,-1.8081142370,-0.0342489637,51.2031033284
3990,-1.7569113169,-0.0343859626,51.2031033284
3991,-1.7056884573,-0.0345439865,51.2231033284
3992,-1.6544255982,-0.0347022265,51.2631033284
3993,-1.6031027917,-0.0348767498,51.3231033284
3994,-1.5517399810,-0.0350501459,51.3631033284
3995,-1.5003171641,-0.0352217877,51.4231033284
3996,-1.4488543461,-0.0353931545,51.4631033284
3997,-1.3973714901,-0.0355527295,51.4831033284
3998,-1.3458886535,-0.0357184482,51.4831033284
3999,-1.2943857695,-0.0358687508,51.5031033284
4000,-1.2428828640,-0.0360115110,51.5031033284
4001,-1.1913599570,-0.0361537609,51.5231033284
4002,-1.1397970506,-0.0362962674,51.5631033284
4003,-1.0881742250,-0.0364655774,51.6231033284
4004,-1.0365112804,-0.0365936477,51.6631033284
4005,-0.9847883735,-0.0367362177,51.7231033284
4006,-0.9329855048,-0.0368921238,51.8031033284
4007,-0.8811226538,-0.0370539137,51.8631033284
4008,-0.8291797188,-0.0371861297,51.9431033284
4009,-0.7771767882,-0.0373201844,52.0031033284
4010,-0.7250938578,-0.0374543743,52.0831033284
