episode_idx,rmse_error,mean_jerk,roughness_proxy,mean_velocity,max_error,mean_kcm_intervention,steps,progress
0,0.02033318430021005,19895.56135770235,200000.0,34.58193779247297,0.05524627347036801,0.892259111115711,1149,1.0
1,0.02308930770654866,20000.0,0.0,37.801516248356016,0.05682499103686567,0.8960771472502477,1051,1.0
2,0.022668547046086646,19981.73515981735,40000.0,36.30177947449971,0.06295533922432739,0.9546394439148154,1095,1.0
3,0.02464906662479882,19904.21455938697,80000.0,38.06898198895623,0.058910916989241,0.9723033281436143,1044,1.0
4,0.023376976767863576,19962.19281663516,60000.0,37.55062785034548,0.05872206110315049,0.9481256163674026,1058,1.0
5,0.026425077850724562,19938.271604938258,80000.00000003184,40.89101590178426,0.06192552620206904,0.9571150838844524,972,1.0
6,0.024736345035740438,19979.20997920998,40000.0,41.30328795062728,0.059549907412286274,0.9367178579323795,962,1.0
7,0.024207667553915107,19957.983193277312,60000.0,41.75725916304954,0.06206610515795141,0.9675642878618192,952,1.0
8,0.024402729857404874,19978.858350951374,40000.0,41.97398255851175,0.057684664960012455,0.9682881574501692,946,1.0
9,0.026042163596318276,19978.094194961664,40000.0,43.51444156687042,0.062100762011374044,0.9381475451797686,913,1.0
10,0.027073189563407308,20000.0,0.0,43.50195105877569,0.06364358600806419,0.902476959440729,914,1.0
11,0.0227347473560367,19988.715888434996,21507.516642902658,41.69037895583493,0.057525631707015634,0.959856996591225,953,1.0
12,0.0236384346890309,20000.0,0.0,41.24416515907263,0.05790298313931963,0.9319582244583325,963,1.0
13,0.024597590077157082,19957.127545551983,80000.0,42.5652824478578,0.05622298148654714,0.9797397114790629,933,1.0
14,0.026237648280572623,19986.36298472797,26264.891413926533,41.28517622097995,0.06126594486088166,0.9481085529658593,963,1.0
15,0.026780493549431572,19936.102236421724,60000.0,42.31797033162224,0.05962231681111341,0.9210180504046074,939,1.0
16,0.023875535080025705,20000.0,0.0,44.04646363076535,0.054239175120702754,0.9651312647273158,902,1.0
17,0.02549306530829484,20000.0,0.0,43.26407544149272,0.06282651117675364,0.9447872353909037,918,1.0
18,0.02698045662608008,19990.748144785743,17023.413594233716,43.21338648393345,0.06441192333335799,0.9186402803319396,920,1.0
19,0.024432139020975786,20000.0,0.0,43.45573814188513,0.05877266916361634,0.9398805631258198,914,1.0
20,0.026761889214902006,19978.471474703983,40000.0,42.78143322682756,0.06334873230496108,0.9652603946410453,929,1.0
21,0.023188835850639113,19954.75113122172,40000.0,44.93640511840802,0.052704253750512464,0.9679436575071592,884,1.0
22,0.023844450320971683,19958.1589958159,20000.0,41.575105781931185,0.06195075672522243,0.9499318762129841,956,1.0
23,0.025424945034738387,19917.693894066608,49138.66395130867,43.84242075623877,0.062379689323895704,1.0105306807740404,906,1.0
24,0.023839443841656368,20000.0,0.0,42.99548404511734,0.05678152572463269,0.9720180535021323,924,1.0
25,0.02533664191662707,19940.696736357477,70659.88995695443,42.59538750911535,0.060147417468208175,0.9090928547249042,933,1.0
26,0.024866425826627972,20000.0,0.0,42.28201680376368,0.058904037707051764,0.9313952468956365,940,1.0
27,0.02289929858767314,19995.610363684977,8033.034456495898,43.41038668968661,0.05091345078351317,0.9763003706242984,915,1.0
28,0.027423808202650474,19937.04092339979,60000.0,41.69977619696991,0.06180644745657382,0.927742970700509,953,1.0
29,0.02633009474709755,19977.90055248619,20000.0,43.91820516907314,0.06268526449488121,0.9412749613845433,905,1.0
30,0.025333501287450485,20000.0,0.0,43.07706293722788,0.061874692131691944,0.9874904987510156,922,1.0
31,0.0250173143591251,19978.494623655915,20000.0,42.70023535473647,0.057682592108911024,0.9250395907742052,930,1.0
32,0.02657120484941676,20000.0,0.0,43.11821537555658,0.06120039928647891,0.9616463908856973,922,1.0
33,0.02463722986485466,20000.0,0.0,41.870624845219076,0.05503263623025845,0.9886558951653965,949,1.0
34,0.02300449773846282,19978.947368421053,40000.0,41.812185493637415,0.05383178052965961,0.9510241680267427,950,1.0
35,0.023531155330629636,19984.63672363576,26517.01500468114,45.989799298839635,0.06235730213590607,0.9603017206221296,863,1.0
36,0.02638453353197909,19957.67195767196,40000.0,42.05662787674739,0.059927325684208554,0.9401947358225329,945,1.0
37,0.02596703995740773,20000.0,0.0,42.22270177216881,0.06281043058834435,0.9594189551343627,941,1.0
38,0.0259692697843534,19978.401727861772,20000.0,42.926612303916954,0.05857475758744535,0.9517375894150965,926,1.0
39,0.025353134654325787,19978.37837837838,20000.0,42.96292609529814,0.061692166611178934,0.9549854652911969,925,1.0
40,0.024665881050089395,20000.0,0.0,45.845852109779784,0.059758699909076896,0.9609607425329298,866,1.0
41,0.025011754227414924,19978.401727861772,40000.0,42.90962450745958,0.05935302039123158,0.9198441905169542,926,1.0
42,0.025036246101421234,19979.188345473463,20000.0,41.32844550743737,0.059646902719821426,0.9772863582412009,961,1.0
43,0.02515400844059624,19979.899497487437,20000.0,39.960422301326396,0.06352777558625711,0.954911832123435,995,1.0
44,0.025258526340816923,20000.0,0.0,42.25364172348913,0.05769578552804333,0.9725798511941782,940,1.0
45,0.027078525233806217,20000.0,0.0,43.79472060383001,0.06056591146546886,0.892134359436177,907,1.0
46,0.025401807984737398,20000.0,0.0,44.57119500562785,0.059886705388224826,0.9695989795327381,891,1.0
47,0.022639598198731778,19978.700745473907,40000.0,42.28313259859813,0.0548409632472282,0.9600577231076132,939,1.0
48,0.024697542338766577,20000.0,0.0,39.822412585019556,0.05685426500664162,0.9787084788340382,998,1.0
49,0.023595391387155544,20000.0,0.0,42.879328988602396,0.06260296053319436,0.9658722096467333,926,1.0
50,0.025244705626083025,20000.0,0.0,43.1418361307773,0.054025025194052174,0.9514142234050185,921,1.0
51,0.025447299601086014,19978.93294951094,37794.28857737244,44.27710556688399,0.06065533853241334,0.978104372680773,897,1.0
52,0.026639988254556584,19958.115183246075,60000.0,41.63071513473175,0.059407442188925685,0.9247195024290257,955,1.0
53,0.02387806433044682,19979.225874365908,38182.84291545595,43.22669682882999,0.055910378929491245,0.944338359894755,919,1.0
54,0.02461817263973324,20000.0,0.0,42.95316298307435,0.06027228674709839,0.9943028921083966,925,1.0
55,0.026167052193133165,19978.35497835498,20000.0,43.00420808311764,0.06264051597683462,0.9753751147156365,924,1.0
56,0.026948729383492267,19962.184871098954,67484.83609720324,43.04808112938208,0.0604724034371955,0.9450437521823837,923,1.0
57,0.024030092715631834,20000.0,0.0,42.80080845691648,0.05480416031191737,0.9594822706594969,928,1.0
58,0.0246932762930219,20000.0,0.0,44.505773449798134,0.05620552352415942,0.974834659659591,893,1.0
59,0.0217693505704803,19978.189749182115,40000.0,43.28907944204445,0.05947663406965731,0.9882765886725147,917,1.0
60,0.02526413104084343,20000.0,0.0,44.66799278266735,0.05846025387118381,0.9575118493571675,889,1.0
61,0.02560547574283693,20000.0,0.0,44.08882837215926,0.05988845183457769,0.939804119197157,901,1.0
62,0.025668833729557562,19977.32426303855,20000.0,45.03283405217503,0.058427295621619635,0.9437629888036113,882,1.0
63,0.02533093975490088,20000.0,0.0,44.009786450473364,0.059447333824985904,0.9402572946081192,903,1.0
64,0.026160870044391323,19954.853273137698,60000.0,44.8569872479066,0.06341427314697334,0.9748235292880001,886,1.0
65,0.02645452357865834,20000.0,0.0,41.87200140714918,0.06016052595899879,0.9347708762491027,949,1.0
66,0.02130503308298383,20000.0,0.0,44.48562362360241,0.05638622251131942,0.9835760918218884,893,1.0
67,0.025985287361966244,19935.691318327976,60000.0,42.590046386936685,0.06301561768863095,0.9519112035362578,933,1.0
68,0.02394488244613395,19979.013641133264,20000.0,41.67781547053048,0.06328350021140317,0.9302267935575685,953,1.0
69,0.024666945902338974,20000.0,0.0,41.36520833840478,0.058138331771189655,0.9316804150667586,960,1.0
70,0.02698113459630079,19957.219251336897,20000.0,42.51574883441834,0.059767005918624605,0.9602546016927865,935,1.0
71,0.023984387889316977,19978.67803837953,20000.0,42.336387366640984,0.056807617710912695,0.9829837445825794,938,1.0
72,0.026327107684844704,20000.0,0.0,43.980006670255136,0.05941897098982806,0.958297407937108,904,1.0
73,0.026697808521476064,20000.0,0.0,43.48430653350034,0.061023639673127406,0.9296371844325443,914,1.0
74,0.027026160767259784,19978.813559322032,40000.0,42.08890306033179,0.05858224940672585,0.8957156707976481,944,1.0
75,0.025292375202195197,19978.902953586497,20000.0,41.93535717311888,0.05818681764041678,0.92473036511713,948,1.0
76,0.024232295788564274,19978.72340425532,20000.0,42.26372654594914,0.05782976258723238,0.9688751486312059,940,1.0
77,0.02643510717975981,20000.0,0.0,43.66863074123523,0.062227355697014985,0.9223096151775118,910,1.0
78,0.027004556694971423,19957.310565635005,60000.0,42.43191255939416,0.0619186139048864,0.9830960276108623,937,1.0
79,0.02270702989794467,19936.507936507936,55154.38079833973,42.009706844085635,0.059221435780942855,0.9634825826970103,945,1.0
80,0.02618703600018329,19978.835978835978,40000.0,42.06996783068639,0.061290043057267596,0.9499193978818222,945,1.0
81,0.020327447748617195,20000.0,0.0,44.61282311623932,0.052802171668558696,1.0053961605151618,890,1.0
82,0.02388320913738171,19957.03544575725,20000.0,42.68536169491077,0.0562334709180643,0.9521639699331681,931,1.0
83,0.021847642664999858,19998.768163569537,2362.6622736271675,41.398262765622746,0.05851986518757357,0.9498619021640964,959,1.0
84,0.025098609670491854,20000.0,0.0,42.85323170723106,0.05553638712044772,0.9794226219017073,927,1.0
85,0.023145601705792017,20000.0,0.0,42.02091050440769,0.052240660928331906,0.9671906003203748,945,1.0
86,0.024360584305533513,20000.0,0.0,42.44971585445671,0.061841687481951624,0.9733193633243171,936,1.0
87,0.02657788013267718,20000.0,0.0,43.95569546943406,0.05879879281883227,0.9329495065839395,904,1.0
88,0.02446587467504659,19978.791092258747,40000.0,42.11195183506943,0.05789167062505385,0.9533648374231561,943,1.0
89,0.025254022427858677,20000.0,0.0,44.98188895551131,0.06158478090804387,0.9193660477200151,883,1.0
90,0.02687748837806676,19978.189749182115,20000.0,43.314081696599956,0.05932922821954989,0.9404200219956648,917,1.0
91,0.025528675554183648,20000.0,0.0,42.37924783451047,0.05841658599560873,0.9530488479341596,938,1.0
92,0.026673803688908232,20000.0,0.0,44.79201452790431,0.062248666850242884,0.9499596286407693,887,1.0
93,0.025698768195989964,19955.898566703418,80000.0,43.80555635423874,0.06172810007860541,0.940628037339052,907,1.0
94,0.024932010418969492,20000.0,0.0,40.61659850318243,0.06287394671751123,0.9246210010014533,978,1.0
95,0.023897360526341598,19978.586723768738,40000.0,42.51653326833141,0.053623514244623506,0.9757635002518926,934,1.0
96,0.02509887475573807,20000.0,0.0,44.110222901257686,0.059329044164398326,0.9264880573586277,901,1.0
97,0.026730350011242597,19974.44475568502,44363.90413080354,45.796310036443955,0.0585037801919821,0.9536947197542771,868,1.0
98,0.022025592503357925,20000.0,0.0,42.97566306460605,0.055089729061075225,0.9742640050262029,924,1.0
99,0.02669955462028922,19995.275895832925,8730.144500755614,42.99545776145438,0.06094462018181268,0.9805074588234901,924,1.0
100,0.023368098416269543,19998.80660149752,2236.428793645646,42.409175331250104,0.059860928347939435,0.9936564347557667,937,1.0
101,0.02429874623113679,20000.0,0.0,42.49792104472318,0.062227757964947734,0.9477908293879133,935,1.0
102,0.024542549924518764,19978.72340425532,40000.0,42.25759622376243,0.06259707069893317,0.9745403413877292,940,1.0
103,0.025449868217428617,19978.63247863248,20000.0,42.447696959843796,0.05904359472637566,0.9218485733453335,936,1.0
104,0.027324465433556756,19976.931949250287,20000.0,45.837002186356905,0.06162444542472301,0.9521753389893768,867,1.0
105,0.0242280760719793,19957.627118644068,40000.0,42.08658203192462,0.058131960615087415,0.9165082738968493,944,1.0
106,0.026496695373901542,19989.38035425006,19540.148179889115,43.21384448033084,0.060878300440410975,0.89580067500834,920,1.0
107,0.02475764841865788,19978.700745473907,40000.0,42.31619900635711,0.0615683858718743,0.9993191591748178,939,1.0
108,0.024047338198073687,19977.703455964325,40000.0,44.27771596787619,0.06146746998576802,0.9756054688746829,897,1.0
109,0.0246978273585408,19978.76857749469,20000.0,42.149839394207106,0.06116108268218313,0.9461807697264092,942,1.0
110,0.027304310281185896,19988.472780341475,21578.955200764198,42.4787441293082,0.0618227255202548,0.9507588730939849,936,1.0
111,0.026348955301892237,19967.696035855624,59633.117810513024,43.06574090387938,0.05710494985843261,0.9111806801619641,923,1.0
112,0.024827419204385616,19948.1743872017,79831.5366836561,43.43660723232628,0.06090852699762372,0.9200917342897529,915,1.0
113,0.02420367668659916,20000.0,0.0,42.94493844505143,0.05746272299337285,0.9445590502348251,925,1.0
114,0.027519211261136125,19978.517722878623,20000.0,42.68253410203849,0.06195686033723646,0.958301431716737,931,1.0
115,0.02292858611273537,20000.0,0.0,43.7462616735522,0.0554176303759526,0.9924571137140662,908,1.0
116,0.02613066978838643,20000.0,0.0,43.72279200790971,0.05932266077855708,0.9547895742483362,909,1.0
117,0.02449113722978526,19957.264957264957,60000.0,42.45085606894009,0.059404803240230564,0.9576357858880283,936,1.0
118,0.02490657021261328,19957.942183563995,59909.85122840925,41.81237493513608,0.059633353779659615,0.9658967158196786,950,1.0
119,0.026986299111475678,20000.0,0.0,44.303976644463184,0.06136725126582654,0.9403615097156575,897,1.0
120,0.025305464230989536,20000.0,0.0,44.215312259104614,0.059077923472278464,0.9571374672211481,899,1.0
121,0.024249081271846537,19997.95586761823,3699.87961099753,43.91380089237473,0.06062272740711094,0.9272186140184294,905,1.0
122,0.024307796680812767,19985.870706022168,26252.228210812733,42.791862259439746,0.05954496080759774,0.971678581842907,929,1.0
123,0.02562714061140177,19978.563772775993,40000.0,42.5892409086019,0.05917042349631708,0.9451741346339074,933,1.0
124,0.026326706035605527,19968.471401624396,38832.36456887175,42.60919275006012,0.062134204911314946,0.9299098841655354,933,1.0
125,0.024714944735074185,19956.33187772926,20000.0,43.346829798563526,0.05501805759108791,0.964252076403666,916,1.0
126,0.024694741679679055,19957.537154989383,20000.0,42.19355463864032,0.05752394711650943,0.9528333907368723,942,1.0
127,0.02651991550889705,20000.0,2.9103830456733704e-11,46.06955186178676,0.06382470479281288,0.9383421447840975,863,1.0
128,0.024728294917654537,19910.760453919786,103617.45467716185,42.39714972696625,0.06259111204434831,0.9287171259944288,937,1.0
129,0.02551053393921459,19936.90851735016,40000.0,41.80246908554459,0.05919956355152678,0.9433383913918774,951,1.0
130,0.024527140200535574,19999.999999999996,5.915353540331125e-09,43.227605006561134,0.056475839059318744,0.9631645932931749,919,1.0
131,0.026326886486917594,19979.402677651906,20000.0,40.92540603198161,0.061485617223450355,0.9009652995478882,971,1.0
132,0.025590893165708832,19996.624537456282,6426.880683238094,41.741439904100524,0.05989596360845084,0.973284081023642,952,1.0
133,0.025842036209605755,20000.0,0.0,43.702224960283225,0.06184206857365381,0.9334833245206697,909,1.0
134,0.026319418518826694,20000.0,0.0,43.5091419572854,0.06414523323262422,0.9577247561250355,913,1.0
135,0.02507189698755245,19989.615219496027,19191.074371343802,42.98613116191465,0.05929732910083807,0.9270052935546377,924,1.0
136,0.02679218281491271,19933.554817275748,20000.0,44.001583580278336,0.06334589361628495,0.9497195602248721,903,1.0
137,0.025341490242003918,19985.234759033014,27492.878680528745,42.70294373529381,0.06072647516085006,0.9261558104192606,931,1.0
138,0.02637169525713576,19989.000394827366,20305.27114868164,43.05983280345887,0.05924255411560608,0.9406386937241084,923,1.0
139,0.02400185709330996,20000.0,0.0,42.373404196609044,0.058837452632076764,0.9605990885422314,937,1.0
140,0.024562523360449742,20000.0,0.0,41.86818981437836,0.06165786117559513,0.9727877255520129,949,1.0
141,0.025297864119949616,20000.0,0.0,42.88869891841367,0.06319134232517776,0.939921787659051,926,1.0
142,0.024335535779196962,20000.0,0.0,45.60674895946037,0.054128256164020165,0.9654852564451141,871,1.0
143,0.024816945027610414,20000.0,0.0,42.910044526067594,0.05966193505834916,0.9683603233961086,926,1.0
144,0.025451109195601885,20000.0,0.0,44.45396250678545,0.05836015767500235,0.9705333941713501,894,1.0
145,0.026981924958964763,20000.0,0.0,42.524700559178484,0.06349526013910989,0.9524513049883895,935,1.0
146,0.02763221683208622,19923.294072563076,45434.438420407445,41.95731732820866,0.0641375465190297,0.9768203054126909,948,1.0
147,0.02446910476924272,19958.37669094693,60000.0,41.35427219494094,0.06084457100863361,0.9407345826092061,961,1.0
148,0.02522564451740994,19978.813559322032,20000.0,42.08700046856903,0.061967415560040706,0.9265693760889046,944,1.0
149,0.026004934006398753,20000.0,0.0,40.564046905498415,0.06481992305602446,0.9577908673810851,980,1.0
150,0.025077106966549512,19974.533738030303,25839.27154545563,44.15889442992245,0.06054602644494622,0.9864596867845611,900,1.0
151,0.02692572826413029,20000.0,0.0,40.697014944749625,0.0599065954636,0.9361836012391791,976,1.0
152,0.025124844537565742,20000.0,0.0,43.223079483828265,0.06043536924458692,0.9546502646145002,919,1.0
153,0.025082817303316005,19957.76135163675,60000.0,41.96779803954075,0.06114088873588308,0.9511617392091186,947,1.0
154,0.027120151010887994,20000.0,0.0,45.016977137080325,0.06251688891654439,0.9603869300030297,883,1.0
155,0.02722446487398773,20000.0,0.0,43.03958080942794,0.06300200108557519,0.9637229991029743,924,1.0
156,0.023304823996209666,19977.323117575943,22360.416368138656,42.52336328217503,0.057958873318145976,1.0103550927198823,934,1.0
157,0.025067113239827278,19991.235248987632,16758.203935647773,41.54638235191495,0.06411145206944546,0.9275786316821073,956,1.0
158,0.02512392388688495,20000.0,0.0,44.37540229849076,0.05989644135102523,0.9566669024205912,895,1.0
159,0.02814203213056979,20000.0,0.0,44.211718220004116,0.06361832852062577,0.9561271186979796,899,1.0
160,0.025249716913531662,20000.0,0.0,40.49400757415318,0.0622968730917286,0.9100952622940293,981,1.0
161,0.025424210251648798,19956.33187772926,60000.0,43.3638852426395,0.060113688195279735,0.9541353048812385,916,1.0
162,0.02514109921433491,20000.0,0.0,44.640349596070465,0.058828698498844645,0.9772255651574712,890,1.0
163,0.02427649585697612,20000.0,0.0,43.66969967387575,0.06303467628064219,0.963265308871076,910,1.0
164,0.02500891132259534,19957.401490947817,40000.0,42.315147015236036,0.0593353138382966,0.9114930178571566,939,1.0
165,0.024035385912752998,19959.14198161389,80000.0,40.565929610725235,0.05910504325742849,0.9213368292663637,979,1.0
166,0.022547697213972536,19957.219251336897,20000.0,42.5035507888926,0.057121910004468646,0.9809767964348433,935,1.0
167,0.026448286512574436,19978.54077253219,20000.0,42.64925084055934,0.06042974261437628,0.9125725714727614,932,1.0
168,0.024580049664698476,20000.0,0.0,41.3633026534096,0.05930638409950717,0.9517353356891906,960,1.0
169,0.02496387998603086,20000.0,0.0,42.08289673048986,0.05839618525180512,0.9604923022246842,944,1.0
170,0.023731311394690625,19985.92102480005,25877.156417510323,43.20830918394515,0.06118027855909958,0.9375394797805232,919,1.0
171,0.026805739208557774,20000.0,0.0,42.548522563124834,0.061565467468392754,0.9341365861060508,934,1.0
172,0.02365457373873228,20000.0,0.0,42.5502146102596,0.05582493280461165,0.9722793547237489,934,1.0
173,0.02603089706591837,20000.0,0.0,41.80028441803749,0.06010338848847674,0.9402316600709019,951,1.0
174,0.02708275576149192,19956.379498364233,20000.0,43.34697977943232,0.06412652834493926,0.9439004757357216,917,1.0
175,0.024905744890250037,19977.728285077952,20000.0,44.237370373739836,0.0593710274858239,0.9491335620873145,898,1.0
176,0.026685712809771073,19977.37556561086,20000.0,44.976730830952036,0.06294639526191936,0.9373464937293547,884,1.0
177,0.02362541580599544,20000.0,0.0,44.17792471144751,0.05446531012315098,0.9736754114493026,899,1.0
178,0.025278568387466904,20000.0,0.0,44.05943726265469,0.06260480340486474,0.9429007009847121,902,1.0
179,0.025001451468869524,20000.0,0.0,43.42021527478201,0.058229062904150204,0.9454062930032483,915,1.0
180,0.026555090616738143,20000.0,0.0,45.19260868563831,0.06166659409318953,0.9487937894206145,879,1.0
181,0.023644333841707325,19912.47264770241,20000.0,43.459309601032565,0.060878060496394326,0.9836052744806569,914,1.0
182,0.026711755157354366,20000.0,0.0,43.55867862449143,0.06283736676759943,0.931118307396799,912,1.0
183,0.02490744218839921,20000.0,0.0,42.18304508548116,0.06178168966939879,0.9703303723251548,942,1.0
184,0.026648673792015257,19962.67385696159,47784.27575775403,43.77191428195245,0.06357879433654112,0.9409888761942345,908,1.0
185,0.025720309555403772,19978.425026968715,20000.0,42.85316769596944,0.06343904560469582,0.9612588741923253,927,1.0
186,0.0253958559696413,19956.989247311827,20000.0,42.73653747483551,0.061669882546256716,0.8527184538208696,930,1.0
187,0.024721215365784057,20000.0,0.0,43.4918103204097,0.058888096139186885,0.9600182717801854,913,1.0
188,0.02660380497474288,19936.57505285412,20000.0,42.01734601139274,0.061682877173845796,0.9125104763507087,946,1.0
189,0.023860855763141557,20000.0,0.0,42.39037220432367,0.05939047959771848,0.9427453573333198,937,1.0
190,0.02530767036231382,19978.93487001208,38844.09969772088,43.11076130069586,0.06359778310241815,0.9480997512011969,922,1.0
191,0.025465838748978096,20000.0,0.0,43.18520866074237,0.06371869308438427,0.9328180759188539,920,1.0
192,0.027104613074403597,19955.898566703418,80000.0,43.802452005156304,0.06249628715606903,0.96456467959699,907,1.0
193,0.02417204295459854,19978.59854122679,39721.10748307841,42.79056462877967,0.0566732574515001,0.9532662915238406,928,1.0
194,0.02768645339724307,19977.87610619469,20000.0,43.979278395579065,0.06272744154447807,0.9794599441477557,904,1.0
195,0.023377006604470105,20000.0,0.0,42.88415023950722,0.0581511365145957,0.985165238812033,926,1.0
196,0.023489688961007466,19988.85956343798,21033.144229093068,42.06189361791206,0.06429169909894483,0.9602262590506495,944,1.0
197,0.024930952993798237,20000.0,0.0,42.718777151213416,0.0643792139679853,0.97201788920153,930,1.0
198,0.027381484010687025,19963.760064709193,43999.725723561125,44.98473592750042,0.06059954014758695,0.8948770151041566,883,1.0
199,0.025849493674621464,19978.813559322032,40000.0,42.10469306155179,0.06309588142652878,0.9114619445606059,944,1.0
200,0.025275913531988516,19977.32426303855,20000.0,45.06504574102418,0.060016976073388406,0.9362745052022072,882,1.0
201,0.02599538141634268,20000.0,0.0,44.52445886924203,0.06129300703448415,0.9553315485483944,892,1.0
202,0.024873015117996493,20000.0,0.0,44.47858171403273,0.0564740873772589,0.929172349865097,893,1.0
203,0.025836290124073878,20000.0,0.0,44.26114001689442,0.062177935525498995,1.0453259596795679,898,1.0
204,0.026822858532812188,20000.0,0.0,43.56635614898544,0.06267201850164206,0.9636861036976874,912,1.0
205,0.023722214621993958,19978.118161925602,40000.0,43.45580866332776,0.05913267588732297,0.9678354619230765,914,1.0
206,0.02644788369129835,20000.0,0.0,42.278822062390574,0.0597037970741372,0.9237219430805,940,1.0
207,0.026149545329462072,19956.236323851204,80000.0,43.4699585213959,0.06123244263090477,0.9253465209031316,914,1.0
208,0.021121077544608007,20000.0,0.0,41.504119020620024,0.05602959437007016,0.964000409167132,957,1.0
209,0.022142996433089243,19976.341305567486,23721.267311281284,42.971416202388745,0.05358621158310761,0.9963508926213321,924,1.0
210,0.024563508960451064,20000.0,0.0,40.842012972087296,0.054587383127966405,0.9711425897281619,973,1.0
211,0.02425685784593588,20000.0,0.0,43.172451957669274,0.06188969825385726,0.9945822993918978,920,1.0
212,0.023804507548695782,19983.429672954186,30754.526997029643,42.80934919420459,0.05367452608452439,0.9500496349825311,928,1.0
213,0.02485140833201889,19965.043093354972,39999.941122297285,42.64481034659493,0.05868257457545134,0.9605604628947522,932,1.0
214,0.023746579388187174,20000.0,0.0,44.29176853817854,0.060324860991901375,0.9729565617567744,897,1.0
215,0.02495816519123118,19883.080052565107,79136.5883474139,43.577483797059486,0.0578627153388247,0.941976056450882,912,1.0
216,0.02538928206414143,19977.97356828195,39999.99999998636,43.745111868504694,0.062012243952057844,0.9402577420789389,908,1.0
217,0.02636098650969875,19981.590165584716,34352.751018920826,42.616680312424876,0.06296998893231276,0.9445018217379664,933,1.0
218,0.02582409830112094,19978.16593886471,39999.99999985357,43.37326504486547,0.05984168289197633,0.9846260270308351,916,1.0
219,0.02637197149557209,19959.308740254004,76011.27320551786,42.56697782378304,0.05943580753505451,0.9194010740864627,934,1.0
220,0.023678345078746943,20000.0,0.0,43.78075926516395,0.057800465113283295,0.9809206467007346,907,1.0
221,0.026802061322494023,19990.89337436459,16574.05865644563,43.70015852290555,0.061436986274864935,0.9542690568850798,910,1.0
222,0.025627839658156383,19955.898566703418,60000.0,43.800649284766806,0.06131590203176707,0.956966164859141,907,1.0
223,0.02345092305845591,20000.0,0.0,42.725262369571546,0.05753488055264099,1.0318441714442146,930,1.0
224,0.020841768430895094,19978.37837837838,20000.0,42.91729441407195,0.05150541364036166,0.996182787422529,925,1.0
225,0.026148755068356767,20000.0,0.0,42.3433031345138,0.06400616083859667,0.952966614886231,939,1.0
226,0.024370192397483302,19980.664323685607,34649.53195539465,44.343484494177304,0.0579459865203642,0.9731289465116262,896,1.0
227,0.02748963575227667,19959.436204553098,53014.83180442779,44.16612324312868,0.06439881659509084,0.9359278234564696,900,1.0
228,0.025071367276432315,19957.219251336897,20000.0,42.471121081623124,0.06128421066169665,0.9650778206289214,935,1.0
229,0.023763590877041545,19978.76857749469,20000.0,42.15116477363745,0.05554343012437063,0.9852423012400121,942,1.0
230,0.026087335838053886,20000.0,0.0,45.00721632294149,0.06250797563755661,0.9577996597214378,883,1.0
231,0.0235777062344515,19978.021978021978,20000.0,43.62279226773101,0.05855583260498953,0.9607211683118343,910,1.0
232,0.026721749731567636,20000.0,0.0,45.41142909975541,0.05786678052305838,0.9230508138761491,875,1.0
233,0.02488284249972588,19957.49202975558,80000.0,42.20361790931753,0.06091060967696471,0.9103690748702804,941,1.0
234,0.02593860172711228,20000.0,0.0,44.05331097155173,0.0583260479540737,0.941917789566173,902,1.0
235,0.023355463901841206,20000.0,0.0,43.964965496772784,0.0586729279494147,0.9563382750165292,903,1.0
236,0.021737107503163815,20000.0,0.0,42.82644014305929,0.05293660755548807,0.9863556937947828,927,1.0
237,0.02571781309974251,19938.080495356036,80000.0,40.99317570259699,0.060114194112118824,0.9458462255362042,969,1.0
238,0.026530844099951434,20000.0,0.0,43.21406890566061,0.06189336278606561,0.966837719713409,920,1.0
239,0.02559615038614997,20000.0,0.0,42.13156648164564,0.061897726145144105,0.9133471767733858,943,1.0
240,0.02586516608392976,19978.700745473907,20000.0,42.32133225944822,0.06040651331394642,0.9775750417039539,939,1.0
241,0.024687852603374454,19978.401727861772,40000.0,42.92110168845019,0.05577103471231659,0.9621993575972128,926,1.0
242,0.02263034574231014,20000.0,0.0,42.22389085687759,0.05407086953192949,0.9713424443442925,941,1.0
243,0.0239845388172663,20000.0,0.0,44.19185943370452,0.05930342168629643,1.0015665390752615,899,1.0
244,0.025359875581115337,20000.0,0.0,43.9545208631421,0.060603853945041315,0.9397338599272306,904,1.0
245,0.02340388145435958,19978.54077253219,40000.0,42.602081625973575,0.05962229760802984,0.9763995140361695,932,1.0
246,0.02354249711378928,19997.12999193236,5160.2745056152635,44.18273311018253,0.05387944397840272,0.9520798324019774,899,1.0
247,0.027276843254460288,20000.0,0.0,42.157419729903765,0.06264198742566407,0.9303735546747947,943,1.0
248,0.025566263564991625,20000.0,0.0,42.9632060702404,0.06098560825620325,0.973931337004198,925,1.0
249,0.024698262225360233,20000.0,0.0,44.507141013359096,0.056388398287811725,0.966881666436611,892,1.0
250,0.024546965008026583,20000.0,0.0,42.90093256562518,0.06238310994364049,0.9054330712277533,926,1.0
251,0.025021806309257662,19978.67803837953,20000.0,42.3338180844884,0.06133251095312886,0.9612304564442891,938,1.0
252,0.023359661666044862,19978.902953586497,20000.0,41.916571310334966,0.05980763924670107,0.9408058831292071,948,1.0
253,0.026165739375506765,19978.969505783385,20000.0,41.81206934727689,0.0592232634349088,0.9481189314797988,951,1.0
254,0.026958374674104273,20000.0,0.0,43.33425587814551,0.06071861038336834,0.915835062041318,917,1.0
255,0.026757019924202402,19980.421755076022,35005.90192407394,44.43553249438727,0.058854565402002734,0.9495961735565744,894,1.0
256,0.021947737070850466,19956.236323851204,40000.0,43.45919233811747,0.04894357456391635,0.9674418716011959,914,1.0
257,0.024592229402782318,20000.0,0.0,41.213223772193565,0.06362168874644958,0.9211376059758101,964,1.0
258,0.025805117334188044,20000.0,0.0,44.024586805257684,0.06203393018523151,0.9415291693548318,903,1.0
259,0.023835341029039264,19978.401727861772,20000.0,42.8797007994998,0.05778793329876741,0.9937775669573413,926,1.0
260,0.02598347132636278,20000.0,0.0,44.20158616822503,0.0635477320327702,0.9618185722683535,899,1.0
261,0.026269432119052534,19977.578475336322,40000.0,44.523864719576096,0.06093360681095916,0.9555525350560302,892,1.0
262,0.025577975457444998,20000.0,0.0,43.471440391712314,0.06263455140515539,0.9252365709710532,914,1.0
263,0.026015823741796635,20000.0,0.0,43.20565287140705,0.062382615285944354,0.9232576321726922,920,1.0
264,0.024113919415347376,20000.0,0.0,41.557682175783754,0.06001225122149556,0.978050599055438,956,1.0
265,0.022856205409473848,19937.434827945777,40000.0,41.43749709472454,0.059559343635205764,0.9552830467080168,959,1.0
266,0.02459803454898374,20000.0,0.0,43.38081459601071,0.059560911062389366,0.9724262142214074,916,1.0
267,0.023202060270655283,20000.0,0.0,42.91554939530555,0.057793014457649505,0.9529146597334204,925,1.0
268,0.025178043466602337,20000.0,0.0,43.193978787515455,0.05687983537240804,0.9346370096363846,920,1.0
269,0.025411645518587985,19977.99779977998,20000.0,43.710944131288436,0.05682547421367978,0.9572228585663671,909,1.0
270,0.02478446104966379,19979.013641133264,40000.0,41.679921463030176,0.061468957472733614,0.9085254269831053,953,1.0
271,0.026627162735484544,19971.91937448166,32005.31845996693,42.90194120092396,0.061656063646527315,0.9580010872066732,926,1.0
272,0.026076651365566098,19980.22887922099,35548.47516065456,44.21244220440708,0.0619862290838764,0.962592593406811,899,1.0
273,0.02490958247966764,19978.070175438595,20000.0,43.55203777289884,0.06146708178704863,0.9291893192381794,912,1.0
274,0.027831577005116494,20000.0,0.0,47.09913250041721,0.060479130203924925,0.9889282732797936,844,1.0
275,0.025339973462623032,19957.173447537472,20000.0,42.54857245260917,0.057149788704988325,0.9490644414212324,934,1.0
276,0.023847703776069304,20000.0,0.0,43.2600441818037,0.05709196857583798,0.9684269795752911,918,1.0
277,0.023390377749225012,19934.49781659389,60000.0,43.36922251034265,0.05956614238018787,0.962517701588667,916,1.0
278,0.025996054488611905,19883.379068473827,39980.01510393486,42.97062913646311,0.059978331205266855,0.919400339346251,925,1.0
279,0.02498616395242747,20000.0,0.0,43.23515257669958,0.05989350945501215,0.9272519888674817,919,1.0
280,0.024099785885118016,19979.07949790795,40000.0,41.56747007485943,0.054412879967301236,0.9671761520834871,956,1.0
281,0.026884665380428788,20000.0,0.0,45.74616002782276,0.06261504558323772,0.9610710571907802,869,1.0
282,0.024862504930075625,20000.0,0.0,43.75377272599243,0.05825103503889296,0.9614991103443943,908,1.0
283,0.024737279008455144,20000.0,0.0,42.24775849127107,0.05832617912027516,0.9197783917781316,940,1.0
284,0.024655161386183885,20000.0,0.0,43.104631530478706,0.06034853087950687,0.9472665620491496,922,1.0
285,0.02553853935641425,19973.899433605373,46876.61724475169,44.220914131520296,0.05795814933716769,0.9694290801320621,898,1.0
286,0.026344644200326516,19992.513802742273,12786.424916202748,46.546304022295665,0.05999306704826601,0.9807189913715308,854,1.0
287,0.023967816557878545,20000.0,0.0,41.47861167145759,0.0575237168371352,0.9570472571322897,958,1.0
288,0.022583053695241145,19978.72340425532,20000.0,42.243484938582085,0.054810056217679766,0.9838650388698088,940,1.0
289,0.02571180008196477,19981.2550410039,33178.57742309593,44.922812386775945,0.060812381350050515,0.9593814196477601,885,1.0
290,0.02615034525452745,19978.046103183315,40000.0,43.63253474991556,0.0595706380894665,0.9441684677506736,911,1.0
291,0.025300149085461902,20000.0,0.0,42.81500413762304,0.06307397990490493,0.9737696051845678,928,1.0
292,0.02335123937782353,20000.0,0.0,40.18870820383977,0.05794856461336906,0.9679778218777216,989,1.0
293,0.025372918704792087,20000.0,0.0,43.56131604211706,0.05945327979817349,0.9646420877563464,912,1.0
294,0.024977662436474205,19978.189749182115,20000.0,43.34319378957619,0.06314171207826291,0.9222843238471335,917,1.0
295,0.026810608861349516,20000.0,0.0,43.76761191132884,0.058906164514535675,0.9461437882573986,908,1.0
296,0.024822071083150918,20000.0,0.0,43.02305155773193,0.06114033239387062,0.9876435906521622,924,1.0
297,0.024918420952037848,20000.0,0.0,43.665054831124046,0.05792814254151146,0.9233278430836794,910,1.0
298,0.025252508398330153,19988.509746051634,21394.852851861517,42.67831320613705,0.060496719831558465,0.910215773767647,931,1.0
299,0.02418124413546433,19939.023263920928,98172.91452124053,41.01558785918121,0.059024368816118056,0.942891457756756,969,1.0
300,0.02149610122841731,20000.0,0.0,44.44714479294896,0.05090314104229778,0.9969061676721512,893,1.0
301,0.024769515154575785,19867.084753080177,113852.4940477511,43.23130120846967,0.061630876443940615,0.9314076122422793,919,1.0
302,0.026235768890578222,20000.0,0.0,43.738265049669465,0.061304739736367964,0.9178667313994359,909,1.0
303,0.02622068815894188,19978.260869565216,20000.0,43.183177321463575,0.059449533008034905,0.9822453679929847,920,1.0
304,0.025612213742848236,19971.79680874356,52739.96764955242,42.481799849369196,0.06303048408203438,0.9557610751956536,935,1.0
305,0.022710661938964167,19912.687559081605,65754.00698105355,44.60425722909371,0.05107155847555668,0.961925046330425,890,1.0
306,0.02687036868261476,20000.0,0.0,44.50315710406122,0.05929312206810167,0.9674667626386318,893,1.0
307,0.02460855095900639,19978.30802603037,20000.0,43.075234092702836,0.060886802363512516,0.9670845046733001,922,1.0
308,0.024615029436793293,19978.142076502732,20000.0,43.40124543952105,0.06235837858839588,0.9196044383226558,915,1.0
309,0.022819203962842663,19978.969505783385,40000.0,41.768848831638344,0.058460367762576126,0.9904364051196586,951,1.0
310,0.026312957485847683,19935.897435897437,60000.0,42.46628912144726,0.06136281672525712,0.9206196424720109,936,1.0
311,0.02508865666453209,19964.28469348829,60564.655254205536,40.3841050401595,0.06218005877335919,0.9514831836773867,984,1.0
312,0.025884670668328866,20000.0,0.0,41.42518872874025,0.06316040513230625,0.9286522966393338,959,1.0
313,0.02204516762170534,20000.0,2.9103830456733704e-11,40.37777521398716,0.05454963809268065,0.9687858548016689,984,1.0
314,0.023786598721995494,20000.0,0.0,42.76788104874073,0.06063011487171721,0.9854628353329977,929,1.0
315,0.024773172917217187,19969.341696106098,35000.99718565798,44.28428211209756,0.06230198876617621,0.9330229449324211,897,1.0
316,0.02608212295562293,20000.0,0.0,41.89426626087611,0.06304549310420882,0.9619403783928694,949,1.0
317,0.027165011336998328,20000.0,0.0,43.40998878881134,0.06240314806541746,0.9296795557337658,916,1.0
318,0.027601340464307154,20000.0,0.0,45.77439486084905,0.06485133869791504,0.9203443530121698,868,1.0
319,0.02328037134656057,19978.21350762527,40000.0,43.28800718475424,0.05531653826308158,1.0283780513903105,918,1.0
320,0.02308732185880218,19989.69985098232,19302.479259136817,42.37799050926379,0.05837855193963825,0.9536122406129701,937,1.0
321,0.025502173337132554,19978.813559322032,40000.0,42.103433759986665,0.05982374432960568,0.9644347179042259,944,1.0
322,0.024079899694328447,20000.0,0.0,42.709686114810864,0.05688016275392371,0.949060021904755,930,1.0
323,0.024998460230930802,19956.474428726877,40000.0,43.23599626754586,0.060991244017854385,0.9818931192903566,919,1.0
324,0.026246794928929472,20000.0,0.0,42.916642443500244,0.06207803516577571,0.9283772319328718,926,1.0
325,0.021677485116681675,19979.07949790795,20000.0,41.51022030903116,0.05191458832758578,0.96083860775551,956,1.0
326,0.02711387102920874,20000.0,0.0,45.0991195276252,0.06053833073359627,0.9549512726219547,881,1.0
327,0.02569941579529527,20000.0,0.0,42.75484117060044,0.057877818784620054,0.9609130410495478,929,1.0
328,0.023227377866526445,19936.57505285412,40000.0,41.9702465539267,0.055885420020948484,0.93653563698569,946,1.0
329,0.02450038254327222,20000.0,0.0,42.50694698674996,0.06043084470717374,0.9622015471839338,935,1.0
330,0.025765371151801,19978.586723768745,39999.99999998408,42.52337416579902,0.06140340722173576,0.9305385114743076,934,1.0
331,0.02475178337814638,19977.924944812363,40000.0,43.84706543389479,0.05637596107693455,0.941711933323813,906,1.0
332,0.024389163946486204,20000.0,0.0,44.614490081388524,0.055924647121919684,0.952863524881573,890,1.0
333,0.024455230769393516,19987.821163939723,20898.882679433373,46.28608531457966,0.05934297848626002,0.9607618072368846,858,1.0
334,0.025055070069682207,19977.14285714286,20000.0,45.37854940822674,0.055730681441216845,0.941006928675958,875,1.0
335,0.027508250884336897,20000.0,0.0,41.49376025555578,0.06389281936619717,0.8992036964769574,958,1.0
336,0.02711199913710735,19961.3733427078,50764.03615930985,43.36868815051426,0.06338676622764616,0.960928121732844,916,1.0
337,0.024151908131476406,20000.0,0.0,44.31308424584698,0.05932789702287344,0.935526398152326,896,1.0
338,0.024901687696169707,19981.877713198235,34504.83407056154,41.73135150966474,0.05907016221506467,0.9305539776831783,952,1.0
339,0.024828543869062226,20000.0,0.0,41.60360554151014,0.06197845113577394,0.9707034449692808,955,1.0
340,0.022570310520650897,19964.77314532121,45592.403411902524,42.661178688508215,0.05168655261637721,0.97634740062527,931,1.0
341,0.0263320458462647,19995.506095362878,7954.211207700155,44.89551163807281,0.05933770324116239,0.9216448310988049,885,1.0
342,0.02474078158653448,20000.0,0.0,42.200391675212714,0.06472289849388879,0.9698107157938407,941,1.0
343,0.021746602100392705,20000.0,0.0,43.19948066434811,0.05315488138766611,1.0041078105436252,919,1.0
344,0.0263933262233297,19978.189749182115,40000.0,43.329056871483154,0.061241995935688465,0.9365740736842445,917,1.0
345,0.023182152324486262,20000.0,0.0,46.43978548643446,0.05973887610321427,1.0083837246455825,855,1.0
346,0.027142362480487778,19977.851605758584,20000.0,43.997725250954076,0.06287547549560024,0.9364098788014734,903,1.0
347,0.023257191581838255,20000.0,0.0,41.4576359564827,0.05924882708960589,0.9308359564524865,958,1.0
348,0.025531900981306553,20000.0,0.0,42.58762027338215,0.06013703290422435,0.9487916523091002,933,1.0
349,0.028070358137005962,19978.471474703983,20000.0,42.80446477358589,0.059811644364401964,0.9685226365905203,929,1.0
350,0.026419530081474987,19977.60358342665,20000.0,44.51509894929128,0.06144422641524194,0.9667098708535347,893,1.0
351,0.026126493514396693,19977.272727272728,20000.0,45.153982058246385,0.060816122779604236,0.9582447706672845,880,1.0
352,0.024909523172674874,19978.471474703983,40000.0,42.785156481587805,0.06062802827396574,1.0052372134653145,929,1.0
353,0.025910251561804695,19978.67803837953,40000.0,42.36993390148755,0.05986411962936522,0.8722870169489787,938,1.0
354,0.02472400814842798,20000.0,0.0,46.23109010568469,0.05555302481538504,0.9907355375580899,859,1.0
355,0.025205428542822237,19981.541204916895,34333.35885458178,42.74477346551602,0.05921689412813791,0.9284577965843098,930,1.0
356,0.02464280901800561,20000.0,0.0,42.4328088406803,0.05608385048973652,0.9362561743287686,936,1.0
357,0.025424779753891635,19936.23804463337,20000.0,42.234712678728926,0.0600444605775472,0.9460124379244145,941,1.0
358,0.025636143274695718,20000.0,0.0,41.689920745816046,0.05873362729100151,0.910133911390174,953,1.0
359,0.02512893798890481,20000.0,0.0,41.67661610276365,0.06246525835914696,0.9606567361459525,953,1.0
360,0.02739425219354064,19981.51517190209,31941.78295319034,45.99104642688603,0.0617056680540653,0.932780629900808,864,1.0
361,0.023897565249955354,19978.835978835978,20000.0,42.02840449068695,0.062482500351267234,0.9534553510599648,945,1.0
362,0.02447711736418838,20000.0,0.0,42.180961407103496,0.05729346087931653,0.9541477658864832,942,1.0
363,0.024588001469606702,19956.663055254605,20000.0,43.027439127507144,0.05983481609014163,0.9788824761423499,923,1.0
364,0.025502251893768233,19887.96246336362,36008.37063494475,41.22172203383243,0.057696049387001125,0.9306271656702078,964,1.0
365,0.02329923826557558,20000.0,0.0,43.90150327362309,0.05447292473782639,0.9190284699393386,905,1.0
366,0.025442981744051994,19978.021978021978,40000.0,43.6510016877361,0.05953060238299734,0.9175182918989105,910,1.0
367,0.026778035296199498,19940.09710546883,39996.0482517718,42.152343912009066,0.0634531339625326,0.9446616522628554,943,1.0
368,0.02591198789481933,20000.0,0.0,41.680095220237675,0.06309903089132796,0.9609822066260654,954,1.0
369,0.026599315426981605,20000.0,0.0,45.137462754026494,0.05941506594309942,0.9298895053432839,880,1.0
370,0.02505923510345135,20000.0,0.0,42.76404558345108,0.06381437130860235,0.9669134518280365,929,1.0
371,0.02600574934595402,20000.0,0.0,41.64131228012744,0.059319987830025234,0.9368468729511894,954,1.0
372,0.025171914220864695,19934.782608695652,60000.0,43.17425629226867,0.05820315630055717,0.9561466228957168,920,1.0
373,0.02738415115182023,20000.0,0.0,42.66696118568013,0.0626438323402958,0.9972160442508174,932,1.0
374,0.02629661597507688,19956.043956043955,20000.0,43.663218012174426,0.06116547838349362,0.9619799330153248,910,1.0
375,0.025242989215512306,20000.0,0.0,42.47960594644803,0.057244658295287465,0.9117508283193513,935,1.0
376,0.02588921797795948,20000.0,0.0,42.672210714413744,0.06141635090468789,0.9532970446972076,931,1.0
377,0.026650217563975027,20000.0,0.0,42.478949754200535,0.06129105042774796,0.927488523557626,936,1.0
378,0.02364823646855885,20000.0,0.0,43.13478374384149,0.05669695278729492,0.9638548536787405,921,1.0
379,0.024345673698956224,19955.156950672645,20000.0,44.55394067317364,0.060431201068064766,0.8835108285496102,892,1.0
380,0.024052909979573576,20000.0,0.0,41.18970904445839,0.0563381079405012,0.926407336726913,964,1.0
381,0.025744206468340865,20000.0,0.0,44.02772184149091,0.06352122637000868,0.9281439273618035,902,1.0
382,0.02600375521040171,20000.0,0.0,43.15973319059982,0.06012754253361053,0.9219227014495212,921,1.0
383,0.02343660202754345,19978.67803837953,40000.0,42.34773726987191,0.05735563988070958,0.9959723438408598,938,1.0
384,0.026239372181771203,20000.0,0.0,43.20903831669555,0.06315772829416133,0.9562776522461988,920,1.0
385,0.027122069443604,19978.30802603037,20000.0,43.12173033582866,0.06084038253271551,0.93675680272772,922,1.0
386,0.025838424535632513,20000.0,0.0,42.70068297346336,0.057941740534193535,0.9888637811811535,931,1.0
387,0.024111786401375606,19957.310565635005,20000.0,42.38563664148572,0.05948603852286637,0.9808224456616761,937,1.0
388,0.026330738976157207,19969.227753917177,56190.121347233486,43.52608992463677,0.0611498973927418,0.9016213959405089,913,1.0
389,0.027408637233374583,20000.0,0.0,43.18462631610185,0.06357973500564107,0.9151454223397465,920,1.0
390,0.025992504318170493,20000.0,0.0,42.584847579266906,0.06363064877691649,0.9739080147105085,933,1.0
391,0.02611101205022482,19958.720330237356,80000.0,40.999890154612636,0.06092655426152227,0.8968191459589518,969,1.0
392,0.02233646031568622,19978.425026968715,40000.0,42.85677144891025,0.054003509184234126,0.995272822263425,927,1.0
393,0.02534753502105267,20000.0,0.0,44.43754504052546,0.055044191198710735,0.9762743066079088,894,1.0
394,0.02399773431108882,20000.0,0.0,41.5563315993367,0.05992495155772559,0.927805177928538,956,1.0
395,0.024124162425485263,19986.66014953706,25158.95797310691,42.141053537621524,0.06085526346748438,0.9529204129847739,943,1.0
396,0.026948709618979726,20000.0,0.0,44.07952104769267,0.05827041012232925,0.9272688300815152,902,1.0
397,0.02631372929959333,20000.0,0.0,44.16775548465932,0.060111776406056805,0.9392328901348627,900,1.0
398,0.02552919688390949,19978.494623655915,40000.0,42.71526873733364,0.059660442658522335,0.9048213317636931,930,1.0
399,0.02347273295952188,19978.563772775993,20000.0,42.57489146442021,0.06039461854447836,0.9625368202945731,933,1.0
400,0.025048765073807263,20000.0,0.0,44.371913184354106,0.05369409462822716,0.9532368328211658,895,1.0
401,0.02533666266625905,20000.0,0.0,42.769678786756906,0.058542482407912065,0.9640238235435534,929,1.0
402,0.024624468300391358,19982.560786934366,31146.434535221488,44.46809430985632,0.060875286570462706,0.993500941321609,893,1.0
403,0.026579565813424487,19956.56894679696,20000.0,43.140097359031806,0.06290083930309187,0.9428721729567068,921,1.0
404,0.026130834166849498,20000.0,0.0,44.068767635596096,0.05938606455506878,0.9433790947552263,902,1.0
405,0.024446496506395344,19978.070175438595,20000.0,43.580873135234356,0.057644213855759574,0.946141237987505,912,1.0
406,0.025875897495593023,20000.0,0.0,43.19939078213193,0.06151682041114981,0.9755260584415689,920,1.0
407,0.025520530423121163,19914.802981895635,80000.0,42.30662506624643,0.05889360596424531,0.900462611293742,939,1.0
408,0.022341124886200853,20000.0,0.0,43.23057797011984,0.04861401320402692,0.9799630367885428,919,1.0
409,0.02670961328867408,20000.0,0.0,44.79063909515686,0.062187871419050474,0.9350382740282611,887,1.0
410,0.023947041945700527,19934.640522875816,20000.0,43.28036976074741,0.05894544405922097,0.9772566777709073,918,1.0
411,0.02469124168308648,19957.44680851064,80000.0,42.28275591741012,0.06037337147422406,0.8790546038101665,940,1.0
412,0.024551224933512236,20000.0,0.0,44.573149624618786,0.060488347263728315,0.9687842740109152,891,1.0
413,0.025563744282741562,19989.804984186314,18881.16928694444,42.893569338979304,0.05595129571710799,0.9326277963452221,926,1.0
414,0.022273398784302883,20000.0,0.0,44.5741816363576,0.05528058602520147,0.9784294261826606,891,1.0
415,0.02435838675888651,20000.0,0.0,43.15143868703682,0.060628738382627397,0.9154819675602157,921,1.0
416,0.024831760067096028,19948.04591190788,59699.52405056482,43.67991406294784,0.05807147390093625,0.9416377713500094,909,1.0
417,0.026958207870245963,19977.82705099778,20000.0,44.07051927530071,0.06098668048053213,0.9029269631564574,902,1.0
418,0.026155469889657258,20000.0,0.0,43.2801499891146,0.05993512528244693,0.9883116622834381,918,1.0
419,0.024077896366299194,20000.0,0.0,44.117002527983246,0.0581669905463631,0.9646998269457641,900,1.0
420,0.023294493402521425,19958.115183246075,20000.0,41.577919322366604,0.05830777529053144,0.966031015267008,955,1.0
421,0.02390507427555206,19980.190671408636,36330.30863656131,43.321221550229666,0.05488981368938539,0.9845759371641422,917,1.0
422,0.02338808917061583,19989.60769884684,19683.018384081835,41.93813927111871,0.06050921347534022,0.9620119844403076,947,1.0
423,0.025333591095920587,19962.15914058083,49173.09101824858,43.46054985961681,0.059581918496043336,0.9064124171914272,914,1.0
424,0.023340507059396845,20000.0,0.0,42.40389483715645,0.05527668009344744,0.9697796258395474,937,1.0
425,0.02592180272920926,19935.897435897437,60000.0,42.47442647161956,0.062180913567361884,0.924335112103448,936,1.0
426,0.023877201254260454,20000.0,0.0,43.153803559954916,0.05820631874563986,0.9196543067972279,921,1.0
427,0.026197425916877907,20000.0,0.0,41.59849871149782,0.0617298569097251,0.9061603441611936,955,1.0
428,0.028396882094267176,19894.06779661017,80000.0,42.12087185991456,0.06342340000989743,0.9348841362882299,944,1.0
429,0.025102284072831316,19976.59602738736,41939.91892185091,44.32441519361246,0.05995768805181889,0.9435491522731141,896,1.0
430,0.022684295863135414,20000.0,0.0,40.81842099321891,0.05221007380484962,0.9547222275589918,973,1.0
431,0.025044343535576864,20000.0,0.0,44.43579229466829,0.058706446148926617,0.9461020159039382,894,1.0
432,0.025645977643470236,19978.21350762529,39999.99999996817,43.28825541435113,0.06135766789160079,0.9245117483000672,918,1.0
433,0.02466453370794217,19915.61181434599,119999.99999999546,41.88455547422352,0.062387775286053326,1.0002715638035053,948,1.0
434,0.02644735868348395,19988.234978564662,22518.251027235237,41.529060374987885,0.06322793223703549,0.946301190937328,957,1.0
435,0.025026982885250012,20000.0,0.0,45.28173554620208,0.056283996469815634,0.9111086585454721,877,1.0
436,0.024558862406202385,19999.271528946047,1349.1283919258858,42.895094848771684,0.05913705619808063,0.9517134769018719,926,1.0
437,0.02409262507192745,20000.0,0.0,44.27689759967599,0.05587292012043755,0.9967315268810887,897,1.0
438,0.02612010630651872,20000.0,0.0,43.36452461887861,0.06395962917368081,0.9488962494006026,916,1.0
439,0.02667945935419135,20000.0,0.0,43.690826773508675,0.06157969496675797,0.9363158524989668,910,1.0
440,0.025141509981372868,19978.60962566845,40000.0,42.48505890828185,0.06087655223207732,0.9822102574620111,935,1.0
441,0.023267209395076115,19979.12317327766,40000.0,41.46283005676498,0.052289188368932926,0.9318324125290042,958,1.0
442,0.02699043602290005,19935.553168635874,120000.0,42.70224711677931,0.06095601622390667,0.9234612794055694,931,1.0
443,0.02434112983618319,20000.0,0.0,43.79945187250211,0.05999929418667982,0.9773550210128042,907,1.0
444,0.023841557911988127,19977.202784414036,41064.62720142901,42.97477468080275,0.057518844876046415,0.973249003141123,924,1.0
445,0.024335883416326358,19983.640329696642,30167.232039391365,43.104047581081836,0.05998248107634119,0.9206780502803331,922,1.0
446,0.025975253864230805,19956.284153005465,80000.0,43.43759699079303,0.0577336313165322,0.9893336654593989,915,1.0
447,0.026318047618725048,19972.644742962566,50169.54140665478,43.31395378023813,0.06427336413323737,0.9191885248879019,917,1.0
448,0.022228052132798715,19989.38279630297,19684.295654301422,42.8510462371253,0.05028648563633986,0.9824419340525407,927,1.0
449,0.024838187799276407,20000.0,0.0,42.44314266491401,0.06295512041998563,0.976556507204419,936,1.0
450,0.02490379160375207,19985.127636364155,28198.00145356453,41.90142411135678,0.05720680542983026,0.9577406931173527,948,1.0
451,0.025669118836335374,20000.0,0.0,44.671676471694134,0.05737713997024407,0.9696651470055219,889,1.0
452,0.02579035902209781,20000.0,0.0,45.069229726794184,0.061029161636398044,0.9495903182719295,882,1.0
453,0.024719107231953114,19978.60962566845,40000.0,42.506024055867464,0.05789271803367946,0.9659471817885266,935,1.0
454,0.02462024134096573,20000.0,0.0,45.50997606349992,0.0541550262952466,0.9945976747564683,873,1.0
455,0.027099034635218122,20000.0,0.0,45.071571851999906,0.0637967430114319,0.9464262092535813,882,1.0
456,0.02512401657187954,20000.0,0.0,43.74613124119288,0.05718919823692126,0.9420826785589316,908,1.0
457,0.02476440391196107,20000.0,0.0,43.916323384546864,0.0585342427925184,0.9546914643071931,905,1.0
458,0.023697006208814125,19958.333333333332,40000.0,41.35986625765156,0.057505212755629115,0.9159439639036191,960,1.0
459,0.02360423469293601,19978.969505783385,40000.0,41.763533767043214,0.061541533033615536,0.9733211262349113,951,1.0
460,0.022930177348673576,20000.0,0.0,41.908812814837596,0.05774555553876759,0.9661298475321992,948,1.0
461,0.027744348868907837,19955.307262569866,59999.999999936335,44.39824015118392,0.05945343167248396,0.9510649747241249,895,1.0
462,0.02511282360936105,20000.0,0.0,41.84182416558759,0.06151398867369018,0.9129341940220959,950,1.0
463,0.025178619047451004,20000.0,0.0,42.65371707045882,0.057500693614267455,0.9504221377272989,932,1.0
464,0.023753926263203873,20000.0,0.0,42.513974230438734,0.054299330418634995,0.9781702376862781,934,1.0
465,0.025713149938615617,20000.0,0.0,42.709281179334816,0.06093728391351405,0.960141093087036,930,1.0
466,0.02279956904508941,20000.0,0.0,43.516892439448675,0.049367343940526,1.013574219901878,913,1.0
467,0.024841717477088136,20000.0,0.0,43.24337180056393,0.053624928476676104,0.9343033574727279,919,1.0
468,0.026073205974606772,19935.414424111947,40000.0,42.78371822485717,0.06271157808917849,0.9560400399539546,929,1.0
469,0.02318773218079842,20000.0,0.0,43.883531500597485,0.053961202774502226,0.9713899067254969,905,1.0
470,0.0226104089103519,19979.77813744446,38987.751007084626,41.216119263061564,0.05579217382851098,0.9697747189219976,964,1.0
471,0.023282803766409097,20000.0,0.0,42.237158534249744,0.06082720135863617,0.9387731773942892,941,1.0
472,0.026157726072655735,19850.107066381155,60000.0,42.559112897230555,0.06065010210103062,0.8825673845456499,934,1.0
473,0.024271654826712383,19955.94713656388,20000.0,43.74623433659601,0.05577021514728209,0.9709028993888418,908,1.0
474,0.024071749351409863,20000.0,0.0,43.34674469377043,0.05909141427860654,0.9979228418114542,916,1.0
475,0.02548719944049425,20000.0,0.0,44.62624658964688,0.05928760367999253,0.9293272906259208,890,1.0
476,0.024969054070402445,19978.563772775993,20000.0,42.58565868262477,0.0629951548200065,0.9151643446086011,933,1.0
477,0.026693263568759066,19935.68610002846,89976.36073311725,40.74885964484814,0.0644376798364199,0.8887426226610886,976,1.0
478,0.025268180702769774,19978.44827586207,20000.0,42.82381528689569,0.059025465402950054,0.9669375586686635,928,1.0
479,0.024396194171947237,19978.28447339848,40000.0,43.120332306172564,0.05941759082131348,0.9365092983955762,921,1.0
480,0.026985065378758676,20000.0,0.0,44.11780165892454,0.061853886472253095,0.9342250495344587,901,1.0
481,0.02673644157321393,19977.728285077952,20000.0,44.25777274710964,0.0594308648165753,0.9705721973455386,898,1.0
482,0.026269821859181433,19980.67701757602,36172.62309768307,42.46470634609091,0.06142301961136454,0.9464876036811513,936,1.0
483,0.022402430897463275,19978.813559322032,40000.0,42.08605620710433,0.050930260575510006,0.9870343976869977,944,1.0
484,0.024575011073329964,19978.925184404638,40000.0,41.863418794579836,0.058473581329606006,0.9484121851293476,949,1.0
485,0.026209485097289854,20000.0,0.0,43.20464073061586,0.060261294996317716,0.9571379630175939,920,1.0
486,0.026101056108034308,19958.592132505175,40000.0,41.14792411859482,0.06397475714614487,0.9607411435217056,966,1.0
487,0.02525482704561751,19978.76857749469,20000.0,42.17500601827079,0.0577233812878606,0.9380185585682407,942,1.0
488,0.024903549900540303,19993.447301575612,12568.075577974014,41.42415836399531,0.06340767649046697,0.9657777901610236,959,1.0
489,0.02434437356701248,20000.0,0.0,42.03997629710774,0.0622223420003909,0.9576085781587022,945,1.0
490,0.02246432065566407,20000.0,0.0,42.4722500183328,0.056466845734380655,0.9704009906543358,935,1.0
491,0.024665513411352778,19996.13998147447,7249.114790942032,42.337836348346045,0.061281604446866915,0.9407018130324376,939,1.0
492,0.025928110942241605,19977.728285077952,20000.0,44.237313301237336,0.06075536819722238,0.926639476108315,898,1.0
493,0.02413432830011189,19977.116704805492,20000.0,45.45040988728521,0.05804776283636137,0.9519708176898068,874,1.0
494,0.024498849452334142,20000.0,0.0,43.84598076173007,0.06323756931391422,0.9916115939593291,906,1.0
495,0.02400508831654732,19918.19486853148,63741.04128556758,44.320834633015146,0.05796360006646672,0.9536352203478896,896,1.0
496,0.0240687470235102,19992.991869294736,12880.944236277628,43.2128647470699,0.05939180540283039,0.9323889468977922,919,1.0
497,0.02432019706850977,20000.0,0.0,42.10935854188579,0.0592943427907251,0.9493447989010214,943,1.0
498,0.023868256901275454,19978.260869565216,20000.0,43.17225586369811,0.05919906767886829,0.9549348563881268,920,1.0
499,0.02737985146375237,20000.0,0.0,43.60171783689312,0.06338415216705506,0.9191424739427236,912,1.0
500,0.02683568832017048,20000.0,0.0,43.74677618002973,0.06231069106845055,0.9419063261580758,908,1.0
501,0.024521583602954717,19959.473150962513,40000.0,40.25984851297818,0.05752297037127185,0.9331930961047806,987,1.0
502,0.024469963262522848,20000.0,0.0,43.85101223520098,0.060390946118845434,0.9421103929153799,906,1.0
503,0.024926774307899628,19977.94928335171,20000.0,43.794347530978946,0.059748541801656785,0.9316310217302612,907,1.0
504,0.025261141421869034,20000.0,0.0,44.070955721465076,0.05794475507744501,0.9611680222630908,901,1.0
505,0.02428881636253579,20000.0,0.0,42.54757960310846,0.05784464753049435,0.9374291295882947,934,1.0
506,0.02511102053609592,19982.169772268127,33164.223581287064,42.71132601468973,0.06030690710528574,0.9208629663178203,930,1.0
507,0.02403731508471082,20000.0,0.0,42.38728533349634,0.0572795228687717,0.9573604967118973,937,1.0
508,0.024760019640565265,20000.0,0.0,41.65725390015746,0.06081223475122677,0.9885217987782576,954,1.0
509,0.02462752199464405,20000.0,0.0,44.27206295346953,0.05582569495022576,0.9815138389869206,897,1.0
510,0.025908164603682792,20000.0,0.0,42.60705437149436,0.06102350383226707,0.9354707554319205,933,1.0
511,0.025699205910504473,19945.48578775428,60277.24617692157,45.3840155190798,0.05816285900263196,0.9221467394324734,875,1.0
512,0.025307401336029222,20000.0,0.0,42.088989494552756,0.06044849122874218,0.9485617442080296,944,1.0
513,0.02494612215017817,19979.26251671662,42802.16549689897,38.49256412879975,0.061079631171127254,0.9754564862995501,1032,1.0
514,0.025939658670678132,20000.0,0.0,40.99415122443357,0.06143512887519442,0.9450068045306014,969,1.0
515,0.025716100865717694,19955.156950672645,40000.0,44.55708033160547,0.061615321667936485,0.9570207632199174,892,1.0
516,0.024067473732835448,20000.0,0.0,43.51212227687565,0.05768838055631953,0.9269224122424171,913,1.0
517,0.023827406641419076,20000.0,0.0,42.82901412329553,0.05581473661696812,0.9235254921400258,927,1.0
518,0.02426891414391422,19977.90055248619,40000.0,43.88956581454261,0.06383618588353457,0.9597176960953945,905,1.0
519,0.026131071208088327,19997.71588594704,4184.496945019877,43.36726097834272,0.059681248965834044,0.9281138051965881,916,1.0
520,0.02467304328239329,19978.189749182115,20000.0,43.34641049247256,0.05791143316143987,0.9564144056936579,917,1.0
521,0.023536122780638834,20000.0,0.0,43.43631885160462,0.05713483728434861,0.9513192067592579,914,1.0
522,0.025149869618752367,19933.281116271297,98759.61303709778,44.622583992678656,0.06374130267408873,0.9691073080597244,890,1.0
523,0.025198001710017896,19994.183402881514,10656.005921064774,43.384705603293156,0.06201118664573535,0.9577514266734288,916,1.0
524,0.02309802873963118,20000.0,0.0,43.91311864736821,0.05897204785878074,0.9652011563346011,904,1.0
525,0.02486498295256963,20000.0,0.0,42.477121629790446,0.059944186760656486,0.954350897872035,935,1.0
526,0.02400027473109981,20000.0,0.0,43.73889039586294,0.05444289744684738,0.9778414167649394,908,1.0
527,0.024495642849532206,19988.485142129462,20404.328146593118,44.830807195843306,0.060710112487482704,0.9776889037726052,886,1.0
528,0.024916623293408803,20000.0,0.0,43.136870711398764,0.05862672581179628,0.983760972216,921,1.0
529,0.024173844191339264,19977.578475336322,20000.0,44.504464458341054,0.057142812448539845,0.9476442502658299,892,1.0
530,0.026394292845533553,20000.0,0.0,43.13675632208284,0.06407899724165134,0.9478799983799762,921,1.0
531,0.025002952034643516,20000.0,0.0,43.698384289669754,0.05906922020742833,0.9469698400943221,909,1.0
532,0.025599597390601584,19941.153482490183,74079.94959152177,43.23786491241912,0.05971048033317495,0.972901063269241,919,1.0
533,0.024498407646400707,19960.69792044622,73652.09708378279,42.40331381826384,0.0598295679110592,0.932944363470098,937,1.0
534,0.02424982250799425,20000.0,0.0,43.661260129784566,0.05862710590142761,0.9382674555033507,910,1.0
535,0.02409106083032624,20000.0,0.0,44.47457809601546,0.056024098091493,0.9648417667855647,893,1.0
536,0.023656165926095013,20000.0,0.0,41.61979940940677,0.06021523562564113,1.016565037570599,954,1.0
537,0.025773317839390065,19977.728285077952,40000.0,44.23530110599745,0.05575336137123773,0.9472968756204132,898,1.0
538,0.024037422116543607,19958.168437018634,76802.74963378906,43.29890758372298,0.06052588184555141,0.9592352820325509,918,1.0
539,0.027484830804839534,19991.073826132295,15638.656616219123,45.383426229884705,0.06124301308255831,0.9393115116755312,876,1.0
540,0.024131713790900386,20000.0,0.0,43.46305057000799,0.06109141169553034,0.9785498854183522,914,1.0
541,0.0269875039731447,19991.68992839039,14924.888610855305,44.27893299752959,0.06220419291014956,0.9298069230369269,898,1.0
542,0.02671894224887947,20000.0,0.0,43.218790003747955,0.0632834405816638,0.9629865079004457,920,1.0
543,0.025611219169913303,20000.0,0.0,45.00665013111475,0.05929803232037045,0.9831778915603171,883,1.0
544,0.02176239528626149,20000.0,0.0,43.71417141562123,0.05430711824992628,0.9723005042229665,908,1.0
545,0.025797054305080374,19913.13789359392,60000.0,43.12210760417966,0.059247245935887705,0.9546112409191413,921,1.0
546,0.024514115229322134,20000.0,0.0,42.491408205122305,0.06136159709557987,0.9456514108292984,935,1.0
547,0.024148381007655696,20000.0,0.0,43.58913041730027,0.06215622131550803,0.9829802282850563,911,1.0
548,0.02669465650641125,19956.521739130436,40000.0,43.19511782233932,0.06137393221078469,0.9295103023313899,920,1.0
549,0.02768908071973879,20000.0,0.0,43.90903828230499,0.06206532912512586,0.9267865437363734,905,1.0
550,0.026466478907340506,19977.94928335171,20000.0,43.82369362541439,0.060255313821144796,0.96506593529585,907,1.0
551,0.025079490236229948,19957.67195767196,60000.0,42.05825005947737,0.060291492629616535,0.9281614297149618,945,1.0
552,0.026034818037491962,20000.0,0.0,44.01843860994158,0.06164070676028288,0.9326482159274166,903,1.0
553,0.02333056983277359,19935.691318327976,120000.0,42.550119540428106,0.059508315330095485,0.9603660581043767,933,1.0
554,0.027402173095397702,20000.0,0.0,43.01500912963364,0.06372654272886713,0.9580937240569765,924,1.0
555,0.023690210421111906,19978.54077253219,40000.0,42.63741395439267,0.0630245538100791,0.9400193901079383,932,1.0
556,0.024623776050417948,19938.426929444944,69476.31629166374,43.00164154799482,0.05691334182357899,0.9319951625667382,924,1.0
557,0.02733141566169243,20000.0,0.0,41.64944592008136,0.06446415923932669,0.963816963364067,954,1.0
558,0.02514378168532232,20000.0,0.0,43.63327206573745,0.05969413669531498,0.9557987731074087,911,1.0
559,0.02687206162260555,20000.0,0.0,45.66257579742844,0.06016517512047592,0.9471843819650968,870,1.0
560,0.026108396170263098,20000.0,0.0,42.54468139694955,0.06220008300162228,0.9791297753180324,934,1.0
561,0.024247353441277677,20000.0,0.0,44.02040884545771,0.05982228635577158,0.9655221802531098,902,1.0
562,0.024585860951782466,20000.0,0.0,43.39637029789889,0.060004513372884816,0.9489308115535764,915,1.0
563,0.02238411356721956,19978.21350762527,20000.0,43.27703411528902,0.05264880557757046,0.9832804185189314,918,1.0
564,0.026396644231802886,20000.0,0.0,42.96286564189899,0.05958396491990392,0.946944789396865,925,1.0
565,0.022402121235639942,19993.195605696183,13105.263429146366,41.22251105191714,0.055463436887460915,0.9544019108411194,963,1.0
566,0.02683565832288166,19955.156950672645,60000.0,44.54356032640928,0.06285778112535212,0.9663622181985039,892,1.0
567,0.02731174540453759,19933.184855233852,20000.0,44.27229185696228,0.06413280435335977,0.911801099242185,898,1.0
568,0.023930839822876946,19955.890022066797,80000.00000000003,41.52964563112054,0.058080096449881324,0.9279343052774862,956,1.0
569,0.025242667558510734,19956.284153005465,40000.0,43.41686189797152,0.05837959216098731,0.9494108198355283,915,1.0
570,0.021731971192556637,20000.0,0.0,43.0286102258172,0.05658541591271948,0.9889372126745805,923,1.0
571,0.024634254116808845,19933.481152993347,20000.0,44.049625039647424,0.056819522579449,0.9659123871956111,902,1.0
572,0.02279261243753577,20000.0,0.0,43.118399010070554,0.06111352525276637,0.9806625033450799,921,1.0
573,0.022561064802978644,19979.035639413,20000.0,41.59939190521546,0.05949884897092965,0.9487089009744842,954,1.0
574,0.025530824092772932,19915.96638655462,100000.0,41.7400711129573,0.058834706926379716,0.9736776085129949,952,1.0
575,0.02702484761808673,20000.0,0.0,42.36783470582759,0.0649408034166079,0.9188317695810981,938,1.0
576,0.02379896453171894,19956.284153005498,59999.999999936335,43.41697498176744,0.06249199164003727,0.9636124141621262,915,1.0
577,0.025800354659660588,20000.0,0.0,44.07473729136733,0.058606728688838323,0.9765504044837959,902,1.0
578,0.025381497900527187,19978.30802603042,39999.99999990337,43.087010005858396,0.060658206738729355,0.906213992157403,922,1.0
579,0.026123220005598025,20000.0,0.0,42.59512880693646,0.06306012503983993,0.9615342569788653,933,1.0
580,0.027275303220980544,19979.411073311137,37924.80296088911,43.174462444586275,0.06406144805882441,0.9132154303918852,921,1.0
581,0.024400251243908207,19978.791092258747,40000.0,42.11055796944427,0.06002370358633691,0.9472091098286315,943,1.0
582,0.026811073921346285,19978.700745473907,20000.0,42.33220489245258,0.06380088270737083,0.9402275961132821,939,1.0
583,0.02751597038647803,19978.28447339848,20000.0,43.13298510600176,0.06184450513791084,0.9283053769704122,921,1.0
584,0.024921356293054916,19981.915223546115,33239.8191222419,43.23154334894764,0.05936372545663345,0.9772690426047206,919,1.0
585,0.024868077399733488,20000.0,0.0,43.568424290121776,0.058808216920576584,0.9920126271457184,912,1.0
586,0.026489461860847066,20000.0,0.0,44.035128457945746,0.06126001515010771,0.9754301786817363,902,1.0
587,0.026260508520219644,20000.0,0.0,43.07827504961184,0.059146249380397364,0.9156363199469876,922,1.0
588,0.02335724556506409,20000.0,0.0,43.729387786402135,0.05476592005227232,0.989826041136582,908,1.0
589,0.027338029178082167,19992.321451141852,14159.24409442363,43.11070249985078,0.06275665541189213,0.9606549392924139,922,1.0
590,0.026248359226395512,19983.32895238823,31208.201129235476,42.45867710344798,0.058962647867080165,0.963954890803585,936,1.0
591,0.026464612633884176,20000.0,0.0,44.68587811027053,0.061727650024709035,0.9533907860753671,889,1.0
592,0.026447033361827802,19978.880675818375,40000.0,41.969061203400635,0.06046994332114508,0.94975238939189,947,1.0
593,0.02385530857120413,19963.00193714641,69038.38528480129,42.5740578651136,0.062367784424793626,0.9342057947584038,933,1.0
594,0.024443492619757107,19914.98405951116,120000.0,42.216472410669645,0.05865045216247247,0.9416180961256908,941,1.0
595,0.02441884289868386,19956.33187772926,20000.0,43.373094105335745,0.06124326569048222,0.9385651854100359,916,1.0
596,0.023214029660091836,19980.424869172166,35000.33392016185,44.41447224946019,0.0562882058802181,0.9481683149815464,894,1.0
597,0.025154036734970013,19978.563772775993,40000.0,42.59211185986045,0.06388916957170387,0.9764231348064198,933,1.0
598,0.026940685770421097,19986.531567585724,24458.6732643279,43.785033018925624,0.06312888926685112,0.9703257790507335,908,1.0
599,0.02402865132612562,20000.0,0.0,42.60574682090793,0.05686108473141616,0.9561874577073843,932,1.0
600,0.027688192664703043,20000.0,0.0,43.54986911079313,0.06265232571352541,0.914854721866985,913,1.0
601,0.023991003186115734,20000.0,0.0,42.272705137436205,0.057011864733347295,0.9342139730827995,940,1.0
602,0.02429719845576675,19990.48441445455,18307.98658944145,41.29465384963481,0.0606193533994599,0.9615248894129815,962,1.0
603,0.026971026762657196,20000.0,0.0,43.73501356457704,0.060721014286828634,0.9001454756661776,909,1.0
604,0.027369425297629903,19968.936930708747,39117.64635404588,45.88756460038732,0.05977471294944614,0.9193075360109644,866,1.0
605,0.02652766186098803,20000.0,0.0,42.709253524356825,0.05824357641692757,0.891985014247954,930,1.0
606,0.02500173843252129,20000.0,0.0,43.04147948852883,0.056169979485575894,0.9361385004543187,923,1.0
607,0.025023654223585365,20000.0,0.0,43.35514345549887,0.057719636437509436,0.9709787054718464,916,1.0
608,0.025908463873161654,20000.0,0.0,42.07220885727808,0.06126746947357198,0.9973256105737927,945,1.0
609,0.02557332397156676,20000.0,0.0,44.50655346262786,0.060943467488437264,0.8975130427240718,893,1.0
610,0.02617047074751671,19979.296066252587,20000.0,41.12229507196032,0.05939047371795247,0.9282955602316825,966,1.0
611,0.023627748240952425,20000.0,0.0,41.94920371050954,0.05938514174530063,0.9785214459042171,947,1.0
612,0.026650672486119666,19999.999999999975,4.4565240386873484e-08,43.54285796162594,0.06326105148178307,0.9273190592769607,913,1.0
613,0.027269634245403736,19996.840705217764,5907.8812427829325,42.49303450195536,0.06228456904211832,0.9144527698216217,935,1.0
614,0.023710845413999596,19978.74601487779,20000.0,42.217324333390344,0.062051708885675794,0.9284878299935706,941,1.0
615,0.025990219287325565,19978.401727861772,40000.0,42.90777441032419,0.0632771564227852,0.8874348844655441,926,1.0
616,0.02561732084105395,19978.791092258747,20000.0,42.13610057941708,0.06368306338881524,0.9658510654153138,943,1.0
617,0.02366781897023674,20000.0,0.0,41.73517157851823,0.05965680431374665,0.909243206215911,952,1.0
618,0.024559479986423258,19978.330732309183,40478.192046448894,42.533374924344564,0.05690006230494227,0.9538402943556661,934,1.0
619,0.02686357338544564,20000.0,0.0,42.93408350527797,0.05939281733562573,0.9188152694190632,926,1.0
620,0.02662881005048232,20000.0,0.0,42.98787590167899,0.06489194986406055,1.004808054829168,925,1.0
621,0.02789041446707642,20000.0,0.0,43.23916334189341,0.06314621017507527,0.9428212255900704,919,1.0
622,0.02391740600522855,19970.533114878446,55397.744028527886,42.24798302416769,0.06016378510969389,0.9899066454157044,940,1.0
623,0.026477231033806444,20000.0,0.0,42.68763673082917,0.06429194279977679,0.9540487390881972,931,1.0
624,0.025133528868857002,19978.37837837838,40000.0,42.9548560224634,0.054779351524500086,0.9570645109083946,925,1.0
625,0.02411543655230715,19938.208032955717,20000.0,40.933907955814846,0.06193646742357117,0.9598412583613902,971,1.0
626,0.026492723750293264,20000.0,0.0,41.07983882308479,0.06179381483062407,0.9850207998544233,967,1.0
627,0.024846973964034916,20000.0,0.0,42.04794127522899,0.06072146501511888,0.8882895920315718,945,1.0
628,0.022298960888456593,20000.0,0.0,42.08104484833568,0.05783208591850376,0.9770051740706568,944,1.0
629,0.026620352991129463,19978.189749182115,20000.0,43.33863463965964,0.06343303175261994,0.9502675572479955,917,1.0
630,0.025162159478441734,19978.947368421053,40000.0,41.80635991707823,0.061853523475091876,0.956099990553723,950,1.0
631,0.027011581676529613,19978.021978021978,20000.0,43.65305410758818,0.061259836160715515,0.9511706613056419,910,1.0
632,0.026879162172064413,20000.0,0.0,45.35742891806978,0.06200464298724029,0.9174350061249433,876,1.0
633,0.02578192068908118,20000.0,0.0,42.74775617765569,0.06333076849852404,0.9439731630152297,930,1.0
634,0.027733768024439415,20000.0,0.0,44.82281301340586,0.060803592002972806,0.984255467399209,887,1.0
635,0.02762090675855252,19969.444963768066,35060.175289946754,44.1058332268598,0.06298356287826401,0.9220119533664576,901,1.0
636,0.02473913235573576,19967.93896887749,59569.395825627,42.774034189562805,0.060705108948269526,0.9369824589802273,929,1.0
637,0.025935494166278217,20000.0,0.0,43.28995147924857,0.05560569079808175,0.920574604769209,918,1.0
638,0.0246896940686143,20000.0,0.0,42.15296387578611,0.06012000296430564,0.984170863786572,942,1.0
639,0.02454096114632627,19957.219251336897,60000.0,42.509396130957676,0.060949286309119444,0.9077628410635213,935,1.0
640,0.02672912760682413,19977.14285714286,40000.0,45.42877347698878,0.05972859035672151,0.9631410129808982,875,1.0
641,0.026863269058683758,20000.0,0.0,45.5042801975863,0.06307236797423599,0.9277975206292338,873,1.0
642,0.026406276175525486,19937.565036420394,20000.0,41.379540356975646,0.06328227105461792,0.9605335516883202,961,1.0
643,0.026209159856858417,19977.802441731408,40000.0,44.12051303411763,0.061279468166992146,0.9283488272252061,901,1.0
644,0.025217976186084512,19995.638396747785,8130.028462124501,42.65219403031952,0.06160540922062552,0.9377796311356108,932,1.0
645,0.025683097246683398,19978.37837837838,20000.0,42.96771643533677,0.059445649758600894,0.9342959440105819,925,1.0
646,0.024542706576016652,20000.0,0.0,41.744139414270876,0.059864617874774595,0.9572048575362765,952,1.0
647,0.025681460559883094,19978.54077253219,20000.0,42.65395579219068,0.06371910755959753,0.9450980942066121,932,1.0
648,0.02759576077229727,19978.23721436344,20000.0,43.23977669269816,0.06381804621743292,0.952090881666539,919,1.0
649,0.027695693964710517,19956.616052060737,20000.0,43.12886426715223,0.06519609100990209,0.9182779403940822,922,1.0
650,0.022891939356610463,20000.0,0.0,41.93871907714069,0.05873486675048056,0.941277859802653,947,1.0
651,0.02487269897236268,19937.304075235108,80000.0,41.52224519301591,0.058395528749867864,0.9521907946749057,957,1.0
652,0.02487832267468055,20000.0,0.0,43.08645105005248,0.058249409913621264,0.9655423001939133,922,1.0
653,0.024568817580902458,20000.0,0.0,42.999469311785674,0.05447277997524402,0.9807985525022949,924,1.0
654,0.023311363560421856,19957.173447537472,20000.0,42.512264326373504,0.05104707721426726,0.9975568167371491,934,1.0
655,0.023120930163537296,19978.30802603037,20000.0,43.055418958572425,0.05574955472563194,0.9887715753143872,922,1.0
656,0.025908290573825682,19979.144942648592,40000.0,41.43608222189079,0.06482313434678133,0.9325988602463792,959,1.0
657,0.024029956222313003,19989.102810405784,20421.333299563004,42.39742790006115,0.060322953190713235,0.9556905115514029,937,1.0
658,0.023009704865803726,19956.474428726877,60000.0,43.20032335618601,0.05901308092684764,0.9605954965612407,919,1.0
659,0.027018491701230277,20000.0,0.0,44.359911070188396,0.06024609921357716,0.913910431977805,896,1.0
660,0.024948901484951245,19977.116704805492,20000.0,45.4250300789085,0.05732017398454554,0.9890512497911604,874,1.0
661,0.024730273906166396,20000.0,0.0,44.309686102094325,0.057842649254062906,0.9842739459613365,897,1.0
662,0.02321694462315787,19974.241198415104,27499.23012255067,43.094738100351194,0.05983955020691134,0.9343328129584492,922,1.0
663,0.02388788230166626,19977.678571428572,40000.0,44.324884727266685,0.061050070196646544,0.9858285695745839,896,1.0
664,0.022490539101300056,19978.67803837953,20000.0,42.33156577547112,0.05615422988722507,0.9734637123165261,938,1.0
665,0.026979595683672985,20000.0,0.0,43.300716811639184,0.0619042877688809,0.9442961696839267,918,1.0
666,0.021548434431031493,20000.0,0.0,43.08477515560796,0.04963888002135093,1.0039911388715645,922,1.0
667,0.02414028075303191,19978.401727861772,40000.0,42.90861123666323,0.057637326451718714,0.9332294231696618,926,1.0
668,0.02566605664845424,19980.848548332186,33821.463645360906,45.00396751418774,0.061181243072544696,0.9425743085537247,883,1.0
669,0.024288023494265273,20000.0,0.0,41.73927463793721,0.061304216055246386,0.921226207449989,952,1.0
670,0.025144074238798674,19894.291754756872,60000.0,41.9916416783299,0.06012263146395114,0.916355579165618,946,1.0
671,0.024942781729355427,20000.0,0.0,43.30883004613462,0.05913640648337193,0.928293160163726,917,1.0
672,0.02493602009285096,20000.0,0.0,44.18431939447783,0.06012536686943193,0.9157915903504312,899,1.0
673,0.02496553354627502,19978.35497835498,20000.0,43.00712895055018,0.05961896241268683,0.9225490860516609,924,1.0
674,0.027088687016887516,20000.0,0.0,43.88681182227745,0.06382355753004809,0.9192137669931221,906,1.0
675,0.02464539087796922,19977.011494252874,20000.0,45.64535384784015,0.05443494707595953,0.972393505528362,870,1.0
676,0.02618717961639546,20000.0,0.0,44.78680076379767,0.059069880766785134,0.9545414282017117,887,1.0
677,0.024969495451478398,20000.0,0.0,43.169911360586525,0.05691463548675024,0.9630899924498522,920,1.0
678,0.024989401968209292,20000.0,0.0,43.62709576719236,0.06093486053288011,0.9532303310646373,911,1.0
679,0.023652704466716926,20000.0,0.0,43.276579912742164,0.0600157341706442,0.9262543508279983,918,1.0
680,0.02408029798623632,19956.284153005465,60000.0,43.38845551357418,0.05986377478467908,0.9531857773083351,915,1.0
681,0.027202763333515793,20000.0,0.0,44.11119240124468,0.06216998087624681,0.9209582432883865,901,1.0
682,0.02735431934128646,19978.858350951374,40000.0,42.00944850085482,0.06342611175973722,0.9421048586179159,946,1.0
683,0.02650378295775002,20000.0,0.0,43.73853673506629,0.06254086941768122,0.9387081257727435,909,1.0
684,0.023577698466527665,19978.652725275377,39492.45824055197,42.92177883227728,0.052520407137418346,0.9848454042874247,925,1.0
685,0.02442595179002346,19955.898566703418,20000.0,43.80455529501651,0.061254343493068575,0.9598177666735458,907,1.0
686,0.025413941094294026,20000.0,0.0,42.540250357443,0.05964046842538374,0.9684743107358488,934,1.0
687,0.0249160170808659,19978.401727861772,20000.0,42.882878301766375,0.05823113243791234,0.9107809034854064,926,1.0
688,0.026354306513205514,20000.0,0.0,43.78549255390055,0.05867837445558166,0.9505003731235473,908,1.0
689,0.025799256733139646,19977.52808988764,20000.0,44.645275531557274,0.061562998425294786,1.0096121273538148,890,1.0
690,0.02512084231603533,19977.802441731408,40000.0,44.08180982216512,0.05859491515177773,0.9349539133170722,901,1.0
691,0.026373650769199238,19934.640522875816,40000.0,43.27266414611683,0.0630928953146963,0.9572103995607804,918,1.0
692,0.027851627669967533,20000.0,0.0,42.939575059457304,0.06272276768818585,0.9134629278781612,926,1.0
693,0.023683434859823813,20000.0,0.0,43.51858578695495,0.05934221044834587,0.9490582181246935,913,1.0
694,0.024417306984428573,19978.118161925602,40000.0,43.47564374947359,0.06132983037803008,0.9434286284990034,914,1.0
695,0.025622286921663975,19935.828877005348,60000.0,42.50882695133561,0.055628465360253676,0.9663323541735382,935,1.0
696,0.02342466962976683,20000.0,0.0,41.81080515948734,0.05709065656541234,1.0092669704597912,950,1.0
697,0.02569933631677845,20000.0,0.0,42.85782675625352,0.06187300589122735,0.8938024241295963,927,1.0
698,0.025976867774315463,19979.013641133264,20000.0,41.71470282421714,0.06198909788428075,0.986507411708121,953,1.0
699,0.026252994358011685,20000.0,0.0,44.30867457248506,0.06280084565810462,0.9495842924152942,897,1.0
700,0.027422615760968383,19934.21052631579,80000.0,43.566244065525524,0.063800610927494,0.9332215445451135,912,1.0
701,0.02596278413968885,19956.756756756757,60000.0,42.96266563561657,0.06108875020636262,0.9487958543962605,925,1.0
702,0.0255420126053267,20000.0,0.0,43.44867921181267,0.06278207516046663,0.9759888051018252,915,1.0
703,0.02539765319861387,20000.0,0.0,42.7848740545526,0.05938437846168121,0.9196108602374276,929,1.0
704,0.02441965382861372,19971.49761569669,50962.2631343167,44.44737758188937,0.0578276360804022,0.9411771219085862,894,1.0
705,0.024651399092900254,20000.0,0.0,41.41610580327865,0.06403823986190638,0.9915979652997134,960,1.0
706,0.023916314802233826,20000.0,0.0,45.85733951087452,0.05237841459925226,0.9719849045246597,866,1.0
707,0.024236441511632248,20000.0,0.0,42.21294527465419,0.058269216111018096,0.9600745480426189,941,1.0
708,0.024543815342622996,20000.0,0.0,42.43636797630893,0.05796789203525598,0.9363812932034405,936,1.0
709,0.027600843117062932,19977.32426303855,20000.0,45.04132268555593,0.0649337186201997,0.9626953595535706,882,1.0
710,0.02514280765049849,19978.849409987033,38747.88090375631,43.365609909291486,0.060900395774561744,0.954905562065595,916,1.0
711,0.02680305885775628,20000.0,0.0,44.956211382333755,0.06179975417255257,0.9398537275458182,884,1.0
712,0.026272440696699397,19978.118161925602,20000.0,43.47356666949804,0.06148686116037361,0.9147984379435308,914,1.0
713,0.024355350363323352,19979.057591623037,20000.0,41.591354403716885,0.06111158954982088,0.9782108767441099,955,1.0
714,0.022496110275784437,20000.0,0.0,43.99213573267793,0.051919208099587166,0.9431587862454687,903,1.0
715,0.026763344946259888,19978.046103183315,20000.0,43.61141243759687,0.05849290991546674,0.9772321050844763,911,1.0
716,0.026703115952715756,19978.070175438595,20000.0,43.55929562967961,0.05999949349237177,0.9208829341678403,912,1.0
717,0.024692626581241203,19956.989247311827,40000.0,42.731909733636606,0.061062406989130125,0.9468186562393361,930,1.0
718,0.026010736708451335,19978.046103183315,20000.0,43.64205972553284,0.05804690005990665,0.8787467788074903,911,1.0
719,0.02529378674027616,19992.135293314805,14140.742619985078,44.20526092544141,0.06255148701122693,0.9218137665015392,899,1.0
720,0.022814702560082046,20000.0,0.0,46.32117286233561,0.05461989921080249,1.0183092359099655,857,1.0
721,0.02723305832176526,19978.517722878623,20000.0,42.683289881580436,0.061913917350114644,0.9467286586651789,931,1.0
722,0.02388491925897195,20000.0,0.0,44.819284068716144,0.05096080551747484,0.9999250652021436,886,1.0
723,0.022987486485690076,20000.0,0.0,44.30383468029896,0.05533736431379894,0.9592486924551934,896,1.0
724,0.02400598284151829,19977.90055248619,40000.0,43.90669062681342,0.05471774171101629,0.9810555761105652,905,1.0
725,0.025169365757049825,20000.0,0.0,42.44490540486972,0.05942143317970228,0.977022021349846,936,1.0
726,0.026649162376495936,20000.0,0.0,43.21802641382642,0.062021155392743665,0.9046497126552946,920,1.0
727,0.025782024621295516,19959.183673469386,75380.38413463772,40.57144003791356,0.06076817269860335,1.001476534549455,980,1.0
728,0.026491830697216175,19938.80790195398,79798.39032950046,44.242384987287224,0.06211601776912623,0.9670417847275605,898,1.0
729,0.026184105019113627,19977.90055248619,40000.0,43.899467141913924,0.0602475558985276,0.9001807387658817,905,1.0
730,0.027254526939250224,20000.0,0.0,41.058034137777774,0.061128495750180534,0.9270929357682822,968,1.0
731,0.025132050172801988,19999.999999999913,1.648440957069397e-07,42.58410798439683,0.06377617727318885,0.907025188139857,933,1.0
732,0.024412177590779523,19978.517722878623,20000.0,42.671374564339885,0.05885605523752879,0.93839710548392,931,1.0
733,0.025173686214151947,20000.0,0.0,43.90533420075907,0.05767250982407113,0.948836741891616,905,1.0
734,0.024246786827282086,19977.99779977998,20000.0,43.71819603570694,0.057711902764726375,0.9230619219564312,909,1.0
735,0.025177683988667637,20000.0,0.0,43.6408100597907,0.06126996614735525,0.9442194699737773,910,1.0
736,0.0240288963332736,19994.00521743148,11557.940792108468,41.22329689311284,0.0588550513640621,0.9597442030707586,964,1.0
737,0.025836049427079566,19943.654053148402,83113.08273842008,43.44528968233693,0.06054525378742248,0.9751862004162495,915,1.0
738,0.025171342999233993,19987.643896823174,23204.761766079777,42.307320475920015,0.05981153860860822,0.9199559218434009,939,1.0
739,0.0255687652692443,19993.201952486583,11964.563623613216,45.12448646283945,0.05849792099405703,0.9164560066244118,880,1.0
740,0.02702391329527692,19964.640285578196,44849.71624958914,43.34084385421854,0.0621645939527955,0.9285275933760391,917,1.0
741,0.026033699889073347,20000.0,0.0,43.19508563052881,0.061259646487998864,0.953021575747816,920,1.0
742,0.025720365430588515,20000.0,0.0,41.523612038568906,0.06183848369349931,0.938511558098011,957,1.0
743,0.02376537871954878,20000.0,0.0,41.73165382711655,0.06035375148639173,0.9836797544558713,952,1.0
744,0.027071851843579693,20000.0,0.0,44.50634681551598,0.063709125088943,0.9561066882777253,893,1.0
745,0.027418255620504994,20000.0,0.0,44.65655899449654,0.06297277258486922,0.9337847185437664,890,1.0
746,0.0251576967761756,20000.0,0.0,43.979629532927106,0.06343125916597536,0.9462660692575189,903,1.0
747,0.025301250765413764,20000.0,0.0,41.63002348229396,0.06222354689493237,0.9389261509582253,954,1.0
748,0.023403110639660732,19978.60962566845,40000.0,42.4577107894663,0.0596563730788322,0.9569247332648328,935,1.0
749,0.026559347765319593,19978.189749182115,20000.0,43.3352633518569,0.06190242020521097,0.9685215272992785,917,1.0
750,0.02436712871740492,19958.41995841996,80000.0,41.28542817839628,0.062309877197376906,0.9328142670083265,962,1.0
751,0.023913233694843827,20000.0,0.0,41.91065962405526,0.06017594232517177,0.9191917691979095,948,1.0
752,0.025979023459759727,20000.0,0.0,42.70437334865905,0.061896174814393135,0.955390699083809,931,1.0
753,0.025352598098560893,20000.0,0.0,42.46121755008426,0.0603948646724195,0.9170742888771111,936,1.0
754,0.02724987921141267,19978.23721436344,20000.0,43.26627648091329,0.06085459326739913,0.9426717863267751,919,1.0
755,0.02677224478185368,20000.0,0.0,44.30919778977247,0.0640837653139048,0.9780243193341119,897,1.0
756,0.0248360172674971,20000.0,0.0,42.4559043518513,0.05587802405349363,0.9516679205810114,936,1.0
757,0.025866441968978596,20000.0,0.0,43.70267660720415,0.060318447337889936,0.9667193259033819,909,1.0
758,0.025864979196475117,20000.0,0.0,41.90211789404911,0.06423318233816566,0.9582491364370865,949,1.0
759,0.024434372398626746,19978.471474703983,40000.0,42.73873181644097,0.05868953035717439,0.9589831072955871,929,1.0
760,0.02509992736659637,19995.529757047945,8493.46160889752,41.82456130128265,0.06014045442144855,0.8772086517321395,950,1.0
761,0.022351947361494744,20000.0,0.0,42.351442099263345,0.05895648857661584,0.9942215532921778,938,1.0
762,0.023166296333006684,19956.896551724138,77407.74761811258,42.82083667251892,0.062327501022990006,0.9487078435870874,928,1.0
763,0.024230438396076085,19978.880675818422,39999.99999990678,41.9686199917724,0.06180951721204053,0.9608620612615363,947,1.0
764,0.024079105258090136,20000.0,0.0,42.55954845489906,0.06210703131562845,0.9618380149164717,934,1.0
765,0.024725292429992475,19998.178101577723,3436.1004244171927,42.146505875627,0.06190867171496528,0.9565426353141352,943,1.0
766,0.02550318536379542,20000.0,0.0,43.43252999000666,0.06127023369115392,0.9633034883292586,915,1.0
767,0.02437264850145463,20000.0,0.0,44.696773126418286,0.05901554052257799,0.9579250238808035,889,1.0
768,0.02540010960041801,19977.70345596436,39999.999999934065,44.30226406677128,0.056679952680612544,0.9613148985145329,897,1.0
769,0.02674486057116598,19956.616052060737,20000.0,43.11489634697574,0.062374204730678784,0.9669846918007073,922,1.0
770,0.025816216741985556,19954.954954954956,20000.0,44.74595194743618,0.054284645527662434,0.9580493384872442,888,1.0
771,0.02639010914691857,20000.0,0.0,42.911610746430426,0.06236462501849615,0.9084440646146708,926,1.0
772,0.02624941159271774,20000.0,0.0,43.15573294637046,0.06298363317852029,0.9504209042830112,921,1.0
773,0.026143462042083877,19995.943588900274,7196.073290915592,44.79328250482888,0.05913183949872903,0.9713414509764785,887,1.0
774,0.026324068721352928,19978.83466070249,36997.01309205056,45.46096986047228,0.0575133186846859,0.9790282022718416,874,1.0
775,0.024198882834380132,20000.0,0.0,43.08519600367126,0.05627339803230136,0.9647080756671071,922,1.0
776,0.02548369418656193,20000.0,0.0,42.819577074965075,0.06134755460331576,0.9454391240304635,928,1.0
777,0.02554359206127149,19999.999999999956,8.094502845779061e-08,43.22912865553691,0.06035911585479248,0.9384013332150606,919,1.0
778,0.025263298289723814,20000.0,0.0,45.00006006243883,0.0619207484456652,0.9746263937184881,883,1.0
779,0.027029651852574575,20000.0,0.0,42.2958972024734,0.06063607148713501,0.8865051932325284,940,1.0
780,0.02425590962568503,19998.78134919348,2295.9381194823436,42.16572285617874,0.057610504905296615,0.9622217277658814,942,1.0
781,0.02523535198051216,20000.0,0.0,43.24949381210741,0.06080181383458694,0.9429643601759387,919,1.0
782,0.025320782856826637,20000.0,0.0,41.194065217160926,0.0623472740065889,0.943202834805999,965,1.0
783,0.025782543232962443,19978.494623655915,40000.0,42.73433460932892,0.06026644117063818,0.9435410347702786,930,1.0
784,0.024673323851730985,19978.517722878623,20000.0,42.67624374015342,0.0567440212256738,0.9339665922728528,931,1.0
785,0.025269215262086597,19993.55360619494,11616.401636720868,44.10466249253038,0.056777948011614406,0.9599196462553463,901,1.0
786,0.025322979547814987,19978.44827586207,20000.0,42.822255132211765,0.06107324448051443,0.9745092927988777,928,1.0
787,0.0245631067937547,20000.0,0.0,44.001861477877355,0.06141873106044571,0.9750991473018796,903,1.0
788,0.024131997103392,19986.92597655612,24317.683605619408,42.721118771339036,0.05986460413974015,0.9492668204610845,930,1.0
789,0.026261315219628205,19956.989247311827,40000.0,42.754667692689715,0.06079919839211456,0.8903944488338104,930,1.0
790,0.026373613014519147,20000.0,0.0,45.21070581880673,0.0625990759426589,0.9410968563156916,879,1.0
791,0.024313563852499782,20000.0,0.0,44.531607902012034,0.05968093923621254,0.9369800925234792,892,1.0
792,0.026352502309717245,19978.813559322032,40000.0,42.08180256239013,0.06309387570793312,0.9677469983106352,944,1.0
793,0.023941364608335475,19978.925184404638,40000.0,41.843322533260206,0.05864983672231006,0.9761274669584651,949,1.0
794,0.02668116811711067,19978.54077253219,40000.0,42.6378744465714,0.06060394616320863,0.9340412922054013,932,1.0
795,0.025073285519113756,19978.517722878623,39999.99999999992,42.66876303277991,0.05577655875910459,0.9330448901049753,931,1.0
796,0.02407142940764328,19960.491021813123,74118.84307858236,42.341335410030524,0.05761841913015254,0.9252377426448709,938,1.0
797,0.0235312550067517,20000.0,0.0,43.519214804757226,0.05589778669162371,0.9353054883921896,913,1.0
798,0.023761218068297885,19977.62863534677,39999.9999999759,44.44740126765592,0.058341926650951954,0.9222638322115816,894,1.0
799,0.02526311744205265,19977.477477477478,20000.0,44.72946534026981,0.058385898988378315,0.9580363448871211,888,1.0
800,0.027305809301846045,19977.60358342665,40000.0,44.492255113958166,0.06033602296835561,0.9630753973519495,893,1.0
801,0.023825763987669016,20000.0,0.0,42.68177468874618,0.05713333160755215,0.9983883338614246,931,1.0
802,0.02504195175934719,19984.63732463267,28789.653638375967,42.42504075508216,0.063891641105835,0.9840811830257776,937,1.0
803,0.024618836912358246,20000.0,0.0,43.78712111008898,0.05916300725654544,0.9582643297753021,907,1.0
804,0.024684671984917583,19999.11658825952,1597.2084267878017,43.94672217098444,0.0637597458091399,0.9671913351998448,904,1.0
805,0.026717591740976664,20000.0,0.0,42.2226599093203,0.061293921743446944,0.9594611107323106,941,1.0
806,0.02245216936996764,19978.60962566845,40000.0,42.488825690768316,0.055930757153512256,0.9790365188807786,935,1.0
807,0.023525781154147597,20000.0,0.0,42.830884693987315,0.057166684783517496,0.9318584562392385,927,1.0
808,0.02318408439106907,19988.58729316182,21570.015924153267,42.02294965647554,0.05765738676793042,0.9792986124535719,945,1.0
809,0.02539179993007966,19978.28447339848,40000.0,43.1616668444423,0.057790004335046774,0.9371518733130754,921,1.0
810,0.02667532421952284,20000.0,0.0,42.24022538794151,0.06330503358889494,0.9397009048023199,941,1.0
811,0.023377562173848978,20000.0,0.0,43.51159760517678,0.0535066585824584,0.9426748065871062,913,1.0
812,0.022183322948360274,19979.013641133264,20000.0,41.696163206525675,0.0573906776881099,0.9489464849712146,953,1.0
813,0.02337119404991486,20000.0,0.0,41.704004457916206,0.057625624565305955,0.9507854105942047,952,1.0
814,0.026402316257605463,19978.947368421053,20000.0,41.8523188546235,0.0608133164471063,0.9459087288833752,950,1.0
815,0.02604996618053782,19934.49781659389,40000.0,43.378863996530875,0.06183721252014429,0.9284986870026574,916,1.0
816,0.0269680219584232,20000.0,0.0,44.50108675603446,0.06147344769015284,0.9681806584021849,893,1.0
817,0.023661184484732478,19978.54077253219,40000.0,42.601363010393335,0.055392888543018166,0.9592512734341868,932,1.0
818,0.02606850225217668,20000.0,0.0,41.874763453590845,0.06342185746017215,0.9634494666260439,949,1.0
819,0.025863072737968982,20000.0,0.0,45.57311648354435,0.059750813015579496,0.9579137240356018,872,1.0
820,0.025809670558942212,19957.127545551983,40000.0,42.595025931805836,0.06224459226147339,0.9169873864038314,933,1.0
821,0.026417802507630338,19993.24204661,12380.570610480816,43.39059869052219,0.06055032235001358,0.9193416930566194,916,1.0
822,0.02455912331699845,20000.0,0.0,42.946815493837114,0.060949922489083264,0.9847593720445985,925,1.0
823,0.025349898398931713,20000.0,0.0,43.314036498834746,0.06180283126634478,0.9581515998807304,917,1.0
824,0.025590371896164612,20000.0,0.0,42.31881443294185,0.06002414209422823,0.8971085577092919,939,1.0
825,0.02609292413479508,20000.0,0.0,43.87792970253974,0.06251425533793586,0.9171218325000947,906,1.0
826,0.0245467347917976,19978.118161925635,39999.99999994316,43.46138982084096,0.05389289652690188,0.9503679489548076,914,1.0
827,0.024644133657561504,20000.0,0.0,43.67067603259019,0.06218273126539842,0.9449853083167045,910,1.0
828,0.026458063006453484,20000.0,0.0,42.212766985233486,0.06290142704214396,0.9356069181383082,941,1.0
829,0.02547728446333169,20000.0,0.0,43.92502110282421,0.061818795761983125,0.9848531616843789,905,1.0
830,0.026109326823780067,19954.802259887005,60000.0,44.88819339784345,0.06021062447521608,0.9317974090126971,885,1.0
831,0.027445044238760534,20000.0,0.0,43.485000845727455,0.06426813845354218,0.9640955868895056,914,1.0
832,0.02842478268389893,20000.0,0.0,43.409607710957914,0.06400372545934019,0.9015712745224953,916,1.0
833,0.024629246255004983,20000.0,0.0,45.40301778929037,0.06119034953261249,0.9735163815040094,875,1.0
834,0.026854661708317372,20000.0,0.0,41.98964948416336,0.06459578799286803,0.9550573478769148,946,1.0
835,0.024512330085182592,19949.32909798751,75768.00480360701,42.03289085765009,0.060262542649352824,0.9326730438194754,945,1.0
836,0.02652380933374555,19957.26495726491,60000.00000008868,42.47543389120744,0.060573354721794814,0.9040266313209634,936,1.0
837,0.02546518805884347,20000.0,0.0,43.348606032267305,0.06177207327395528,0.910640374689212,917,1.0
838,0.026591532955567126,19973.451940582214,48742.23709105661,43.3030330550399,0.05905408085098944,0.9033303439142413,918,1.0
839,0.023150153071368165,19979.231568016614,40000.0,41.25108381394305,0.05904681477447937,0.964819719921435,963,1.0
840,0.027813213384127646,20000.0,0.0,44.762836188754974,0.06264229637804242,0.9308373185186245,888,1.0
841,0.02450486059023702,19963.28934236638,69016.03635120239,42.29367830744778,0.06365599254171705,0.9769768967084126,940,1.0
842,0.02401751512300565,20000.0,0.0,44.15339018087225,0.056668446964087245,0.9459882418797657,900,1.0
843,0.026137325125424594,19977.777777777777,40000.0,44.128234603590535,0.05954269525149058,0.9088483686908975,900,1.0
844,0.02464105252217679,19990.48136437419,16695.68688766651,45.30341337279036,0.060848127632510796,0.9265661810246343,877,1.0
845,0.02440708214556951,20000.0,0.0,43.26378457778793,0.054290054121189736,0.9488765748071726,918,1.0
846,0.025198881972058496,20000.0,0.0,43.59646014900895,0.05905621659961646,0.9505510576837792,911,1.0
847,0.02327462388458957,19939.20972644377,20000.0,40.230540776629596,0.06076228351649782,0.9105584334895644,987,1.0
848,0.02535855308385862,19978.28447339848,20000.0,43.15168972834807,0.06201456269746331,0.976242140713619,921,1.0
849,0.023731174486582456,19981.779706844805,33233.81471507287,43.55778011752176,0.05752710346011902,0.9450700536265403,912,1.0
850,0.02413268279166013,20000.0,0.0,44.36896863763779,0.059631069962353685,0.9604689798461656,895,1.0
851,0.024553866014767733,19974.79572184883,48089.762712435375,41.65254543772221,0.06180883933918935,0.9788057603234386,954,1.0
852,0.024621530845325926,19958.115183246075,20000.0,41.587894656015834,0.058099381102699965,0.9426217754287679,955,1.0
853,0.02596344334799107,19909.808342728298,20000.0,44.79854199838204,0.06363841641885593,0.9083170554903234,887,1.0
854,0.02570930833796234,20000.0,0.0,42.67941775565063,0.06446905283563176,0.9591530795243928,931,1.0
855,0.026875786269460612,19958.890030832477,40000.0,40.82949413002902,0.06049827773010641,0.8746442999429698,973,1.0
856,0.02573169327518488,19913.229364655617,97575.47378539699,43.765237348550905,0.05950672078740027,0.9599386174253377,908,1.0
857,0.024467152915604164,19978.28447339848,20000.0,43.15471940879178,0.061122850760254366,0.93708918708935,921,1.0
858,0.025091962159291277,20000.0,0.0,41.96073337494493,0.062262927220203323,0.9516574285337132,947,1.0
859,0.023562571140166817,19977.338568777133,42422.199249211655,42.42473246714596,0.0578480663199219,0.9669027931270521,936,1.0
860,0.02576473162322333,20000.0,0.0,44.91603350963495,0.059298898032482235,0.9247235600059863,885,1.0
861,0.02574031249598389,19978.070175438595,20000.0,43.55964483033393,0.06183839449541928,0.9074970929222078,912,1.0
862,0.026168526931560132,19979.166666666668,20000.0,41.41520113230406,0.06358093396755393,0.961636289376168,960,1.0
863,0.026272763069747955,19977.703455964325,20000.0,44.292703684981625,0.0590897651244422,0.9547707646745984,897,1.0
864,0.02474584786215091,20000.0,0.0,42.700368436309084,0.060447473413535846,0.9901431889743921,930,1.0
865,0.026873746181459254,19979.721372459167,35406.48368629036,45.50302345561193,0.06391710218739277,0.9524103889576191,873,1.0
866,0.025865668096147338,19978.54077253219,40000.0,42.6603703678357,0.058650314057812736,0.9409373633427589,932,1.0
867,0.025154384391986327,19978.471474703983,20000.0,42.77715711138661,0.06042034359443881,0.9879459928800424,929,1.0
868,0.022706063157841454,19978.655282817504,20000.0,42.410647193241736,0.058037196342098696,0.9670138678151166,937,1.0
869,0.026007330838809947,19977.553310886644,40000.0,44.58799555359173,0.06266155253678818,0.9130314380717962,891,1.0
870,0.026457512786281667,19978.094194961664,20000.0,43.55254514974417,0.0628213214801594,0.9482431404091749,913,1.0
871,0.025435883030163652,20000.0,0.0,43.687271348755125,0.0616020038889431,0.9082111733525104,910,1.0
872,0.026126262980291727,20000.0,0.0,45.175438531453985,0.060496076189684445,0.9855792806892595,880,1.0
873,0.02663229512257907,19978.35497835498,20000.0,42.988079850706036,0.061408501073124455,0.9177086671092776,924,1.0
874,0.025300938011444805,20000.0,0.0,43.566938555318835,0.05579948678514235,0.9700693196856794,912,1.0
875,0.02508245783690733,19978.471474703983,20000.0,42.788125212939846,0.06244746150422564,0.9640236051505017,929,1.0
876,0.026928136736385402,20000.0,0.0,42.25462864048587,0.06212322074644483,0.8851470758751425,941,1.0
877,0.02311886224997863,20000.0,0.0,44.65427102147053,0.05238885242120972,0.9556278984360377,889,1.0
878,0.02520215643126573,20000.0,0.0,43.60439133347678,0.06378627218692756,0.9411367569044852,911,1.0
879,0.025949628798658232,19977.578475336322,20000.0,44.52915406145869,0.06265970603406323,0.9334583626125859,892,1.0
880,0.025833123674961867,20000.0,0.0,43.027974329810306,0.0639264800921513,0.9389134763151697,923,1.0
881,0.02496714284982092,20000.0,0.0,44.04834260903748,0.06185397844411611,0.9599256999480306,902,1.0
882,0.026103347139428277,20000.0,0.0,43.05027673837047,0.06384820825779869,0.939364126872585,923,1.0
883,0.02681189890474481,19977.678571428572,20000.0,44.373592191829594,0.06105913997521739,0.9384858628285399,896,1.0
884,0.023667088086486755,20000.0,0.0,44.50546088503145,0.05693630797942717,1.0233036456732567,892,1.0
885,0.02499504351359309,19954.49374288965,20000.0,45.1971808095814,0.05718424826640423,0.9431939715482326,879,1.0
886,0.026563870255025136,20000.0,0.0,42.530732753218174,0.06384647517116271,0.9360108287412132,934,1.0
887,0.026561652908114755,20000.0,0.0,42.30846454517491,0.061829915660652546,0.9619213818906271,939,1.0
888,0.024044218127910112,20000.0,0.0,44.55116271657396,0.05618315240622174,0.9992419239378234,891,1.0
889,0.02361813820895687,20000.0,0.0,41.55119381223604,0.06063387075313287,0.960255314612901,956,1.0
890,0.02330819651040598,20000.0,0.0,42.84701377571609,0.055083419274982504,0.9645953324507004,927,1.0
891,0.026794261683395548,20000.0,0.0,44.44289806595266,0.06447851124161019,0.9790622195297305,894,1.0
892,0.02682501425436451,20000.0,0.0,42.58406538162922,0.0625005313724536,0.9507189435939972,933,1.0
893,0.02472008677424289,19955.995599559956,60000.0,43.71243088062297,0.05955034551357841,0.9593486948702646,909,1.0
894,0.02612935983683274,20000.0,0.0,44.65669733515839,0.06232690989035028,0.9771858201803686,890,1.0
895,0.02831826588013879,20000.0,0.0,47.091069594045386,0.06054721401902086,0.9553225949224555,844,1.0
896,0.025705417384737847,20000.0,0.0,40.6702877268342,0.05933578857542976,0.9126041957656308,977,1.0
897,0.026058475585000414,20000.0,0.0,44.33108435129605,0.060371736222094796,0.9459746664210985,896,1.0
898,0.024220654688521012,19977.90055248619,40000.0,43.89958814191968,0.057888966385416664,0.976572160593293,905,1.0
899,0.025002274975971257,19958.202716823405,60000.00000000012,41.526433037304784,0.06383875490585922,0.9502503549560636,957,1.0
900,0.022096152392744792,20000.0,0.0,41.96487527882572,0.05885142188166625,0.977352525556034,946,1.0
901,0.026479130652257526,20000.0,0.0,42.81632255606188,0.06070523230396346,0.9430248989410954,928,1.0
902,0.025815883562014967,19978.858350951374,20000.0,42.005273908627984,0.060438643318539306,0.9744886145198702,946,1.0
903,0.02478181257914322,19956.80345572354,20000.0,42.88349696539288,0.05536266053728767,0.9516156062976577,926,1.0
904,0.02521571665179317,19896.03876493749,87465.15926450334,43.981504710754535,0.05665086689553967,0.9229456288867411,903,1.0
905,0.026183016743097736,20000.0,0.0,41.339693983330484,0.060330555284771485,0.9774026464932845,961,1.0
906,0.02140785459102313,19999.43990415757,1036.177308493221,42.923341197718784,0.05521254384194308,0.9456217198451484,925,1.0
907,0.025537237587778747,19983.99742131811,29668.7808762274,42.84683677117311,0.05824143580845487,0.8914907013876304,927,1.0
908,0.027096332127938508,19904.432809520065,104078.41677738531,43.3687923712936,0.062253309586155936,0.8889484963299645,916,1.0
909,0.02571615458810618,20000.0,0.0,44.191670646795124,0.05691744740625055,0.972911982585432,899,1.0
910,0.024231884571777048,20000.0,0.0,42.58805954141459,0.05301099460472612,0.9546705229652672,933,1.0
911,0.02763158543626559,19977.16894977169,20000.0,45.38025272427133,0.06473245763783453,0.9329739570300731,876,1.0
912,0.024867812497397963,20000.0,0.0,41.728193713756546,0.061079973866887016,0.9368505684641473,952,1.0
913,0.023672723213804345,20000.0,0.0,42.320599943382014,0.056629499588945365,0.9531308566372662,939,1.0
914,0.02691273294854255,19840.117403381206,99999.8380686641,43.11374763819862,0.06117425016195277,0.9328039517976118,922,1.0
915,0.026790598837787123,19999.999999999996,5.682522896677256e-09,43.08391915306069,0.06262587787822937,0.9635551198650976,922,1.0
916,0.025074637684062095,19981.240821181724,37368.28420600676,39.90411728784174,0.06302113955170263,0.978939239327152,996,1.0
917,0.02117803125486685,19944.363620543318,82259.66544137712,43.180516296679144,0.05178046961569794,0.980095197747828,919,1.0
918,0.023467321446203063,19921.561207942275,96286.75826955735,45.01811436088816,0.05341026545097449,0.96350097157111,882,1.0
919,0.023050494586182853,19987.45053879758,23592.9870605446,42.24694459661909,0.05654071715323638,0.9362817684620166,940,1.0
920,0.025340601044491325,19926.800669247215,113661.97795458291,43.535115610199135,0.06200720069786846,0.98130504685274,913,1.0
921,0.02539605456963111,20000.0,0.0,43.77813791379693,0.06007422634233173,0.9416863716770583,908,1.0
922,0.023585420523672525,20000.0,0.0,42.026464072108816,0.05740050769547622,0.9813577526130401,945,1.0
923,0.026540469601248676,20000.0,0.0,44.89920837155529,0.060269814191368454,0.923394204276795,885,1.0
924,0.02355525372972253,20000.0,0.0,43.32166268000114,0.06399998002160778,0.9641665845583397,917,1.0
925,0.02227785710204209,19978.586723768738,40000.0,42.50977654642173,0.05766589156439572,0.9269611517257395,934,1.0
926,0.025562336293832557,19882.107333808937,39996.021056782425,42.43324424145231,0.05814532481985779,0.9656959130670072,936,1.0
927,0.026211981476744445,19956.942949407967,20000.0,42.77658944447261,0.06105637180006696,0.956713338864207,929,1.0
928,0.024837859997096687,19977.777777777777,20000.0,44.12824316032558,0.056260894902525255,0.9479081314574874,900,1.0
929,0.023892840751821,20000.0,0.0,42.627847020892524,0.05821527374437175,0.986660530553095,932,1.0
930,0.025140860451795987,19939.270738349882,75020.71105500578,43.85513510365299,0.061818218322979845,0.9484977107173029,906,1.0
931,0.023679336611220545,19956.56894679696,60000.0,43.12790076978334,0.062129768554774145,0.9884114521671024,921,1.0
932,0.025693794726338134,19958.1589958159,20000.0,41.55296927650765,0.06386077448023642,0.9625068774854352,956,1.0
933,0.024325393593131288,20000.0,0.0,41.95901925281541,0.05810912357113551,0.8926455114680552,947,1.0
934,0.02653051698501981,19977.51209491167,42816.971288174216,41.75409099591637,0.060990009603496986,0.868684578827123,952,1.0
935,0.02529754600573809,20000.0,0.0,41.573350232464385,0.05761767819044117,0.9343408605817473,956,1.0
936,0.025303102161171875,19967.41932541559,62098.765757882116,41.67858092062202,0.059420470939485874,0.9483899715858036,953,1.0
937,0.025995498580130408,19982.055886825165,33555.491636941515,42.5056737994489,0.06466127060211235,0.9258760820288715,935,1.0
938,0.026025400889253415,20000.0,0.0,43.83987696811012,0.05965938451879005,0.9429679872091412,906,1.0
939,0.02583722758850595,20000.0,0.0,43.88952502095887,0.06070898704303752,0.9509599212413251,905,1.0
940,0.026841936344854014,19977.90055248619,40000.0,43.90964699051231,0.06200603741527821,0.9499024028894829,905,1.0
941,0.024173578808530053,20000.0,0.0,42.6974519884326,0.05733993473990573,0.9590297207158135,930,1.0
942,0.023683836003085233,20000.0,0.0,42.14774586276647,0.056849378085367164,0.953588738260484,942,1.0
943,0.022284990603102475,20000.0,0.0,43.305340847320295,0.0571684565504178,1.0027448488243182,917,1.0
944,0.0239053032460129,19999.993508248,11.711120608881174,44.05120453285635,0.05596235741791489,0.9462671422444567,902,1.0
945,0.02353214812356633,20000.0,0.0,41.50272524306377,0.05933510011463916,0.9441080313202821,957,1.0
946,0.024637200441316516,19977.924944812363,20000.0,43.84890931040165,0.05708673956369026,0.9251266478004646,906,1.0
947,0.026111580685949785,20000.0,0.0,43.60024004852165,0.06063806808118066,0.9332386240175641,911,1.0
948,0.025603666924650617,19984.819133940204,28570.389924532265,42.24981241012919,0.058525181670733055,0.9514150733812481,941,1.0
949,0.023157460762279158,19977.179494630625,40939.98663265927,44.28385825566395,0.06315517909388113,0.9971717717683409,897,1.0
950,0.026390414907478142,19978.76857749469,20000.0,42.18685550682554,0.06221066315320023,0.8932702807664555,942,1.0
951,0.025731393873215685,19978.7549134982,40960.52677546967,41.23820921037832,0.06299892792499762,0.9229361484755161,964,1.0
952,0.023586829910292824,19928.29858748276,39993.0256991005,42.17416612837288,0.06301296764052289,0.9695664772928719,942,1.0
953,0.026866171496090118,20000.0,0.0,44.18063357044794,0.06342133819599205,0.9691095074103316,900,1.0
954,0.025907873195246657,20000.0,0.0,42.65188784527619,0.06090659307032097,0.9041004878146448,932,1.0
955,0.02636083641048135,19979.101358411703,20000.0,41.51730946210621,0.05919066766951709,0.8781158211888818,957,1.0
956,0.024479652543455944,20000.0,0.0,43.94927126225642,0.06164363760547254,0.9690887350731865,904,1.0
957,0.023210907437269255,19971.77531414664,52554.365058959665,42.659939519499325,0.05255264868266174,0.977560840054477,931,1.0
958,0.024591064158754703,20000.0,0.0,43.9694741040966,0.060196098967235656,0.9828075712058607,903,1.0
959,0.026992703097781113,20000.0,0.0,44.45788652216813,0.06256072006950575,0.9296704199477249,894,1.0
960,0.02708834186400528,20000.0,0.0,43.82976417176592,0.062410662853855214,0.87613727135943,907,1.0
961,0.027300785923673198,20000.0,0.0,44.73466512764811,0.06174934431637347,0.943728523295581,888,1.0
962,0.026229330919896005,20000.0,0.0,43.3043814625531,0.06367693930451424,0.9281780131316252,918,1.0
963,0.02442781789639435,19993.99157212756,11440.046669125877,41.751623781803254,0.06236723118506404,0.9716981822286127,952,1.0
964,0.022600878561856948,19978.76857749469,40000.0,42.14216066519385,0.051620421704626544,0.9708114254350723,942,1.0
965,0.024561567650588638,19979.07949790795,40000.0,41.54960594752128,0.05821807553840833,0.9842613829284524,956,1.0
966,0.02647233233781648,20000.0,0.0,43.35018026045595,0.06234824686771745,0.915002708776137,917,1.0
967,0.026629623896003183,20000.0,0.0,42.73838522523726,0.06227711202551767,0.9219767324171687,930,1.0
968,0.024455898950284244,20000.0,0.0,41.954861514154025,0.059480095871569105,0.973953349712115,947,1.0
969,0.02482509869887109,19977.924944812363,40000.0,43.8598429619262,0.05986568658075875,0.9350677124120763,906,1.0
970,0.02594093085248298,19978.094194961664,20000.0,43.53730424319277,0.06384659893386946,0.9556350879687289,913,1.0
971,0.02493851620911711,20000.0,0.0,41.15676277879386,0.061919602827014586,0.9716514889019021,966,1.0
972,0.026496018834170958,20000.0,0.0,43.062078994232465,0.06133697556208872,0.9092366316436877,923,1.0
973,0.024321848000747937,19959.330659031344,72472.76560614273,44.58649214656988,0.05682174277959007,0.9677614777039528,891,1.0
974,0.02502682317896622,19957.805907172995,80000.0,41.90577335792488,0.059249833216693304,0.9293669661548443,948,1.0
975,0.02172987735089939,20000.0,0.0,43.97974234172067,0.0538682922488847,0.9836531780555744,903,1.0
976,0.025165448236102964,20000.0,0.0,44.385263316867544,0.06254859212458364,0.9953835040450064,895,1.0
977,0.02566937564754123,19991.80482493507,14161.262512199075,45.998353221587486,0.05910300123427881,0.9223605322383507,864,1.0
978,0.026151873939230234,20000.0,0.0,42.84657620991616,0.06343914869203893,0.9301851724913974,927,1.0
979,0.024291629008722816,19959.308240081384,60000.0,40.42565676921192,0.06261780018966157,0.9734300882296304,983,1.0
980,0.02530548167593533,20000.0,0.0,41.75113040225044,0.05671293650449982,0.9198647459766685,952,1.0
981,0.02478429409799387,19976.863375757028,22340.02236464036,43.44783507230088,0.060095342842220845,0.9671697169153262,915,1.0
982,0.02420861452211355,19999.999999999993,1.8189894035458565e-08,43.09110294988075,0.06343599979588532,0.9575589389397763,922,1.0
983,0.02476137471654536,19951.806831627324,69735.67950992771,42.66244376781896,0.05479470823745697,0.9715761526852018,931,1.0
984,0.024135520309662723,19977.99779977998,20000.0,43.69844190705014,0.06079812247600813,0.9289578252946681,909,1.0
985,0.024466841261583147,19957.67195767196,60000.0,42.06616523977215,0.06243000298125878,0.9476304275919724,945,1.0
986,0.026055736756607273,19979.65412004069,40000.0,40.44254243968302,0.0608149938898066,0.9525162889407294,983,1.0
987,0.025844195597754777,20000.0,0.0,44.340961481433574,0.062073606023171024,0.9116273291930631,896,1.0
988,0.02412671884563903,19978.586723768738,40000.0,42.55423714255581,0.06001146316890349,0.9307955340264364,934,1.0
989,0.0249303746413096,20000.0,0.0,43.203034517620374,0.05741871621613903,0.962051079632757,920,1.0
990,0.025967811852926605,19978.118161925602,20000.0,43.44981396242746,0.06030769323389329,0.9558662740687219,914,1.0
991,0.027232484876746458,20000.0,0.0,44.25521270613905,0.06307584534462407,0.9152953505684447,898,1.0
992,0.02430244786280029,20000.0,0.0,42.7289182157497,0.05967722798806641,0.9735864536548223,930,1.0
993,0.024336244282206494,19978.9714835095,38692.47034251498,43.174148323462255,0.060088151852598415,0.9858329620975365,920,1.0
994,0.0257719574405406,20000.0,0.0,42.998496656107406,0.0593446910479436,0.9092419001110386,924,1.0
995,0.025344716284893928,20000.0,0.0,40.66719961680328,0.0589644734172694,0.8656105169644863,977,1.0
996,0.022737217529833008,20000.0,0.0,41.81669504983767,0.050531351879119994,0.9657874726281785,950,1.0
997,0.025996667588929663,19957.264957264957,40000.0,42.43249189518465,0.06124747213612558,0.9174614114102825,936,1.0
998,0.0254712043143854,19955.005624296962,60000.0,44.68860545967811,0.05665436447706929,0.9254022519762726,889,1.0
999,0.025009853710466788,20000.0,0.0,45.150507836137606,0.06153649589728971,0.9855811172739981,880,1.0
