{
  "epsilon": 1.5,
  "MAX_VEL": 1000.0,
  "max_abs_e_n": 0.7813089614245641,
  "rmse_e_n": 0.2514626697839844,
  "mean_v_ratio_exec": 0.014803254054937487,
  "v_ratio_exec_nunique": 18,
  "mean_speed_util_in_band": 0.9424820910627182,
  "mean_v_ratio_exec_straight": 0.015486985729360206,
  "mean_v_ratio_exec_near_turn": 0.01,
  "corr_v_exec_vs_v_cap": 0.9004540796654897,
  "cap_ang_active_ratio": 0.6145833333333334,
  "corner_mode_ratio": 0.07291666666666667,
  "mean_v_ratio_cap_brake": 0.23261522254403735,
  "mean_v_ratio_cap_ang": 0.39156249999999987,
  "mean_v_ratio_cap_final": 0.016145786310136793,
  "reached_target": false,
  "stall_triggered": false,
  "steps": 96,
  "outdir": "C:\\Users\\wumin\\Nutstore\\1\\DDPG的轨迹平滑\\基于强化学习的轨迹平滑\\PPO_project\\PPO_project\\artifacts\\phaseA_exitdriftfix"
}