step,x,y,velocity,reward,done,progress,corner_phase,turn_sign
0,0.0,0.0,0.0,0.0,False,0.0,unknown,0
1,2e-05,0.0,0.02,-0.05999,False,5.000000000000007e-07,False,1
2,7.999999999997e-05,6.000000000837668e-11,0.06,-0.10997200000000001,False,1.999999999999253e-06,False,1
3,0.00019999999999943002,4.200000000048661e-10,0.12,-0.10995800000000028,False,4.999999999985757e-06,False,1
4,0.00039999999999583,1.6199999999877641e-09,0.2,-0.10997200000000183,False,9.999999999895765e-06,False,1
5,0.0006999999999808301,4.619999999957418e-09,0.30000000000000004,-0.1100500000000077,False,1.7499999999520778e-05,False,1
6,0.0011199999999335802,1.0919999999669182e-08,0.42000000000000004,-0.1102400000000247,False,2.7999999998339544e-05,False,1
7,0.0016799999998101003,2.267999999870778e-08,0.56,-0.11060200000006631,False,4.199999999525256e-05,False,1
8,0.0023999999995278605,4.283999999601376e-08,0.7200000000000001,-0.11120800000015743,False,5.999999998819659e-05,False,1
9,0.003299999998944661,7.523999998914769e-08,0.9000000000000001,-0.11214200000034193,False,8.249999997361664e-05,False,1
10,0.004399999997830912,1.2473999997252147e-07,1.1,-0.11350000000069518,False,0.00010999999994577293,False,1
11,0.005719999995976972,1.9469999993958206e-07,1.32,-0.11495800000126394,False,0.00014299999989942448,False,1
12,0.007279999993168972,2.882999998833425e-07,1.56,-0.11642000000214282,False,0.00018199999982922456,False,1
13,0.009099999989205012,4.084199997959524e-07,1.82,-0.11780200000346472,False,0.00022749999973012563,False,1
14,0.011199999983911963,5.575199996710076e-07,2.1,-0.11903200000540945,False,0.0002799999995977994,False,1
15,0.013599999977161962,7.375199995018381e-07,2.4,-0.12005000000820999,False,0.00033999999942904957,False,1
16,0.016319999968887722,9.49679999286165e-07,2.7199999999999998,-0.12080800001215394,False,0.0004079999992221935,False,1
17,0.01937999995909572,1.1944799990252898e-06,3.0599999999999996,-0.12127000001757851,False,0.00048449999897739364,False,1
18,0.02279999994787641,1.47149999872312e-06,3.4199999999999995,-0.12141200002485689,False,0.0005699999986969109,False,1
19,0.026599999935410512,1.779299998387376e-06,3.7999999999999994,-0.12122200003437436,False,0.0006649999983852637,False,1
20,0.030799999921970512,2.115299998029312e-06,4.199999999999999,-0.12070000004649328,False,0.0007699999980492638,False,1
21,0.03541999990791647,2.475659997662985e-06,4.619999999999999,-0.11985800006150607,False,0.0008854999976979129,False,1
22,0.04047999989368522,2.855159997306319e-06,5.06,-0.11872000007957731,False,0.0010119999973421318,False,1
23,0.04599999987977206,3.2470799969778924e-06,5.52,-0.11732200010067684,False,0.0011499999969943032,False,1
24,0.05199999986670406,3.6430799966897933e-06,6.0,-0.11571200012450762,False,0.0012999999966676033,False,1
25,0.058499999855004065,4.033079996455462e-06,6.5,-0.1139500001504343,False,0.0014624999963751037,False,1
26,0.06551999984514448,4.405139996280283e-06,7.02,-0.11210800017742098,False,0.0016379999961286143,False,1
27,0.07307999983748997,4.745339996166016e-06,7.56,-0.1102700002039895,False,0.0018269999959372517,False,1
28,0.08119999983222821,5.037659996104068e-06,8.12,-0.10853200022821327,False,0.0020299999958057076,False,1
29,0.08989999982928762,5.263859996079292e-06,8.7,-0.10700200024776559,False,0.0022474999957321938,False,1
30,0.09919999982823684,5.403662047988622e-06,9.299999999999999,-0.10260682432193854,False,0.002479999995705924,False,1
31,0.10911999982810959,5.4539064254111925e-06,9.919999999999998,-0.1050913078514204,False,0.002727999995702744,False,1
32,0.11967999982802917,5.412695350650345e-06,10.559999999999999,-0.10475046027041485,False,0.002991999995700733,False,1
33,0.1308999998272387,5.2795129947432955e-06,11.219999999999999,-0.10467179809333534,False,0.0032724999956809725,False,1
34,0.1427999998251273,5.055345477448704e-06,11.899999999999999,-0.1047597110652592,False,0.003569999995628188,False,1
35,0.15539999982125097,4.7428008672537935e-06,12.599999999999998,-0.10493058893181899,False,0.00388499999553128,False,1
36,0.16871999981534747,4.346229181367201e-06,13.319999999999999,-0.10511282143914129,False,0.004217999995383693,False,1
37,0.18277999980734452,3.87184238571081e-06,14.059999999999999,-0.10524679833374401,False,0.004569499995183619,False,1
38,0.19759999979735987,3.327834394930302e-06,14.819999999999999,-0.1052849093623934,False,0.004939999994934003,False,1
39,0.21319999978569285,2.7245010723890422e-06,15.599999999999998,-0.10519154427192479,False,0.005329999994642329,False,1
40,0.22959999977147308,2.0415602301908518e-06,16.4,-0.10526823468283913,False,0.005739999994286835,False,1
41,0.24681999975356173,1.2561516291781184e-06,17.22,-0.10555059085324668,False,0.006170499993839052,False,1
42,0.264879999730462,3.427169789142412e-07,18.06,-0.10608622304304874,False,0.00662199999326156,False,1
43,0.2837999997020919,-6.933936994874078e-07,18.919999999999998,-0.08715927406679301,False,0.007094999992552308,False,1
44,0.3035999996688484,-1.8407574629832116e-06,19.799999999999997,-0.10681586377116022,False,0.00758999999172122,False,1
45,0.3242999996314235,-3.0855024651721555e-06,20.699999999999996,-0.1068818613946288,False,0.008107499990785598,False,1
46,0.3459199995906436,-4.413403485405383e-06,21.619999999999997,-0.09701231499585264,False,0.0086479999897661,False,1
47,0.3684799995466721,-5.821947171946543e-06,22.56,-0.06021561058585733,False,0.009211999988666815,False,1
48,0.3919999995002526,-7.299638944855259e-06,23.52,-0.07559293697073184,False,0.009799999987506329,False,1
49,0.4164999994522618,-8.833115218125136e-06,24.5,-0.07528854459162546,False,0.01041249998630656,False,1
50,0.4419999994036778,-1.0407212831387643e-05,25.5,-0.07442648010327646,False,0.01104999998509196,False,1
51,0.46851999935554156,-1.2005069062215788e-05,26.52,-0.07302117788479605,False,0.011712999983888556,False,1
52,0.49607999930891244,-1.3608252232958408e-05,27.56,-0.07110833082058282,False,0.012401999982722829,False,1
53,0.5246999992648196,-1.5196922477345587e-05,28.619999999999997,-0.06874346733733287,False,0.013117499981620508,False,1
54,0.5543999992242116,-1.67500217743276e-05,29.699999999999996,-0.06599973766057297,False,0.013859999980605308,False,1
55,0.5851999991879059,-1.8245491895770798e-05,30.799999999999997,-0.06296499754572797,False,0.014629999979697668,False,1
56,0.6171199991565415,-1.966051845714654e-05,31.919999999999998,-0.05973830574608752,False,0.015427999978913559,False,1
57,0.6501799991305364,-2.097179881308364e-05,33.059999999999995,-0.0564259748527392,False,0.01625449997826343,False,1
58,0.6843999991100522,-2.2155831108775294e-05,34.21999999999999,-0.05313733294685455,False,0.01710999997775133,False,1
59,0.719799999094969,-2.3189221390564865e-05,35.39999999999999,-0.04998036503404415,False,0.01799499997737425,False,1
60,0.7563999990848702,-2.4049005300867628e-05,36.599999999999994,-0.047057408022989085,False,0.018909999977121783,False,1
61,0.7942199990790417,-2.4712980540089814e-05,37.81999999999999,-0.04446107087591539,False,0.01985549997697607,False,1
62,0.8332799990764832,-2.5160045976991674e-05,39.059999999999995,-0.04227054258179211,False,0.02083199997691211,False,1
63,0.8735999990759338,-2.5370543034542893e-05,40.31999999999999,-0.04054843514153778,False,0.021839999976898377,False,1
64,0.9151999990759105,-2.5326594775917e-05,41.599999999999994,-0.039338287425582145,False,0.022879999976897797,False,1
65,0.9580999990747603,-2.5012437968043333e-05,42.89999999999999,-0.0386628294170279,False,0.023952499976869043,False,1
66,1.0023173769673552,-2.4414778754867846e-05,44.217377896634105,-0.026273298519489015,False,0.025057934424183918,False,1
67,1.046534754855518,-2.354923591136563e-05,44.217377896634105,-0.03956959775882469,False,0.026163368871387985,False,1
68,1.0907521327378462,-2.242445765555146e-05,44.217377896634105,-0.041098103221593726,False,0.027268803318446194,False,1
69,1.1349695106131708,-2.1051682400000302e-05,44.217377896634105,-0.04304896679166867,False,0.02837423776532931,False,1
70,1.1791868884806012,-1.94446264613145e-05,44.217377896634105,-0.045344413696555085,False,0.02947967221201507,False,1
71,1.2145608429559736,-1.798440074693792e-05,35.37395450551128,-0.052314643521238324,False,0.03036402107389938,False,1
72,1.24993479742438,-1.6364186058579684e-05,35.37395450551128,-0.055014631384704804,False,0.031248369935609543,False,1
73,1.2853087518859077,-1.4600171045840027e-05,35.37395450551128,-0.0577584489820924,False,0.032132718797147734,False,1
74,1.3206827063409183,-1.2709981163631383e-05,35.37395450551128,-0.06043670896256535,False,0.033017067658523004,False,1
75,1.3560566607900333,-1.0712502564443066e-05,35.37395450551128,-0.06294263755045172,False,0.03390141651975088,False,1
76,1.3914306152341092,-8.627693394160198e-06,35.37395450551128,-0.06517633127878579,False,0.034785765380852776,False,1
77,1.4268045696742033,-6.476384376854036e-06,35.37395450551128,-0.0670487398252545,False,0.035670114241855136,False,1
78,1.4621785241115317,-4.280070681066095e-06,35.37395450551128,-0.06848521616758547,False,0.03655446310278834,False,1
79,1.4975524785474208,-2.060697147215832e-06,35.37395450551128,-0.06942849252477941,False,0.03743881196368557,False,1
80,1.5329264329832544,1.5956097799274244e-07,35.37395450551128,-0.06984096344282081,False,0.03832316082458141,False,1
81,1.5683003874204184,2.358519609330483e-06,35.37395450551128,-0.06970618500551679,False,0.03920750968551052,False,1
82,1.603674341860246,4.5142074790567635e-06,35.37395450551128,-0.06902953040153861,False,0.0400918585465062,False,1
83,1.6390482963039636,6.605085666568629e-06,35.37395450551128,-0.0678379757123804,False,0.04097620740759915,False,1
84,1.6744222507526432,8.610262808195578e-06,35.37395450551128,-0.06617902446114601,False,0.041860556268816136,False,1
85,1.7097962052071582,1.0509703836756053e-05,35.37395450551128,-0.0641188137969851,False,0.04274490513017902,False,1
86,1.7451701596681501,1.2284430165370661e-05,35.37395450551128,-0.06173947781573831,False,0.043629253991703816,False,1
87,1.7805441141360019,1.3916709315186548e-05,35.37395450551128,-0.05913587313267106,False,0.044513602853400114,False,1
88,1.815918068610823,1.5390232092500146e-05,35.37395450551128,-0.05641179724864862,False,0.04539795171527064,False,1
89,1.851292023092445,1.669027554475805e-05,35.37395450551128,-0.05367585047130554,False,0.04628230057731119,False,1
90,1.8866659775804286,1.7803850067508062e-05,35.37395450551128,-0.05103710636349843,False,0.04716664943951078,False,1
91,1.9220399320740806,1.871982919218693e-05,35.37395450551128,-0.04860076332462191,False,0.04805099830185208,False,1
92,1.957413886572482,1.942906075813925e-05,35.37395450551128,-0.04646395066233871,False,0.04893534716431212,False,1
93,1.9927878410745243,1.992445835796042e-05,35.37395450551128,-0.044711856353651304,False,0.04981969602686318,False,1
94,2.028161795578954,2.020107214259535e-05,35.37395450551128,-0.04341433086907696,False,0.05070404488947393,False,1
95,2.0635357500844225,2.025613827850932e-05,35.37395450551128,-0.04262310245481199,False,0.051588393752110634,False,1
96,2.0989097045895395,2.0089106563081005e-05,35.37395450551128,-0.04236971489081641,False,0.05247274261473856,False,1
97,2.1342836590929286,1.9701645922018542e-05,35.37395450551128,-0.04266426993982752,False,0.053357091477323294,False,1
98,2.169657613593283,1.9097627733973563e-05,35.37395450551128,-0.04349502462196997,False,0.05424144033983215,False,1
99,2.205031568089416,1.828308714902775e-05,35.37395450551128,-0.04482885937029558,False,0.05512578920223547,False,1
100,2.24040552258031,1.726616278749818e-05,35.37395450551128,-0.04661259840340792,False,0.05601013806450783,False,1
101,2.275779477065156,1.605701542147769e-05,35.37395450551128,-0.048775129676024494,False,0.056894486926628976,False,1
102,2.3111534315433855,1.4667726451778439e-05,35.37395450551128,-0.051230239891843284,False,0.05777883578858472,False,1
103,2.3465273860146945,1.3112177194589972e-05,35.37395450551128,-0.053880051555560284,False,0.05866318465036745,False,1
104,2.3819013384790773,1.1405910280362948e-05,35.373952505533794,-0.05661892603972226,False,0.05954753346197702,False,1
105,2.41727529093676,9.565974076168103e-06,35.373952505533794,-0.059337671103354715,False,0.060431882273419085,False,1
106,2.4526492433882585,7.61075261636147e-06,35.373952505533794,-0.061927899962159715,False,0.06131623108470655,False,1
107,2.488023195834335,5.559781827462824e-06,35.373952505533794,-0.06428634836754014,False,0.06220057989585846,False,1
108,2.523397148275968,3.433554331612943e-06,35.373952505533794,-0.06631899242623308,False,0.06308492870689929,False,1
109,2.5587711007143135,1.2533146910991896e-06,35.373952505533794,-0.0679447970362229,False,0.06396927751785793,False,1
110,2.594145053150658,-9.591528603213306e-07,35.373952505533794,-0.06909894650051997,False,0.06485362632876654,False,1
111,2.6295190055863675,-3.181742078230572e-06,35.373952505533794,-0.0697354285244232,False,0.06573797513965929,False,1
112,2.6648929580228344,-5.392245585882987e-06,35.373952505533794,-0.06982886858050903,False,0.06662232395057095,False,1
113,2.7002669104614205,-7.568576762953985e-06,35.373952505533794,-0.06937554151091772,False,0.06750667276153562,False,1
114,2.7356408629034026,-9.688990427744146e-06,35.373952505533794,-0.06839352003764707,False,0.06839102157258516,False,1
115,2.7710148153499223,-1.1732300107850323e-05,35.373952505533794,-0.06692195426009344,False,0.06927537038374816,False,1
116,2.806388767801941,-1.3678089728403657e-05,35.373952505533794,-0.06501951086417047,False,0.07015971919504863,False,1
117,2.8417627202601996,-1.5506917602694996e-05,35.373952505533794,-0.06276203426659425,False,0.07104406800650509,False,1
118,2.8771366727251912,-1.7200510687124538e-05,35.373952505533794,-0.060239522937351825,False,0.07192841681812988,False,1
119,2.9125106251971404,-1.8741947159400995e-05,35.373952505533794,-0.05755254144466845,False,0.07281276562992861,False,1
120,2.9478845776759943,-2.0115825495807598e-05,35.373952505533794,-0.054808211262998986,False,0.07369711444189997,False,1
121,2.9832585301614247,-2.1308418358137006e-05,35.373952505533794,-0.05211594017791338,False,0.07458146325403572,False,1
122,3.018632482652841,-2.230780975267937e-05,35.373952505533794,-0.049583060542854274,False,0.07546581206632114,False,1
123,3.054006435149414,-2.310401409096632e-05,35.373952505533794,-0.047310550276960295,False,0.07635016087873546,False,1
124,3.0893803876501096,-2.368907596239367e-05,35.373952505533794,-0.045389007194045906,False,0.07723450969125285,False,1
125,3.1247543401537285,-2.4057149622131562e-05,35.373952505533794,-0.043895037153652554,False,0.07811885850384333,False,1
126,3.160128292658955,-2.4204557399829473e-05,35.373952505533794,-0.04288820002719289,False,0.07900320731647399,False,1
127,3.19550224516441,-2.4129826445676565e-05,35.373952505533794,-0.042408635233787344,False,0.07988755612911036,False,1
128,3.2308761976687044,-2.383370344667777e-05,35.373952505533794,-0.04247546150831817,False,0.08077190494171772,False,1
129,3.266250150170496,-2.3319147165966155e-05,35.373952505533794,-0.04308601469779161,False,0.08165625375426251,False,1
130,3.3016241026685416,-2.259129887983306e-05,35.373952505533794,-0.04421595397272064,False,0.08254060256671365,False,1
131,3.3369980551617484,-2.1657431007761788e-05,35.373952505533794,-0.04582023221917292,False,0.08342495137904384,False,1
132,3.372372007649216,-2.0526874448888496e-05,35.373952505533794,-0.0355838033533235,False,0.08430930019123052,False,1
133,3.4077459601302724,-1.9210925350655083e-05,35.373952505533794,-0.0001796149644182508,False,0.08519364900325693,False,1
134,3.443119912604502,-1.772273224147644e-05,35.373952505533794,-0.0027609246274181935,False,0.08607799781511268,False,1
135,3.4784938650717607,-1.607716465499652e-05,35.373952505533794,-0.005475912242067841,False,0.08696234662679414,False,1
136,3.5138678175321827,-1.4290664558609266e-05,35.373952505533794,-0.008216339818064937,False,0.08784669543830469,False,1
137,3.5492417699861742,-1.2381082070747282e-05,35.373952505533794,-0.01087295515402006,False,0.08873104424965449,False,1
138,3.5846157224343984,-1.0367497108407561e-05,35.373952505533794,-0.01333984737791354,False,0.08961539306086008,False,1
139,3.6199896748777483,-8.270028746917722e-06,35.373952505533794,-0.015518669279402564,False,0.09049974187194383,False,1
140,3.6553636273173113,-6.109634196807846e-06,35.373952505533794,-0.0173225581027506,False,0.09138409068293292,False,1
141,3.6907375797543254,-3.907899406254979e-06,35.373952505533794,-0.01867959849079965,False,0.09226843949385827,False,1
142,3.72611153219013,-1.6868233814701034e-06,35.373952505533794,-0.019535689523367893,False,0.09315278830475339,False,1
143,3.761485484626114,5.314016201272443e-07,35.373952505533794,-0.01985670155020603,False,0.09403713711565298,False,1
144,3.7968594370636572,2.724611827582164e-06,35.373952505533794,-0.01962983683250258,False,0.09492148592659157,False,1
145,3.832233389504079,4.8708934095213364e-06,35.373952505533794,-0.018864139748327305,False,0.09580583473760211,False,1
146,3.8676073419485837,6.948801429870264e-06,35.373952505533794,-0.017590136221895265,False,0.09669018354871473,False,1
147,3.9029812943982116,8.937574118556275e-06,35.373952505533794,-0.0158586167512691,False,0.09757453235995543,False,1
148,3.9383552468538,1.0817340316286151e-05,35.373952505533794,-0.013738611551539806,False,0.09845888117134514,False,1
149,3.9737291993159487,1.2569318020570789e-05,35.373952505533794,-0.011314638537987682,False,0.09934322998289886,False,1
150,4.009103151784995,1.4176002049303192e-05,35.373952505533794,-0.008683333863527388,False,0.10022757879462502,True,1
151,4.044477104261001,1.5621338946746523e-05,35.373952505533794,-0.005949599340302128,False,0.10111192760652518,True,1
152,4.079851056743753,1.6890887384378902e-05,35.373952505533794,-0.003222420335431901,False,0.10199627641859398,True,1
153,4.115225009232768,1.797196245383319e-05,35.373952505533794,-0.0006105208683990782,False,0.10288062523081935,True,1
154,4.150598961727311,1.885376241033054e-05,35.373952505533794,0.001781970872496835,False,0.10376497404318291,True,1
155,4.185972914226429,1.9527476600163917e-05,35.373952505533794,0.00385967379242878,False,0.10464932285566088,True,1
156,4.221346866728987,1.998637349384254e-05,35.373952505533794,0.005539756433237545,False,0.10553367166822482,True,1
157,4.25672081923371,2.0225867945260867e-05,35.373952505533794,0.006755239202332275,False,0.1064180204808429,True,1
158,4.292094771739239,2.0243567005025528e-05,35.373952505533794,0.007457664637636136,False,0.10730236929348114,True,1
159,4.327468724244183,2.003929382998575e-05,35.373952505533794,0.00761902925369292,False,0.10818671810610474,True,1
160,4.3628426767471735,1.9615089450187462e-05,35.373952505533794,0.007232899952261817,False,0.10907106691867949,True,1
161,4.39821662924692,1.8975192375578294e-05,35.373952505533794,0.006314670489647319,False,0.10995541573117315,True,1
162,4.433590581742261,1.812599624624308e-05,35.373952505533794,0.0049009477762123645,False,0.11083976454355669,True,1
163,4.468964534232211,1.7075985949218588e-05,35.373952505533794,0.0030480924743816317,False,0.11172411335580544,True,1
164,4.504338486716,1.5835652840324823e-05,35.373952505533794,0.0008299720769437951,False,0.11260846216790016,True,1
165,4.539712439193102,1.4417389918021362e-05,35.373952505533794,-0.0016649839568793172,False,0.11349281097982772,True,1
166,4.57508639166326,1.2835367996636344e-05,35.373952505533794,-0.004337309604745286,False,0.11437715979158165,True,1
167,4.6104603441264915,1.1105394116287114e-05,35.373952505533794,-0.007080467677788731,False,0.11526150860316245,True,1
168,4.645834296583091,9.244753604152485e-06,35.373952505533794,-0.009785097121961357,False,0.11614585741457745,True,1
169,4.681208249033618,7.272037365179223e-06,35.373952505533794,-0.012343372898209288,False,0.11703020622584062,True,1
170,4.716582201478874,5.206956127924617e-06,35.373952505533794,-0.014653304626549768,False,0.11791455503697203,True,1
171,4.75195615391987,3.0701435014817832e-06,35.373952505533794,-0.016622802620498332,False,0.1187989038479969,True,1
172,4.7873301063577856,8.829498112522922e-07,35.373952505533794,-0.018173349212425825,False,0.1196832526589448,True,1
173,4.822704058793926,-1.3327712264249744e-06,35.373952505533794,-0.019243129005013914,False,0.12056760146984832,True,1
174,4.858078011229666,-3.554880859381645e-06,35.373952505533794,-0.01978949325613941,False,0.12145195028074182,True,1
175,4.893451963666395,-5.761176502740774e-06,35.373952505533794,-0.01979066014959387,False,0.12233629909166006,True,1
176,4.928825916105466,-7.929613579752278e-06,35.373952505533794,-0.019246583167333978,False,0.12322064790263683,True,1
177,4.964199868548135,-1.003852578396486e-05,35.373952505533794,-0.018178952943968457,False,0.12410499671370356,True,1
178,4.9995738209955185,-1.206684156175139e-05,35.373952505533794,-0.016630332529609375,False,0.12498934552488813,True,1
179,5.034947773448541,-1.3994294652346596e-05,35.373952505533794,-0.014662460535368306,False,0.1258736943362137,True,1
180,5.070321725907904,-1.580162658160668e-05,35.373952505533794,-0.012353789809660523,False,0.12675804314769779,True,1
181,5.105695678374058,-1.74707790863043e-05,35.373952505533794,-0.009796359770823151,False,0.12764239195935165,True,1
182,5.14106963084718,-1.8985074546342456e-05,35.373952505533794,-0.007092127085776749,False,0.12852674077117968,True,1
183,5.17644358332717,-2.0329382622037733e-05,35.373952505533794,-0.004348900979573685,False,0.12941108958317943,True,1
184,5.211817535813655,-2.1490271431424137e-05,35.373952505533794,-0.0016760452217519381,False,0.13029543839534155,True,1
185,5.247191488306002,-2.2456141757232952e-05,35.373952505533794,0.0008198818621420485,False,0.13117978720765022,True,1
186,5.282565440803346,-2.3217342942407638e-05,35.373952505533794,0.0030393755345634733,False,0.13206413602008382,True,1
187,5.317939393304621,-2.3766269316307596e-05,35.373952505533794,0.004893951586054112,False,0.1329484848326157,True,1
188,5.353313345808605,-2.4097436188045955e-05,35.373952505533794,0.006309673921300328,False,0.1338328336452153,True,1
189,5.388687298313967,-2.42075346476731e-05,35.373952505533794,0.0072301021580120795,False,0.13471718245784936,True,1
190,5.4240612508193236,-2.4095464627787622e-05,35.373952505533794,0.007618541726873594,False,0.13560153127048327,True,1
191,5.459435203323289,-2.3762345894990368e-05,35.373952505533794,0.007459506768171786,False,0.1364858800830824,True,1
192,5.494809155824534,-2.3211506861547093e-05,35.373952505533794,0.006759337504197743,False,0.13737022889561354,True,1
193,5.530183108321838,-2.2448451329014972e-05,35.373952505533794,0.005545947474568959,False,0.13825457770804614,True,1
194,5.565557060814137,-2.1480803496066707e-05,35.373952505533794,0.0038677107115061564,False,0.13913892652035362,True,1
195,5.600931013300567,-2.0318231780035646e-05,35.373952505533794,0.0017915332197556318,False,0.14002327533251438,True,1
196,5.618618042328958,-1.9645289988173393e-05,17.687029041192382,-0.05944327631135603,False,0.14046545105822414,True,1
197,5.636305071353913,-1.8887417809328385e-05,17.687029041192382,-0.06205445871498327,False,0.14090762678384802,True,1
198,5.653992100375384,-1.8052187651802404e-05,17.687029041192382,-0.014781376111647778,False,0.1413498025093848,True,1
199,5.671679129393462,-1.7147944859245983e-05,17.687029041192382,-0.017515314905064583,False,0.14179197823483675,True,1
200,5.689366158408372,-1.618372432673973e-05,17.687029041192382,-0.0201472815776796,False,0.1422341539602095,True,1
201,5.707053187420466,-1.5169160227118674e-05,17.687029041192382,-0.022572347918143214,False,0.14267632968551186,True,1
202,5.724740216430208,-1.4114389749493402e-05,17.687029041192382,-0.024693834178244126,False,0.1431185054107554,True,1
203,5.742427245438155,-1.302995181180528e-05,17.687029041192382,-0.026427163389260717,False,0.14356068113595408,True,1
204,5.7601142744449385,-1.1926681759451987e-05,17.687029041192382,-0.02770323317895814,False,0.14400285686112366,True,1
205,5.777801303451232,-1.0815603102085844e-05,17.687029041192382,-0.02847117066518716,False,0.14444503258628102,True,1
206,5.795488332457733,-9.707817370362256e-06,17.687029041192382,-0.028700360597143766,False,0.14488720831144353,True,1
207,5.813175361465127,-8.614393193117321e-06,17.687029041192382,-0.028381665888938652,False,0.1453293840366284,True,1
208,5.830862390474067,-7.546255703276906e-06,17.687029041192382,-0.02752779188641567,False,0.14577155976185188,True,1
209,5.848549419485142,-6.514077377555519e-06,17.687029041192382,-0.026172779845185692,False,0.14621373548712877,True,1
210,5.8662364484988565,-5.5281714005822465e-06,17.687029041192382,-0.02437064981321461,False,0.14665591121247162,True,1
211,5.88392347751561,-4.598388618971961e-06,17.687029041192382,-0.022193247022122227,False,0.14709808693789048,True,1
212,5.901610506535682,-3.7340191149487513e-06,17.687029041192382,-0.019727377644461988,False,0.14754026266339226,True,1
213,5.919297535559217,-2.9436993828726887e-06,17.687029041192382,-0.017071348105714142,False,0.14798243838898062,True,1
214,5.936984564586224,-2.235326036269003e-06,17.687029041192382,-0.014331045917349329,False,0.1484246141146558,True,1
215,5.954671593616572,-1.6159769074826881e-06,17.687029041192382,-0.01161571827585192,False,0.14886678984041452,True,1
216,5.972358622649998,-1.0918403282874375e-06,17.687029041192382,-0.00903361672196586,False,0.14930896556625017,True,1
217,5.990045651686116,-6.681532981369219e-07,17.687029041192382,-0.0066876814932019584,False,0.1497511412921531,True,1
218,6.007732680724431,-3.4914915780074274e-07,17.687029041192382,-0.004671437621617123,False,0.150193317018111,True,1
219,6.025419709764363,-1.380152912121757e-07,17.687029041192382,-0.003065266385871045,False,0.15063549274410928,True,1
220,6.043106738805267,-3.686127818486116e-08,17.687029041192382,-0.001933200763286136,False,0.15107766847013188,True,1
221,6.060793767846456,-4.669781618129101e-08,17.687029041192382,-0.0013203726372234435,False,0.15151984419616163,True,1
222,6.078480796887236,-1.6742662176261948e-07,17.687029041192382,-0.0012512135312211944,False,0.1519620199221811,True,1
223,6.096167825926927,-3.9784141261241065e-07,17.687029041192382,-0.0017284806013121241,False,0.1524041956481734,True,1
224,6.1138548549648934,-7.356399602924825e-07,17.687029041192382,-0.0027331467168720956,False,0.15284637137412255,True,1
225,6.131541884000568,-1.1774470933587722e-06,17.687029041192382,-0.004225159012296265,False,0.1532885471000144,True,1
226,6.1492289130334745,-1.7188484209717309e-06,17.687029041192382,-0.006145035668272269,False,0.15373072282583708,True,1
227,6.166915942063247,-2.3544344400222857e-06,17.687029041192382,-0.008416237264282353,False,0.1541728985515814,True,1
228,6.184602971089645,-3.0778545850820137e-06,17.687029041192382,-0.010948218163633078,False,0.15461507427724136,True,1
229,6.202290000112563,-3.881880681180208e-06,17.687029041192382,-0.013640036282257541,False,0.15505725000281428,True,1
230,6.219977029132033,-4.7584791653357545e-06,17.687029041192382,-0.016384377331093207,False,0.15549942572830106,True,1
231,6.2376640581482246,-5.698891355247753e-06,17.687029041192382,-0.019071833097931198,False,0.15594160145370584,True,1
232,6.255351087161439,-6.693720963172491e-06,17.687029041192382,-0.021595263207715255,False,0.1563837771790362,True,1
233,6.2730381161720965,-7.733027980524182e-06,17.687029041192382,-0.023854066470977053,False,0.15682595290430262,True,1
234,6.290725145180717,-8.806427995138025e-06,17.687029041192382,-0.025758191535820908,False,0.15726812862951817,True,1
235,6.308412174187905,-9.903195948890218e-06,17.687029041192382,-0.027231726951108107,False,0.15771030435469785,True,1
236,6.326099203194318,-1.1012373298951711e-05,17.687029041192382,-0.02821592751630333,False,0.1581524800798582,True,1
237,6.343786232200649,-1.212287751189488e-05,17.687029041192382,-0.028671556267285344,False,0.15859465580501644,True,1
238,6.361473261207589,-1.3223612796724783e-05,17.687029041192382,-0.028580448730129018,False,0.15903683153018996,True,1
239,6.37916029021581,-1.4303580970347133e-05,17.687029041192382,-0.027946237081362638,False,0.1594790072553955,True,1
240,6.39684731922593,-1.535199134776764e-05,17.687029041192382,-0.026794205344429972,False,0.15992118298064847,True,1
241,6.414534348238492,-1.635836855906497e-05,17.687029041192382,-0.02517028139546468,False,0.16036335870596252,True,1
242,6.43222137725394,-1.7312657215805774e-05,17.687029041192382,-0.023139205963654808,False,0.16080553443134873,True,1
243,6.449908406272606,-1.820532238117716e-05,17.687029041192382,-0.020781951622696804,False,0.16124771015681538,True,1
244,6.467595435294692,-1.9027444839922147e-05,17.687029041192382,-0.01819249466972158,False,0.16168988588236752,True,1
245,6.485282464320263,-1.9770810216176823e-05,17.687029041192382,-0.015474068586763765,False,0.1621320616080068,True,1
246,6.502969493349246,-2.0427991048817443e-05,17.687029041192382,-0.012735048447715062,False,0.1625742373337314,True,1
247,6.520656522381432,-2.099242100418523e-05,17.687029041192382,-0.010084630345882487,False,0.16301641305953604,True,1
248,6.538343551416484,-2.1458460484728484e-05,17.687029041192382,-0.007628478090470887,False,0.16345858878541233,True,1
249,6.556030580453951,-2.1821452977999646e-05,17.687029041192382,-0.00546451072384185,False,0.16390076451134902,True,1
250,6.573717609493286,-2.2077771582972464e-05,17.687029041192382,-0.003678998798220013,False,0.1643429402373324,True,1
251,6.591404638533867,-2.222485524887416e-05,17.687029041192382,-0.002343125041126168,False,0.1647851159633469,True,1
252,6.609091667575022,-2.2261234364324652e-05,17.687029041192382,-0.0015101465245053783,False,0.16522729168937578,True,1
253,6.626778696616057,-2.2186545441224803e-05,17.687029041192382,-0.0012132714734271373,False,0.16566946741540167,True,1
254,6.644465725656282,-2.2001534746606623e-05,17.687029041192382,-0.0014643353588921777,False,0.16611164314140728,True,1
255,6.66215275469504,-2.1708050846188408e-05,17.687029041192382,-0.0022533290549707533,False,0.16655381886737622,True,1
256,6.679839783731731,-2.130902613409667e-05,17.687029041192382,-0.0035487978710648186,False,0.16699599459329353,True,1
257,6.69752681276584,-2.0808447533369868e-05,17.687029041192382,-0.005299095551223293,False,0.16743817031914623,True,1
258,6.7152138417969525,-2.0211316659922855e-05,17.687029041192382,-0.007434443247347837,False,0.16788034604492405,True,1
259,6.732900870824775,-1.9523599848083466e-05,17.687029041192382,-0.009869711381722119,False,0.1683225217706196,True,1
260,6.750587899849144,-1.8752168536917433e-05,17.687029041192382,-0.012507813494732484,False,0.16876469749622883,True,1
261,6.768274928870035,-1.7904730613090986e-05,17.687029041192382,-0.015243576775525748,False,0.16920687322175113,True,1
262,6.785961957887561,-1.6989753396222977e-05,17.687029041192382,-0.01796793497033318,False,0.16964904894718927,True,1
263,6.803648986901969,-1.601637903621222e-05,17.687029041192382,-0.0205722765096933,False,0.17009122467254947,True,1
264,6.821336015913632,-1.4994333167916994e-05,17.687029041192382,-0.022952774509131697,False,0.17053340039784104,True,1
265,6.839023044923031,-1.3933827735799204e-05,17.687029041192382,-0.02501452601949719,False,0.170975576123076,True,1
266,6.856710073930737,-1.2845458959568289e-05,17.687029041192382,-0.02667533550798372,False,0.17141775184826866,True,1
267,6.874397102937389,-1.1740101460267924e-05,17.687029041192382,-0.02786899173486366,False,0.171859927573435,True,1
268,6.892084131943669,-1.0628799604626239e-05,17.687029041192382,-0.028547907386611886,False,0.17230210329859197,True,1
269,6.909771160950273,-9.522657153421235e-06,17.687029041192382,-0.028685016232058515,False,0.17274427902375705,True,1
270,6.927458189957883,-8.432726316374852e-06,17.687029041192382,-0.02827485216765996,False,0.1731864547489473,True,1
271,6.945145218967142,-7.369897322113588e-06,17.687029041192382,-0.027333767133875073,False,0.1736286304741788,True,1
272,6.962832247978628,-6.344789606612409e-06,17.687029041192382,-0.025899279214927504,False,0.17407080619946597,True,1
273,6.980519276992829,-5.367645707311023e-06,17.687029041192382,-0.02402857691129304,False,0.17451298192482098,True,1
274,6.9982063060101245,-4.448228923040342e-06,17.687029041192382,-0.021796239214713884,False,0.17495515765025335,True,1
275,7.015893335030772,-3.5957257623990137e-06,17.687029041192382,-0.019291262379116762,False,0.17539733337576954,True,1
276,7.033580364054894,-2.818654155173266e-06,17.687029041192382,-0.016613511921033088,False,0.1758395091013726,True,1
277,7.051267393082476,-2.124778344007472e-06,17.687029041192382,-0.013869741296447621,False,0.17628168482706216,True,1
278,7.0689544221133644,-1.5210313066508262e-06,17.687029041192382,-0.0111693359776066,False,0.17672386055283437,True,1
279,7.0866414511472735,-1.013445483944699e-06,17.687029041192382,-0.008619952599399275,False,0.17716603627868208,True,1
280,7.104328480183798,-6.070925056605072e-07,17.687029041192382,-0.006323227029016503,False,0.1776082120045952,True,1
281,7.122015509222428,-3.060325164489852e-07,17.687029041192382,-0.004370722464858857,False,0.17805038773056095,True,1
282,7.13970253826257,-1.1327360821756207e-07,17.687029041192382,-0.002840279100593226,False,0.1784925634565645,True,1
283,7.15738956730357,-3.074176426570733e-08,17.687029041192382,-0.0017929108824361016,False,0.1789347391825895,True,1
284,7.175076596344739,-5.926161549183418e-08,17.687029041192382,-0.0012703730755997845,False,0.17937691490861873,True,1
285,7.192763625385383,-1.985482009764571e-07,17.687029041192382,-0.001293497613637168,False,0.17981909063463483,True,1
286,7.210450654424827,-4.4720981519519923e-07,17.687029041192382,-0.0018613625950185684,False,0.18026126636062093,True,1
287,7.228137683462446,-8.027619134829022e-07,17.687029041192382,-0.0029513290364134945,False,0.18070344208656142,True,1
288,7.245824712497686,-1.2616519367927306e-06,17.687029041192382,-0.004519943417497093,False,0.1811456178124424,True,1
289,7.263511741530087,-1.819294807685619e-06,17.687029041192382,-0.006504670035643205,False,0.18158779353825244,True,1
290,7.281198770559306,-2.4701187429139188e-06,17.687029041192382,-0.008826384107088258,False,0.1820299692639829,True,1
291,7.298885799585123,-3.2076209248319385e-06,17.687029041192382,-0.011392526222205372,False,0.18247214498962833,True,1
292,7.3165728286074545,-4.02443247542413e-06,17.687029041192382,-0.014100792397203292,False,0.18291432071518662,True,1
293,7.334259857626357,-4.91239208365659e-06,17.687029041192382,-0.016843212610926424,False,0.18335649644065918,True,1
294,7.351946886642024,-5.862627550645278e-06,17.687029041192382,-0.01951045522889933,False,0.18379867216605086,True,1
295,7.369633915654776,-6.865644437708453e-06,17.687029041192382,-0.021996185710585328,False,0.18424084789136966,True,1
296,7.387320944665052,-7.911420931671471e-06,17.687029041192382,-0.024201305831740273,False,0.18468302361662656,True,1
297,7.405007973673388,-8.98950797949711e-06,17.687029041192382,-0.026037904418028106,False,0.18512519934183494,True,1
298,7.422695002680397,-1.008913369178296e-05,17.687029041192382,-0.02743276208589198,False,0.1855673750670102,True,1
299,7.440382031686748,-1.119931097191477e-05,17.687029041192382,-0.02833027026835321,False,0.18600955079216897,True,1
300,7.458069060693132,-1.2308947295499965e-05,17.687029041192382,-0.028694648153005327,False,0.18645172651732858,True,1
301,7.475756089700242,-1.3406955543199677e-05,17.687029041192382,-0.028511369150017327,False,0.18689390224250632,True,1
302,7.493443118708742,-1.4482364779575996e-05,17.687029041192382,-0.02778774002136172,False,0.1873360779677188,True,1
303,7.5111301477192365,-1.552442987102669e-05,17.687029041192382,-0.026552609583218995,False,0.18777825369298118,True,1
304,7.528817176732255,-1.6522738847630188e-05,17.687029041192382,-0.024855218594662293,False,0.18822042941830663,True,1
305,7.546504205748224,-1.7467316936085663e-05,17.687029041192382,-0.02276323668385906,False,0.18866260514370586,True,1
306,7.5641912347674545,-1.8348726224377998e-05,17.687029041192382,-0.020360064573591456,False,0.18910478086918664,True,1
307,7.581878263790125,-1.915815996224128e-05,17.687029041192382,-0.017741509157427265,False,0.1895469565947534,True,1
308,7.599565292816279,-1.988753055532212e-05,17.687029041192382,-0.015011963981286371,False,0.18998913232040723,True,1
309,7.617252321845819,-2.0529550373741752e-05,17.687029041192382,-0.012280247402102068,False,0.19043130804614575,True,1
310,7.634939350878514,-2.1077804567680578e-05,17.687029041192382,-0.009655264343211513,False,0.19087348377196311,True,1
311,7.652626379914007,-2.152681516245095e-05,17.687029041192382,-0.0072416645988561375,False,0.19131565949785043,True,1
312,7.670313408951829,-2.187209579259251e-05,17.687029041192382,-0.005135670776901469,False,0.191757835223796,True,1
313,7.688000437991419,-2.2110196528182745e-05,17.687029041192382,-0.003421242207246968,False,0.19220001094978575,True,1
314,7.705687467032144,-2.223873834535882e-05,17.687029041192382,-0.002166727748191048,False,0.19264218667580388,True,1
315,7.723374496073327,-2.2256436896774735e-05,17.687029041192382,-0.0014221409331047026,False,0.19308436240183344,True,1
316,7.741061525114273,-2.2163115344352245e-05,17.687029041192382,-0.0012171660887471064,False,0.1935265381278571,True,1
317,7.7587485541542955,-2.1959706126201003e-05,17.687029041192382,-0.0015599749147695405,False,0.19396871385385767,True,1
318,7.776435583192746,-2.164824163999568e-05,17.687029041192382,-0.0024369007038723585,False,0.19441088957981892,True,1
319,7.794122612229036,-2.1231833935934513e-05,17.687029041192382,-0.003812983190289514,False,0.1948530653057262,True,1
320,7.811809641262667,-2.0714643622164142e-05,17.687029041192382,-0.005633362305325656,False,0.19529524103156695,True,1
321,7.829496670293244,-2.010183829336024e-05,17.687029041192382,-0.007825465275106832,False,0.19573741675733136,True,1
322,7.847183699320493,-1.93995408978085e-05,17.687029041192382,-0.010301899868217263,False,0.19617959248301262,True,1
323,7.864870728344275,-1.861476855895595e-05,17.687029041192382,-0.012963938448091544,False,0.19662176820860716,True,1
324,7.882557757364589,-1.7755362462608537e-05,17.687029041192382,-0.01570545393247214,False,0.197063943934115,True,1
325,7.9002447863815695,-1.6829909510407005e-05,17.687029041192382,-0.0184171507452082,False,0.19750611965953951,True,1
326,7.917931815395487,-1.584765652233326e-05,17.687029041192382,-0.020990922086234803,False,0.19794829538488748,True,1
327,7.935618844406733,-1.4818417845555315e-05,17.687029041192382,-0.02332415980832032,False,0.1983904711101686,True,1
328,7.953305873415805,-1.3752477292709224e-05,17.687029041192382,-0.025323845080362707,False,0.1988326468353954,True,1
329,7.970992902423288,-1.2660485389434527e-05,17.687029041192382,-0.026910256754633894,False,0.1992748225605825,True,1
330,7.98867993142983,-1.1553352957848242e-05,17.687029041192382,-0.028020149597405525,False,0.19971699828574602,True,1
331,8.006366960436115,-1.0442142099229206e-05,17.687029041192382,-0.028609275676992597,False,0.20015917401090313,True,1
332,8.02405398944284,-9.337955665136187e-06,17.687029041192382,-0.028654148389084387,False,0.2006013497360713,True,1
333,8.041741018450685,-8.251826321413302e-06,17.687029041192382,-0.02815297879373338,False,0.20104352546126739,True,1
334,8.05942804746028,-7.194606313432147e-06,17.687029041192382,-0.027125746934731094,False,0.20148570118650727,True,1
335,8.077115076472191,-6.176859034023719e-06,17.687029041192382,-0.0256134052984539,False,0.20192787691180508,True,1
336,8.094802105486888,-5.208753477581816e-06,17.687029041192382,-0.023676246167403256,False,0.2023700526371725,True,1
337,8.112489134504733,-4.299962634812578e-06,17.687029041192382,-0.02139149795736897,False,0.2028122283626186,True,1
338,8.13017616352596,-3.4595668434102795e-06,17.687029041192382,-0.018850246364159343,False,0.20325440408814927,True,1
339,8.147863192550668,-2.69596306033761e-06,17.687029041192382,-0.01615380306442572,False,0.203696579813767,True,1
340,8.16555022157882,-2.016780962188481e-06,17.687029041192382,-0.013409666738942972,False,0.2041387555394708,True,1
341,8.18323725061024,-1.4288067119961434e-06,17.687029041192382,-0.010727237439286913,False,0.20458093126525628,True,1
342,8.200924279644621,-9.379151541255423e-07,17.687029041192382,-0.008213455153308548,False,0.2050231069911158,True,1
343,8.218611308681538,-5.490111147658737e-07,17.687029041192382,-0.0059685364451335324,False,0.20546528271703876,True,1
344,8.236298337720466,-2.659803945357112e-07,17.687029041192382,-0.004081979137096431,False,0.20590745844301195,True,1
345,8.2539853667608,-9.16509428499073e-08,17.687029041192382,-0.0026289943140497497,False,0.20634963416902027,True,1
346,8.271672395801877,-2.7764601964440402e-08,17.687029041192382,-0.0016675078946501824,False,0.20679180989504722,True,1
347,8.289359424843006,-7.495970308855148e-08,17.687029041192382,-0.0012358513079463776,False,0.20723398562107545,True,1
348,8.307046453883494,-2.3276468836337916e-07,17.687029041192382,-0.0013512333401501317,False,0.20767616134708763,True,1
349,8.324733482922674,-4.996028225416016e-07,17.687029041192382,-0.0020090540746834397,False,0.20811833707306715,True,1
350,8.34242051195993,-8.728079471775193e-07,17.687029041192382,-0.0031830882762978376,False,0.20856051279899854,True,1
351,8.36010754099472,-1.3486511200152216e-06,17.687029041192382,-0.004826530908493694,False,0.2090026885248683,True,1
352,8.377794570026607,-1.9223778733581544e-06,17.687029041192382,-0.006873863102500544,False,0.20944486425066547,True,1
353,8.395481599055264,-2.5882557191110522e-06,17.687029041192382,-0.009243464187876272,False,0.20988703997638192,True,1
354,8.413168628080497,-3.3396314259416043e-06,17.687029041192382,-0.011840865651011596,False,0.2103292157020127,True,1
355,8.430855657102244,-4.168997496148532e-06,17.687029041192382,-0.014562517296538537,False,0.2107713914275564,True,1
356,8.448542686120586,-5.068067178104372e-06,17.687029041192382,-0.01729991546701196,False,0.21121356715301495,True,1
357,8.466229715135738,-6.0278572647301664e-06,17.687029041192382,-0.019943928740997416,False,0.21165574287839373,True,1
358,8.48391674414804,-7.0387778507456695e-06,17.687029041192382,-0.022389148658624916,False,0.2120979186037013,True,1
359,8.50160377315795,-8.090728151823263e-06,17.687029041192382,-0.02453809202410814,False,0.21254009432894905,True,1
360,8.511603773139221,-8.702741211760532e-06,10.0,-0.0801486016916843,False,0.21279009432848084,True,1
361,8.521603773119805,-9.325894243350567e-06,10.0,-0.08146320417588593,False,0.21304009432799545,True,1
362,8.531603773100082,-9.95396090749404e-06,10.0,-0.03227300494114492,False,0.21329009432750237,True,1
363,8.541603773080444,-1.058066576970231e-05,10.0,-0.032545719789709736,False,0.2135400943270114,True,1
364,8.55160377306128,-1.1199747002162339e-05,10.0,-0.03227047644442895,False,0.21379009432653232,True,1
365,8.561603773042963,-1.18050189498437e-05,10.0,-0.03145824799215129,False,0.21404009432607438,True,1
366,8.571603773025828,-1.2390433935530036e-05,10.0,-0.030141415421260663,False,0.214290094325646,True,1
367,8.581603773010164,-1.295014268620236e-05,10.0,-0.028372476693920595,False,0.2145400943252544,True,1
368,8.591603772996203,-1.3478552777039412e-05,10.0,-0.026221953817897985,False,0.2147900943249054,True,1
369,8.601603772984108,-1.3970384509080002e-05,10.0,-0.023775581356632464,False,0.215040094324603,True,1
370,8.611603772973968,-1.442072366222951e-05,10.0,-0.02113088846279846,False,0.2152900943243495,True,1
371,8.621603772965793,-1.4825070596529932e-05,10.0,-0.018393310698533945,False,0.21554009432414514,True,1
372,8.631603772959517,-1.5179385211068127e-05,10.0,-0.015671986652530678,False,0.21579009432398824,True,1
373,8.641603772954994,-1.5480127311325965e-05,10.0,-0.013075406928705069,False,0.21604009432387516,True,1
374,8.651603772952013,-1.5724291981641648e-05,10.0,-0.01070708896821906,False,0.21629009432380064,True,1
375,8.661603772950299,-1.5909439609331457e-05,10.0,-0.008661450135817976,False,0.2165400943237578,True,1
376,8.671603772949526,-1.6033720260494134e-05,10.0,-0.007020043597264383,False,0.21679009432373844,True,1
377,8.681603772949332,-1.609589216394144e-05,10.0,-0.005848307052178587,False,0.2170400943237336,True,1
378,8.691603772949332,-1.6095334118562642e-05,10.0,-0.005192953939301884,False,0.2172900943237336,True,1
379,8.701603772949131,-1.6032051700164252e-05,10.0,-0.005080111119154942,False,0.2175400943237286,True,1
380,8.711603772948346,-1.590667720575013e-05,10.0,-0.005514277278546963,False,0.21779009432370894,True,1
381,8.721603772946612,-1.57204633358371e-05,10.0,-0.0064781435821487975,False,0.2180400943236656,True,1
382,8.731603772943606,-1.5475270677862286e-05,10.0,-0.007933283721113828,False,0.21829009432359045,True,1
383,8.741603772939055,-1.5173549115817658e-05,10.0,-0.009821685848783025,False,0.21854009432347668,True,1
384,8.751603772932745,-1.4818313351829994e-05,10.0,-0.01206806532996571,False,0.21879009432331892,True,1
385,8.761603772924536,-1.441311278423289e-05,10.0,-0.014582866101703387,False,0.21904009432311372,True,1
386,8.77160377291436,-1.3961996043161232e-05,10.0,-0.01726583099110597,False,0.21929009432285934,True,1
387,8.781603772902232,-1.3469470537980323e-05,10.0,-0.020009998652210075,False,0.2195400943225561,True,1
388,8.791603772888239,-1.2940457420737528e-05,10.0,-0.022705967777537063,False,0.21979009432220628,True,1
389,8.801603772872546,-1.2380242415627628e-05,10.0,-0.02524625858293356,False,0.22004009432181398,True,1
390,8.811603772855387,-1.1794423005798921e-05,10.0,-0.027529597687373952,False,0.22029009432138497,True,1
391,8.82160377283705,-1.1188852505144653e-05,10.0,-0.029464955563275153,False,0.22054009432092658,True,1
392,8.831603772817877,-1.0569581573930507e-05,10.0,-0.030975175596288547,False,0.22079009432044724,True,1
393,8.841603772798234,-9.942797762586274e-06,10.0,-0.03200005007626308,False,0.22104009431995617,True,1
394,8.851603772778512,-9.314763687760648e-06,10.0,-0.0324987204885851,False,0.22129009431946312,True,1
395,8.861603772759105,-8.6917544583183e-06,10.0,-0.03245130641429028,False,0.22154009431897795,True,1
396,8.871603772740393,-8.079994976539029e-06,10.0,-0.03185969809965196,False,0.22179009431851013,True,1
397,8.881603772722727,-7.48559774093337e-06,10.0,-0.03074748109805082,False,0.22204009431806848,True,1
398,8.89160377270642,-6.914501772190783e-06,10.0,-0.02915899598843703,False,0.2222900943176608,True,1
399,8.901603772691727,-6.372413272452245e-06,10.0,-0.027157570656391274,False,0.2225400943172935,True,1
400,8.911603772678841,-5.864748610819603e-06,10.0,-0.02482299561125642,False,0.22279009431697136,True,1
401,8.921603772667883,-5.396580204779293e-06,10.0,-0.022248342990190427,False,0.22304009431669738,True,1
402,8.931603772658894,-4.97258583829455e-06,10.0,-0.019536256066012482,False,0.22329009431647268,True,1
403,8.941603772651842,-4.597001922925518e-06,10.0,-0.016794857183679433,False,0.22354009431629637,True,1
404,8.951603772646612,-4.273581169012607e-06,10.0,-0.014133437263677405,False,0.22379009431616562,True,1
405,8.96160377264302,-4.005555089829309e-06,10.0,-0.011658098717984752,False,0.22404009431607583,True,1
406,8.971603772640815,-3.7956017133692868e-06,10.0,-0.009467525481563434,False,0.2242900943160207,True,1
407,8.981603772639694,-3.6458188243764142e-06,10.0,-0.0076490487955480045,False,0.22454009431599267,True,1
408,8.991603772639307,-3.5577030039684253e-06,10.0,-0.006275165586083723,False,0.22479009431598299,True,1
409,9.001603772639275,-3.5321346763000293e-06,10.0,-0.005400648240729354,False,0.22504009431598218,True,1
410,9.011603772639205,-3.5693693116527107e-06,10.0,-0.005060361006224091,False,0.22529009431598046,True,1
411,9.02160377263871,-3.66903487385426e-06,10.0,-0.005267870060948485,False,0.22554009431596805,True,1
412,9.031603772637412,-3.830135537549854e-06,10.0,-0.006014902674249993,False,0.22579009431593564,True,1
413,9.041603772634971,-4.051061638149961e-06,10.0,-0.007271677014074404,False,0.2260400943158746,True,1
414,9.051603772631092,-4.329605755085644e-06,10.0,-0.008988089454631986,False,0.22629009431577762,True,1
415,9.061603772625535,-4.662984767602018e-06,10.0,-0.011095712049786382,False,0.2265400943156387,True,1
416,9.071603772618127,-5.047867662799365e-06,10.0,-0.013510520539457407,False,0.2267900943154535,True,1
417,9.081603772608773,-5.48040881801079e-06,10.0,-0.016136244131489123,False,0.22704009431521965,True,1
418,9.09160377259745,-5.956286424982355e-06,10.0,-0.018868203514489708,False,0.22729009431493657,True,1
419,9.101603772584216,-6.470745671962697e-06,10.0,-0.02159748409154604,False,0.22754009431460573,True,1
420,9.111603772569206,-7.018646252216129e-06,10.0,-0.024215278061425503,False,0.22779009431423047,True,1
421,9.121603772552625,-7.59451372425445e-06,10.0,-0.02661722224241296,False,0.22804009431381594,True,1
422,9.13160377253474,-8.192594210660137e-06,10.0,-0.028707558702733747,False,0.22829009431336883,True,1
423,9.141603772515872,-8.806911888911478e-06,10.0,-0.030402952327281428,False,0.22854009431289712,True,1
424,9.151603772496378,-9.431328699842452e-06,10.0,-0.03163581312558419,False,0.22879009431240976,True,1
425,9.16160377247664,-1.005960567709022e-05,10.0,-0.03235699083136244,False,0.22904009431191633,True,1
426,9.171603772457056,-1.0685465284789318e-05,10.0,-0.03253773436860262,False,0.22929009431142672,True,1
427,9.18160377243801,-1.130265414062867e-05,10.0,-0.032170838066086886,False,0.22954009431095057,True,1
428,9.191603772419867,-1.1905005497581654e-05,10.0,-0.03127092892481167,False,0.22979009431049702,True,1
429,9.20160377240296,-1.2486500860008704e-05,10.0,-0.029873883485541024,False,0.23004009431007433,True,1
430,9.211603772387567,-1.3041330118464997e-05,10.0,-0.028035397544378678,False,0.23029009430968952,True,1
431,9.22160377237391,-1.3563949602404956e-05,10.0,-0.025828765736962016,False,0.2305400943093481,True,1
432,9.23160377236214,-1.4049137470696546e-05,10.0,-0.023341959512778815,False,0.23079009430905384,True,1
433,9.241603772352331,-1.4492045886539114e-05,10.0,-0.020674119990940362,False,0.2310400943088086,True,1
434,9.251603772344483,-1.4888249455441836e-05,10.0,-0.017931605516621405,False,0.2312900943086124,True,1
435,9.261603772338512,-1.5233789442303174e-05,10.0,-0.015223751489531763,False,0.23154009430846315,True,1
436,9.271603772334267,-1.5525213325789133e-05,10.0,-0.012658511506325226,False,0.23179009430835698,True,1
437,9.28160377233152,-1.575960929477976e-05,10.0,-0.010338153591617305,False,0.23204009430828834,True,1
438,9.291603772329989,-1.593463534222172e-05,10.0,-0.008355183094369703,False,0.23229009430825004,True,1
439,9.30160377232934,-1.6048542665703856e-05,10.0,-0.006788654791582288,False,0.23254009430823383,True,1
440,9.311603772329207,-1.6100193140898245e-05,10.0,-0.005701021223846017,False,0.2327900943082305,True,1
441,9.321603772329201,-1.6089070693326404e-05,10.0,-0.005135642909510849,False,0.23304009430823036,True,1
442,9.33160377232893,-1.601528645480807e-05,10.0,-0.005115059697780091,False,0.23329009430822356,True,1
443,9.341603772328009,-1.5879577653064943e-05,10.0,-0.005640092175960945,False,0.23354009430820055,True,1
444,9.351603772326083,-1.568330024559492e-05,10.0,-0.006689808955282939,False,0.2337900943081524,True,1
445,9.361603772322834,-1.5428415371375775e-05,10.0,-0.008222361139277639,False,0.23404009430807118,True,1
446,9.371603772318,-1.5117469755827803e-05,10.0,-0.010176650707330967,False,0.23429009430795034,True,1
447,9.38160377231138,-1.4753570264763324e-05,10.0,-0.012474766299828941,False,0.23454009430778483,True,1
448,9.391603772302842,-1.434035286161309e-05,10.0,-0.015025089298334918,False,0.2347900943075714,True,1
449,9.401603772292335,-1.38819462780904e-05,10.0,-0.017725946370763676,False,0.2350400943073087,True,1
450,9.411603772279884,-1.3382930761247167e-05,10.0,-0.020469662866241693,False,0.23529009430699743,True,1
451,9.421603772265591,-1.2848292309183263e-05,10.0,-0.023146855463876362,False,0.2355400943066401,True,1
452,9.431603772249634,-1.2283372852581337e-05,10.0,-0.025650792940320015,False,0.23579009430624118,True,1
453,9.441603772232256,-1.1693816879917723e-05,10.0,-0.027881651207090366,False,0.23604009430580672,True,1
454,9.451603772213755,-1.108551503958073e-05,10.0,-0.029750492981901952,False,0.2362900943053442,True,1
455,9.461603772194474,-1.0464545282476556e-05,10.0,-0.031182813437468183,False,0.2365400943048622,True,1
456,9.47160377217479,-9.837112133145777e-06,10.0,-0.032121510473979965,False,0.2367900943043701,True,1
457,9.481603772155093,-9.209484696207156e-06,10.0,-0.032529161199515697,False,0.23704009430387768,True,1
458,9.491603772135777,-8.587934017535477e-06,10.0,-0.03238951386279921,False,0.23729009430339476,True,1
459,9.501603772117218,-7.978670426045995e-06,10.0,-0.03170813575922036,False,0.23754009430293077,True,1
460,9.51160377209976,-7.38778148214465e-06,10.0,-0.03051219128040003,False,0.23779009430249431,True,1
461,9.521603772083706,-6.821171152832473e-06,10.0,-0.02884935895557153,False,0.238040094302093,True,1
462,9.531603772069305,-6.284500821222427e-06,10.0,-0.026785930659227446,False,0.23829009430173295,True,1
463,9.541603772056737,-5.783132719868271e-06,10.0,-0.02440416876320534,False,0.23854009430141876,True,1
464,9.551603772046109,-5.322076353111108e-06,10.0,-0.021799026595595853,False,0.23879009430115306,True,1
465,9.56160377203745,-4.905938443770945e-06,10.0,-0.019074362951266865,False,0.23904009430093662,True,1
466,9.571603772030715,-4.53887690428548e-06,10.0,-0.01633880156929632,False,0.2392900943007682,True,1
467,9.581603772025774,-4.224559292230473e-06,10.0,-0.01370140064755638,False,0.23954009430064468,True,1
468,9.591603772022435,-3.966126165294188e-06,10.0,-0.011267305036346258,False,0.2397900943005612,True,1
469,9.601603772020436,-3.7661597018619592e-06,10.0,-0.009133554445092413,False,0.24004009430051124,True,1
470,9.611603772019462,-3.626657900742386e-06,10.0,-0.00738521477542917,False,0.2402900943004869,True,1
471,9.62160377201916,-3.5490146178245724e-06,10.0,-0.0060919868119948765,False,0.24054009430047935,True,1
472,9.63160377201915,-3.534005639129137e-06,10.0,-0.00530542747230538,False,0.24079009430047907,True,1
473,9.641603772019035,-3.5817809294083947e-06,10.0,-0.00505689439501661,False,0.24104009430047624,True,1
474,9.65160377201843,-3.6918631337537773e-06,10.0,-0.005356295809880695,False,0.24129009430046108,True,1
475,9.661603772016962,-3.863152347167423e-06,10.0,-0.006191695527864359,False,0.2415400943004244,True,1
476,9.671603772014299,-4.093937104438261e-06,10.0,-0.007529788799381925,False,0.2417900943003578,True,1
477,9.681603772010153,-4.381911480557031e-06,10.0,-0.00931723006948177,False,0.24204009430025417,True,1
478,9.691603772004294,-4.724198130735799e-06,10.0,-0.011482759696831196,False,0.2422900943001077,True,1
479,9.701603771996565,-5.117377039904872e-06,10.0,-0.013940044850704374,False,0.24254009429991447,True,1
480,9.711603771986878,-5.557519694365776e-06,10.0,-0.016591121328431574,False,0.2427900942996723,True,1
481,9.721603771975229,-6.040228334197743e-06,10.0,-0.01933029907917453,False,0.24304009429938106,True,1
482,9.731603771961685,-6.560679894233593e-06,10.0,-0.022048375732445905,False,0.24329009429904247,True,1
483,9.741603771946396,-7.113674194520624e-06,10.0,-0.024636990152197946,False,0.24354009429866025,True,1
484,9.751603771929576,-7.693685898802726e-06,10.0,-0.02699294245325155,False,0.24379009429823972,True,1
485,9.761603771911501,-8.294919721865641e-06,10.0,-0.029022308254987327,False,0.24404009429778786,True,1
486,9.7716037718925,-8.91136833409333e-06,10.0,-0.030644183150117216,False,0.24429009429731288,True,1
487,9.781603771872938,-9.536872384729334e-06,10.0,-0.0317939081078745,False,0.2445400942968238,True,1
488,9.791603771853199,-1.0165182044074065e-05,10.0,-0.032425647225621995,False,0.2447900942963303,True,1
489,9.801603771833678,-1.0790019449709948e-05,10.0,-0.03251421506158389,False,0.2450400942958423,True,1
490,9.81160377181476,-1.1405141432831362e-05,10.0,-0.03205608069889705,False,0.24529009429536933,True,1
491,9.821603771796804,-1.2004401897923026e-05,10.0,-0.031069508512074913,False,0.24554009429492044,True,1
492,9.831603771780134,-1.2581813232512136e-05,10.0,-0.029593830024021855,False,0.2457900942945037,True,1
493,9.84160377176502,-1.3131606133409564e-05,10.0,-0.027687875882299935,False,0.24604009429412588,True,1
494,9.851603771751673,-1.3648287251691673e-05,10.0,-0.025427630466801486,False,0.24629009429379217,True,1
495,9.86160377174023,-1.4126694080412394e-05,10.0,-0.022903202632374796,False,0.2465400942935061,True,1
496,9.871603771730753,-1.4562046536675345e-05,10.0,-0.020215233352905766,False,0.24679009429326917,True,1
497,9.881603771723228,-1.4949994722638283e-05,10.0,-0.017470883483504805,False,0.24704009429308105,True,1
498,9.891603771717561,-1.5286662388262644e-05,10.0,-0.014779561595180783,False,0.24729009429293938,True,1
499,9.901603771713583,-1.5568685661511117e-05,10.0,-0.012248562200408031,False,0.24754009429283994,True,1
500,9.911603771711063,-1.579324665905376e-05,10.0,-0.009978788259542463,False,0.2477900942927769,True,1
501,9.921603771709703,-1.5958101641622418e-05,10.0,-0.008060728498023018,False,0.24804009429274293,True,1
502,9.931603771709169,-1.606160343272276e-05,10.0,-0.0065708499066568365,False,0.24829009429272958,True,1
503,9.941603771709085,-1.610271787666537e-05,10.0,-0.005568549243829474,False,0.24854009429272747,True,1
504,9.951603771709062,-1.6081034171518395e-05,10.0,-0.005093785074235334,False,0.2487900942927269,True,1
505,9.961603771708706,-1.5996768973695498e-05,10.0,-0.005165484747003607,False,0.249040094292718,True,1
506,9.97160377170764,-1.5850764233198493e-05,10.0,-0.005780789821999846,False,0.24929009429269136,True,1
507,9.981603771705512,-1.564447878114188e-05,10.0,-0.006915170026829989,False,0.24954009429263815,True,1
508,9.991391087472413,-1.5385599358379777e-05,9.787315770325357,-0.05862974331773397,False,0.2497847771868107,True,1
509,9.99891719449148,-1.5144702403011198e-05,7.526107022920452,-0.06177831475314084,False,0.24997292986228734,True,1
510,9.998917002618876,0.005136346228130939,5.151490934107197,-0.06478946901072889,False,0.2501284086557036,False,1
511,9.998916787365093,0.010247837157705778,5.111490934107197,-0.06792626491243496,False,0.250256195928943,False,1
512,9.998916550322168,0.015339328086295009,5.091490934107197,-0.07065196464123548,False,0.25038348320215775,False,1
513,9.99891629301632,0.020430819013900543,5.091490934107197,-0.07339213237478197,False,0.25051077047534787,False,1
514,9.998916016938239,0.025542309940552076,5.111490934107197,-0.0760375264418098,False,0.2506385577485142,False,1
515,9.998915723579277,0.030693800866306402,5.151490934107197,-0.07848228484400996,False,0.250767345021658,False,1
516,9.998915414472277,0.03590529179124663,5.211490934107196,-0.08062814563808202,False,0.2508976322947815,False,1
517,9.998915091235629,0.04119678271548119,5.2914909341071965,-0.08238836432706423,False,0.2510299195678874,False,1
518,9.998914755619083,0.04658827363914244,5.391490934107196,-0.08369117208775706,False,0.2511647068409789,False,1
519,9.998914409549759,0.0520997645623847,5.511490934107196,-0.08448263696490073,False,0.25130249411405997,False,1
520,9.998914055176776,0.057751255485381535,5.651490934107196,-0.08472881396571888,False,0.2514437813871349,False,1
521,9.998913694912924,0.06356274640832206,5.811490934107196,-0.0844170983372217,False,0.2515890686602084,False,1
522,9.998913331471812,0.06955423733140617,5.991490934107196,-0.08355672807528716,False,0.2517388559332855,False,1
523,9.998912967899049,0.07574572825483862,6.191490934107196,-0.0821784156322867,False,0.2518936432063713,False,1
524,9.998912607596022,0.08215721917882195,6.411490934107196,-0.08033312350566474,False,0.2520539304794709,False,1
525,9.998912254335051,0.0888087101035483,6.651490934107196,-0.07809003252114043,False,0.25222021775258907,False,1
526,9.998911912264775,0.09572020102919045,6.911490934107196,-0.07553378380831176,False,0.2523930050257301,False,1
527,9.998911585904867,0.10291169195589231,7.191490934107196,-0.07276110442301773,False,0.2525727922988977,False,1
528,9.998911280129327,0.11040318288375918,7.491490934107196,-0.06987695114155115,False,0.25276007957209434,False,1
529,9.99891100013785,0.11821467381284843,7.811490934107196,-0.06699032616201422,False,0.2529553668453216,False,1
530,9.998910751414991,0.12636616474316104,8.151490934107196,-0.06420993152753006,False,0.25315915411857937,False,1
531,9.998910539677093,0.13487765567463456,8.511490934107195,-0.06163983551538054,False,0.2533719413918662,False,1
532,9.998910370807216,0.14376914660713813,8.891490934107196,-0.059375323760349624,False,0.2535942286651788,False,1
533,9.998910250778554,0.15306063754047006,9.291490934107197,-0.05749910051390639,False,0.25382651593851213,False,1
534,9.998910185567064,0.16277212847435832,9.711490934107196,-0.056077991483879736,False,0.25406930321185933,False,1
535,9.998910181054335,0.1729236194084645,10.151490934107196,-0.05516027970168287,False,0.254323090485212,False,1
536,9.998910242921914,0.18353511034239137,10.611490934107197,-0.0547737806277168,False,0.2545883777585602,False,1
537,9.99891037653858,0.19462660127569373,11.091490934107197,-0.054924733234674866,False,0.25486566503189273,False,1
538,9.99891058684223,0.20621809220789317,11.591490934107197,-0.05559755127754856,False,0.2551554523051977,False,1
539,9.998910878218256,0.21832958313849543,12.111490934107197,-0.056755444666682406,False,0.25545823957846275,False,1
540,9.998911254376454,0.2309810740670106,12.651490934107198,-0.05834188617157959,False,0.2557745268516756,False,1
541,9.998911718228616,0.24419256499297493,13.211490934107198,-0.06028286498291663,False,0.2561048141248247,False,1
542,9.998912271769083,0.25798405591597356,13.791490934107198,-0.06248983728993061,False,0.2564496013978997,False,1
543,9.998912915960588,0.2723755468356631,14.391490934107198,-0.06486325624362414,False,0.2568093886708919,False,1
544,9.998913650627754,0.2873870377517929,15.011490934107197,-0.0672965405768347,False,0.2571846759437952,False,1
545,9.9989144743606,0.3030385286642237,15.651490934107198,-0.06968032366500715,False,0.2575759632166059,False,1
546,9.998915384430344,0.31935001957294307,16.311490934107198,-0.07190681363132922,False,0.2579837504893239,False,1
547,9.99891637671974,0.3363415104780758,16.991490934107198,-0.07387409067189415,False,0.2584085377619522,False,1
548,9.998917445670006,0.35403300137988913,17.691490934107197,-0.07549017028103466,False,0.2588508250344976,False,1
549,9.998918584246288,0.37244449227879123,18.411490934107196,-0.07667667038811458,False,0.2593111123069701,False,1
550,9.998919783923341,0.3915959831753237,19.151490934107194,-0.07737193620892589,False,0.2597898995793834,False,1
551,9.998921034692916,0.41150747407014643,19.911490934107196,-0.07753349823375812,False,0.260287686851754,False,1
552,9.998922325094046,0.43219896496401644,20.691490934107197,-0.07713976535959584,False,0.26080497412410075,False,1
553,9.998923642267119,0.45369045585776013,21.491490934107198,-0.07619088566694718,False,0.26134226139644434,False,1
554,9.998924972032304,0.47600194675224033,22.311490934107198,-0.07470874052448345,False,0.26190004866880634,False,1
555,9.99892629899255,0.4991534376483192,23.151490934107198,-0.07273607225669554,False,0.2624788359412083,False,1
556,9.998927606660994,0.5231649285468185,24.011490934107197,-0.07033478015133982,False,0.26307912321367083,False,1
557,9.998928877612238,0.5480564194484785,24.891490934107196,-0.06758345273986988,False,0.2637014104862123,False,1
558,9.998930093656613,0.573847910353918,25.791490934107195,-0.0645742347304287,False,0.2643461977588483,False,1
559,9.998931236036055,0.600559401263597,26.711490934107196,-0.06140915349916662,False,0.26501398503159024,False,1
560,9.998932285639974,0.6282108921777836,27.651490934107198,-0.05819605159093055,False,0.2657052723044449,False,1
561,9.998933223238987,0.6568223830965282,28.6114909341072,-0.05504428738720449,False,0.2664205595774135,False,1
562,9.998934029734144,0.6864138740196452,29.5914909341072,-0.052060375342759216,False,0.26716034685049145,False,1
563,9.998934686418849,0.7170053649467041,30.5914909341072,-0.04934373959993929,False,0.2679251341236679,False,1
564,9.998935175250438,0.7486168558770318,31.6114909341072,-0.04698275027117375,False,0.2687154213969261,False,1
565,9.998935479128056,0.7812683468097249,32.6514909341072,-0.045051200410201414,False,0.26953170867024345,False,1
566,9.998935582173257,0.8149798377436747,33.7114909341072,-0.04360536412375486,False,0.27037449594359214,False,1
567,9.998935470009553,0.8497713286776011,34.7914909341072,-0.04268175310779861,False,0.27124428321694033,False,1
568,9.998935130036976,0.8856628196100982,35.8914909341072,-0.04229566104748299,False,0.2721415704902528,False,1
569,9.99893455169764,0.9226743105396868,37.0114909341072,-0.04244055391121516,False,0.2730668577634925,False,1
570,9.998933726728213,0.9608258014648747,38.1514909341072,-0.04308833044557483,False,0.27402064503662216,False,1
571,9.998932649395238,1.0001372923842198,39.3114909341072,-0.04419044248599114,False,0.27500343230960583,False,1
572,9.99893131670932,1.0406287832963959,40.4914909341072,-0.04567983041952564,False,0.2760157195824102,False,1
573,9.998929728614259,1.0823202742002564,41.6914909341072,-0.047473596639209026,False,0.2770580068550067,False,1
574,9.998927888147461,1.125231765094895,42.9114909341072,-0.04947631040737914,False,0.2781307941273727,False,1
575,9.998925801568168,1.1693832559796968,44.1514909341072,-0.051583812373507835,False,0.27923458139949275,False,1
576,9.998923991941046,1.2047572104389206,35.37395450551128,-0.05870612545544488,False,0.28011893026097334,False,1
577,9.99892206252493,1.2401311648918134,35.37395450551128,-0.061336744381549055,False,0.2810032791222956,False,1
578,9.998920032597907,1.2755051193390812,35.37395450551128,-0.06375956400095739,False,0.28188762798347733,False,1
579,9.998917922442338,1.310879073781654,35.37395450551128,-0.0658779953141,False,0.28277197684454164,False,1
580,9.9989157531422,1.3462530282206493,35.37395450551128,-0.06760758436893595,False,0.2836563257055165,False,1
581,9.998913546372421,1.381626982657327,35.37395450551128,-0.0688793791614709,False,0.2845406745664335,False,1
582,9.998911324182316,1.4170009370930394,35.37395450551128,-0.06964267852185231,False,0.2854250234273263,False,1
583,9.998909108775274,1.4523748915291772,35.37395450551128,-0.06986705339741656,False,0.28630937228822967,False,1
584,9.998906922286912,1.4877488459671142,35.37395450551128,-0.06954355995009297,False,0.2871937211491781,False,1
585,9.998904786563894,1.5231228004081527,35.37395450551128,-0.06868509610627677,False,0.2880780700102041,False,1
586,9.998902722945664,1.5584967548534712,35.37395450551128,-0.06732588734447756,False,0.28896241887133706,False,1
587,9.998900752051208,1.5938707093040774,35.37395450551128,-0.06552012222128162,False,0.2898467677326022,False,1
588,9.998898893573056,1.6292446637607683,35.37395450551128,-0.06333979203260322,False,0.29073111659401946,False,1
589,9.998897166080505,1.6646186182240983,35.37395450551128,-0.06087182073654344,False,0.29161546545560274,False,1
590,9.998895586834092,1.6999925726943574,35.37395450551128,-0.058214599558834096,False,0.2924998143173592,False,1
591,9.998894171613122,1.735366527171559,35.37395450551128,-0.05547406443497275,False,0.2933841631792893,False,1
592,9.998892934558016,1.77074048165544,35.37395450551128,-0.052759472669924035,False,0.29426851204138627,False,1
593,9.998891888029021,1.8061144361454706,35.37395450551128,-0.050179047185792594,False,0.295152860903637,False,1
594,9.99889104248271,1.8414883906408763,35.37395450551128,-0.04783566200835071,False,0.2960372097660222,False,1
595,9.998890406367499,1.876862345140668,35.37395450551128,-0.0458227409982936,False,0.296921558628517,False,1
596,9.998889986039242,1.9122362996436821,35.37395450551128,-0.04422053333166363,False,0.2978059074910923,False,1
597,9.99888978569772,1.947610254148626,35.37395450551128,-0.0430929142149979,False,0.29869025635371593,False,1
598,9.99888980734468,1.9829842086541307,35.37395450551128,-0.042484838379830685,False,0.29957460521635354,False,1
599,9.998890050763833,2.0183581631588043,35.37395450551128,-0.04242054787830509,False,0.3004589540789704,False,1
600,9.998890513523015,2.053732117661289,35.37395450551128,-0.042902605629173765,False,0.3013433029415325,False,1
601,9.998891190998489,2.0891060721603125,35.37395450551128,-0.04391179324373538,False,0.30222765180400807,False,1
602,9.998892076421143,2.1244800266547426,35.37395450551128,-0.04540787720498175,False,0.30311200066636884,False,1
603,9.998893160944128,2.1598539811436286,35.37395450551128,-0.047331212854909405,False,0.30399634952859095,False,1
604,9.998894433731248,2.195227935626242,35.37395450551128,-0.04960512224390546,False,0.3048806983906563,False,1
605,9.998895882065234,2.230601890102103,35.37395450551128,-0.052138951044842674,False,0.3057650472525528,False,1
606,9.998897491474814,2.265975844571003,35.37395450551128,-0.05483168266254039,False,0.30664939611427533,False,1
607,9.998899245879297,2.3013497990330087,35.37395450551128,-0.05757596545475434,False,0.3075337449758255,False,1
608,9.998901127749255,2.336723753488463,35.37395450551128,-0.06026239251287688,False,0.3084180938372118,False,1
609,9.998903118281552,2.3720977059379917,35.373952505533794,-0.06278386438016945,False,0.30930244264845,False,1
610,9.998905197587554,2.407471658382414,35.373952505533794,-0.06503985481986364,False,0.3101867914595606,False,1
611,9.998907344891522,2.442845610822774,35.373952505533794,-0.06694042441084481,False,0.3110711402705696,False,1
612,9.998909538738307,2.4782195632602777,35.373952505533794,-0.06840980220024956,False,0.31195548908150716,False,1
613,9.998911757207713,2.513593515696246,35.373952505533794,-0.0693894074647969,False,0.3128398378924064,False,1
614,9.99891397813353,2.54896746813206,35.373952505533794,-0.06984018515197002,False,0.3137241867033017,False,1
615,9.998916179325,2.5843414205691078,35.373952505533794,-0.06974416289452463,False,0.31460853551422796,False,1
616,9.998918338788549,2.6197153730087277,35.373952505533794,-0.06910516752490631,False,0.3154928843252184,False,1
617,9.998920434947527,2.6550893254521553,35.373952505533794,-0.06794867252416426,False,0.31637723313630406,False,1
618,9.998922446857808,2.690463277900475,35.373952505533794,-0.06632078248719364,False,0.31726158194751214,False,1
619,9.99892435441705,2.7258372303545757,35.373952505533794,-0.06428639509007013,False,0.3181459307588646,False,1
620,9.99892613856555,2.7612111828151162,35.373952505533794,-0.061926613836191774,False,0.3190302795703781,False,1
621,9.998927781476686,2.7965851352824984,35.373952505533794,-0.05933551472639605,False,0.3199146283820627,False,1
622,9.998929266735034,2.831959087756851,35.373952505533794,-0.056616395756188286,False,0.3207989771939215,False,1
623,9.998930579500385,2.8673330402380257,35.373952505533794,-0.05387765875996861,False,0.32168332600595084,False,1
624,9.99893170665602,2.9027069927256015,35.373952505533794,-0.05122848778059315,False,0.32256767481814025,False,1
625,9.99893263693977,2.938080945218903,35.373952505533794,-0.048774496253795326,False,0.32345202363047276,False,1
626,9.998933361056551,2.9734548977170254,35.373952505533794,-0.04661351654008726,False,0.32433637244292585,False,1
627,9.998933871771225,3.0088288502188725,35.373952505533794,-0.04483169966290766,False,0.325220721255472,False,1
628,9.998934163980902,3.0442028027231993,35.373952505533794,-0.0435000807431713,False,0.3261050700680802,False,1
629,9.998934234765917,3.079576755228662,35.373952505533794,-0.04267174705618591,False,0.32698941888071675,False,1
630,9.998934083419012,3.1149507077338723,35.373952505533794,-0.042379721611200696,False,0.327873767693347,False,1
631,9.998933711452395,3.1503246602374504,35.373952505533794,-0.0426356466286094,False,0.32875811650593645,False,1
632,9.998933122582631,3.185698612738083,35.373952505533794,-0.043429319400536036,False,0.32964246531845226,False,1
633,9.998932322693515,3.221072565234573,35.373952505533794,-0.04472909903841984,False,0.3305268141308645,False,1
634,9.998931319777272,3.2564465177258892,35.373952505533794,-0.04648316789201513,False,0.3314111629431474,False,1
635,9.998930123854711,3.2918204702112073,35.373952505533794,-0.04862159735090889,False,0.3322955117552804,False,1
636,9.998928746875094,3.327194422689941,35.373952505533794,-0.05105913567191114,False,0.33317986056724874,False,1
637,9.998927202596748,3.362568375161766,35.373952505533794,-0.05369860668990177,False,0.3340642093790443,False,1
638,9.998925506449591,3.3979423276266356,35.373952505533794,-0.006434783917096837,False,0.3349485581906661,False,1
639,9.998923675380965,3.4333162800847785,35.373952505533794,-0.009158585582094435,False,0.3358329070021196,False,1
640,9.998921727686302,3.468690232536692,35.373952505533794,-0.011761423365987062,False,0.3367172558134175,False,1
641,9.998919682826322,3.504064184983122,35.373952505533794,-0.01413953146562829,False,0.3376016046245782,False,1
642,9.998917561232593,3.5394381374250337,35.373952505533794,-0.01619810339720741,False,0.338485953435626,False,1
643,9.998915384103375,3.5748120898635705,35.373952505533794,-0.01785507161995306,False,0.33937030224658943,False,1
644,9.998913173191825,3.610186042300012,35.373952505533794,-0.019044379297828803,False,0.3402546510575005,False,1
645,9.998910950588641,3.645559994735721,35.373952505533794,-0.019718613764279982,False,0.3411389998683932,False,1
646,9.998908738501338,3.6809339471720888,35.373952505533794,-0.01985089670318988,False,0.3420233486793024,False,1
647,9.998906559032362,3.7163078996104817,35.373952505533794,-0.01943595568945719,False,0.34290769749026223,False,1
648,9.998904433958245,3.751681852052184,35.373952505533794,-0.018490334371316156,False,0.3437920463013048,False,1
649,9.998902384512027,3.787055804498349,35.373952505533794,-0.017051732914549207,False,0.3446763951124589,False,1
650,9.998900431171096,3.8224297569499512,35.373952505533794,-0.015177505003848723,False,0.3455607439237489,False,1
651,9.99889859345259,3.857803709407749,35.373952505533794,-0.012942371320143866,False,0.34644509273519386,False,1
652,9.998896889718385,3.893177661872254,35.373952505533794,-0.010435440652098513,False,0.3473294415468065,False,1
653,9.998895336991628,3.92855161434371,35.373952505533794,-0.007756657398827365,False,0.3482137903585929,False,1
654,9.998893950786654,3.9639255668220827,35.373952505533794,-0.005012817092391559,False,0.34909813917055227,False,1
655,9.998892744953961,3.999299519307064,35.373952505533794,-0.0023133087883390495,False,0.3499824879826768,False,1
656,9.998891731541836,4.034673471798081,35.373952505533794,0.00023424593946818565,False,0.3508668367949522,True,1
657,9.998890920675954,4.070047424294321,35.373952505533794,0.0025282835375215152,False,0.3517511856073582,True,1
658,9.998890320458221,4.105421376794763,35.373952505533794,0.0044773474975594195,False,0.3526355344198692,True,1
659,9.998889936885814,4.140795329298217,35.373952505533794,0.006003734443337589,False,0.3535198832324556,True,1
660,9.998889773791259,4.176169281803375,35.373952505533794,0.007046591922360271,False,0.35440423204508453,True,1
661,9.998889832804146,4.211543234308859,35.373952505533794,0.007564344403717543,False,0.35528858085772164,True,1
662,9.998890113334836,4.24691718681328,35.373952505533794,0.0075363507638854365,False,0.35617292967033215,True,1
663,9.998890612580361,4.282291139315291,35.373952505533794,0.006963727183079565,False,0.35705727848288243,True,1
664,9.998891325552423,4.317665091813639,35.373952505533794,0.005869302644897186,False,0.35794162729534107,True,1
665,9.99889224512724,4.353039044307221,35.373952505533794,0.004296708814091083,False,0.35882597610768063,True,1
666,9.998893362116727,4.388412996795119,35.373952505533794,0.0023086405753445297,False,0.3597103249198781,True,1
667,9.998894665360293,4.4237869492766455,35.373952505533794,-1.5643418793374192e-05,False,0.3605946737319162,True,1
668,9.998896141836358,4.459160901751366,35.373952505533794,-0.0025834805471550244,False,0.3614790225437843,True,1
669,9.998897776792463,4.494534854219117,35.373952505533794,-0.005292498393611757,False,0.362363371355478,True,1
670,9.998899553892667,4.5299088066800115,35.373952505533794,-0.008034696020476857,False,0.36324772016700035,True,1
671,9.99890145538077,4.565282759134439,35.373952505533794,-0.010700749635189532,False,0.3641320689783611,True,1
672,9.998903462257733,4.600656711583044,35.373952505533794,-0.013184370994384255,False,0.36501641778957616,True,1
673,9.998905554471504,4.6360306640267055,35.373952505533794,-0.015386544792408864,False,0.3659007666006677,True,1
674,9.998907711117376,4.671404616466497,35.373952505533794,-0.01721947610035711,False,0.36678511541166253,True,1
675,9.998909910646855,4.7067785689036485,35.373952505533794,-0.018610090484779473,False,0.36766946422259134,True,1
676,9.998912131082971,4.742152521339493,35.373952505533794,-0.019502947267637974,False,0.36855381303348744,True,1
677,9.99891435023986,4.777526473775419,35.373952505533794,-0.01986244978339586,False,0.3694381618443856,True,1
678,9.998916545944438,4.812900426212807,35.373952505533794,-0.01967426451894512,False,0.3703225106553203,True,1
679,9.998918696257952,4.8482743786529845,35.373952505533794,-0.01894589255809784,False,0.3712068594663247,True,1
680,9.998920779695181,4.883648331097164,35.373952505533794,-0.017706370549908874,False,0.3720912082774292,True,1
681,9.998922775439109,4.9190222835464,35.373952505533794,-0.016005113121311677,False,0.3729755570886601,True,1
682,9.99892466354892,4.954396236001544,35.373952505533794,-0.013909942884208703,False,0.3738599059000387,True,1
683,9.998926425159247,4.989770188463214,35.373952505533794,-0.011504386573186327,False,0.37474425471158046,True,1
684,9.99892804266866,5.025144140931767,35.373952505533794,-0.008884345109151575,False,0.37562860352329425,True,1
685,9.998929499915544,5.060518093407285,35.373952505533794,-0.006154270342760535,False,0.3765129523351822,True,1
686,9.998930782339565,5.095892045889572,35.373952505533794,-0.003423000897418052,False,0.3773973011472394,True,1
687,9.998931877127168,5.131265998378165,35.373952505533794,-0.0007994231260274052,False,0.37828164995945424,True,1
688,9.998932773339597,5.166639950872346,35.373952505533794,0.0016118698375461853,False,0.37916599877180873,True,1
689,9.998933462022194,5.202013903371176,35.373952505533794,0.003714747870067913,False,0.38005034758427947,True,1
690,9.99893393629387,5.23738785587353,35.373952505533794,0.005425376258201093,False,0.3809346963968383,True,1
691,9.998934191415858,5.272761808378144,35.373952505533794,0.006675557920516551,False,0.3818190452094537,True,1
692,9.998934224839065,5.308135760883662,35.373952505533794,0.007415452206627904,False,0.38270339402209164,True,1
693,9.998934036229537,5.343509713388693,35.373952505533794,0.007615561885587687,False,0.3835877428347174,True,1
694,9.998933627471796,5.378883665891865,35.373952505533794,0.00726790910697453,False,0.38447209164729673,True,1
695,9.998933002650018,5.414257618391881,35.373952505533794,0.006386353453809067,False,0.38535644045979706,True,1
696,9.998932168007213,5.449631570887568,35.373952505533794,0.005006039406966294,False,0.38624078927218924,True,1
697,9.998931131882857,5.485005523377928,35.373952505533794,0.0031819952494376927,False,0.38712513808444826,True,1
698,9.998929904629561,5.520379475862173,35.373952505533794,0.0009869392669220418,False,0.3880094868965544,True,1
699,9.998928498509635,5.55575342833976,35.373952505533794,-0.0014916192947038763,False,0.3888938357084941,True,1
700,9.998926927572565,5.591127380810412,35.373952505533794,-0.004154868939488073,False,0.38977818452026036,True,1
701,9.998926067541033,5.6088144098306945,17.687029041192382,-0.06574008051183998,False,0.39022036024576745,True,1
702,9.998925141542,5.626501438847646,17.687029041192382,-0.068451041113343,False,0.3906625359711912,True,1
703,9.998924158827739,5.644188467861539,17.687029041192382,-0.021023135554709232,False,0.3911047116965385,True,1
704,9.998923129217209,5.661875496872763,17.687029041192382,-0.023353823111300548,False,0.3915468874218191,True,1
705,9.998922062997938,5.679562525881818,17.687029041192382,-0.025350187215868958,False,0.3919890631470455,True,1
706,9.998920970823235,5.697249554889289,17.687029041192382,-0.026932639743514758,False,0.39243123887223225,True,1
707,9.998919863605751,5.714936583895826,17.687029041192382,-0.02803809393232666,False,0.39287341459739566,True,1
708,9.998918752408436,5.732623612902112,17.687029041192382,-0.028622479447757553,False,0.39331559032255287,True,1
709,9.998917648334004,5.750310641908845,17.687029041192382,-0.028662499321124472,False,0.39375776604772117,True,1
710,9.998916562414005,5.767997670916702,17.687029041192382,-0.02815655871998273,False,0.3941999417729176,True,1
711,9.99891550549859,5.785684699926316,17.687029041192382,-0.02712482852267763,False,0.3946421174981579,True,1
712,9.998914488148111,5.80337172893825,17.687029041192382,-0.025608441162962053,False,0.3950842932234563,True,1
713,9.998913520527596,5.821058757952974,17.687029041192382,-0.023667850803471713,False,0.39552646894882443,True,1
714,9.99891261230519,5.838745786970848,17.687029041192382,-0.021380423213169415,False,0.39596864467427123,True,1
715,9.99891177255555,5.856432815992106,17.687029041192382,-0.0188373514330641,False,0.3964108203998027,True,1
716,9.998911009669177,5.874119845016845,17.687029041192382,-0.016140020191627438,False,0.3968529961254212,True,1
717,9.998910331268581,5.891806874045027,17.687029041192382,-0.01339596401152533,False,0.3972951718511258,True,1
718,9.998909744132115,5.909493903076474,17.687029041192382,-0.010714580142544903,False,0.3977373475769119,True,1
719,9.998909254126254,5.927180932110879,17.687029041192382,-0.008202767234805102,False,0.398179523302772,True,1
720,9.998908866146973,5.944867961147816,17.687029041192382,-0.005960663623841995,False,0.3986216990286955,True,1
721,9.998908584070834,5.962554990186759,17.687029041192382,-0.0040776551277344475,False,0.39906387475466903,True,1
722,9.998908410716249,5.980242019227102,17.687029041192382,-0.0026288115150625664,False,0.3995060504806776,True,1
723,9.998908347815318,5.997929048268182,17.687029041192382,-0.0016718937079969122,False,0.3999482262067046,True,1
724,9.998908395996526,6.015616077309309,17.687029041192382,-0.0012450510358612,False,0.4003904019327328,True,1
725,9.998908554778465,6.033303106349789,17.687029041192382,-0.0013653003413971508,False,0.40083257765874475,True,1
726,9.998908822574636,6.050990135388954,17.687029041192382,-0.002027847573133198,False,0.4012747533847239,True,1
727,9.998909196709308,6.068677164426189,17.687029041192382,-0.0032062789100189416,False,0.4017169291106548,True,1
728,9.998909673444253,6.086364193460956,17.687029041192382,-0.0048536137987076145,False,0.4021591048365239,True,1
729,9.998910248016092,6.104051222492816,17.687029041192382,-0.006904177922117168,False,0.4026012805623205,True,1
730,9.998910914683892,6.121738251521444,17.687029041192382,-0.009276221429707965,False,0.4030434562880361,True,1
731,9.99891166678653,6.139425280546646,17.687029041192382,-0.01187517804982791,False,0.4034856320136662,True,1
732,9.998912496809243,6.157112309568362,17.687029041192382,-0.014597435151723827,False,0.4039278077392091,True,1
733,9.998913396458722,6.1747993385866735,17.687029041192382,-0.01733446445906142,False,0.4043699834646669,True,1
734,9.998914356745964,6.192486367601798,17.687029041192382,-0.01997714873433072,False,0.404812159190045,True,1
735,9.998915368076098,6.210173396614077,17.687029041192382,-0.022420131943671023,False,0.4052543349153519,True,1
736,9.998916420344246,6.227860425623968,17.687029041192382,-0.02456601947561274,False,0.4056965106405992,True,1
737,9.998917503036495,6.245547454632022,17.687029041192382,-0.0263292609619505,False,0.4061386863658006,True,1
738,9.99891860533494,6.263234483638866,17.687029041192382,-0.027639560907598507,False,0.40658086209097166,True,1
739,9.998919716225778,6.280921512645172,17.687029041192382,-0.028444681156026372,False,0.40702303781612936,True,1
740,9.998920824609357,6.298608541651635,17.687029041192382,-0.028712523466056995,False,0.40746521354129095,True,1
741,9.998921919411075,6.316295570658944,17.687029041192382,-0.028432409173955765,False,0.40790738926647363,True,1
742,9.998922989692034,6.333982599667754,17.687029041192382,-0.027615504924302415,False,0.40834956499169384,True,1
743,9.99892402475834,6.3516696286786605,17.687029041192382,-0.026294377497435257,False,0.40879174071696656,True,1
744,9.998925014267954,6.369356657692173,17.687029041192382,-0.024521695480728946,False,0.40923391644230434,True,1
745,9.998925948334023,6.387043686708702,17.687029041192382,-0.0223681295444152,False,0.40967609216771755,True,1
746,9.998926817623667,6.404730715728532,17.687029041192382,-0.01991953503020609,False,0.41011826789321326,True,1
747,9.998927613451231,6.4224177447518205,17.687029041192382,-0.017273529175666175,False,0.4105604436187955,True,1
748,9.99892832786507,6.440104773778584,17.687029041192382,-0.014535599427499048,False,0.41100261934446464,True,1
749,9.998928953726995,6.457791802808703,17.687029041192382,-0.011814897994632624,False,0.41144479507021753,True,1
750,9.998929484783604,6.475478831841923,17.687029041192382,-0.009219890298541193,False,0.41188697079604814,True,1
751,9.998929915728752,6.493165860877865,17.687029041192382,-0.0068540308020823715,False,0.41232914652194663,True,1
752,9.998930242256577,6.510852889916044,17.687029041192382,-0.004811638610326867,False,0.4127713222479011,True,1
753,9.998930461104523,6.528539918955882,17.687029041192382,-0.0031741372673568906,False,0.413213497973897,True,1
754,9.998930570085934,6.546226947996739,17.687029041192382,-0.002006808658648297,False,0.41365567369991846,True,1
755,9.998930568111902,6.563913977037931,17.687029041192382,-0.0013561904296585593,False,0.41409784942594824,True,1
756,9.998930455202151,6.581601006078763,17.687029041192382,-0.0012482206770955153,False,0.41454002515196914,True,1
757,9.998930232484838,6.599288035118554,17.687029041192382,-0.0016872038791089284,False,0.41498220087796384,True,1
758,9.998929902185282,6.616975064156662,17.687029041192382,-0.002655639288515814,False,0.4154243766039165,True,1
759,9.998929467603725,6.6346620931925155,17.687029041192382,-0.0041149186312228895,False,0.4158665523298129,True,1
760,9.998928933082365,6.652349122225631,17.687029041192382,-0.006006865294163959,False,0.4163087280556408,True,1
761,9.99892830396196,6.670036151255634,17.687029041192382,-0.008256053641164324,False,0.4167509037813908,True,1
762,9.998927586528476,6.687723180282276,17.687029041192382,-0.010772815991446624,False,0.41719307950705686,True,1
763,9.998926787950268,6.70541020930544,17.687029041192382,-0.013456817384006878,False,0.417635255232636,True,1
764,9.998925916206467,6.72309723832515,17.687029041192382,-0.016201055611553855,False,0.4180774309581287,True,1
765,9.99892498000725,6.740784267341565,17.687029041192382,-0.01889612705598991,False,0.41851960668353916,True,1
766,9.998923988706808,6.758471296354978,17.687029041192382,-0.021434588261107446,False,0.4189617824088745,True,1
767,9.99892295220989,6.7761583253658,17.687029041192382,-0.02371523935794002,False,0.41940395813414505,True,1
768,9.998921880872828,6.793845354374546,17.687029041192382,-0.025647158579201065,False,0.41984613385936365,True,1
769,9.998920785400069,6.811532383381813,17.687029041192382,-0.027153327016912768,False,0.4202883095845453,True,1
770,9.998919676737215,6.829219412388259,17.687029041192382,-0.02817369911703721,False,0.42073048530970647,True,1
771,9.998918565961658,6.846906441394572,17.687029041192382,-0.02866759650024457,False,0.4211726610348643,True,1
772,9.9989174641719,6.864593470401447,17.687029041192382,-0.028615329673858877,False,0.4216148367600362,True,1
773,9.99891638237666,6.882280499409556,17.687029041192382,-0.028018982983652664,False,0.4220570124852389,True,1
774,9.998915331384879,6.8999675284195225,17.687029041192382,-0.02690233151105992,False,0.42249918821048804,True,1
775,9.99891432169772,6.917654557431895,17.687029041192382,-0.025309893229726585,False,0.42294136393579734,True,1
776,9.998913363403643,6.935341586447127,17.687029041192382,-0.023305154208032995,False,0.42338353966117814,True,1
777,9.998912466077604,6.9530286154655565,17.687029041192382,-0.020968037614523066,False,0.4238257153866389,True,1
778,9.99891163868539,6.970715644487396,17.687029041192382,-0.018391717427514054,False,0.4242678911121849,True,1
779,9.99891088949403,6.988402673512721,17.687029041192382,-0.015678903877536784,False,0.424710066837818,True,1
780,9.998910225989198,7.006089702541468,17.687029041192382,-0.01293774871020193,False,0.4251522425635366,True,1
781,9.99890965480041,7.023776731573437,17.687029041192382,-0.01027753351236967,False,0.42559441828933586,True,1
782,9.9989091816348,7.0414637606083,17.687029041192382,-0.0078043129971726265,False,0.42603659401520744,True,1
783,9.998908811220083,7.059150789645614,17.687029041192382,-0.00561668693331285,False,0.42647876974114035,True,1
784,9.998908547257319,7.076837818684837,17.687029041192382,-0.0038018692810252983,False,0.4269209454671209,True,1
785,9.998908392383935,7.094524847725351,17.687029041192382,-0.0024322112447281103,False,0.42736312119313374,True,1
786,9.998908348147376,7.112211876766488,17.687029041192382,-0.0015623168568848738,False,0.4278052969191622,True,1
787,9.99890841498964,7.129898905807554,17.687029041192382,-0.0012268660870946816,False,0.42824747264518886,True,1
788,9.99890859224286,7.147585934847858,17.687029041192382,-0.001439232260574269,False,0.42868964837119644,True,1
789,9.99890887813598,7.16527296388674,17.687029041192382,-0.0021909489064477128,False,0.4291318240971685,True,1
790,9.998909269812453,7.182959992923595,17.687029041192382,-0.0034520472901067344,False,0.4295739998230898,True,1
791,9.998909763358775,7.200647021957901,17.687029041192382,-0.005172251173924317,False,0.43001617554894755,True,1
792,9.998910353843593,7.218334050989237,17.687029041192382,-0.007282981174134975,False,0.4304583512747309,True,1
793,9.99891103536698,7.2360210800172995,17.687029041192382,-0.009700088807591007,False,0.43090052700043247,True,1
794,9.99891180111938,7.2537081090419155,17.687029041192382,-0.012327211229534072,False,0.4313427027260479,True,1
795,9.998912643449646,7.27139513806305,17.687029041192382,-0.015059612919732866,False,0.4317848784515762,True,1
796,9.998913553941495,7.2890821670808075,17.687029041192382,-0.017788361162196772,False,0.4322270541770202,True,1
797,9.998914523497591,7.306769196095425,17.687029041192382,-0.020404668852853934,False,0.4326692299023856,True,1
798,9.998915542430451,7.324456225107268,17.687029041192382,-0.022804231503988855,False,0.43311140562768174,True,1
799,9.998916600559236,7.342143254116809,17.687029041192382,-0.02489138554026639,False,0.4335535813529202,True,1
800,9.99891768731147,7.359830283124614,17.687029041192382,-0.02658292210925641,False,0.43399575707811533,True,1
801,9.998918791828688,7.377517312131319,17.687029041192382,-0.02781140436238127,False,0.434437932803283,True,1
802,9.998919903074915,7.395204341137602,17.687029041192382,-0.028527855954932776,False,0.43488010852844006,True,1
803,9.998921009946947,7.41289137014416,17.687029041192382,-0.02870371358513872,False,0.4353222842536041,True,1
804,9.998922101385286,7.430578399151677,17.687029041192382,-0.02833196572899605,False,0.43576445997879193,True,1
805,9.99892316648464,7.448265428160799,17.687029041192382,-0.027427432174061687,False,0.4362066357040201,True,1
806,9.998924194602889,7.4659524571721105,17.687029041192382,-0.02602617320745557,False,0.4366488114293028,True,1
807,9.998925175467415,7.483639486186105,17.687029041192382,-0.024184052012290413,False,0.43709098715465267,True,1
808,9.998926099277742,7.501326515203171,17.687029041192382,-0.02197450758455303,False,0.43753316288007926,True,1
809,9.998926956803466,7.519013544223576,17.687029041192382,-0.019485626957688955,False,0.43797533860558946,True,1
810,9.998927739476471,7.536700573247451,17.687029041192382,-0.01681663345624021,False,0.43841751433118636,True,1
811,9.998928439476549,7.554387602274791,17.687029041192382,-0.01407393097923249,False,0.43885969005686987,True,1
812,9.998929049809528,7.572074631305453,17.687029041192382,-0.011366862017792814,False,0.43930186578263636,True,1
813,9.998929564377164,7.58976166033916,17.687029041192382,-0.008803348518420736,False,0.4397440415084791,True,1
814,9.998929978038067,7.6074486893755155,17.687029041192382,-0.006485589379329162,False,0.4401862172343879,True,1
815,9.998930286659075,7.625135718414016,17.687029041192382,-0.004505986106039162,False,0.44062839296035045,True,1
816,9.998930487156548,7.642822747454072,17.687029041192382,-0.002943459056790744,False,0.4410705686863518,True,1
817,9.998930577527181,7.660509776495033,17.687029041192382,-0.001860301139249451,False,0.4415127444123759,True,1
818,9.998930556868022,7.6781968055362135,17.687029041192382,-0.001299694389573755,False,0.44195492013840537,True,1
819,9.998930425385488,7.695883834576917,17.687029041192382,-0.001283988441625681,False,0.44239709586442294,True,1
820,9.998930184393313,7.713570863616468,17.687029041192382,-0.0018138095174488034,False,0.4428392715904118,True,1
821,9.998929836299407,7.731257892654235,17.687029041192382,-0.0028680354610365914,False,0.44328144731635594,True,1
822,9.998929384581812,7.7489449216896595,17.687029041192382,-0.004404637810520211,False,0.4437236230422416,True,1
823,9.99892883375394,7.7666319507222745,17.687029041192382,-0.006362357338523541,False,0.4441657987680569,True,1
824,9.99892818931948,7.784318979751727,17.687029041192382,-0.008663146261580811,False,0.4446079744937932,True,1
825,9.99892745771741,7.802006008777788,17.687029041192382,-0.011215279755570132,False,0.4450501502194447,True,1
826,9.998926646257656,7.8196930378003655,17.687029041192382,-0.013917012731862206,False,0.44549232594500915,True,1
827,9.998925763048053,7.837380066819506,17.687029041192382,-0.016660636088002896,False,0.44593450167048765,True,1
828,9.998924816913341,7.855067095835392,17.687029041192382,-0.019336770725740957,False,0.44637667739588477,True,1
829,9.998923817306986,7.8727541248483375,17.687029041192382,-0.021838728145139968,False,0.44681885312120845,True,1
830,9.998922774216725,7.890441153858772,17.687029041192382,-0.024066763772769482,False,0.4472610288464693,True,1
831,9.998921698064768,7.908128182867226,17.687029041192382,-0.02593205345791796,False,0.44770320457168067,True,1
832,9.998920599603672,7.925815211874308,17.687029041192382,-0.027360234604549317,False,0.44814538029685774,True,1
833,9.998919489808896,7.943502240880683,17.687029041192382,-0.02829437076770948,False,0.4485875560220171,True,1
834,9.998918379769144,7.961189269887043,17.687029041192382,-0.028697221523295645,False,0.4490297317471761,True,1
835,9.998917280575565,7.978876298894079,17.687029041192382,-0.028552727119969708,False,0.449471907472352,True,1
836,9.998916203210939,7.996563327902459,17.687029041192382,-0.027866648724423466,False,0.44991408319756154,True,1
837,9.998915158439937,8.014250356912795,17.687029041192382,-0.026666338735557373,False,0.45035625892281994,True,1
838,9.998914156701565,8.03193738592562,17.687029041192382,-0.024999650324412773,False,0.4507984346481405,True,1
839,9.998913208004861,8.049624414941368,17.687029041192382,-0.022933029673206484,False,0.45124061037353425,True,1
840,9.99891232182889,8.06731144396036,17.687029041192382,-0.02054886697029733,False,0.451682786099009,True,1
841,9.998911507028028,8.084998472982784,17.687029041192382,-0.01794221176737032,False,0.4521249618245697,True,1
842,9.998910771743498,8.102685502008693,17.687029041192382,-0.015216983649369496,False,0.4525671375502174,True,1
843,9.998910123322018,8.120372531038,17.687029041192382,-0.012481829283302603,False,0.45300931327595007,True,1
844,9.998909568242402,8.138059560070483,17.687029041192382,-0.009845791014500031,False,0.45345148900176213,True,1
845,9.998909112050821,8.155746589105792,17.687029041192382,-0.007413959688979859,False,0.4538936647276448,True,1
846,9.998908759305392,8.173433618143466,17.687029041192382,-0.005283285009204374,False,0.45433584045358666,True,1
847,9.99890851353063,8.19112064718295,17.687029041192382,-0.003538710453519998,False,0.4547780161795738,True,1
848,9.998908377182236,8.208807676223618,17.687029041192382,-0.002249786845115017,False,0.4552201919055905,True,1
849,9.998908351622557,8.226494705264791,17.687029041192382,-0.0014678995790493477,False,0.4556623676316197,True,1
850,9.998908437106978,8.244181734305776,17.687029041192382,-0.0012242200479522683,False,0.45610454335764433,True,1
851,9.998908632781365,8.261868763345886,17.687029041192382,-0.0015284629366681206,False,0.45654671908364713,True,1
852,9.998908936690606,8.279555792384468,17.687029041192382,-0.0023684989290222768,False,0.4569888948096117,True,1
853,9.99890934579814,8.297242821420928,17.687029041192382,-0.003710838266472227,False,0.4574310705355232,True,1
854,9.998909856016299,8.314929850454762,17.687029041192382,-0.00550196588090374,False,0.45787324626136905,True,1
855,9.998910462247153,8.332616879485565,17.687029041192382,-0.00767047487363432,False,0.4583154219871391,True,1
856,9.998911158433442,8.350303908513055,17.687029041192382,-0.01012991328650244,False,0.4587575977128263,True,1
857,9.998911937619104,8.367990937537085,17.687029041192382,-0.0127822306714947,False,0.4591997734384271,True,1
858,9.998912792018773,8.38567796655764,17.687029041192382,-0.015521687057261372,False,0.45964194916394097,True,1
859,9.99891371309557,8.403364995574849,17.687029041192382,-0.01823906847229951,False,0.4600841248893712,True,1
860,9.9989146916464,8.421052024588972,17.687029041192382,-0.020826040966006546,False,0.46052630061472427,True,1
861,9.998915717893906,8.438739053600392,17.687029041192382,-0.023179469547352054,False,0.46096847634000976,True,1
862,9.998916781584164,8.4564260826096,17.687029041192382,-0.02520552985633803,False,0.46141065206524,True,1
863,9.998917872089132,8.474113111617173,17.687029041192382,-0.026823448651715282,False,0.4618528277904293,True,1
864,9.998918978512844,8.49180014062376,17.687029041192382,-0.02796872399092889,False,0.46229500351559394,True,1
865,9.99892008980028,8.50948716963004,17.687029041192382,-0.02859569672529833,False,0.462737179240751,True,1
866,9.998920714578777,8.519487169610523,10.0,-0.0825228945188418,False,0.46298717924026306,True,1
867,9.998921329586747,8.529487169591611,10.0,-0.08205994251887058,False,0.46323717923979024,True,1
868,9.99892192867923,8.539487169573666,10.0,-0.031068811320873784,False,0.46348717923934163,True,1
869,9.998922505870295,8.54948716955701,10.0,-0.029589013854231464,False,0.4637371792389252,True,1
870,9.99892305539284,8.55948716954191,10.0,-0.02767954464311717,False,0.4639871792385477,True,1
871,9.998923571756215,8.569487169528578,10.0,-0.025416527883866977,False,0.4642371792382144,True,1
872,9.99892404980109,8.579487169517153,10.0,-0.0228901826171935,False,0.4644871792379288,True,1
873,9.998924484750997,8.589487169507693,10.0,-0.020201225982214792,False,0.4647371792376923,True,1
874,9.99892487226006,8.599487169500184,10.0,-0.017456857944821432,False,0.4649871792375046,True,1
875,9.998925208456418,8.609487169494534,10.0,-0.014766487576174468,False,0.46523717923736335,True,1
876,9.998925489980907,8.61948716949057,10.0,-0.012237371259816698,False,0.46548717923726424,True,1
877,9.99892571402063,8.62948716948806,10.0,-0.009970336720845657,False,0.4657371792372015,True,1
878,9.998925878337053,8.63948716948671,10.0,-0.008055763343669654,False,0.4659871792371678,True,1
879,9.998925981288382,8.64948716948618,10.0,-0.006569979032733668,False,0.4662371792371545,True,1
880,9.99892602184596,8.659487169486098,10.0,-0.0055722172608823235,False,0.4664871792371525,True,1
881,9.998925999604552,8.669487169486073,10.0,-0.005102255617985999,False,0.46673717923715186,True,1
882,9.998925914786383,8.679487169485714,10.0,-0.005178830004505285,False,0.4669871792371429,True,1
883,9.99892576823893,8.689487169484641,10.0,-0.005798887689934097,False,0.46723717923711605,True,1
884,9.998925561426447,8.699487169482502,10.0,-0.006937709015176149,False,0.4674871792370626,True,1
885,9.998925296415335,8.70948716947899,10.0,-0.00854989288633735,False,0.4677371792369747,True,1
886,9.998924975853498,8.719487169473853,10.0,-0.010571166772171658,False,0.4679871792368463,True,1
887,9.998924602943886,8.7294871694669,10.0,-0.012920949045150384,False,0.46823717923667246,True,1
888,9.998924181412486,8.739487169458016,10.0,-0.015505561515223976,False,0.46848717923645034,True,1
889,9.9989237154711,8.74948716944716,10.0,-0.018221964081359267,False,0.4687371792361791,True,1
890,9.998923209775262,8.759487169434374,10.0,-0.02096186261249705,False,0.46898717923585936,True,1
891,9.998922669377716,8.769487169419772,10.0,-0.02361602629079891,False,0.46923717923549435,True,1
892,9.998922099677937,8.779487169403545,10.0,-0.026078642295973037,False,0.4694871792350886,True,1
893,9.998921506368177,8.789487169385945,10.0,-0.028251534226079875,False,0.46973717923464864,True,1
894,9.99892089537659,8.799487169367278,10.0,-0.03004807607727743,False,0.469987179234182,True,1
895,9.998920272808004,8.809487169347898,10.0,-0.031396645745698885,False,0.47023717923369757,True,1
896,9.998919644882916,8.819487169328184,10.0,-0.032243480371641604,False,0.47048717923320466,True,1
897,9.998919017875346,8.829487169308527,10.0,-0.03255481969108614,False,0.4707371792327132,True,1
898,9.998918398050149,8.839487169289317,10.0,-0.03231825194765367,False,0.470987179232233,True,1
899,9.99891779160041,8.849487169270928,10.0,-0.03154320870632321,False,0.4712371792317732,True,1
900,9.998917204585577,8.859487169253699,10.0,-0.03026058884333394,False,0.47148717923134253,True,1
901,9.998916642870908,8.869487169237923,10.0,-0.028521526701792692,False,0.47173717923094816,True,1
902,9.99891611206887,8.879487169223836,10.0,-0.026395353523731027,False,0.47198717923059597,True,1
903,9.998915617483059,8.889487169211606,10.0,-0.02396683342874875,False,0.4722371792302902,True,1
904,9.998915164055216,8.899487169201326,10.0,-0.021332784133059196,False,0.4724871792300332,True,1
905,9.998914756315841,8.909487169193014,10.0,-0.018598217130198783,False,0.4727371792298254,True,1
906,9.99891439833893,8.919487169186606,10.0,-0.015872151210868744,False,0.4729871792296652,True,1
907,9.998914093701273,8.929487169181966,10.0,-0.01326326622625101,False,0.47323717922954917,True,1
908,9.998913845446706,8.939487169178884,10.0,-0.010875570362568837,False,0.4734871792294722,True,1
909,9.998913656055707,8.94948716917709,10.0,-0.008804253661470694,False,0.4737371792294273,True,1
910,9.99891352742061,8.959487169176262,10.0,-0.00713189309221677,False,0.47398717922940653,True,1
911,9.998913460826692,8.96948716917604,10.0,-0.005925160466921814,False,0.474237179229401,True,1
912,9.99891345693934,8.97948716917604,10.0,-0.0052321644456061085,False,0.47448717922940103,True,1
913,9.998913515797392,8.989487169175867,10.0,-0.005080532594944554,False,0.47473717922939673,True,1
914,9.99891363681276,8.999487169175135,10.0,-0.005476309964565828,False,0.47498717922937844,True,1
915,9.998913818776298,9.009487169173479,10.0,-0.006403718090235483,False,0.475237179229337,True,1
916,9.998914059869886,9.019487169170572,10.0,-0.007825784032247332,False,0.4754871792292643,True,1
917,9.998914357684598,9.029487169166138,10.0,-0.009685814370672265,False,0.47573717922915354,True,1
918,9.998914709244765,9.039487169159958,10.0,-0.011909655394756784,False,0.475987179228999,True,1
919,9.998915111037718,9.049487169151886,10.0,-0.014408649378970137,False,0.47623717922879716,True,1
920,9.998915559048871,9.059487169141851,10.0,-0.017083169088497368,False,0.4764871792285463,True,1
921,9.998916048801847,9.069487169129859,10.0,-0.019826589605617968,False,0.4767371792282466,True,1
922,9.998916575403195,9.079487169115994,10.0,-0.02252953913050231,False,0.47698717922789996,True,1
923,9.998917133591288,9.089487169100416,10.0,-0.025084259293194765,False,0.47723717922751047,True,1
924,9.998917717788895,9.099487169083352,10.0,-0.027388901142499728,False,0.4774871792270839,True,1
925,9.998918322158909,9.109487169065089,10.0,-0.02935158554527015,False,0.47773717922662723,True,1
926,9.998918940662662,9.11948716904596,10.0,-0.03089406612138032,False,0.4779871792261491,True,1
927,9.99891956712027,9.129487169026339,10.0,-0.031954848682854364,False,0.4782371792256585,True,1
928,9.998920195272376,9.13948716900661,10.0,-0.03249164281710609,False,0.4784871792251653,True,1
929,9.998920818842691,9.149487168987168,10.0,-0.03248304787553838,False,0.47873717922467923,True,1
930,9.998921431600708,9.159487168968395,10.0,-0.03192940615357865,False,0.4789871792242099,True,1
931,9.99892202742395,9.169487168950646,10.0,-0.030852789247973984,False,0.4792371792237662,True,1
932,9.998922600359148,9.179487168934234,10.0,-0.02929611813548501,False,0.4794871792233559,True,1
933,9.998923144681722,9.189487168919419,10.0,-0.027321452052289513,False,0.4797371792229855,True,1
934,9.998923654952984,9.1994871689064,10.0,-0.025007514391303068,False,0.4799871792226601,True,1
935,9.998924126074469,9.209487168895302,10.0,-0.02244655425243531,False,0.48023717922238257,True,1
936,9.998924553338888,9.219487168886175,10.0,-0.019740668764327493,False,0.48048717922215434,True,1
937,9.998924932477157,9.229487168878988,10.0,-0.016997732797523417,False,0.48073717922197473,True,1
938,9.998925259701052,9.239487168873634,10.0,-0.014327098335585136,False,0.4809871792218409,True,1
939,9.998925531741058,9.249487168869933,10.0,-0.01183523495900984,False,0.4812371792217483,True,1
940,9.998925745879044,9.25948716886764,10.0,-0.009621485241177612,False,0.48148717922169104,True,1
941,9.998925899975411,9.269487168866453,10.0,-0.007774104274416865,False,0.48173717922166137,True,1
942,9.99892599249048,9.279487168866025,10.0,-0.00636674121984966,False,0.48198717922165063,True,1
943,9.998926022499873,9.28948716886598,10.0,-0.005455503148122454,False,0.48223717922164955,True,1
944,9.998925989703743,9.299487168865927,10.0,-0.005076718228353911,False,0.48248717922164824,True,1
945,9.99892589442978,9.309487168865473,10.0,-0.0052454874388164425,False,0.48273717922163684,True,1
946,9.998925737629929,9.319487168864244,10.0,-0.005955082538329494,False,0.4829871792216061,True,1
947,9.998925520870882,9.329487168861895,10.0,-0.007177214299469153,False,0.48323717922154735,True,1
948,9.998925246318425,9.339487168858126,10.0,-0.008863160309949492,False,0.4834871792214532,True,1
949,9.998924916715795,9.349487168852693,10.0,-0.010945707380235073,False,0.4837371792213174,True,1
950,9.998924535356274,9.35948716884542,10.0,-0.013341831119455836,False,0.48398717922113554,True,1
951,9.998924106050277,9.369487168836205,10.0,-0.015956005854514597,False,0.4842371792209052,True,1
952,9.998923633087289,9.37948716882502,10.0,-0.018684012934369866,False,0.48448717922062556,True,1
953,9.998923121193,9.389487168811918,10.0,-0.02141709559691172,False,0.484737179220298,True,1
954,9.998922575482089,9.399487168797029,10.0,-0.02404629475490087,False,0.48498717921992573,True,1
955,9.99892200140712,9.40948716878055,10.0,-0.026466792847734424,False,0.48523717921951376,True,1
956,9.998921404704058,9.419487168762748,10.0,-0.028582092584348223,False,0.4854871792190687,True,1
957,9.998920791334964,9.429487168743936,10.0,-0.030307863981650047,False,0.4857371792185985,True,1
958,9.99892016742842,9.439487168724472,10.0,-0.03157530633201943,False,0.48598717921811185,True,1
959,9.998919539218292,9.44948716870474,10.0,-0.03233389106655786,False,0.48623717921761855,True,1
960,9.998918912981448,9.459487168685131,10.0,-0.03255337616613792,False,0.4864871792171283,True,1
961,9.998918294975041,9.469487168666035,10.0,-0.03222501181178693,False,0.48673717921665083,True,1
962,9.998917691373986,9.479487168647818,10.0,-0.031361889208680216,False,0.4869871792161955,True,1
963,9.998917108209266,9.489487168630815,10.0,-0.02999841867759265,False,0.48723717921577037,True,1
964,9.99891655130767,9.499487168615307,10.0,-0.028188957820425464,False,0.48748717921538276,True,1
965,9.998916026233573,9.509487168601522,10.0,-0.02600564445112831,False,0.48773717921503806,True,1
966,9.998915538233343,9.519487168589615,10.0,-0.02353552068497139,False,0.4879871792147404,True,1
967,9.998915092182918,9.529487168579667,10.0,-0.02087706284173796,False,0.4882371792144917,True,1
968,9.998914692539085,9.539487168571682,10.0,-0.01813625550224883,False,0.488487179214292,True,1
969,9.998914343294953,9.549487168565584,10.0,-0.015422366235203924,False,0.48873717921413956,True,1
970,9.998914047940055,9.559487168561223,10.0,-0.012843589442078744,False,0.4889871792140306,True,1
971,9.998913809425478,9.569487168558378,10.0,-0.010502732985071045,False,0.48923717921395943,True,1
972,9.998913630134382,9.57948716855677,10.0,-0.008493119561126484,False,0.4894871792139193,True,1
973,9.998913511858184,9.58948716855607,10.0,-0.006894866218558654,False,0.4897371792139018,True,1
974,9.998913455778661,9.599487168555914,10.0,-0.005771690342371516,False,0.48998717921389795,True,1
975,9.99891346245614,9.609487168555912,10.0,-0.005168369442627253,False,0.49023717921389787,True,1
976,9.998913531823904,9.619487168555672,10.0,-0.005108956015813021,False,0.4904871792138918,True,1
977,9.998913663188851,9.629487168554808,10.0,-0.00559581864798915,False,0.4907371792138702,True,1
978,9.998913855238428,9.639487168552964,10.0,-0.00660954758701285,False,0.4909871792138242,True,1
979,9.998914106053736,9.649487168549818,10.0,-0.008109728548957975,False,0.49123717921374543,True,1
980,9.998914413128713,9.659487168545104,10.0,-0.010036553908950505,False,0.4914871792136276,True,1
981,9.998914773395168,9.669487168538614,10.0,-0.01231320704430733,False,0.4917371792134654,True,1
982,9.998915183253438,9.679487168530216,10.0,-0.014848924772064644,False,0.49198717921325535,True,1
983,9.998915638608352,9.689487168519848,10.0,-0.017542615793246365,False,0.49223717921299626,True,1
984,9.998916134910157,9.699487168507533,10.0,-0.020286890886104803,False,0.49248717921268836,True,1
985,9.99891666719997,9.709487168493366,10.0,-0.022972344177802896,False,0.4927371792123342,True,1
986,9.998917230159323,9.71948716847752,10.0,-0.025491914814854646,False,0.4929871792119381,True,1
987,9.998917818163317,9.729487168460233,10.0,-0.02774515514375462,False,0.49323717921150584,True,1
988,9.998918425336807,9.7394871684418,10.0,-0.029642235245818528,False,0.493487179211045,True,1
989,9.998919045613118,9.749487168422563,10.0,-0.031107524175641478,False,0.4937371792105641,True,1
990,9.998919672794653,9.759487168402895,10.0,-0.03208260513159088,False,0.49398717921007246,True,1
991,9.998920300614822,9.769487168383188,10.0,-0.03252860435325043,False,0.4942371792095797,True,1
992,9.998920922800654,9.779487168363833,10.0,-0.032427740898818794,False,0.4944871792090959,True,1
993,9.998921533135473,9.789487168345207,10.0,-0.03178403551900409,False,0.49473717920863025,True,1
994,9.998922125521016,9.799487168327662,10.0,-0.030623150365731745,False,0.49498717920819163,True,1
995,9.998922694038361,9.809487168311502,10.0,-0.028991365926890313,False,0.49523717920778765,True,1
996,9.998923233007073,9.819487168296979,10.0,-0.026953735972357527,False,0.4954871792074245,True,1
997,9.998923737041952,9.829487168284276,10.0,-0.02459149406920262,False,0.495737179207107,True,1
998,9.99892420110685,9.839487168273507,10.0,-0.021998815058394926,False,0.49598717920683777,True,1
999,9.998924620564985,9.84948716826471,10.0,-0.019279060604060757,False,0.4962371792066179,True,1
1000,9.998924991225268,9.859487168257841,10.0,-0.016540658493159444,False,0.4964871792064461,True,1
1001,9.998925309384184,9.86948716825278,10.0,-0.01389277996342991,False,0.49673717920631955,True,1
1002,9.998925571862793,9.879487168249335,10.0,-0.011440987393640703,False,0.49698717920623353,True,1
1003,9.998925776038499,9.889487168247252,10.0,-0.009283025865797356,False,0.49723717920618143,True,1
1004,9.998925919871244,9.899487168246218,10.0,-0.0075049263789670785,False,0.49748717920615554,True,1
1005,9.998926001923898,9.909487168245882,10.0,-0.006177576066175855,False,0.49773717920614713,True,1
1006,9.998926021376619,9.919487168245862,10.0,-0.005353892148508122,False,0.49798717920614666,True,1
1007,9.998925978035041,9.929487168245767,10.0,-0.0050667122933901005,False,0.4982371792061443,True,1
1008,9.99892587233222,9.93948716824521,10.0,-0.005327485480224294,False,0.4984871792061304,True,1
1009,9.998925705324304,9.949487168243815,10.0,-0.006125815565647924,False,0.4987371792060955,True,1
1010,9.998925478679979,9.959487168241246,10.0,-0.007429875744193522,False,0.49898717920603125,True,1
1011,9.998925194663801,9.969487168237213,10.0,-0.00918767738187203,False,0.49923717920593036,True,1
1012,9.998924856113566,9.979487168231483,10.0,-0.011329142637293049,False,0.49948717920578717,True,1
1013,9.998924466411955,9.989487168223889,10.0,-0.01376889824280517,False,0.4997371792055973,True,1
1014,9.998924116140792,9.997503274747125,8.016106530888415,-0.06740162414064625,False,0.4999375818686782,True,1
1015,9.993250181196903,9.997503002482862,5.673934950420896,-0.06956805595561427,False,0.5001687454700775,False,1
1016,9.987596246254066,9.997502709638425,5.653934950420896,-0.07408753975057918,False,0.5003100938436484,False,1
1017,9.981942311312224,9.997502398180117,5.653934950420896,-0.07668880450075874,False,0.5004514422171945,False,1
1018,9.97626837637129,9.99750207006335,5.673934950420896,-0.07905445101024652,False,0.5005932905907178,False,1
1019,9.970554441431153,9.997501727268588,5.713934950420896,-0.08108977024273223,False,0.5007361389642213,False,1
1020,9.964780506491671,9.997501371840634,5.773934950420895,-0.0827128236225859,False,0.5008804873377083,False,1
1021,9.958926571552686,9.99750100592983,5.8539349504208955,-0.08385770966228062,False,0.501026835711183,False,1
1022,9.952972636614017,9.997500631833645,5.953934950420895,-0.08447719124060069,False,0.5011756840846496,False,1
1023,9.94689870167547,9.997500252037137,6.073934950420895,-0.08454457879209841,False,0.5013275324581133,False,1
1024,9.94068476673684,9.997499869250735,6.213934950420895,-0.08405479432953022,False,0.5014828808315791,False,1
1025,9.934310831797914,9.997499486443855,6.373934950420895,-0.08302457388103181,False,0.5016422292050523,False,1
1026,9.927756896858485,9.997499106872889,6.553934950420895,-0.08149180027080995,False,0.5018060775785379,False,1
1027,9.92100296191835,9.997498734102233,6.753934950420895,-0.07951399284400325,False,0.5019749259520413,False,1
1028,9.91402902697733,9.997498372017134,6.973934950420895,-0.07716601434479925,False,0.5021492743255669,False,1
1029,9.906815092035263,9.99749802482727,7.213934950420895,-0.07453708636799306,False,0.5023296226991185,False,1
1030,9.89934115709203,9.99749769706017,7.473934950420895,-0.07172723236874307,False,0.5025164710726994,False,1
1031,9.89158722214755,9.997497393543783,7.753934950420895,-0.06884329003513667,False,0.5027103194463114,False,1
1032,9.883533287201795,9.997497119377678,8.053934950420896,-0.06599465200021017,False,0.5029116678199552,False,1
1033,9.875159352254798,9.997496879892656,8.373934950420896,-0.06328890469495935,False,0.5031210161936301,False,1
1034,9.866445417306656,9.997496680598731,8.713934950420896,-0.060827539209994314,False,0.5033388645673338,False,1
1035,9.857371482357532,9.997496527121738,9.073934950420895,-0.058701905159320736,False,0.5035657129410618,False,1
1036,9.847917547407661,9.99749642512904,9.453934950420896,-0.05698956885226984,False,0.5038020613148085,False,1
1037,9.838063612457342,9.997496380245082,9.853934950420896,-0.05575122096389362,False,0.5040484096885665,False,1
1038,9.827789677506937,9.99749639795778,10.273934950420896,-0.05502825698301245,False,0.5043052580623266,False,1
1039,9.817075742556858,9.997496483516974,10.713934950420896,-0.0548411268997982,False,0.5045731064360787,False,1
1040,9.805901807607558,9.997496641826363,11.173934950420897,-0.05518851992468452,False,0.5048524548098111,False,1
1041,9.794247872659517,9.997496877330613,11.653934950420897,-0.05604741674183078,False,0.5051438031835123,False,1
1042,9.782093937713219,9.997497193899436,12.153934950420897,-0.05737400721385582,False,0.5054476515571696,False,1
1043,9.769420002769136,9.997497594710634,12.673934950420897,-0.0591054369523145,False,0.5057644999307718,False,1
1044,9.756206067827705,9.997498082134221,13.213934950420896,-0.061162313123429,False,0.5060948483043075,False,1
1045,9.742432132889306,9.997498657619841,13.773934950420896,-0.06345186959039115,False,0.5064391966777675,False,1
1046,9.728078197954241,9.997499321589718,14.353934950420896,-0.0658716652093829,False,0.506798045051144,False,1
1047,9.713124263022717,9.997500073339456,14.953934950420896,-0.06831366783765301,False,0.5071718934244321,False,1
1048,9.69755032809482,9.997500910948947,15.573934950420895,-0.0706685612400817,False,0.5075612417976296,False,1
1049,9.681336393170515,9.997501831205605,16.213934950420896,-0.07283010318902729,False,0.5079665901707372,False,1
1050,9.664462458249627,9.997502829542068,16.873934950420896,-0.07469936101491834,False,0.5083884385437595,False,1
1051,9.646908523331845,9.99750389999033,17.553934950420896,-0.07618865575031039,False,0.508827286916704,False,1
1052,9.62865458841672,9.99750503515417,18.253934950420895,-0.07722505762465766,False,0.5092836352895821,False,1
1053,9.609680653503682,9.997506226201462,18.973934950420894,-0.07775329355807582,False,0.5097579836624081,False,1
1054,9.58996671859205,9.997507462877758,19.713934950420892,-0.07773795073919568,False,0.5102508320351989,False,1
1055,9.56949278368106,9.997508733542247,20.473934950420894,-0.0771648884387041,False,0.5107626804079737,False,1
1056,9.54823884876989,9.997510025226902,21.253934950420895,-0.07604180177346519,False,0.5112940287807529,False,1
1057,9.526184913857694,9.997511323719278,22.053934950420896,-0.07439791494559454,False,0.5118453771535577,False,1
1058,9.503310978943645,9.997512613669127,22.873934950420896,-0.07228281618593138,False,0.5124172255264091,False,1
1059,9.479597044026967,9.99751387871855,23.713934950420896,-0.06976448084892078,False,0.5130100738993261,False,1
1060,9.455023109106977,9.997515101655152,24.573934950420895,-0.06692656147197613,False,0.5136244222723257,False,1
1061,9.429569174183122,9.99751626458717,25.453934950420894,-0.06386505283479683,False,0.5142607706454222,False,1
1062,9.403215239255017,9.997517349139233,26.353934950420893,-0.0606844649739514,False,0.5149196190186247,False,1
1063,9.375941304322474,9.99751833666705,27.273934950420895,-0.057493656719782404,False,0.5156014673919384,False,1
1064,9.347727369385522,9.997519208488882,28.213934950420896,-0.05440149586129686,False,0.5163068157653621,False,1
1065,9.318553434444427,9.997519946131417,29.173934950420897,-0.05151251895337581,False,0.5170361641388895,False,1
1066,9.28839949949969,9.997520531587252,30.153934950420897,-0.048922763794931094,False,0.517790012512508,False,1
1067,9.257245564552045,9.997520947580936,31.153934950420897,-0.04671594072583071,False,0.518568860886199,False,1
1068,9.225071629602448,9.997521177840266,32.1739349504209,-0.04496009537797603,False,0.5193732092599389,False,1
1069,9.19185769465204,9.997521207369282,33.2139349504209,-0.043704895927931066,False,0.5202035576336991,False,1
1070,9.157583759702115,9.99752102271924,34.2739349504209,-0.04297965299832711,False,0.5210604060074472,False,1
1071,9.122229824754077,9.997520612253712,35.3539349504209,-0.042792151148107006,False,0.5219442543811482,False,1
1072,9.085775889809378,9.997519966403845,36.4539349504209,-0.043128338536533854,False,0.5228556027547656,False,1
1073,9.048201954869462,9.997519077909814,37.5739349504209,-0.04395288713237919,False,0.5237949511282636,False,1
1074,9.009488019935704,9.997517942044507,38.7139349504209,-0.04521060113452942,False,0.5247627995016075,False,1
1075,8.969614085009345,9.997516556815537,39.873934950420896,-0.0468286174539729,False,0.5257596478747665,False,1
1076,8.928560150091428,9.997514923141853,41.053934950420896,-0.04871931053182948,False,0.5267859962477144,False,1
1077,8.886306215182747,9.997513045001366,42.2539349504209,-0.050783785685433645,False,0.5278423446204314,False,1
1078,8.842832280283796,9.99751092954628,43.4739349504209,-0.052915821715948386,False,0.5289291929929052,False,1
1079,8.807458325826822,9.997509076462935,35.37395450551128,-0.0596760741431993,False,0.5298135418543296,False,1
1080,8.772084371375962,9.99750711011918,35.37395450551128,-0.06224653282187325,False,0.5306978907156011,False,1
1081,8.73671041693043,9.997505050162072,35.37395450551128,-0.0645747145071132,False,0.5315822395767393,False,1
1082,8.701336462489227,9.997502917174021,35.37395450551128,-0.06656780467959725,False,0.5324665884377695,False,1
1083,8.66596250805118,9.99750073246714,35.37395450551128,-0.06814634795852707,False,0.5333509372987206,False,1
1084,8.630588553614992,9.997498517870296,35.37395450551128,-0.06924741570820181,False,0.5342352861596253,False,1
1085,8.59521459917929,9.99749629551101,35.37395450551128,-0.06982711477515967,False,0.5351196350205178,False,1
1086,8.559840644742684,9.99749408759436,35.37395450551128,-0.06986233734048194,False,0.5360039838814331,False,1
1087,8.524466690303818,9.99749191618112,35.37395450551128,-0.06935168212591657,False,0.5368883327424048,False,1
1088,8.489092735861428,9.997489802967333,35.37395450551128,-0.06831551022919467,False,0.5377726816034645,False,1
1089,8.453718781414388,9.997487769067535,35.37395450551128,-0.0667951333623765,False,0.5386570304646405,False,1
1090,8.418344826961759,9.997485834803777,35.37395450551128,-0.0648511668564527,False,0.5395413793259562,False,1
1091,8.382970872502826,9.997484019502584,35.37395450551128,-0.06256111309193338,False,0.5404257281874295,False,1
1092,8.347596918037123,9.997482341301847,35.37395450551128,-0.06001627169837661,False,0.5413100770490721,False,1
1093,8.312222963564455,9.997480816969592,35.37395450551128,-0.05731809970169045,False,0.5421944259108887,False,1
1094,8.276849009084904,9.997479461736443,35.37395450551128,-0.05457416673051927,False,0.5430787747728776,False,1
1095,8.241475054598828,9.99747828914344,35.37395450551128,-0.05189386653473133,False,0.5439631236350295,False,1
1096,8.206101100106842,9.99747731090675,35.37395450551128,-0.04938405578309307,False,0.5448474724973292,False,1
1097,8.170727145609801,9.997476536800583,35.37395450551128,-0.0471447940103573,False,0.5457318213597552,False,1
1098,8.135353191108758,9.997475974559558,35.37395450551128,-0.04526535454569125,False,0.5466161702222812,False,1
1099,8.099979236604927,9.9974756298014,35.37395450551128,-0.04382066545680233,False,0.547500519084877,False,1
1100,8.064605282099633,9.997475505970817,35.37395450551128,-0.0428683223969732,False,0.5483848679475093,False,1
1101,8.029231327594259,9.997475604305086,35.37395450551128,-0.042446292443182036,False,0.5492692168101437,False,1
1102,7.99385737309019,9.99747592382168,35.37395450551128,-0.042571400467264535,False,0.5501535656727454,False,1
1103,7.958483418588762,9.997476461328098,35.37395450551128,-0.04323865838243816,False,0.5510379145352811,False,1
1104,7.923109464091204,9.997477211453752,35.37395450551128,-0.044421464006980105,False,0.55192226339772,False,1
1105,7.88773550959859,9.997478166703635,35.37395450551128,-0.04607266161621427,False,0.5528066122600354,False,1
1106,7.852361555111799,9.997479317533205,35.37395450551128,-0.04812642190272469,False,0.5536909611222052,False,1
1107,7.816987600631476,9.997480652443754,35.37395450551128,-0.05050086639533683,False,0.5545753099842132,False,1
1108,7.781613646158008,9.997482158097297,35.37395450551128,-0.053101331711105135,False,0.5554596588460499,False,1
1109,7.7462396916915095,9.99748381944984,35.37395450551128,-0.05582414350321689,False,0.5563440077077124,False,1
1110,7.710865737231818,9.9974856199017,35.37395450551128,-0.058560749649760324,False,0.5572283565692048,False,1
1111,7.675491782778497,9.997487541463357,35.37395450551128,-0.061202047906970966,False,0.5581127054305377,False,1
1112,7.640117830330837,9.997489564935085,35.373952505533794,-0.06364273649450002,False,0.5589970542417293,False,1
1113,7.604743877887945,9.997491670099134,35.373952505533794,-0.06578550821123032,False,0.5598814030528015,False,1
1114,7.569369925448713,9.9974938359214,35.373952505533794,-0.06754493571301043,False,0.5607657518637823,False,1
1115,7.533995973011892,9.997496040761703,35.373952505533794,-0.06885087329907703,False,0.5616501006747028,False,1
1116,7.498622020576135,9.997498262590009,35.373952505533794,-0.069651254428907,False,0.5625344494855968,False,1
1117,7.46324806814005,9.997500479206542,35.373952505533794,-0.06991416747975471,False,0.5634187982964989,False,1
1118,7.427874115702262,9.997502668463603,35.373952505533794,-0.06962912799214946,False,0.5643031471074436,False,1
1119,7.392500163261461,9.99750480848686,35.373952505533794,-0.06880749668142835,False,0.5651874959184636,False,1
1120,7.357126210816459,9.997506877893908,35.373952505533794,-0.06748202655115475,False,0.5660718447295887,False,1
1121,7.321752258366233,9.997508856007915,35.373952505533794,-0.06570555716234493,False,0.5669561935408443,False,1
1122,7.286378305909972,9.99751072306422,35.373952505533794,-0.0635489081147787,False,0.5678405423522508,False,1
1123,7.251004353447102,9.997512460407814,35.373952505533794,-0.06109805571896035,False,0.5687248911638225,False,1
1124,7.2156304009773145,9.997514050679733,35.373952505533794,-0.05845070541679763,False,0.5696092399755673,False,1
1125,7.180256448500576,9.997515477990506,35.373952505533794,-0.05571239659738659,False,0.5704935887874858,False,1
1126,7.144882496017131,9.997516728078915,35.373952505533794,-0.05299229509502803,False,0.5713779375995719,False,1
1127,7.1095085435274905,9.997517788454493,35.373952505533794,-0.05039884111168122,False,0.572262286411813,False,1
1128,7.074134591032412,9.997518648522314,35.373952505533794,-0.04803542606424755,False,0.57314663522419,False,1
1129,7.038760638532872,9.997519299688866,35.373952505533794,-0.04599627070939437,False,0.5740309840366784,False,1
1130,7.003386686030022,9.997519735447908,35.373952505533794,-0.04436266887094268,False,0.5749153328492497,False,1
1131,6.968012733525148,9.99751995144548,35.373952505533794,-0.043199746519811545,False,0.5757996816618716,False,1
1132,6.932638781019615,9.997519945523404,35.373952505533794,-0.04255386541336883,False,0.5766840304745098,False,1
1133,6.897264828514815,9.997519717740854,35.373952505533794,-0.042450774800944835,False,0.5775683792871299,False,1
1134,6.86189087601211,9.997519270373756,35.373952505533794,-0.04289458488268653,False,0.5784527280996975,False,1
1135,6.82651692351278,9.997518607892054,35.373952505533794,-0.04386760294566553,False,0.5793370769121807,False,1
1136,6.791142971017969,9.997517736915048,35.373952505533794,-0.04533103871074349,False,0.5802214257245509,False,1
1137,6.755769018528642,9.997516666145252,35.373952505533794,-0.04722655076953207,False,0.5811057745367841,False,1
1138,6.720395066045543,9.997515406281442,35.373952505533794,-0.049478572460960435,False,0.5819901233488616,False,1
1139,6.685021113569172,9.997513969911763,35.373952505533794,-0.05199732446127228,False,0.5828744721607708,False,1
1140,6.649647161099756,9.997512371387945,35.373952505533794,-0.004682393985335376,False,0.5837588209725063,False,1
1141,6.614273208637248,9.99751062668191,35.373952505533794,-0.007426737909082125,False,0.584643169784069,False,1
1142,6.578899256181325,9.997508753226183,35.373952505533794,-0.010120950219044345,False,0.585527518595467,False,1
1143,6.5435253037314,9.997506769739715,35.373952505533794,-0.012657623662387964,False,0.5864118674067151,False,1
1144,6.5081513512866485,9.997504696040847,35.373952505533794,-0.014935631709951618,False,0.587296216217834,False,1
1145,6.4727773988460395,9.997502552849294,35.373952505533794,-0.01686416012530638,False,0.5881805650288492,False,1
1146,6.437403446408376,9.997500361579116,35.373952505533794,-0.018366327414787893,False,0.5890649138397908,False,1
1147,6.402029493972344,9.99749814412476,35.373952505533794,-0.019382249820963753,False,0.5899492626506916,False,1
1148,6.366655541536565,9.997495922642297,35.373952505533794,-0.019871428670471526,False,0.5908336114615861,False,1
1149,6.331281589099649,9.997493719328046,35.373952505533794,-0.019814364898569005,False,0.591717960272509,False,1
1150,6.295907636660253,9.997491556196795,35.373952505533794,-0.019213336385946425,False,0.5926023090834938,False,1
1151,6.260533684217132,9.997489454861837,35.373952505533794,-0.01809230711747553,False,0.5934866578945719,False,1
1152,6.225159731769191,9.997487436319014,35.373952505533794,-0.01649597178518724,False,0.5943710067057704,False,1
1153,6.189785779315524,9.99748552073694,35.373952505533794,-0.014487973923848528,False,0.5952553555171121,False,1
1154,6.154411826855455,9.997483727255478,35.373952505533794,-0.012148368617282867,False,0.5961397043286137,False,1
1155,6.119037874388565,9.997482073794501,35.373952505533794,-0.009570430929687169,False,0.5970240531402861,False,1
1156,6.083663921914703,9.997480576874846,35.373952505533794,-0.006856937298740491,False,0.5979084019521326,False,1
1157,6.048289969434,9.997479251453239,35.373952505533794,-0.004116068142148443,False,0.5987927507641502,False,1
1158,6.012916016946858,9.997478110772853,35.373952505533794,-0.0014570950252663127,False,0.5996770995763288,False,1
1159,5.977542064453934,9.997477166230992,35.373952505533794,0.0010139756687484337,False,0.6005614483886518,True,1
1160,5.942168111956119,9.997476427265203,35.373952505533794,0.0031986288937831432,False,0.6014457972010971,True,1
1161,5.9067941594544955,9.99747590125899,35.373952505533794,0.0050097684379327365,False,0.6023301460136378,True,1
1162,5.871420206950301,9.997475593468033,35.373952505533794,0.00637518918375666,False,0.6032144948262427,True,1
1163,5.836046254444873,9.997475506967678,35.373952505533794,0.007240455705968852,False,0.6040988436388783,True,1
1164,5.800672301939599,9.997475642622206,35.373952505533794,0.007571072443889959,False,0.6049831924515102,True,1
1165,5.765298349435861,9.997475999076203,35.373952505533794,0.007353858931750017,False,0.6058675412641036,True,1
1166,5.72992439693498,9.997476572768099,35.373952505533794,0.006597475260547738,False,0.6067518900766257,True,1
1167,5.6945504444381605,9.997477357965753,35.373952505533794,0.005332076822801974,False,0.6076362388890462,True,1
1168,5.6591764919464485,9.997478346823732,35.373952505533794,0.0036081121045347477,False,0.6085205877013389,True,1
1169,5.623802539460684,9.99747952946169,35.373952505533794,0.0014943114528961601,False,0.609404936513483,True,1
1170,5.588428586981471,9.997480894063104,35.373952505533794,-0.0009250529987725126,False,0.6102892853254633,True,1
1171,5.553054634509152,9.997482426993324,35.373952505533794,-0.0035535270111731534,False,0.6111736341372713,True,1
1172,5.517680682043795,9.997484112935819,35.373952505533794,-0.006286319582642764,False,0.6120579829489052,True,1
1173,5.48230672958519,9.99748593504521,35.373952505533794,-0.009014480656673372,False,0.6129423317603704,True,1
1174,5.446932777132857,9.997487875115581,35.373952505533794,-0.011629244638972226,False,0.6138266805716787,True,1
1175,5.411558824686068,9.997489913762392,35.373952505533794,-0.01402636656241756,False,0.6147110293828485,True,1
1176,5.376184872243873,9.997492030616156,35.373952505533794,-0.016110278031354876,False,0.6155953781939033,True,1
1177,5.340810919805138,9.99749420452597,35.373952505533794,-0.0177978972582373,False,0.6164797270048716,True,1
1178,5.305436967368593,9.997496413770845,35.373952505533794,-0.01902194130107993,False,0.6173640758157852,True,1
1179,5.2700630149328775,9.997498636276738,35.373952505533794,-0.01973360845053518,False,0.6182484246266782,True,1
1180,5.234689062496602,9.997500849837106,35.373952505533794,-0.019904523829431697,False,0.619132773437585,True,1
1181,5.199315110058396,9.997503032334784,35.373952505533794,-0.019527870639194464,False,0.6200171222485402,True,1
1182,5.163941157616967,9.997505161962977,35.373952505533794,-0.018618661953425354,False,0.6209014710595759,True,1
1183,5.128567205171152,9.997507217443143,35.373952505533794,-0.017213142223016467,False,0.6217858198707213,True,1
1184,5.093193252719963,9.997509178237605,35.373952505533794,-0.01536734235246986,False,0.6226701686820011,True,1
1185,5.057819300262623,9.997511024754752,35.373952505533794,-0.013154845952131239,False,0.6235545174934345,True,1
1186,5.0224453477986035,9.997512738544795,35.373952505533794,-0.010663855817377195,False,0.6244388663050351,True,1
1187,4.987071395327642,9.997514302484111,35.373952505533794,-0.007993677586680173,False,0.625323215116809,True,1
1188,4.951697442849752,9.997515700946336,35.373952505533794,-0.005250760761331486,False,0.6262075639287563,True,1
1189,4.916323490365222,9.997516919958496,35.373952505533794,-0.0025444549207675297,False,0.6270919127408695,True,1
1190,4.880949537874608,9.997517947340626,35.373952505533794,1.7349681253537794e-05,False,0.6279762615531348,True,1
1191,4.845575585378707,9.997518772827462,35.373952505533794,0.002332523345077167,False,0.6288606103655324,True,1
1192,4.810201632878525,9.997519388171012,35.373952505533794,0.004308768499560883,False,0.629744959178037,True,1
1193,4.774827680375242,9.997519787222968,35.373952505533794,0.005867299304662222,False,0.630629307990619,True,1
1194,4.73945372787016,9.997519965996135,35.373952505533794,0.006945982585779185,False,0.6315136568032461,True,1
1195,4.704079775364653,9.99751992270427,35.373952505533794,0.007501814881977951,False,0.6323980056158838,True,1
1196,4.668705822860111,9.997519657779932,35.373952505533794,0.0075126368561673935,False,0.6332823544284973,True,1
1197,4.633331870357887,9.997519173870156,35.373952505533794,0.006978016718281066,False,0.6341667032410528,True,1
1198,4.597957917859241,9.997518475810008,35.373952505533794,0.005919267443035846,False,0.635051052053519,True,1
1199,4.56258396536529,9.997517570574274,35.373952505533794,0.00437859709519469,False,0.6359354008658679,True,1
1200,4.527210012876964,9.997516467207772,35.373952505533794,0.0024174261367129937,False,0.636819749678076,True,1
1201,4.491836060394968,9.997515176734975,35.373952505533794,0.00011393879837738596,False,0.6377040984901259,True,1
1202,4.456462107919758,9.99751371204986,35.373952505533794,-0.002440033863581251,False,0.6385884473020061,True,1
1203,4.421088155451515,9.997512087787078,35.373952505533794,-0.005142674965269947,False,0.6394727961137122,True,1
1204,4.403401126432404,9.997511203978764,17.687029041192382,-0.06672966350343294,False,0.63991497183919,True,1
1205,4.385714097416545,9.99751025732667,17.687029041192382,-0.06940473735121307,False,0.6403571475645864,True,1
1206,4.368027068403624,9.997509257289433,17.687029041192382,-0.021904712733522014,False,0.6407993232899094,True,1
1207,4.35034003939321,9.997508213859092,17.687029041192382,-0.024129924846037976,False,0.6412414990151698,True,1
1208,4.332653010384771,9.99750713746126,17.687029041192382,-0.025991662886721313,False,0.6416836747403808,True,1
1209,4.314965981377698,9.997506038850949,17.687029041192382,-0.027415706661388657,False,0.6421258504655576,True,1
1210,4.297278952371327,9.997504929005107,17.687029041192382,-0.028345285494330602,False,0.6425680261907168,True,1
1211,4.279591923364965,9.997503819012948,17.687029041192382,-0.028743341481751936,False,0.6430102019158759,True,1
1212,4.261904894357919,9.997502719965148,17.687029041192382,-0.028594006858465124,False,0.643452377641052,True,1
1213,4.244217865349524,9.997501642843028,17.687029041192382,-0.027903236581107625,False,0.643894553366262,True,1
1214,4.226530836339169,9.997500598408838,17.687029041192382,-0.026698570908122343,False,0.6443367290915208,True,1
1215,4.20884380732632,9.997499597098217,17.687029041192382,-0.025028037442478803,False,0.6447789048168421,True,1
1216,4.1911567783105435,9.997498648915931,17.687029041192382,-0.02295823640857541,False,0.6452210805422365,True,1
1217,4.173469749291521,9.997497763335904,17.687029041192382,-0.020571685498634043,False,0.645663256267712,True,1
1218,4.155782720269066,9.997496949206559,17.687029041192382,-0.017963530139741026,False,0.6461054319932734,True,1
1219,4.138095691243127,9.997496214662405,17.687029041192382,-0.015237750334313531,False,0.6465476077189218,True,1
1220,4.120408662213791,9.997495567042767,17.687029041192382,-0.01250301529508754,False,0.6469897834446553,True,1
1221,4.1027216331812815,9.997495012818446,17.687029041192382,-0.009868351136119844,False,0.647431959170468,True,1
1222,4.085034604145949,9.997494557527068,17.687029041192382,-0.007438794337894413,False,0.6478741348963513,True,1
1223,4.067347575108255,9.997494205717754,17.687029041192382,-0.0053112042663000375,False,0.6483163106222937,True,1
1224,4.049660546068757,9.997493960905665,17.687029041192382,-0.0035704016896547022,False,0.6487584863482811,True,1
1225,4.031973517028082,9.997493825536884,17.687029041192382,-0.002285787237807398,False,0.649200662074298,True,1
1226,4.014286487986907,9.997493800963971,17.687029041192382,-0.0015085746143959657,False,0.6496428378003274,True,1
1227,3.996599458945926,9.99749388743245,17.687029041192382,-0.0012697488667120433,False,0.6500850135263518,True,1
1228,3.9789124299058267,9.997494084078356,17.687029041192382,-0.001578831109032482,False,0.6505271892523544,True,1
1229,3.961225400867262,9.99749438893687,17.687029041192382,-0.002423498947171137,False,0.6509693649783185,True,1
1230,3.943538371830822,9.997494798961945,17.687029041192382,-0.0037700777358660575,False,0.6514115407042295,True,1
1231,3.925851342797014,9.997495310056745,17.687029041192382,-0.005564883084932573,False,0.6518537164300747,True,1
1232,3.9081643137662394,9.997495917114582,17.687029041192382,-0.0077363610915409595,False,0.652295892155844,True,1
1233,3.890477284738779,9.997496614069934,17.687029041192382,-0.01019794097564774,False,0.6527380678815305,True,1
1234,3.8727902557147806,9.997497393959053,17.687029041192382,-0.012851486391733228,False,0.6531802436071306,True,1
1235,3.855103226694255,9.997498248989544,17.687029041192382,-0.015591207824134312,False,0.6536224193326436,True,1
1236,3.8374161976770744,9.997499170618227,17.687029041192382,-0.018307880092179547,False,0.6540645950580731,True,1
1237,3.8197291686629775,9.99750014963649,17.687029041192382,-0.020893196823980477,False,0.6545067707834256,True,1
1238,3.8020421396515798,9.99750117626231,17.687029041192382,-0.02324408830261011,False,0.6549489465087106,True,1
1239,3.7843551106423896,9.997502240237978,17.687029041192382,-0.02526683054307457,False,0.6553911222339402,True,1
1240,3.766668081634827,9.997503330932602,17.687029041192382,-0.02688078178527665,False,0.6558332979591294,True,1
1241,3.7489810526282468,9.997504437448322,17.687029041192382,-0.02802159744109075,False,0.6562754736842938,True,1
1242,3.7312940236219654,9.9975055487292,17.687029041192382,-0.028643795323940947,False,0.6567176494094509,True,1
1243,3.713606994615287,9.997506653671682,17.687029041192382,-0.028722568895112516,False,0.6571598251346179,True,1
1244,3.695919965607531,9.997507741235548,17.687029041192382,-0.028254776236644418,False,0.6576020008598117,True,1
1245,3.6782329365980613,9.997508800554222,17.687029041192382,-0.02725906532442789,False,0.6580441765850485,True,1
1246,3.6605459075863083,9.997509821043339,17.687029041192382,-0.025775130606554356,False,0.6584863523103422,True,1
1247,3.642858878571795,9.997510792506512,17.687029041192382,-0.023862130525137512,False,0.6589285280357051,True,1
1248,3.6251718495541527,9.997511705237201,17.687029041192382,-0.021596329069229682,False,0.6593707037611463,True,1
1249,3.6074848205331396,9.997512550115703,17.687029041192382,-0.019068055383110297,False,0.6598128794866716,True,1
1250,3.5897977915086465,9.99751331870027,17.687029041192382,-0.016378102640774196,False,0.6602550552122839,True,1
1251,3.572110762480704,9.997514003311458,17.687029041192382,-0.013633709750708671,False,0.6606972309379824,True,1
1252,3.5544237334494793,9.997514597108863,17.687029041192382,-0.010944286089958375,False,0.661139406663763,True,1
1253,3.536736704415271,9.997515094159453,17.687029041192382,-0.00841704970595359,False,0.6615815823896183,True,1
1254,3.5190496753784966,9.997515489496864,17.687029041192382,-0.006152752879413151,False,0.6620237581155376,True,1
1255,3.5013626463396763,9.997515779171017,17.687029041192382,-0.004241665455675649,False,0.6624659338415081,True,1
1256,3.4836756172994114,9.997515960287583,17.687029041192382,-0.002759976075512233,False,0.6629081095675148,True,1
1257,3.4659885882583605,9.997516031036904,17.687029041192382,-0.001766754778880843,False,0.663350285293541,True,1
1258,3.448301559217214,9.997515990712076,17.687029041192382,-0.0013015980707710905,False,0.6637924610195696,True,1
1259,3.4306145301766664,9.997515839716012,17.687029041192382,-0.001383050334686989,False,0.6642346367455834,True,1
1260,3.4129275011373874,9.997515579557415,17.687029041192382,-0.002007864526008926,False,0.6646768124715653,True,1
1261,3.3952404720999967,9.997515212835703,17.687029041192382,-0.0031511316194272523,False,0.6651189881975,True,1
1262,3.377553443065039,9.997514743215039,17.687029041192382,-0.0047672736496273006,False,0.6655611639233739,True,1
1263,3.3598664140329615,9.997514175387717,17.687029041192382,-0.0067918607562494375,False,0.6660033396491759,True,1
1264,3.342179385004097,9.997513515027281,17.687029041192382,-0.009144179792852886,False,0.6664455153748976,True,1
1265,3.3244923559786494,9.997512768731832,17.687029041192382,-0.011730452097552108,False,0.6668876911005338,True,1
1266,3.3068053269566873,9.99751194395811,17.687029041192382,-0.014447572144187482,False,0.6673298668260828,True,1
1267,3.2891182979381397,9.997511048946977,17.687029041192382,-0.017187218023639324,False,0.6677720425515465,True,1
1268,3.2714312689228002,9.997510092641093,17.687029041192382,-0.019840169886298963,False,0.66821421827693,True,1
1269,3.253744239910334,9.99750908459555,17.687029041192382,-0.02230066418060362,False,0.6686563940022416,True,1
1270,3.2360572109002916,9.997508034882403,17.687029041192382,-0.02447061009925243,False,0.6690985697274927,True,1
1271,3.218370181892127,9.99750695399004,17.687029041192382,-0.0262635001373593,False,0.6695407454526968,True,1
1272,3.2006831528852193,9.997505852718382,17.687029041192382,-0.02760785885912842,False,0.6699829211778695,True,1
1273,3.1829961238788984,9.99750474207097,17.687029041192382,-0.028450092384144726,False,0.6704250969030275,True,1
1274,3.165309094872469,9.997503633145024,17.687029041192382,-0.028756624991389982,False,0.6708672726281882,True,1
1275,3.147622065865242,9.99750253702057,17.687029041192382,-0.028515237662626237,False,0.6713094483533689,True,1
1276,3.1299350368565584,9.997501464649716,17.687029041192382,-0.02773555520146466,False,0.671751624078586,True,1
1277,3.112248007845819,9.99750042674724,17.687029041192382,-0.02644866250831345,False,0.6721937998038545,True,1
1278,3.094560978832505,9.99749943368352,17.687029041192382,-0.02470586530922566,False,0.6726359755291874,True,1
1279,3.076873949816201,9.99749849538092,17.687029041192382,-0.022576644744717784,False,0.673078151254595,True,1
1280,3.0591869207966114,9.99749762121465,17.687029041192382,-0.020145887363122245,False,0.6735203269800847,True,1
1281,3.04149989177357,9.99749681991909,17.687029041192382,-0.01751050094877231,False,0.6739625027056607,True,1
1282,3.0238128627470493,9.997496099500522,17.687029041192382,-0.014775551103606845,False,0.6744046784313237,True,1
1283,3.0061258337171606,9.997495467157128,17.687029041192382,-0.012050072601892226,False,0.674846854157071,True,1
1284,2.988438804684149,9.997494929207074,17.687029041192382,-0.009442722508806602,False,0.6752890298828962,True,1
1285,2.9707517756483846,9.99749449102538,17.687029041192382,-0.007057448357241378,False,0.6757312056087904,True,1
1286,2.9530647466103463,9.997494156990212,17.687029041192382,-0.004989344081435764,False,0.6761733813347413,True,1
1287,2.935377717570605,9.997493930439141,17.687029041192382,-0.003320858915037039,False,0.6766155570607348,True,1
1288,2.9176906885297984,9.997493813635788,17.687029041192382,-0.0021185103966961448,False,0.677057732786755,True,1
1289,2.900003659488607,9.997493807747215,17.687029041192382,-0.0014302325223986972,False,0.6774999085127847,True,1
1290,2.882316630447727,9.99749391283226,17.687029041192382,-0.0012834647667775815,False,0.6779420842388068,True,1
1291,2.864629601407841,9.997494127840945,17.687029041192382,-0.0016840581578772321,False,0.6783842599648039,True,1
1292,2.8469425723695942,9.997494450624975,17.687029041192382,-0.0026160420164019747,False,0.6788264356907601,True,1
1293,2.829255543333564,9.9974948779592,17.687029041192382,-0.004042260659212098,False,0.6792686114166608,True,1
1294,2.8115685143002414,9.997495405573837,17.687029041192382,-0.005905854683380897,False,0.679710787142494,True,1
1295,2.793881485270008,9.997496028197133,17.687029041192382,-0.008132527777058356,False,0.6801529628682499,True,1
1296,2.7761944562431227,9.997496739608046,17.687029041192382,-0.01063350868532952,False,0.680595138593922,True,1
1297,2.7585074272197114,9.99749753269839,17.687029041192382,-0.01330909024911675,False,0.6810373143195072,True,1
1298,2.740820398199761,9.997498399543868,17.687029041192382,-0.016052604423728686,False,0.681479490045006,True,1
1299,2.7231333691831208,9.99749933148325,17.687029041192382,-0.01875467480791389,False,0.681921665770422,True,1
1300,2.705446340169508,9.997500319204901,17.687029041192382,-0.021307577147550463,False,0.6823638414957622,True,1
1301,2.6877593111585183,9.997501352839837,17.687029041192382,-0.023609533973275264,False,0.6828060172210371,True,1
1302,2.6700722821496443,9.997502422060318,17.687029041192382,-0.025568772161178855,False,0.6832481929462589,True,1
1303,2.652385253142293,9.997503516183047,17.687029041192382,-0.02710718165047379,False,0.6836903686714427,True,1
1304,2.634698224135812,9.997504624275908,17.687029041192382,-0.02816342945964042,False,0.6841325443966048,True,1
1305,2.6170111951295123,9.997505735267207,17.687029041192382,-0.028695404853337207,False,0.6845747201217622,True,1
1306,2.5993241661226993,9.997506838056285,17.687029041192382,-0.028681898179024515,False,0.6850168958469325,True,1
1307,2.5816371371146984,9.99750792162444,17.687029041192382,-0.02812344644385329,False,0.6854590715721326,True,1
1308,2.563950108104882,9.997508975145013,17.687029041192382,-0.027042311920284313,False,0.685901247297378,True,1
1309,2.5462630790926957,9.99750998809158,17.687029041192382,-0.025481594633984514,False,0.6863434230226827,True,1
1310,2.5285760500776786,9.99751095034311,17.687029041192382,-0.02350351411555314,False,0.686785598748058,True,1
1311,2.510889021059483,9.997511852285102,17.687029041192382,-0.021186928918117836,False,0.687227774473513,True,1
1312,2.4932019920378887,9.997512684905654,17.687029041192382,-0.018624192787746047,False,0.6876699501990529,True,1
1313,2.4755149630128095,9.997513439885497,17.687029041192382,-0.015917472823421066,False,0.6881121259246797,True,1
1314,2.4578279339842997,9.997514109681118,17.687029041192382,-0.0131746764081551,False,0.6885543016503926,True,1
1315,2.440140904952549,9.997514687600143,17.687029041192382,-0.010505149291808888,False,0.6889964773761863,True,1
1316,2.422453875917877,9.997515167868196,17.687029041192382,-0.008015316330810169,False,0.6894386531020531,True,1
1317,2.4047668468807197,9.997515545686596,17.687029041192382,-0.005804438671544398,False,0.6898808288279821,True,1
1318,2.3870798178416126,9.99751581728031,17.687029041192382,-0.003960656528834761,False,0.6903230045539598,True,1
1319,2.3693927888011683,9.997515979935658,17.687029041192382,-0.002557475318438792,False,0.6907651802799708,True,1
1320,2.3517057597600526,9.997516032027445,17.687029041192382,-0.0016508352315708413,False,0.6912073560059987,True,1
1321,2.3340187307189586,9.997515973035187,17.687029041192382,-0.0012768810785274325,False,0.6916495317320261,True,1
1322,2.3163317016785783,9.997515803548314,17.687029041192382,-0.0014505213094151857,False,0.6920917074580356,True,1
1323,2.298644672639575,9.997515525260283,17.687029041192382,-0.00216483366078999,False,0.6925338831840107,True,1
1324,2.280957643602558,9.997515140951657,17.687029041192382,-0.003391341122102716,False,0.6929760589099361,True,1
1325,2.263270614568056,9.997514654462321,17.687029041192382,-0.0050811472207305496,False,0.6934182346357987,True,1
1326,2.2455835855364987,9.997514070653114,17.687029041192382,-0.007166885364510598,False,0.6938604103615875,True,1
1327,2.2278965565081976,9.997513395357267,17.687029041192382,-0.009565404529356279,False,0.6943025860872951,True,1
1328,2.210209527483335,9.99751263532211,17.687029041192382,-0.01218108421998889,False,0.6947447618129167,True,1
1329,2.192522498461956,9.997511798141664,17.687029041192382,-0.014909646548518882,False,0.6951869375384512,True,1
1330,2.174835469443966,9.997510892180761,17.687029041192382,-0.017642313455012097,False,0.6956291132639009,True,1
1331,2.1571484404291366,9.997509926491462,17.687029041192382,-0.02027014333355308,False,0.6960712889892716,True,1
1332,2.139461411417112,9.997508910722614,17.687029041192382,-0.022688374179430974,False,0.6965134647145722,True,1
1333,2.121774382407426,9.997507855023445,17.687029041192382,-0.024800600105991485,False,0.6969556404398144,True,1
1334,2.104087353399518,9.99750676994215,17.687029041192382,-0.02652261473002801,False,0.6973978161650121,True,1
1335,2.086400324392757,9.997505666320505,17.687029041192382,-0.02778576820063101,False,0.6978399918901811,True,1
1336,2.068713295386466,9.997504555185532,17.687029041192382,-0.02853970403736608,False,0.6982821676153383,True,1
1337,2.051026266379951,9.997503447639325,17.687029041192382,-0.028754366670173608,False,0.6987243433405013,True,1
1338,2.0333392373725236,9.997502354748118,17.687029041192382,-0.02842119964495412,False,0.6991665190656869,True,1
1339,2.0156522083635346,9.997501287431719,17.687029041192382,-0.027553486727932598,False,0.6996086947909117,True,1
1340,1.997965179352396,9.997500256354401,17.687029041192382,-0.026185822309159355,False,0.7000508705161902,True,1
1341,1.9802781503386053,9.997499271818349,17.687029041192382,-0.024372732219602716,False,0.7004930462415349,True,1
1342,1.9625911213217664,9.99749834366072,17.687029041192382,-0.022186499944185745,False,0.7009352219669559,True,1
1343,1.9449040923016039,9.997497481155358,17.687029041192382,-0.019714284894674052,False,0.7013773976924599,True,1
1344,1.9272170632779757,9.997496692920134,17.687029041192382,-0.017054647626589814,False,0.7018195734180507,True,1
1345,1.9095300342508774,9.997495986830831,17.687029041192382,-0.014313620529167619,False,0.7022617491437281,True,1
1346,1.891843005220443,9.997495369942461,17.687029041192382,-0.011600480638985184,False,0.702703924869489,True,1
1347,1.8741559761869393,9.99749484841877,17.687029041192382,-0.009023393098935963,False,0.7031461005953266,True,1
1348,1.856468947150756,9.997494427470647,17.687029041192382,-0.006685098947932287,False,0.7035882763212311,True,1
1349,1.8387819181123894,9.99749411130407,17.687029041192382,-0.004678819152728221,False,0.7040304520471903,True,1
1350,1.8210948890724228,9.997493903078068,17.687029041192382,-0.003084538176406559,False,0.7044726277731894,True,1
1351,1.803407860031503,9.997493804873168,17.687029041192382,-0.001965815246589428,False,0.7049148034992124,True,1
1352,1.7857208309903154,9.997493817670602,17.687029041192382,-0.0013672504461680515,False,0.7053569792252421,True,1
1353,1.7680338019495554,9.997493941342501,17.687029041192382,-0.0013127066479222244,False,0.7057991549512611,True,1
1354,1.7503467729099018,9.997494174653177,17.687029041192382,-0.0018043581770679153,False,0.7062413306772525,True,1
1355,1.7326597438719893,9.997494515271464,17.687029041192382,-0.002822604129518362,False,0.7066835064032002,True,1
1356,1.714972714836383,9.99749495979402,17.687029041192382,-0.0043268498009179914,False,0.7071256821290904,True,1
1357,1.6972856858035559,9.997495503779321,17.687029041192382,-0.0062571250742915405,False,0.707567857854911,True,1
1358,1.6795986567738708,9.997496141792046,17.687029041192382,-0.00853647524491732,False,0.7080100335806532,True,1
1359,1.6619116277475647,9.997496867457384,17.687029041192382,-0.01107402896887533,False,0.7084522093063108,True,1
1360,1.6442245987247401,9.997497673524725,17.687029041192382,-0.013768621025470825,False,0.7088943850318815,True,1
1361,1.6265375697053608,9.997498551940112,17.687029041192382,-0.016512825464191472,False,0.709336560757366,True,1
1362,1.6088505406892528,9.997499493926707,17.687029041192382,-0.019197238350061936,False,0.7097787364827687,True,1
1363,1.5911635116761123,9.997500490072492,17.687029041192382,-0.021714839364131353,False,0.7102209122080971,True,1
1364,1.5734764826655165,9.997501530424309,17.687029041192382,-0.023965258378605615,False,0.7106630879333621,True,1
1365,1.555789453656942,9.997502604587304,17.687029041192382,-0.025858776910497053,False,0.7111052636585764,True,1
1366,1.5381024246497843,9.997503701828798,17.687029041192382,-0.027319904927575724,False,0.7115474393837554,True,1
1367,1.5204153956433821,9.997504811185514,17.687029041192382,-0.028290390412802534,False,0.7119896151089155,True,1
1368,1.5027283666370448,9.99750592157313,17.687029041192382,-0.0287315417022809,False,0.7124317908340738,True,1
1369,1.4850413376300784,9.997507021897016,17.687029041192382,-0.02862577001478598,False,0.7128739665592481,True,1
1370,1.4750413376486957,9.997507632099037,10.0,-0.0818208259706868,False,0.7131239665587826,True,1
1371,1.4650413376662308,9.997508224298334,10.0,-0.08065551052992835,False,0.7133739665583443,True,1
1372,1.4550413376823779,9.997508792577847,10.0,-0.029019794870426878,False,0.7136239665579405,True,1
1373,1.4450413376968867,9.997509331259515,10.0,-0.02697888906092645,False,0.7138739665575778,True,1
1374,1.4350413377095725,9.99750983496101,10.0,-0.024614156862081606,False,0.7141239665572607,True,1
1375,1.4250413377203228,9.99751029864951,10.0,-0.0220198720168537,False,0.7143739665569919,True,1
1376,1.4150413377291027,9.997510717691997,10.0,-0.0192994598613399,False,0.7146239665567724,True,1
1377,1.4050413377359554,9.997511087901534,10.0,-0.016561374088129348,False,0.7148739665566012,True,1
1378,1.3950413377410014,9.997511405579111,10.0,-0.01391477304611118,False,0.715123966556475,True,1
1379,1.3850413377444328,9.997511667550599,10.0,-0.01146516794621981,False,0.7153739665563892,True,1
1380,1.3750413377465065,9.997511871198464,10.0,-0.009310216466387692,False,0.7156239665563373,True,1
1381,1.365041337747533,9.997512014487924,10.0,-0.007535829452277166,False,0.7158739665563116,True,1
1382,1.3550413377478652,9.997512095987279,10.0,-0.0062127459247525735,False,0.7161239665563034,True,1
1383,1.345041337747883,9.997512114882214,10.0,-0.005393712940907794,False,0.7163739665563029,True,1
1384,1.3350413377479793,9.997512070983937,10.0,-0.005111382736167841,False,0.7166239665563006,True,1
1385,1.3250413377485437,9.997511964731066,10.0,-0.005377010983006718,False,0.7168739665562864,True,1
1386,1.3150413377499472,9.997511797185243,10.0,-0.006180008062196128,False,0.7171239665562513,True,1
1387,1.3050413377525274,9.997511570020531,10.0,-0.007488361236159661,False,0.7173739665561868,True,1
1388,1.2950413377565748,9.997511285506686,10.0,-0.009249910893512592,False,0.7176239665560856,True,1
1389,1.2850413377623215,9.997510946486475,10.0,-0.01139442998515956,False,0.7178739665559419,True,1
1390,1.275041337769932,9.997510556347276,10.0,-0.013836423751612231,False,0.7181239665557517,True,1
1391,1.265041337779496,9.99751011898723,10.0,-0.016478538124086273,False,0.7183739665555127,True,1
1392,1.2550413377910261,9.997509638776297,10.0,-0.019215440919798942,False,0.7186239665552243,True,1
1393,1.245041337804456,9.997509120512582,10.0,-0.021938021097147962,False,0.7188739665548886,True,1
1394,1.2350413378196436,9.997508569374407,10.0,-0.024537738662560038,False,0.7191239665545089,True,1
1395,1.2250413378363771,9.997507990868563,10.0,-0.026910951810862456,False,0.7193739665540906,True,1
1396,1.2150413378543827,9.997507390775288,10.0,-0.02896304878897793,False,0.7196239665536405,True,1
1397,1.2050413378733362,9.997506775090516,10.0,-0.03061221976130431,False,0.7198739665531666,True,1
1398,1.1950413378928753,9.997506149965965,10.0,-0.031792718300968706,False,0.7201239665526782,True,1
1399,1.1850413379126143,9.997505521647673,10.0,-0.032457482484573,False,0.7203739665521847,True,1
1400,1.1750413379321603,9.99750489641359,10.0,-0.03258001109423238,False,0.720623966551696,True,1
1401,1.165041337951127,9.997504280510848,10.0,-0.0321554201291548,False,0.7208739665512218,True,1
1402,1.1550413379691522,9.997503680093342,10.0,-0.031200637507149832,False,0.7211239665507713,True,1
1403,1.1450413379859103,9.997503101160246,10.0,-0.029753728193729234,False,0.7213739665503524,True,1
1404,1.135041338001127,9.99750254949607,10.0,-0.027872376664184816,False,0.7216239665499719,True,1
1405,1.125041338014589,9.997502030612859,10.0,-0.0256315871976458,False,0.7218739665496353,True,1
1406,1.115041338026153,9.997501549695121,10.0,-0.023120693686549326,False,0.7221239665493462,True,1
1407,1.1050413380357516,9.99750111154803,10.0,-0.0204397981684971,False,0.7223739665491062,True,1
1408,1.0950413380433957,9.997500720549402,10.0,-0.017695780068191745,False,0.7226239665489151,True,1
1409,1.0850413380491737,9.99750038060597,10.0,-0.014998035246048275,False,0.7228739665487707,True,1
1410,1.0750413380532489,9.997500095114336,10.0,-0.012454114724997575,False,0.7231239665486688,True,1
1411,1.0650413380558523,9.997499866927038,10.0,-0.010165436966914994,False,0.7233739665486038,True,1
1412,1.0550413380572736,9.997499698324047,10.0,-0.008223244633749127,False,0.7236239665485682,True,1
1413,1.0450413380578496,9.997499590989989,10.0,-0.006704967028274124,False,0.7238739665485538,True,1
1414,1.0350413380579508,9.99749954599731,10.0,-0.005671133229626265,False,0.7241239665485513,True,1
1415,1.0250413380579666,9.997499563795563,10.0,-0.005162958988436698,False,0.7243739665485509,True,1
1416,1.0150413380582899,9.997499644206913,10.0,-0.005200703584574889,False,0.7246239665485428,True,1
1417,1.0050413380593013,9.997499786427916,10.0,-0.005782862153533054,False,0.7248739665485175,True,1
1418,0.9950413380613539,9.997499989037548,10.0,-0.00688622568189285,False,0.7251239665484661,True,1
1419,0.9850413380647592,9.997500250011399,10.0,-0.008466806279203633,False,0.725373966548381,True,1
1420,0.9750413380697751,9.997500566741905,10.0,-0.010461590839305191,False,0.7256239665482557,True,1
1421,0.9650413380765951,9.9975009360644,10.0,-0.01279105317689073,False,0.7258739665480851,True,1
1422,0.9550413380853406,9.997501354288735,10.0,-0.015362324490528208,False,0.7261239665478665,True,1
1423,0.9450413380960566,9.997501817236152,10.0,-0.018072895752999384,False,0.7263739665475986,True,1
1424,0.9350413381087094,9.997502320281033,10.0,-0.020814704428461367,False,0.7266239665472823,True,1
1425,0.9250413381231878,9.997502858397118,10.0,-0.023478442591131823,False,0.7268739665469204,True,1
1426,0.9150413381393082,9.99750342620773,10.0,-0.025957914693212333,False,0.7271239665465173,True,1
1427,0.9050413381568214,9.997504018039495,10.0,-0.028154271254473957,False,0.7273739665460796,True,1
1428,0.8950413381754228,9.997504627979023,10.0,-0.0299799496857727,False,0.7276239665456146,True,1
1429,0.885041338194764,9.997505249932,10.0,-0.0313621651413211,False,0.7278739665451309,True,1
1430,0.8750413382144677,9.99750587768408,10.0,-0.032245812228912415,False,0.7281239665446383,True,1
1431,0.8650413382341416,9.99750650496297,10.0,-0.032595661895968575,False,0.7283739665441465,True,1
1432,0.855041338253395,9.997507125501107,10.0,-0.03239776590944115,False,0.7286239665436651,True,1
1433,0.8450413382718537,9.997507733098278,10.0,-0.03166001293574995,False,0.7288739665432037,True,1
1434,0.8350413382891753,9.997508321683574,10.0,-0.030411814053014047,False,0.7291239665427707,True,1
1435,0.8250413383050628,9.997508885376044,10.0,-0.028702930231931684,False,0.7293739665423735,True,1
1436,0.8150413383192762,9.997509418543462,10.0,-0.026601488531233276,False,0.7296239665420182,True,1
1437,0.8050413383316423,9.997509915858593,10.0,-0.02419126609364521,False,0.729873966541709,True,1
1438,0.7950413383420616,9.99751037235243,10.0,-0.021568350223088513,False,0.7301239665414485,True,1
1439,0.7850413383505123,9.997510783463836,10.0,-0.01883730769359081,False,0.7303739665412372,True,1
1440,0.7750413383570508,9.997511145085122,10.0,-0.01610701600766574,False,0.7306239665410738,True,1
1441,0.76504133836181,9.997511453603089,10.0,-0.013486322800198465,False,0.7308739665409548,True,1
1442,0.7550413383649935,9.997511705935125,10.0,-0.011079706430393505,False,0.7311239665408752,True,1
1443,0.745041338366868,9.997511899560013,10.0,-0.008983110764182988,False,0.7313739665408283,True,1
1444,0.7350413383677522,9.997512032543119,10.0,-0.007280120198132557,False,0.7316239665408062,True,1
1445,0.7250413383680043,9.997512103555717,10.0,-0.006038627415726665,False,0.7318739665408,True,1
1446,0.7150413383680078,9.997512111888275,10.0,-0.005308126722545848,False,0.7321239665407998,True,1
1447,0.7050413383681559,9.997512057457534,10.0,-0.005117740864852929,False,0.7323739665407961,True,1
1448,0.6950413383688362,9.99751194080735,10.0,-0.0054750599981281765,False,0.7326239665407791,True,1
1449,0.6850413383704151,9.997511763103253,10.0,-0.006365839090616323,False,0.7328739665407397,True,1
1450,0.6750413383732232,9.997511526120803,10.0,-0.007754565826413168,False,0.7331239665406694,True,1
1451,0.6650413383775419,9.99751123222785,10.0,-0.009585876366711309,False,0.7333739665405614,True,1
1452,0.6550413383835925,9.997510884360876,10.0,-0.01178676252874058,False,0.7336239665404102,True,1
1453,0.6450413383915272,9.997510485995653,10.0,-0.014269482387298315,False,0.7338739665402119,True,1
1454,0.6350413384014233,9.997510041112513,10.0,-0.01693505826396447,False,0.7341239665399645,True,1
1455,0.6250413384132796,9.997509554156583,10.0,-0.019677222649785806,False,0.734373966539668,True,1
1456,0.6150413384270169,9.997509029993365,10.0,-0.02238665474883191,False,0.7346239665393246,True,1
1457,0.6050413384424811,9.997508473860124,10.0,-0.024955338748010536,False,0.734873966538938,True,1
1458,0.5950413384594491,9.997507891313562,10.0,-0.027280870058866827,False,0.7351239665385139,True,1
1459,0.585041338477638,9.997507288174289,10.0,-0.029270537858339572,False,0.7353739665380591,True,1
1460,0.575041338496716,9.997506670468674,10.0,-0.030845021169120038,False,0.7356239665375821,True,1
1461,0.5650413385163161,9.997506044368627,10.0,-0.03194155112824153,False,0.7358739665370921,True,1
1462,0.5550413385360503,9.997505416129934,10.0,-0.03251641337606759,False,0.7361239665365987,True,1
1463,0.5450413385555254,9.997504792029748,10.0,-0.03254669080104496,False,0.7363739665361119,True,1
1464,0.5350413385743583,9.99750417830387,10.0,-0.032031177164543186,False,0.7366239665356411,True,1
1465,0.5250413385921918,9.997503581084448,10.0,-0.030990425181370518,False,0.7368739665351952,True,1
1466,0.5150413386087085,9.9975030063387,10.0,-0.029465927140046266,False,0.7371239665347823,True,1
1467,0.5050413386236432,9.997502459809297,10.0,-0.02751846072794691,False,0.7373739665344089,True,1
1468,0.49504133863679406,9.997501946956978,10.0,-0.025225666009331637,False,0.7376239665340801,True,1
1469,0.4850413386480303,9.997501472905995,10.0,-0.02267895015372451,False,0.7378739665337993,True,1
1470,0.47504133865729736,9.997501042392908,10.0,-0.019979843313414992,False,0.7381239665335676,True,1
1471,0.46504133866461933,9.997500659719263,10.0,-0.017235950931213346,False,0.7383739665333845,True,1
1472,0.4550413386700977,9.997500328708607,10.0,-0.0145566638442623,False,0.7386239665332476,True,1
1473,0.4450413386739076,9.997500052668292,10.0,-0.012048797212280818,False,0.7388739665331523,True,1
1474,0.43504133867629063,9.997499834356418,10.0,-0.009812332129562288,False,0.7391239665330928,True,1
1475,0.4250413386775452,9.997499675954286,10.0,-0.007936429690411096,False,0.7393739665330613,True,1
1476,0.41504133867801474,9.997499579044598,10.0,-0.006495876415389641,False,0.7396239665330496,True,1
1477,0.40504133867807407,9.997499544595644,10.0,-0.00554810274587771,False,0.7398739665330482,True,1
1478,0.39504133867811425,9.997499572951627,10.0,-0.005130893472871449,False,0.7401239665330471,True,1
1479,0.3850413386785272,9.997499663829222,10.0,-0.0052608813759374455,False,0.7403739665330368,True,1
1480,0.37504133867968986,9.997499816320412,10.0,-0.005932884127226073,False,0.7406239665330078,True,1
1481,0.3650413386819494,9.997500028901554,10.0,-0.007120110895610487,False,0.7408739665329512,True,1
1482,0.35504133868560916,9.997500299448607,10.0,-0.008775230414785935,False,0.7411239665328598,True,1
1483,0.34504133869091674,9.997500625258354,10.0,-0.01083225793415736,False,0.7413739665327271,True,1
1484,0.335041338698054,9.997501003075413,10.0,-0.013209185826204266,False,0.7416239665325487,True,1
1485,0.3250413387071299,9.997501429124762,10.0,-0.01581125297640459,False,0.7418739665323218,True,1
1486,0.3150413387181761,9.997501899149455,10.0,-0.018534722614093876,False,0.7421239665320456,True,1
1487,0.3050413387311456,9.99750240845316,10.0,-0.02127101797679174,False,0.7423739665317214,True,1
1488,0.29504133874591487,9.997502951947084,10.0,-0.023911050928550857,False,0.7426239665313521,True,1
1489,0.2850413387622886,9.997503524200814,10.0,-0.026349570966683028,False,0.7428739665309428,True,1
1490,0.27504133878000747,9.997504119496583,10.0,-0.028489361234578882,False,0.7431239665304998,True,1
1491,0.2650413387987585,9.997504731886389,10.0,-0.030245114257903286,False,0.7433739665300311,True,1
1492,0.2550413388181877,9.997505355251437,10.0,-0.031546832893174906,False,0.7436239665295454,True,1
1493,0.2450413388379139,9.99750598336327,10.0,-0.03234262090041265,False,0.7438739665290522,True,1
1494,0.2350413388575442,9.997506609946,10.0,-0.032600751890965826,False,0.7441239665285615,True,1
1495,0.22504133887668942,9.997507228739023,10.0,-0.032310934166777286,False,0.7443739665280829,True,1
1496,0.2150413388949798,9.99750783355956,10.0,-0.0314847210262455,False,0.7446239665276255,True,1
1497,0.20504133891207965,9.997508418364447,10.0,-0.030155050178813154,False,0.7448739665271981,True,1
1498,0.19504133892770067,9.997508977310504,10.0,-0.028374930630466373,False,0.7451239665268076,True,1
1499,0.18504133894161362,9.99750950481293,10.0,-0.02621532938973059,False,0.7453739665264598,True,1
1500,0.17504133895365728,9.997509995601094,10.0,-0.023762342244077174,False,0.7456239665261586,True,1
1501,0.16504133896374498,9.997510444771201,10.0,-0.021113761400294348,False,0.7458739665259064,True,1
1502,0.155041338971868,9.997510847835294,10.0,-0.018375176823358836,False,0.7461239665257035,True,1
1503,0.145041338978096,9.99751120076609,10.0,-0.01565576670436095,False,0.7463739665255477,True,1
1504,0.13504133898257417,9.997511500037218,10.0,-0.013063944875670357,False,0.7466239665254357,True,1
1505,0.12504133898551742,9.997511742658464,10.0,-0.01070303869799194,False,0.7468739665253621,True,1
1506,0.1150413389872019,9.997511926205634,10.0,-0.008667169729247323,False,0.7471239665253201,True,1
1507,0.10504133898795391,9.997512048844786,10.0,-0.007037501397345963,False,0.7473739665253013,True,1
1508,0.09504133898813696,9.99751210935055,10.0,-0.005879003273542548,False,0.7476239665252967,True,1
1509,0.0850413389881372,9.997512107118373,10.0,-0.005237860942042513,False,0.7478739665252967,True,1
1510,0.07504133898834811,9.997512042170557,10.0,-0.005139634727287372,False,0.7481239665252913,True,1
1511,0.06504133898915475,9.997511915156041,10.0,-0.005588240684550447,False,0.7483739665252712,True,1
1512,0.05504133899091842,9.99751172734391,10.0,-0.006565794478226107,False,0.7486239665252271,True,1
1513,0.04504133899396228,9.997511480610722,10.0,-0.008033324372196669,False,0.748873966525151,True,1
1514,0.035041338998558456,9.997511177421753,10.0,-0.009932324907455265,False,0.7491239665250362,True,1
1515,0.02504133900491718,9.997510820806367,10.0,-0.012187089327106309,False,0.7493739665248771,True,1
1516,0.015041339013178424,9.997510414327747,10.0,-0.014707727761183773,False,0.7496239665246707,True,1
1517,0.005965437256641223,9.99751000384245,9.075901765819925,-0.06785579811479261,False,0.749850864068584,True,1
1518,-0.0008219323166505487,9.99750966884283,6.787369581558947,-0.07086106127034744,False,0.7500622582789294,False,1
1519,-0.0008215737039057781,9.990742299270774,6.767369581558947,-0.07439845212243695,False,0.7502314425182307,False,1
1520,-0.000821194074048938,9.983974929699864,6.767369581558947,-0.07693316744452677,False,0.7504006267575034,False,1
1521,-0.0008207960473709065,9.977187560129975,6.787369581558947,-0.07919835537309562,False,0.7505703109967506,False,1
1522,-0.0008203822987058342,9.970360190560953,6.827369581558947,-0.08110331115322714,False,0.7507409952359763,False,1
1523,-0.0008199555904730381,9.963472820992612,6.887369581558946,-0.0825712926724455,False,0.7509131794751849,False,1
1524,-0.0008195188071003926,9.956505451424745,6.9673695815589465,-0.08354257992900793,False,0.7510873637143815,False,1
1525,-0.0008190749893827408,9.94943808185712,7.067369581558946,-0.08397685588207812,False,0.751264047953572,False,1
1526,-0.0008186273673071866,9.9422507122895,7.187369581558946,-0.08385481376701397,False,0.7514437321927626,False,1
1527,-0.0008181793898863049,9.934923342721635,7.327369581558946,-0.08317892679770009,False,0.7516269164319592,False,1
1528,-0.0008177347505803493,9.92743597315328,7.487369581558946,-0.08197334956944638,False,0.751814100671168,False,1
1529,-0.0008172974069599374,9.919768603584194,7.667369581558946,-0.08028295509406962,False,0.7520057849103953,False,1
1530,-0.0008168715933605116,9.911901234014158,7.867369581558946,-0.07817154585672739,False,0.7522024691496462,False,1
1531,-0.0008164618254074697,9.903813864442979,8.087369581558946,-0.07571931021524886,False,0.7524046533889257,False,1
1532,-0.0008160728954444094,9.895486494870502,8.327369581558946,-0.07301962554517105,False,0.7526128376282375,False,1
1533,-0.000815709858073834,9.886899125296617,8.587369581558946,-0.07017533558150486,False,0.7528275218675846,False,1
1534,-0.0008153780052171778,9.878031755721269,8.867369581558945,-0.06729465036600862,False,0.7530492061069683,False,1
1535,-0.000815082830315823,9.868864386144462,9.167369581558946,-0.06448683225649818,False,0.7532783903463885,False,1
1536,-0.0008148299815233955,9.859377016566272,9.487369581558946,-0.06185783998479511,False,0.7535155745858433,False,1
1537,-0.0008146252039781177,9.849549646986846,9.827369581558946,-0.059506104417803664,False,0.7537612588253289,False,1
1538,-0.0008144742714884347,9.839362277406405,10.187369581558945,-0.057518604432601816,False,0.75401594306484,False,1
1539,-0.0008143829082111847,9.828794907825241,10.567369581558946,-0.05596739934506286,False,0.7542801273043691,False,1
1540,-0.0008143567011450007,9.817827538243714,10.967369581558946,-0.05490675613427516,False,0.7545543115439072,False,1
1541,-0.0008144010044981497,9.806440168662242,11.387369581558946,-0.05437098599157569,False,0.754838995783444,False,1
1542,-0.0008145208372151894,9.794612799081289,11.827369581558946,-0.05437307644290399,False,0.7551346800229679,False,1
1543,-0.0008147207751566423,9.782325429501357,12.287369581558947,-0.0549041735787874,False,0.7554418642624661,False,1
1544,-0.0008150048396162485,9.769558059922959,12.767369581558947,-0.055933935032742174,False,0.755761048501926,False,1
1545,-0.000815376384027458,9.756290690346603,13.267369581558947,-0.057411739636659256,False,0.756092732741335,False,1
1546,-0.0008158379808513478,9.742503320772771,13.787369581558947,-0.0592687055269258,False,0.7564374169806808,False,1
1547,-0.0008163913107487831,9.728175951201898,14.327369581558948,-0.061420436247568606,False,0.7567956012199526,False,1
1548,-0.000817037056217794,9.713288581634343,14.887369581558948,-0.06377038536962766,False,0.7571677854591415,False,1
1549,-0.0008177748019206209,9.697821212070378,15.467369581558948,-0.06621370549179978,False,0.7575544696982406,False,1
1550,-0.0008186029439317518,9.681753842510162,16.06736958155895,-0.06864142817419645,False,0.757956153937246,False,1
1551,-0.0008195186101075007,9.665066472953725,16.68736958155895,-0.07094480816336048,False,0.7583733381761569,False,1
1552,-0.000820517593708517,9.647739103400964,17.32736958155895,-0.07301965872081437,False,0.758806522414976,False,1
1553,-0.0008215943022990603,9.62975173385163,17.98736958155895,-0.0747705052155161,False,0.7592562066537093,False,1
1554,-0.0008227417238012766,9.611084364305336,18.66736958155895,-0.07611439139263465,False,0.7597228908923667,False,1
1555,-0.0008239514114004728,9.591716994761557,19.36736958155895,-0.07698418657340544,False,0.7602070751309612,False,1
1556,-0.0008252134887799738,9.571629625219645,20.08736958155895,-0.0773312619381097,False,0.760709259369509,False,1
1557,-0.0008265166769138587,9.550802255678857,20.827369581558948,-0.07712742919874573,False,0.7612299436080286,False,1
1558,-0.0008278483433658176,9.529214886138371,21.58736958155895,-0.07636606437068716,False,0.7617696278465408,False,1
1559,-0.0008291945747355148,9.506847516597325,22.36736958155895,-0.07506237184380081,False,0.762328812085067,False,1
1560,-0.0008305402725643417,9.48368014705485,23.16736958155895,-0.07325277822431599,False,0.7629079963236289,False,1
1561,-0.0008318692726645634,9.459692777510107,23.98736958155895,-0.07099348011415453,False,0.7635076805622475,False,1
1562,-0.0008331644874740429,9.434865407962333,24.82736958155895,-0.0683582037217132,False,0.7641283648009418,False,1
1563,-0.0008344080706683325,9.409178038410875,25.68736958155895,-0.06543526562323264,False,0.7647705490397282,False,1
1564,-0.0008355816028879094,9.382610668855234,26.56736958155895,-0.06232405185167346,False,0.7654347332786192,False,1
1565,-0.0008366662970664092,9.355143299295092,27.46736958155895,-0.05913105568105884,False,0.7661214175176227,False,1
1566,-0.0008376432214812397,9.326755929730343,28.38736958155895,-0.05596563206874891,False,0.7668311017567415,False,1
1567,-0.000838493538296774,9.29742856016111,29.32736958155895,-0.05293563800973876,False,0.7675642859959723,False,1
1568,-0.0008391987550378858,9.267141190587761,30.287369581558952,-0.050143132612140706,False,0.7683214702353061,False,1
1569,-0.0008397409861233099,9.235873821010903,31.267369581558953,-0.0476803083155095,False,0.7691031544747275,False,1
1570,-0.0008401032213097011,9.203606451431378,32.26736958155895,-0.0456258154626887,False,0.7699098387142156,False,1
1571,-0.0008402695976530849,9.170319081850234,33.287369581558956,-0.04404162675367254,False,0.7707420229537443,False,1
1572,-0.0008402256713892967,9.135991712268703,34.327369581558955,-0.042970566584017635,False,0.7716002071932826,False,1
1573,-0.0008399586859734596,9.100604342688152,35.38736958155896,-0.04243460376764645,False,0.7724848914327963,False,1
1574,-0.000839457832403955,9.064136973110033,36.467369581558955,-0.04243397570617436,False,0.7733965756722493,False,1
1575,-0.0008387144978920618,9.026569603535828,37.56736958155896,-0.0429471789223792,False,0.7743357599116044,False,1
1576,-0.0008377224989270422,8.987882233966987,38.687369581558954,-0.0439318263345752,False,0.7753029441508255,False,1
1577,-0.0008364782948296526,8.948054864404863,39.827369581558955,-0.045326337096175034,False,0.7762986283898785,False,1
1578,-0.0008349811779862738,8.907067494850647,40.98736958155895,-0.0470523916305674,False,0.777323312628734,False,1
1579,-0.0008332334371113256,8.864900125305308,42.16736958155895,-0.049018053987975194,False,0.7783774968673675,False,1
1580,-0.0008312404900972503,8.821532755769542,43.367369581558954,-0.05112143704552363,False,0.7794616811057615,False,1
1581,-0.0008294716826178004,8.786158801308254,35.37395450551128,-0.057861478753322114,False,0.7803460299672937,False,1
1582,-0.0008275773507066832,8.750784846853465,35.37395450551128,-0.06053538976125573,False,0.7812303788286635,False,1
1583,-0.0008255764219021822,8.715410892404545,35.37395450551128,-0.06303327638729664,False,0.7821147276898865,False,1
1584,-0.0008234888888234764,8.68003693796063,35.37395450551128,-0.06525555490602056,False,0.7829990765509844,False,1
1585,-0.0008213356094110391,8.644662983520655,35.37395450551128,-0.06711362918011853,False,0.7838834254119837,False,1
1586,-0.0008191380985209478,8.609289029083401,35.37395450551128,-0.06853342271728408,False,0.7847677742729151,False,1
1587,-0.0008169183129555977,8.573915074647537,35.37395450551128,-0.06945833187634455,False,0.7856521231338118,False,1
1588,-0.0008146984320785614,8.538541120211681,35.37395450551128,-0.06985148248470488,False,0.7865364719947081,False,1
1589,-0.0008125006362057418,8.503167165774444,35.37395450551128,-0.06969719990512786,False,0.787420820855639,False,1
1590,-0.0008103468849869743,8.467793211334499,35.37395450551128,-0.06900163394358888,False,0.7883051697166377,False,1
1591,-0.0008082586979924843,8.432419256890622,35.37395450551128,-0.0677925136855969,False,0.7891895185777346,False,1
1592,-0.0008062569396964409,8.397045302441748,35.37395450551128,-0.06611804203420293,False,0.7900738674389565,False,1
1593,-0.0008043616110060357,8.361671347987013,35.37395450551128,-0.06404497402154294,False,0.7909582163003249,False,1
1594,-0.0008025916494190378,8.326297393525783,35.37395450551128,-0.06165595550507416,False,0.7918425651618556,False,1
1595,-0.0008009647398065588,8.290923439057684,35.37395450551128,-0.05904622834589465,False,0.7927269140235581,False,1
1596,-0.0007994971377116827,8.255549484582616,35.37395450551128,-0.056319833424821344,False,0.7936112628854348,False,1
1597,-0.0007982035069294467,8.220175530100759,35.37395450551128,-0.053585462866774104,False,0.7944956117474812,False,1
1598,-0.0007970967729910275,8.18480157561256,35.37395450551128,-0.05095212683586318,False,0.7953799606096862,False,1
1599,-0.0007961879940161341,8.149427621118722,35.37395450551128,-0.048524807649549015,False,0.7962643094720322,False,1
1600,-0.0007954862502239069,8.11405366662017,35.37395450551128,-0.046400274469455625,False,0.7971486583344959,False,1
1601,-0.0007949985532063801,8.07867971211802,35.37395450551128,-0.04466322542491731,False,0.7980330071970496,False,1
1602,-0.0007947297758709602,8.043305757613531,35.37395450551128,-0.04338291096800293,False,0.7989173560596619,False,1
1603,-0.0007946826037519369,8.007931803108052,35.37395450551128,-0.04261037307926648,False,0.7998017049222989,False,1
1604,-0.0007948575081775415,7.972557848602973,35.37395450551128,-0.04237641038598356,False,0.8006860537849259,False,1
1605,-0.0007952527415605594,7.93718389409967,35.37395450551128,-0.04269035031831492,False,0.8015704026475083,False,1
1606,-0.0007958643548596615,7.901809939599446,35.37395450551128,-0.04353967725330351,False,0.8024547515100141,False,1
1607,-0.0007966862370369138,7.866435985103483,35.37395450551128,-0.0448905314716621,False,0.8033391003724131,False,1
1608,-0.0007977101761172459,7.831062030612792,35.37395450551128,-0.046689059035133054,False,0.8042234492346805,False,1
1609,-0.0007989259412398157,7.795688076128172,35.37395450551128,-0.04886355876957377,False,0.805107798096796,False,1
1610,-0.0008003213848813656,7.760314121650185,35.37395450551128,-0.05132734076026923,False,0.8059921469587455,False,1
1611,-0.0008018825642302774,7.724940167179124,35.37395450551128,-0.0539821823993067,False,0.8068764958205221,False,1
1612,-0.0008035938804985284,7.6895662127150075,35.37395450551128,-0.056722244205947216,False,0.807760844682125,False,1
1613,-0.0008054382347796438,7.654192258257577,35.37395450551128,-0.05943828930514818,False,0.8086451935435608,False,1
1614,-0.0008073971987845421,7.618818305806286,35.373952505533794,-0.06202203934995272,False,0.809529542354843,False,1
1615,-0.0008094511992967208,7.5834443533603855,35.373952505533794,-0.06437048726956873,False,0.8104138911659905,False,1
1616,-0.0008115797134220287,7.54807040091889,35.373952505533794,-0.0663900097472756,False,0.8112982399770279,False,1
1617,-0.0008137614737509359,7.5126964484806384,35.373952505533794,-0.06800009571856061,False,0.8121825887879843,False,1
1618,-0.000815974680855458,7.477322496044341,35.373952505533794,-0.06913655708323051,False,0.8130669375988917,False,1
1619,-0.0008181972211018249,7.4419485436086275,35.373952505533794,-0.06975408767322695,False,0.8139512864097844,False,1
1620,-0.0008204068876025933,7.406574591172108,35.373952505533794,-0.06982806945695415,False,0.8148356352206976,False,1
1621,-0.0008225816021005402,7.371200638733423,35.373952505533794,-0.06935555397286805,False,0.8157199840316646,False,1
1622,-0.0008246996355672869,7.3358266862912975,35.373952505533794,-0.06835537986575563,False,0.8166043328427178,False,1
1623,-0.0008267398253125735,7.3004527338445975,35.373952505533794,-0.06686742184000467,False,0.8174886816538854,False,1
1624,-0.0008286817864348803,7.2650787813923685,35.373952505533794,-0.06495100097180549,False,0.818373030465191,False,1
1625,-0.000830506115500602,7.229704828933878,35.373952505533794,-0.06268251975592062,False,0.8192573792766533,False,1
1626,-0.0008321945844167465,7.194330876468641,35.373952505533794,-0.060152416171619566,False,0.8201417280882842,False,1
1627,-0.0008337303225600235,7.158956923996444,35.373952505533794,-0.05746155819701647,False,0.8210260769000892,False,1
1628,-0.0008350979853425331,7.123582971517349,35.373952505533794,-0.054717222514419815,False,0.8219104257120665,False,1
1629,-0.0008362839075298079,7.088209019031694,35.373952505533794,-0.05202881772068638,False,0.8227947745242079,False,1
1630,-0.0008372762397793434,7.052835066540079,35.373952505533794,-0.04950352254551546,False,0.8236791233364982,False,1
1631,-0.0008380650670352954,7.017461114043341,35.373952505533794,-0.047242012969360245,False,0.8245634721489167,False,1
1632,-0.0008386425075964438,6.982087161542521,35.373952505533794,-0.04533444858447608,False,0.8254478209614372,False,1
1633,-0.0008390027918675615,6.946713209038822,35.373952505533794,-0.04385687821379978,False,0.8263321697740297,False,1
1634,-0.0008391423200072916,6.911339256533563,35.373952505533794,-0.042868208081604735,False,0.827216518586661,False,1
1635,-0.0008390596978965796,6.875965304028126,35.373952505533794,-0.04240785340660303,False,0.8281008673992969,False,1
1636,-0.0008387557510682409,6.840591351523898,35.373952505533794,-0.042494167041183736,False,0.8289852162119027,False,1
1637,-0.0008382335164585278,6.805217399022219,35.373952505533794,-0.043123707801207924,False,0.8298695650244446,False,1
1638,-0.0008374982120630518,6.769843446524327,35.373952505533794,-0.04427137765662136,False,0.8307539138368919,False,1
1639,-0.0008365571848003026,6.73446949403131,35.373952505533794,-0.04589142231290915,False,0.8316382626492174,False,1
1640,-0.0008354198371036508,6.69909554154406,35.373952505533794,-0.04791925529383224,False,0.8325226114613987,False,1
1641,-0.0008340975329753583,6.663721589063241,35.373952505533794,-0.00027403280394720526,False,0.8334069602734192,False,1
1642,-0.0008326034844411973,6.628347636589258,35.373952505533794,-0.002861876721304002,False,0.8342913090852687,False,1
1643,-0.0008309526195402832,6.592973684122247,35.373952505533794,-0.005579617227064362,False,0.835175657896944,False,1
1644,-0.0008291614331690166,6.557599731662062,35.373952505533794,-0.008318905867276204,False,0.8360600067084487,False,1
1645,-0.000827247822269547,6.522225779208289,35.373952505533794,-0.010970535071242498,False,0.8369443555197931,False,1
1646,-0.0008252309070094225,6.486851826760254,35.373952505533794,-0.013428791919709294,False,0.837828704330994,False,1
1647,-0.0008231308397392171,6.4514778743170575,35.373952505533794,-0.015595672594759488,False,0.8387130531420739,False,1
1648,-0.0008209686036368786,6.416103921877607,35.373952505533794,-0.01738478949063918,False,0.8395974019530601,False,1
1649,-0.00081876580305079,6.380729969440659,35.373952505533794,-0.018724815224444753,False,0.8404817507639839,False,1
1650,-0.000816544447636226,6.345356017004872,35.373952505533794,-0.019562326243211636,False,0.8413660995748784,False,1
1651,-0.0008143267324421767,6.309982064568857,35.373952505533794,-0.019863932661626713,False,0.8422504483857787,False,1
1652,-0.0008121348161457503,6.274608112131233,35.373952505533794,-0.01961760942144422,False,0.8431347971967195,False,1
1653,-0.0008099905996500102,6.239234159690685,35.373952505533794,-0.01883317570191615,False,0.8440191460077331,False,1
1654,-0.0008079155072573782,6.203860207246016,35.373952505533794,-0.017541903469720427,False,0.8449034948188499,False,1
1655,-0.000805930272605092,6.168486254796189,35.373952505533794,-0.015795270773450158,False,0.8457878436300955,False,1
1656,-0.0008040547315015586,6.133112302340376,35.373952505533794,-0.013662909485748023,False,0.8466721924414908,False,1
1657,-0.0008023076237335196,6.097738349877988,35.373952505533794,-0.01122982930823344,False,0.8475565412530505,False,1
1658,-0.0008007064058242888,6.062364397408694,35.373952505533794,-0.008593028711556105,False,0.8484408900647828,False,1
1659,-0.0007992670766139391,6.0269904449324425,35.373952505533794,-0.005857627919950778,False,0.849325238876689,False,1
1660,-0.0007980040174041884,5.991616492449458,35.373952505533794,-0.0031326781061900826,False,0.8502095876887636,True,1
1661,-0.0007969298482651726,5.9562425399602335,35.373952505533794,-0.0005268138726115144,False,0.8510939365009942,True,1
1662,-0.0007960553019398911,5.9208685874655105,35.373952505533794,0.0018560776633440275,False,0.8519782853133623,True,1
1663,-0.0007953891166061685,5.88549463496625,35.373952505533794,0.003920998515175661,False,0.852862634125844,True,1
1664,-0.0007949379485676639,5.850120682463593,35.373952505533794,0.005585627093751518,False,0.8537469829384102,True,1
1665,-0.0007947063057463008,5.814746729958817,35.373952505533794,0.006783600106570318,False,0.8546313317510297,True,1
1666,-0.0007946965026405835,5.779372777453285,35.373952505533794,0.007467158250357023,False,0.8555156805636679,True,1
1667,-0.0007949086371999156,5.743998824948387,35.373952505533794,0.007609050223374763,False,0.8564000293762903,True,1
1668,-0.0007953405898458866,5.70862487244549,35.373952505533794,0.007203619148360762,False,0.8572843781888629,True,1
1669,-0.000795988044650421,5.673250919945882,35.373952505533794,0.006267028095461841,False,0.858168727001353,True,1
1670,-0.0007968445324591189,5.637876967450716,35.373952505533794,0.004836615713385424,False,0.8590530758137322,True,1
1671,-0.0007979014955288827,5.602503014960973,35.373952505533794,0.0029694076584134386,False,0.8599374246259758,True,1
1672,-0.0007991483730340814,5.567129062477415,35.373952505533794,0.0007398431646911214,False,0.8608217734380649,True,1
1673,-0.0008005727065868123,5.531755110000557,35.373952505533794,-0.0017631926081844232,False,0.8617061222499861,True,1
1674,-0.0008021602647170098,5.496381157530647,35.373952505533794,-0.0044399121406329765,False,0.8625904710617341,True,1
1675,-0.0008038951850686009,5.4610072050676575,35.373952505533794,-0.0071836037608166495,False,0.8634748198733089,True,1
1676,-0.0008057601328909054,5.425633252611284,35.373952505533794,-0.009884885894438283,False,0.8643591686847181,True,1
1677,-0.0008077364742417486,5.3902593001609596,35.373952505533794,-0.012436067756595592,False,0.8652435174959763,True,1
1678,-0.0008098044621716414,5.354885347715874,35.373952505533794,-0.014735442634600577,False,0.8661278663071034,True,1
1679,-0.0008119434340287948,5.3195113952750095,35.373952505533794,-0.016691342605359965,False,0.867012215118125,True,1
1680,-0.0008141320179134807,5.28413744283718,35.373952505533794,-0.018225793037412785,False,0.8678965639290708,True,1
1681,-0.0008163483462189956,5.248763490401077,35.373952505533794,-0.01927762118363471,False,0.8687809127399732,True,1
1682,-0.000818570274125567,5.213389537965326,35.373952505533794,-0.019804894936807708,False,0.869665261550867,True,1
1683,-0.0008207756008640491,5.178015585528536,35.373952505533794,-0.01978659452030921,False,0.8705496103617868,True,1
1684,-0.0008229422915386767,5.142641633089358,35.373952505533794,-0.01922345047084416,False,0.8714339591727661,True,1
1685,-0.0008250486972924688,5.107267680646539,35.373952505533794,-0.018137914504531748,False,0.8723183079838366,True,1
1686,-0.0008270737716154367,5.071893728198971,35.373952505533794,-0.016573264428775138,False,0.8732026567950258,True,1
1687,-0.000828997280634351,5.036519775745734,35.373952505533794,-0.014591878783110924,False,0.8740870056063569,True,1
1688,-0.0008308000052829231,5.0011458232861346,35.373952505533794,-0.012272749995177435,False,0.8749713544178469,True,1
1689,-0.0008324639333323576,4.965771870819735,35.373952505533794,-0.009708335193531892,False,0.8758557032295068,True,1
1690,-0.0008339724393635926,4.930397918346365,35.373952505533794,-0.007000870225527948,False,0.8767400520413411,True,1
1691,-0.0008353104508829836,4.8950239658661365,35.373952505533794,-0.004258293830375532,False,0.8776244008533469,True,1
1692,-0.0008364645989216893,4.859650013379431,35.373952505533794,-0.0015899444545648227,False,0.8785087496655146,True,1
1693,-0.0008374233516139854,4.82427606088689,35.373952505533794,0.0008977987319484732,False,0.879393098477828,True,1
1694,-0.0008381771294198688,4.7889021083893875,35.373952505533794,0.003105756842840251,False,0.8802774472902657,True,1
1695,-0.0008387184008406399,4.753528155887995,35.373952505533794,0.004945905228947924,False,0.8811617961028004,True,1
1696,-0.0008390417576711678,4.718154203383939,35.373952505533794,0.006344882745980376,False,0.8820461449154019,True,1
1697,-0.000839143969036876,4.682780250878553,35.373952505533794,0.007246916434900735,False,0.8829304937280364,True,1
1698,-0.0008390240136755811,4.647406298373222,35.373952505533794,0.0076160450146935815,False,0.8838148425406697,True,1
1699,-0.0008386830901416018,4.6120323458693315,35.373952505533794,0.0074375525457808355,False,0.8846991913532669,True,1
1700,-0.0008381246048302181,4.576658393368207,35.373952505533794,0.006718555107517094,False,0.8855835401657951,True,1
1701,-0.00083735413794206,4.541284440871063,35.373952505533794,0.00548771710121396,False,0.8864678889782237,True,1
1702,-0.0008363793877276209,4.50591048837896,35.373952505533794,0.0037941084882768487,False,0.8873522377905262,True,1
1703,-0.0008352100935688611,4.470536535892752,35.373952505533794,0.0017052485225517449,False,0.8882365866026813,True,1
1704,-0.0008338579386665266,4.43516258341306,35.373952505533794,-0.0006955860335377973,False,0.8891209354146737,True,1
1705,-0.0008323364333054728,4.399788630940248,35.373952505533794,-0.003312680896057364,False,0.8900052842264939,True,1
1706,-0.0008314986040843335,4.382101601918899,17.687029041192382,-0.06488517419198674,False,0.8904474599520276,True,1
1707,-0.000830592071905757,4.364414572900938,17.687029041192382,-0.06761733295920239,False,0.8908896356774767,True,1
1708,-0.0008296258945396138,4.346727543886135,17.687029041192382,-0.020243695976389676,False,0.8913318114028467,True,1
1709,-0.00082860972571077,4.3290405148741335,17.687029041192382,-0.02265955801481066,False,0.8917739871281468,True,1
1710,-0.0008275537186422599,4.3113534858644655,17.687029041192382,-0.02476860583381841,False,0.8922161628533886,True,1
1711,-0.0008264684246076346,4.29366645685657,17.687029041192382,-0.026486757889581054,False,0.8926583385785859,True,1
1712,-0.0008253646875061245,4.275979427849816,17.687029041192382,-0.027745516406446166,False,0.8931005143037547,True,1
1713,-0.0008242535355139916,4.258292398843527,17.687029041192382,-0.02849469817113075,False,0.893542690028912,True,1
1714,-0.0008231460708946251,4.240605369837007,17.687029041192382,-0.02870443518422401,False,0.8939848657540749,True,1
1715,-0.0008220533590684065,4.222918340829568,17.687029041192382,-0.028366365407804933,False,0.8944270414792609,True,1
1716,-0.000820986318050693,4.205231311820563,17.687029041192382,-0.027493966138478966,False,0.894869217204486,True,1
1717,-0.0008199556093626045,4.1875442828094025,17.687029041192382,-0.026122016714756207,False,0.895311392929765,True,1
1718,-0.0008189715315046388,4.169857253795587,17.687029041192382,-0.02430521197930985,False,0.8957535686551105,True,1
1719,-0.0008180439170574601,4.152170224778719,17.687029041192382,-0.02211598177273869,False,0.8961957443805322,True,1
1720,-0.0008171820344379956,4.134483195758526,17.687029041192382,-0.01964160338839374,False,0.8966379201060368,True,1
1721,-0.0008163944952924879,4.116796166734867,17.687029041192382,-0.01698072210691299,False,0.8970800958316284,True,1
1722,-0.0008156891684517647,4.099109137707738,17.687029041192382,-0.014239418523000404,False,0.8975222715573067,True,1
1723,-0.0008150731013084756,4.081422108677275,17.687029041192382,-0.011526979450993034,False,0.8979644472830682,True,1
1724,-0.0008145524494018915,4.063735079643746,17.687029041192382,-0.008951541007328319,False,0.8984066230089065,True,1
1725,-0.0008141324149137713,4.046048050607541,17.687029041192382,-0.00661577756725707,False,0.8988487987348116,True,1
1726,-0.0008138171946898867,4.028361021569157,17.687029041192382,-0.004612808464534876,False,0.8992909744607712,True,1
1727,-0.0008136099383065293,4.010673992529179,17.687029041192382,-0.003022485618316316,False,0.8997331501867706,True,1
1728,-0.0008135127166009787,3.992986963488254,17.687029041192382,-0.0019082100911882488,False,0.9001753259127938,True,1
1729,-0.0008135265009803821,3.9752999344470674,17.687029041192382,-0.001314404489561923,False,0.9006175016388234,True,1
1730,-0.0008136511537157784,3.9576129054063145,17.687029041192382,-0.001264741974903214,False,0.9010596773648424,True,1
1731,-0.0008138854293182346,3.9399258763666736,17.687029041192382,-0.001761202489595404,False,0.9015018530908332,True,1
1732,-0.0008142269869833672,3.9222388473287793,17.687029041192382,-0.0027839938221626936,False,0.9019440288167806,True,1
1733,-0.0008146724139798722,3.9045518182931955,17.687029041192382,-0.00429234065938747,False,0.9023862045426703,True,1
1734,-0.0008152172597484287,3.886864789260395,17.687029041192382,-0.006226110167776617,False,0.9028283802684902,True,1
1735,-0.0008158560803702049,3.869177760230739,17.687029041192382,-0.008508209298176628,False,0.9032705559942317,True,1
1736,-0.0008165824929607024,3.8514907312044637,17.687029041192382,-0.011047658239366922,False,0.9037127317198884,True,1
1737,-0.0008173892394454215,3.83380370218167,17.687029041192382,-0.013743217494079248,False,0.9041549074454583,True,1
1738,-0.000818268259080151,3.8161166731623206,17.687029041192382,-0.016487423974450233,False,0.904597083170942,True,1
1739,-0.0008192107689912638,3.7984296441462404,17.687029041192382,-0.01917087521287493,False,0.9050392588963441,True,1
1740,-0.0008202073519312764,3.7807426151331245,17.687029041192382,-0.021686590889597117,False,0.905481434621672,True,1
1741,-0.0008212480503728815,3.763055586122549,17.687029041192382,-0.02393427779553721,False,0.9059236103469364,True,1
1742,-0.0008223224660012708,3.74536855711399,17.687029041192382,-0.02582432820275924,False,0.9063657860721502,True,1
1743,-0.0008234198636106479,3.727681528106842,17.687029041192382,-0.027281392236422786,False,0.906807961797329,True,1
1744,-0.000824529278366862,3.709994499100443,17.687029041192382,-0.02824738183216427,False,0.9072501375224891,True,1
1745,-0.0008256396253644064,3.692307470094103,17.687029041192382,-0.02868378651908044,False,0.9076923132476475,True,1
1746,-0.0008267398103831313,3.674620441087128,17.687029041192382,-0.028573208705684968,False,0.9081344889728218,True,1
1747,-0.0008278188407380145,3.6569334120788497,17.687029041192382,-0.027920057262345414,False,0.908576664698029,True,1
1748,-0.0008288659351144411,3.639246383068652,17.687029041192382,-0.02675037174855275,False,0.909018840423284,True,1
1749,-0.0008298706312915337,3.621559354055995,17.687029041192382,-0.02511078429321154,False,0.9094610161486003,True,1
1750,-0.0008308228906771991,3.603872325040437,17.687029041192382,-0.023066660514008686,False,0.9099031918739892,True,1
1751,-0.000831713198610435,3.5861852960216525,17.687029041192382,-0.020699493592708333,False,0.9103453675994588,True,1
1752,-0.0008325326594286595,3.5684982669994434,17.687029041192382,-0.018103655394222973,False,0.910787543325014,True,1
1753,-0.0008332730853502473,3.550811237973749,17.687029041192382,-0.01538263415480974,False,0.9112297190506564,True,1
1754,-0.0008339270782841318,3.5331242089446477,17.687029041192382,-0.012644908728954652,False,0.911671894776384,True,1
1755,-0.000834488103749085,3.515437179912353,17.687029041192382,-0.009999623876192552,False,0.9121140705021914,True,1
1756,-0.0008349505561640947,3.497750150877206,17.687029041192382,-0.0075522390019640605,False,0.91255624622807,True,1
1757,-0.0008353098148574839,3.4800631218396623,17.687029041192382,-0.005400323820358429,False,0.9129984219540086,True,1
1758,-0.0008355622902351325,3.462376092800272,17.687029041192382,-0.0036296685563103033,False,0.9134405976799933,True,1
1759,-0.000835705459646513,3.4446890637596588,17.687029041192382,-0.0023108637581664548,False,0.9138827734060085,True,1
1760,-0.000835737892590187,3.427002034718496,17.687029041192382,-0.001496486074112769,False,0.9143249491320377,True,1
1761,-0.0008356592650069026,3.4093150056774784,17.687029041192382,-0.0012190021868228513,False,0.9147671248580631,True,1
1762,-0.000835470362517484,3.3916279766372948,17.687029041192382,-0.0014894744687247233,False,0.9152093005840677,True,1
1763,-0.000835173072573169,3.3739409475986006,17.687029041192382,-0.0022971199607431684,False,0.9156514763100351,True,1
1764,-0.0008347703655968218,3.356253918561993,17.687029041192382,-0.0036097402555554437,False,0.9160936520359503,True,1
1765,-0.0008342662653034459,3.3385668895279843,17.687029041192382,-0.0053750051479668475,False,0.9165358277618005,True,1
1766,-0.0008336658084965525,3.3208798604969845,17.687029041192382,-0.007522538876355136,False,0.9169780034875755,True,1
1767,-0.0008329749947420849,3.303192831469283,17.687029041192382,-0.009966725785066088,False,0.917420179213268,True,1
1768,-0.0008322007264227407,3.2855058024450376,17.687029041192382,-0.012610123552530831,False,0.9178623549388741,True,1
1769,-0.0008313507397716331,3.267818773424269,17.687029041192382,-0.015347347912330212,False,0.9183045306643934,True,1
1770,-0.0008304335275744254,3.2501317444068594,17.687029041192382,-0.018069273994999274,False,0.9187467063898286,True,1
1771,-0.0008294582543122041,3.2324447153925555,17.687029041192382,-0.020667386795102275,False,0.9191888821151862,True,1
1772,-0.0008284346645930201,3.214757686380982,17.687029041192382,-0.02303810732722258,False,0.9196310578404756,True,1
1773,-0.0008273729857869856,3.1970706573716536,17.687029041192382,-0.025086921996616152,False,0.9200732335657089,True,1
1774,-0.0008262838258377827,3.1793836283639965,17.687029041192382,-0.026732150562831514,False,0.9205154092909003,True,1
1775,-0.000825178067271579,3.161696599357369,17.687029041192382,-0.027908202477812293,False,0.920957585016066,True,1
1776,-0.0008240667584624426,3.1440095703510895,17.687029041192382,-0.02856819177852269,False,0.9213997607412229,True,1
1777,-0.0008229610032406295,3.1263225413444617,17.687029041192382,-0.028685806287647893,False,0.9218419364663887,True,1
1778,-0.0008218718499467865,3.108635512336804,17.687029041192382,-0.028256356601557484,False,0.92228411219158,True,1
1779,-0.0008208101810405878,3.0909484833274754,17.687029041192382,-0.027296963047032274,False,0.9227262879168132,True,1
1780,-0.0008197866043667945,3.073261454315901,17.687029041192382,-0.025845873152463786,False,0.9231684636421026,True,1
1781,-0.0008188113471651753,3.055574425301596,17.687029041192382,-0.023960936844624123,False,0.9236106393674605,True,1
1782,-0.0008178941538833113,3.037887396284185,17.687029041192382,-0.021717300158639017,False,0.9240528150928956,True,1
1783,-0.0008170441888132949,3.0202003672634157,17.687029041192382,-0.019204409407270577,False,0.9244949908184149,True,1
1784,-0.0008162699445251528,3.0025133382391695,17.687029041192382,-0.016522445242705845,False,0.924937166544021,True,1
1785,-0.0008155791570118903,2.984826309211467,17.687029041192382,-0.013778328773428012,False,0.9253793422697135,True,1
1786,-0.0008149787283940101,2.9671392801804664,17.687029041192382,-0.011081458961294147,False,0.9258215179954885,True,1
1787,-0.0008144746579558006,2.949452251146457,17.687029041192382,-0.008539351232068008,False,0.9262636937213389,True,1
1788,-0.00081407198220247,2.9317652221098482,17.687029041192382,-0.0062533511781214315,False,0.9267058694472541,True,1
1789,-0.0008137747245370525,2.9140781930711537,17.687029041192382,-0.004314594231386186,False,0.9271480451732214,True,1
1790,-0.0008135858550598896,2.8963911640309696,17.687029041192382,-0.002800372382893282,False,0.9275902208992259,True,1
1791,-0.0008135072608923762,2.878704134989952,17.687029041192382,-0.0017710527968219935,False,0.9280323966252514,True,1
1792,-0.0008135397273214525,2.8610171059487897,17.687029041192382,-0.0012676711623182111,False,0.9284745723512805,True,1
1793,-0.0008136829299532911,2.843330076908177,17.687029041192382,-0.0013102957308879252,False,0.9289167480772957,True,1
1794,-0.0008139354379545291,2.825643047868787,17.687029041192382,-0.0018972272581872598,False,0.9293589238032806,True,1
1795,-0.0008142947283486725,2.807956018831244,17.687029041192382,-0.0030050667470609095,False,0.9298010995292191,True,1
1796,-0.0008147572112248598,2.790268989796098,17.687029041192382,-0.004589648290310855,False,0.9302432752550976,True,1
1797,-0.0008153182656070553,2.7725819607638043,17.687029041192382,-0.006587799824885049,False,0.930685450980905,True,1
1798,-0.0008159722856253147,2.754894931734704,17.687029041192382,-0.008919861600338173,False,0.9311276267066325,True,1
1799,-0.0008167127365277948,2.7372079027090104,17.687029041192382,-0.011492861959314923,False,0.9315698024322748,True,1
1800,-0.0008175322199738249,2.719520873686802,17.687029041192382,-0.014204223821572872,False,0.9320119781578302,True,1
1801,-0.0008184225479556885,2.7018338446680183,17.687029041192382,-0.016945854104458806,False,0.9324541538832997,True,1
1802,-0.0008193748246104873,2.6841468156524613,17.687029041192382,-0.019608453050454038,False,0.9328963296086885,True,1
1803,-0.0008203795351046687,2.666459786639805,17.687029041192382,-0.022085871658911974,False,0.9333385053340051,True,1
1804,-0.0008214266407030912,2.648772757629608,17.687029041192382,-0.02427934350786799,False,0.9337806810592599,True,1
1805,-0.0008225056790727527,2.6310857286213305,17.687029041192382,-0.026101422255338454,False,0.9342228567844668,True,1
1806,-0.0008236058688189528,2.613398699614356,17.687029041192382,-0.027479467843916118,False,0.9346650325096412,True,1
1807,-0.0008247162172094392,2.595711670608016,17.687029041192382,-0.0283585424266791,False,0.9351072082347996,True,1
1808,-0.000825825630010136,2.5780246416016173,17.687029041192382,-0.028703600560340818,False,0.9355493839599597,True,1
1809,-0.0008269230223350788,2.5603376125944686,17.687029041192382,-0.028500886351917262,False,0.9359915596851385,True,1
1810,-0.0008279974294029194,2.542650583585909,17.687029041192382,-0.027758481857762165,False,0.9364337354103524,True,1
1811,-0.0008290381160933983,2.5249635545753333,17.687029041192382,-0.026505984872886638,False,0.9368759111356166,True,1
1812,-0.000830034684209118,2.5072765255622165,17.687029041192382,-0.024793328955344966,False,0.9373180868609446,True,1
1813,-0.0008309771763708857,2.4895894965461354,17.687029041192382,-0.02268879272845491,False,0.9377602625863466,True,1
1814,-0.0008318561755085713,2.471902467526785,17.687029041192382,-0.020276277823158946,False,0.9382024383118306,True,1
1815,-0.0008326628989533412,2.45421543850399,17.687029041192382,-0.01765196398037623,False,0.9386446140374003,True,1
1816,-0.0008333892861911912,2.4365284094777135,17.687029041192382,-0.014920474665127406,False,0.9390867897630572,True,1
1817,-0.0008340280794009449,2.4188413804480566,17.687029041192382,-0.012190706054645199,False,0.9395289654887986,True,1
1818,-0.0008345728959719906,2.401154351415255,17.687029041192382,-0.009571485688965703,False,0.9399711412146187,True,1
1819,-0.0008350182922772287,2.383467322379671,17.687029041192382,-0.00716723385730413,False,0.9404133169405082,True,1
1820,-0.0008353598180639905,2.3657802933417758,17.687029041192382,-0.005073800688009754,False,0.9408554926664556,True,1
1821,-0.0008355940609194965,2.3480932643021344,17.687029041192382,-0.0033746449051804423,False,0.9412976683924467,True,1
1822,-0.0008357186803665589,2.330406235261381,17.687029041192382,-0.0021375065903046107,False,0.9417398441184655,True,1
1823,-0.0008357324312488489,2.312719206220194,17.687029041192382,-0.0014117065985942818,False,0.9421820198444952,True,1
1824,-0.0008356351761720982,2.295032177179269,17.687029041192382,-0.0012261802913601022,False,0.9426241955705182,True,1
1825,-0.0008354278868768868,2.2773451481392915,17.687029041192382,-0.0015883239744057575,False,0.9430663712965177,True,1
1826,-0.0008351126345293396,2.2596581191009086,17.687029041192382,-0.0024837000310973423,False,0.9435085470224773,True,1
1827,-0.0008346925690267191,2.2419710900647045,17.687029041192382,-0.003876612505530285,False,0.9439507227483825,True,1
1828,-0.0008341718875246818,2.224284061031176,17.687029041192382,-0.005711530188958832,False,0.9443928984742207,True,1
1829,-0.0008335557925006969,2.206597032000714,17.687029041192382,-0.00791530047566743,False,0.9448350741999822,True,1
1830,-0.0008328504397726034,2.188910002973586,17.687029041192382,-0.010400065729084388,False,0.9452772499256604,True,1
1831,-0.0008320628769917153,2.171222973949928,17.687029041192382,-0.013066765890468643,False,0.9457194256512519,True,1
1832,-0.0008312009732250173,2.1535359449297364,17.687029041192382,-0.015809087694922844,False,0.9461616013767568,True,1
1833,-0.000830273340330045,2.1358489159128697,17.687029041192382,-0.018517703048467372,False,0.9466037771021782,True,1
1834,-0.0008292892469080542,2.1181618868990544,17.687029041192382,-0.021084627598149268,False,0.9470459528275238,True,1
1835,-0.0008282585256952145,2.100474857887895,17.687029041192382,-0.02340752573177613,False,0.9474881285528027,True,1
1836,-0.0008271914753171675,2.08278782887889,17.687029041192382,-0.025393790379358426,False,0.9479303042780278,True,1
1837,-0.0008260987573885621,2.0651007998714523,17.687029041192382,-0.026964234970291066,False,0.9483724800032138,True,1
1838,-0.0008249912899857269,2.0474137708649316,17.687029041192382,-0.028056250355936167,False,0.9488146557283768,True,1
1839,-0.0008238801385568527,2.029726741858642,17.687029041192382,-0.028626300843874724,False,0.949256831453534,True,1
1840,-0.0008227764053597047,2.0120397128518883,17.687029041192382,-0.02865165983341547,False,0.9496990071787027,True,1
1841,-0.000821691118531531,1.994352683843993,17.687029041192382,-0.028131315858237776,False,0.9501411829039001,True,1
1842,-0.0008206351218995588,1.9766656548343244,17.687029041192382,-0.027086012915304714,False,0.9505833586291419,True,1
1843,-0.0008196189666330613,1.958978625822322,17.687029041192382,-0.025557423471801184,False,0.9510255343544419,True,1
1844,-0.0008186528058195609,1.9412915968075182,17.687029041192382,-0.02360648712010083,False,0.951467710079812,True,1
1845,-0.000817746293018533,1.9236045677895566,17.687029041192382,-0.021310981112672007,False,0.9519098858052611,True,1
1846,-0.0008169084858062357,1.905917538768207,17.687029041192382,-0.018762419633390932,False,0.9523520615307949,True,1
1847,-0.0008161477552754052,1.8882305097433745,17.687029041192382,-0.016062405418881338,False,0.9527942372564157,True,1
1848,-0.0008154717023940472,1.8705434807151025,17.687029041192382,-0.013318579182348758,False,0.9532364129821225,True,1
1849,-0.0008148870820590958,1.852856451683572,17.687029041192382,-0.010640328321171922,False,0.9536785887079107,True,1
1850,-0.0008143997356036993,1.8351694226490938,17.687029041192382,-0.008134425989206672,False,0.9541207644337727,True,1
1851,-0.0008140145324325599,1.817482393612096,17.687029041192382,-0.005900774391471677,False,0.9545629401596977,True,1
1852,-0.0008137353213684436,1.7997953645731075,17.687029041192382,-0.004028421999565932,False,0.9550051158856724,True,1
1853,-0.000813564892196021,1.7821083355327363,17.687029041192382,-0.0025920134725644184,False,0.9554472916116817,True,1
1854,-0.0008135049477872536,1.7644213064916454,17.687029041192382,-0.0016488138109716128,False,0.9558894673377089,True,1
1855,-0.0008135560870868596,1.746734277450527,17.687029041192382,-0.0012364253825320499,False,0.9563316430637369,True,1
1856,-0.0008137177991278601,1.7290472484100738,17.687029041192382,-0.0013712888349993026,False,0.9567738187897482,True,1
1857,-0.0008139884681369866,1.7113602193709525,17.687029041192382,-0.0020480276588950535,False,0.9572159945157263,True,1
1858,-0.0008143653896789679,1.6936731903337763,17.687029041192382,-0.0032396625314339397,False,0.9576581702416557,True,1
1859,-0.0008148447976783311,1.6759861612990812,17.687029041192382,-0.004898686895713515,False,0.9581003459675231,True,1
1860,-0.0008154219020488082,1.658299132267304,17.687029041192382,-0.006958960895802213,False,0.9585425216933176,True,1
1861,-0.0008160909365542788,1.640612103238765,17.687029041192382,-0.009338348161399886,False,0.9589846974190309,True,1
1862,-0.0008168452164231065,1.622925074213656,17.687029041192382,-0.011941990323996666,False,0.9594268731446588,True,1
1863,-0.0008176772051401582,1.6052380451920318,17.687029041192382,-0.014666088717161407,False,0.9598690488701993,True,1
1864,-0.0008185785897491843,1.587551016173808,17.687029041192382,-0.0174020424986639,False,0.960311224595655,True,1
1865,-0.0008195403639131272,1.569863987158765,17.687029041192382,-0.020040778220035974,False,0.9607534003210311,True,1
1866,-0.0008205529179024619,1.552176958146556,17.687029041192382,-0.02247709823597433,False,0.9611955760463363,True,1
1867,-0.0008216061346124361,1.5344899291367218,17.687029041192382,-0.024613874599395034,False,0.9616377517715822,True,1
1868,-0.0008226894906498368,1.516802900128708,17.687029041192382,-0.02636592124088681,False,0.9620799274967824,True,1
1869,-0.0008237921614792597,1.4991158711218877,17.687029041192382,-0.027663390064218623,False,0.962522103221953,True,1
1870,-0.0008244202873767406,1.4891158711416148,10.0,-0.08229806299904519,False,0.9627721032214598,True,1
1871,-0.0008250468284086215,1.4791158711612424,10.0,-0.08255137731575227,False,0.9630221032209692,True,1
1872,-0.0008256655243840265,1.4691158711803816,10.0,-0.03225674895941448,False,0.9632721032204907,True,1
1873,-0.0008262701934972904,1.4591158711986627,10.0,-0.031425924103678005,False,0.9635221032200336,True,1
1874,-0.0008268547940945164,1.4491158712157506,10.0,-0.0300920253784582,False,0.9637721032196065,True,1
1875,-0.0008274134850397831,1.4391158712313574,10.0,-0.02830823137236277,False,0.9640221032192162,True,1
1876,-0.0008279406840778454,1.4291158712452543,10.0,-0.026145656568095997,False,0.9642721032188688,True,1
1877,-0.0008284311236101827,1.419115871257281,10.0,-0.023690516229387396,False,0.9645221032185682,True,1
1878,-0.0008288799033271018,1.409115871267351,10.0,-0.02104068926862685,False,0.9647721032183165,True,1
1879,-0.0008292825391700122,1.3991158712754568,10.0,-0.018301816121251972,False,0.9650221032181139,True,1
1880,-0.000829635008134658,1.3891158712816685,10.0,-0.015583087192668639,False,0.9652721032179586,True,1
1881,-0.0008299337884676474,1.379115871286132,10.0,-0.012992889780449518,False,0.965522103217847,True,1
1882,-0.0008301758948546504,1.3691158712890628,10.0,-0.01063448701216552,False,0.9657721032177737,True,1
1883,-0.0008303589082486679,1.3591158712907374,10.0,-0.008601901069856418,False,0.9660221032177319,True,1
1884,-0.0008304810000403565,1.3491158712914828,10.0,-0.006976164821001951,False,0.9662721032177131,True,1
1885,-0.000830540950328889,1.3391158712916624,10.0,-0.0058220912928596946,False,0.9665221032177086,True,1
1886,-0.0008305381601107963,1.3291158712916629,10.0,-0.005185689781515366,False,0.9667721032177088,True,1
1887,-0.0008304726572650154,1.3191158712918774,10.0,-0.005092331605639238,False,0.9670221032177033,True,1
1888,-0.0008303450962743301,1.309115871292691,10.0,-0.005545738632420017,False,0.9672721032176831,True,1
1889,-0.0008301567516859995,1.2991158712944646,10.0,-0.0065278348986620195,False,0.9675221032176387,True,1
1890,-0.0008299095053768978,1.289115871297521,10.0,-0.007999467243047093,False,0.9677721032175621,True,1
1891,-0.0008296058277504252,1.279115871302132,10.0,-0.009901966219606442,False,0.968022103217447,True,1
1892,-0.0008292487530530504,1.2691158713085071,10.0,-0.012159485065015041,False,0.9682721032172876,True,1
1893,-0.0008288418490571245,1.2591158713167856,10.0,-0.014682023470559285,False,0.9685221032170807,True,1
1894,-0.0008283891814128768,1.249115871327031,10.0,-0.017369015612161066,False,0.9687721032168244,True,1
1895,-0.0008278952730257836,1.2391158713392283,10.0,-0.020113339394460576,False,0.9690221032165196,True,1
1896,-0.000827365058865186,1.2291158713532846,10.0,-0.022805587071935255,False,0.9692721032161682,True,1
1897,-0.0008268038366557127,1.219115871369033,10.0,-0.025338426993674265,False,0.9695221032157743,True,1
1898,-0.000826217213944164,1.2091158713862393,10.0,-0.027610882579072817,False,0.9697721032153441,True,1
1899,-0.0008256110520707595,1.1991158714046108,10.0,-0.02953235793826571,False,0.9700221032148849,True,1
1900,-0.0008249914076045602,1.1891158714238088,10.0,-0.031026249647003075,False,0.9702721032144049,True,1
1901,-0.0008243644718282372,1.1791158714434613,10.0,-0.03203300068563637,False,0.9705221032139137,True,1
1902,-0.0008237365088768247,1.1691158714631782,10.0,-0.032512474792937535,False,0.9707721032134207,True,1
1903,-0.0008231137931485468,1.159115871482567,10.0,-0.032445556574352455,False,0.971022103212936,True,1
1904,-0.0008225025466131113,1.149115871501248,10.0,-0.0318349135755133,False,0.971272103212469,True,1
1905,-0.000821908876643842,1.13911587151887,10.0,-0.03070488993810542,False,0.9715221032120285,True,1
1906,-0.0008213387149948255,1.1291158715351244,10.0,-0.029100535878774397,False,0.9717721032116221,True,1
1907,-0.000820797758532786,1.119115871549756,10.0,-0.027085811681366218,False,0.9720221032112564,True,1
1908,-0.0008202914123158778,1.1091158715625753,10.0,-0.0247410378050006,False,0.9722721032109358,True,1
1909,-0.0008198247355881251,1.0991158715734646,10.0,-0.022159692763148397,False,0.9725221032106637,True,1
1910,-0.0008194023912291356,1.0891158715823832,10.0,-0.019444686432210936,False,0.9727721032104406,True,1
1911,-0.0008190285991641417,1.0791158715893692,10.0,-0.016704257362322904,False,0.9730221032102659,True,1
1912,-0.0008187070941999052,1.0691158715945375,10.0,-0.014047657648737765,False,0.9732721032101368,True,1
1913,-0.0008184410887077605,1.0591158715980755,10.0,-0.011580797397956609,False,0.9735221032100483,True,1
1914,-0.000818233240526664,1.0491158716002356,10.0,-0.009402022427139943,False,0.9737721032099942,True,1
1915,-0.0008180856264069433,1.0391158716013251,10.0,-0.0075981935276913486,False,0.974022103209967,True,1
1916,-0.0008179997212600922,1.0291158716016942,10.0,-0.006241223601133823,False,0.9742721032099579,True,1
1917,-0.0008179763834219473,1.0191158716017215,10.0,-0.00538521071853233,False,0.9745221032099571,True,1
1918,-0.0008180158460764707,1.0091158716017994,10.0,-0.005064281402010683,False,0.9747721032099551,True,1
1919,-0.0008181177149258642,0.9991158716023183,10.0,-0.005291230107944191,False,0.9750221032099421,True,1
1920,-0.0008182809721302516,0.9891158716036509,10.0,-0.0060570091522376265,False,0.9752721032099089,True,1
1921,-0.0008185039864776083,0.9791158716061377,10.0,-0.007331089412353489,False,0.9755221032098467,True,1
1922,-0.0008187845296822868,0.9691158716100728,10.0,-0.009062677426594924,False,0.9757721032097484,True,1
1923,-0.0008191197986493121,0.9591158716156931,10.0,-0.011182740367984174,False,0.9760221032096078,True,1
1924,-0.0008195064434819835,0.9491158716231678,10.0,-0.013606758164011778,False,0.9762721032094208,True,1
1925,-0.0008199406009529317,0.9391158716325925,10.0,-0.016238093044038802,False,0.9765221032091853,True,1
1926,-0.0008204179331042172,0.9291158716439848,10.0,-0.01897184217981952,False,0.9767721032089005,True,1
1927,-0.0008209336705907628,0.919115871657284,10.0,-0.021699019829332408,False,0.9770221032085681,True,1
1928,-0.0008214826603340803,0.9091158716723535,10.0,-0.02431090225152202,False,0.9772721032081912,True,1
1929,-0.0008220594170101292,0.899115871688986,10.0,-0.02670336217677337,False,0.9775221032077756,True,1
1930,-0.0008226581778568544,0.8891158717069118,10.0,-0.028781020030381754,False,0.9777721032073273,True,1
1931,-0.0008232729602538033,0.8791158717258096,10.0,-0.030461046412000578,False,0.9780221032068549,True,1
1932,-0.0008238976214984953,0.8691158717453197,10.0,-0.03167646424075499,False,0.9782721032063671,True,1
1933,-0.0008245259201822635,0.8591158717650577,10.0,-0.032378818916696014,False,0.9785221032058736,True,1
1934,-0.000825151578552358,0.8491158717846301,10.0,-0.03254011005036801,False,0.9787721032053843,True,1
1935,-0.0008257683452371661,0.8391158718036502,10.0,-0.03215390774711859,False,0.9790221032049089,True,1
1936,-0.0008263700577078579,0.8291158718217531,10.0,-0.031235608944096875,False,0.9792721032044562,True,1
1937,-0.0008269507038523298,0.8191158718386106,10.0,-0.029821823580107223,False,0.9795221032040349,True,1
1938,-0.0008275044820462473,0.8091158718539441,10.0,-0.02796891507036163,False,0.9797721032036515,True,1
1939,-0.0008280258591209506,0.7991158718675357,10.0,-0.025750753272435787,False,0.9800221032033116,True,1
1940,-0.0008285096256490511,0.7891158718792373,10.0,-0.023255769525430375,False,0.9802721032030192,True,1
1941,-0.00082895094799531,0.7791158718889756,10.0,-0.020583431170054314,False,0.9805221032027756,True,1
1942,-0.0008293454166127177,0.7691158718967559,10.0,-0.017840276096477963,False,0.9807721032025812,True,1
1943,-0.000829689090101237,0.7591158719026615,10.0,-0.015135665413715641,False,0.9810221032024335,True,1
1944,-0.0008299785345889648,0.7491158719068504,10.0,-0.012577423565286258,False,0.9812721032023288,True,1
1945,-0.0008302108580422496,0.7391158719095491,10.0,-0.010267539707202698,False,0.9815221032022613,True,1
1946,-0.0008303837391619358,0.7291158719110434,10.0,-0.008298101721617681,False,0.981772103202224,True,1
1947,-0.0008304954505770157,0.7191158719116674,10.0,-0.006747624961602893,False,0.9820221032022083,True,1
1948,-0.0008305448761039506,0.7091158719117895,10.0,-0.0056779220917050725,False,0.9822721032022054,True,1
1949,-0.0008305315218992146,0.6991158719117984,10.0,-0.005131638811364831,False,0.9825221032022051,True,1
1950,-0.0008304555213936059,0.6891158719120871,10.0,-0.005130553705194198,False,0.9827721032021978,True,1
1951,-0.0008303176339590571,0.6791158719130378,10.0,-0.005674709999694271,False,0.9830221032021741,True,1
1952,-0.0008301192373212402,0.6691158719150059,10.0,-0.006742413840235056,False,0.9832721032021249,True,1
1953,-0.0008298623137937837,0.6591158719183063,10.0,-0.008291099157164047,False,0.9835221032020424,True,1
1954,-0.0008295494304716564,0.6491158719232012,10.0,-0.010259024641542014,False,0.98377210320192,True,1
1955,-0.0008291837135815946,0.6391158719298886,10.0,-0.012567735177650372,False,0.9840221032017528,True,1
1956,-0.0008287688172458833,0.6291158719384956,10.0,-0.015125189601599448,False,0.9842721032015376,True,1
1957,-0.0008283088869715681,0.6191158719490724,10.0,-0.017829430094578068,False,0.9845221032012732,True,1
1958,-0.0008278085182299203,0.6091158719615908,10.0,-0.020572646920463553,False,0.9847721032009602,True,1
1959,-0.0008272727105400132,0.5991158719759453,10.0,-0.023245476462025155,False,0.9850221032006014,True,1
1960,-0.0008267068175151684,0.589115871991957,10.0,-0.025741361205678114,False,0.9852721032002011,True,1
1961,-0.0008261164933714299,0.5791158720093812,10.0,-0.027960797854869962,False,0.9855221031997654,True,1
1962,-0.0008255076364325017,0.5691158720279166,10.0,-0.029815304216016827,False,0.985772103199302,True,1
1963,-0.0008248863301956512,0.5591158720472177,10.0,-0.03123094670613359,False,0.9860221031988194,True,1
1964,-0.000824258782547412,0.5491158720669085,10.0,-0.03215128785446081,False,0.9862721031983271,True,1
1965,-0.0008236312637364385,0.5391158720865975,10.0,-0.03253963628902097,False,0.9865221031978351,True,1
1966,-0.0008230100437232517,0.5291158721058932,10.0,-0.03238050950846555,False,0.9867721031973525,True,1
1967,-0.0008224013295328674,0.5191158721244198,10.0,-0.03168025112346276,False,0.9870221031968894,True,1
1968,-0.0008218112032362561,0.5091158721418323,10.0,-0.03046677795954804,False,0.9872721031964541,True,1
1969,-0.0008212455611802988,0.4991158721578298,10.0,-0.028788467104118018,False,0.9875221031960543,True,1
1970,-0.0008207100550734408,0.4891158721721682,10.0,-0.02671222726698454,False,0.9877721031956957,True,1
1971,-0.0008202100355156878,0.47911587218466917,10.0,-0.024320831344290323,False,0.9880221031953832,True,1
1972,-0.0008197504985371813,0.4691158721952279,10.0,-0.021709616525950118,False,0.9882721031951192,True,1
1973,-0.0008193360356795098,0.45911587220381683,10.0,-0.018982683505459903,False,0.9885221031949045,True,1
1974,-0.0008189707881185521,0.4491158722104871,10.0,0.20830918978960594,True,1.0,True,1
