episode_idx,rmse_error,mean_jerk,roughness_proxy,mean_velocity,max_error,mean_kcm_intervention,steps,progress
0,0.02033318430021005,19895.56135770235,200000.0,34.58193779247297,0.05524627347036801,0.892259111115711,1149,1.0
1,0.022532018831507187,19986.017503558356,29531.032484748834,37.62457051917862,0.055197784285656845,0.9067629568810421,1056,1.0
2,0.021786192370450683,19963.898916967508,40000.0,35.84386510734982,0.0550456359728031,0.9625641575995111,1108,1.0
3,0.02568920443704373,19947.432644033302,106606.59790046338,39.200147431403224,0.06140004135126098,0.9590295818657273,1014,1.0
4,0.02680142425477476,20000.0,0.0,39.69977734162203,0.0615613229636125,0.9598362423790711,1001,1.0
