{
  "reason": "non_finite_state",
  "step": 1,
  "p4_status": {
    "kappa": 0.0,
    "kappa_los": 0.0,
    "alpha": 0.0,
    "L": 4.421768707482987,
    "theta_los": 0.0,
    "v_cap": 1000.0,
    "v_cap_w_min": 18.503401360493765,
    "v_cap_wdot_min": 57.20760827646247,
    "v_cap_wddot_min": 83.34019876545419,
    "v_cap_final": 1000.0,
    "alpha_max_ahead": 1.5707963267948966,
    "kappa_max_ahead": 0.3395692059394109,
    "v_ratio_cap": 1.0,
    "v_ratio_policy": 0.0,
    "v_ratio_exec": 0.0,
    "speed_target": 1.0,
    "turn_severity": 0.0,
    "dist_to_turn": 0.2,
    "s_lookahead": 17.687074829931948,
    "d_target": 4.421768707482987,
    "d_chosen": 4.421768707482987,
    "kappa_chosen": 0.0,
    "progress_multiplier": 1.0,
    "time_penalty": -0.01,
    "exit_boost_remaining": 0.0,
    "omega_u_policy": 0.5565950274467468,
    "omega_intent": 3.497189698502618,
    "v_u_policy": 0.0,
    "v_u_exec": 0.0,
    "v_intent": 0.0,
    "max_vel_cap_phys": 1000.0,
    "du_theta_u": 0.0,
    "du_v_u": 0.0,
    "du_l1": 0.0,
    "v_des": 0.0,
    "v_target": 0.0,
    "omega_u_exec": 0.005,
    "omega_exec": 0.031415926535897934,
    "v_exec": 0.0,
    "kappa_exec": 31.415926535897935,
    "dkappa_exec": 31.415926535897935
  },
  "trace_tail": [
    {
      "step": 1,
      "pos": [
        0.0,
        0.0
      ],
      "progress": 0.0,
      "contour_error": 0.0,
      "v_exec": 0.0,
      "omega_exec": 0.031415926535897934,
      "v_ratio_exec": 0.0,
      "v_ratio_cap": 1.0,
      "kappa_exec": 31.415926535897935,
      "dkappa_exec": 31.415926535897935,
      "alpha": 0.0
    }
  ],
  "extra": {
    "shape": [
      36
    ],
    "nan_count": 1
  }
}