timestamp,pos_x,pos_y,ref_x,ref_y,velocity,acceleration,jerk,omega,domega,jerk_proxy,contour_error,kcm_intervention,corner_mask,dist_to_corner,mode,mode_proxy,reward_components
0.001,1.999999999999e-05,2.0000000002792228e-11,1.9999999999989996e-05,0.0,0.02,20.0,20000.0,0.001,1.0,1000.0,2.0000000002792224e-11,1.999640845056908,0.0,10.0,normal,0.0,"{""progress_diff"": 4.999999999997506e-07, ""r_progress"": 9.999999999995012e-06, ""r_track"": -3.555555556548347e-21, ""r_dir"": -2.000000000559112e-12, ""r_time"": -1.0, ""r_smooth"": 0.0, ""total"": -0.999990000002}"
0.002,3.9999999999900006e-05,8.000000000220713e-11,3.9999999999900006e-05,0.0,0.02,0.0,-20000.0,0.003,2.0,1000.0,8.000000000220713e-11,0.46765750125806554,0.0,9.99998,normal,0.0,"{""progress_diff"": 4.99999999997751e-07, ""r_progress"": 9.99999999995502e-06, ""r_track"": -5.688888889202792e-20, ""r_dir"": -1.7999999999702935e-11, ""r_time"": -1.0, ""r_smooth"": 0.0, ""total"": -0.9999900000180001}"
0.003,7.999999999918001e-05,3.1999999999878677e-10,7.999999999918001e-05,0.0,0.04,20.0,20000.0,0.006,3.0,1000.0,3.199999999987867e-10,1.7060430081161067,0.0,9.99996,normal,0.0,"{""progress_diff"": 9.999999999820014e-07, ""r_progress"": 1.9999999999640026e-05, ""r_track"": -9.102222222153198e-19, ""r_dir"": -7.199999999881174e-11, ""r_time"": -1.0, ""r_smooth"": 0.0, ""total"": -0.9999800000720004}"
0.004,0.00015999999999662004,9.599999999748367e-10,0.00015999999999662004,0.0,0.08,40.0,20000.0,0.008,2.0,-1000.0,9.599999999748367e-10,2.000473239544735,0.0,9.999920000000001,normal,0.0,"{""progress_diff"": 1.9999999999360036e-06, ""r_progress"": 3.999999999872007e-05, ""r_track"": -8.191999999570548e-18, ""r_dir"": -1.279999999931506e-10, ""r_time"": -1.0, ""r_smooth"": 0.0, ""total"": -0.9999600001280012}"
0.005,0.00029999999998815,2.499999999972521e-09,0.00029999999998815,0.0,0.14,60.0,20000.0,0.011,3.0,1000.0,2.499999999972521e-09,1.239562270174329,0.0,9.999840000000003,normal,0.0,"{""progress_diff"": 3.499999999788255e-06, ""r_progress"": 6.99999999957651e-05, ""r_track"": -5.555555555433427e-17, ""r_dir"": -2.4200000000903275e-10, ""r_time"": -1.0, ""r_smooth"": 0.0, ""total"": -0.9999300002420043}"
0.006,0.00051999999996956,5.3599999999009316e-09,0.0005199999999695599,0.0,0.22000000000000003,80.0,20000.0,0.013,2.0,-1000.0,5.3599999999009316e-09,1.9998690142601947,0.0,9.999700000000011,normal,0.0,"{""progress_diff"": 5.499999999535255e-06, ""r_progress"": 0.0001099999999907051, ""r_track"": -2.553742222127821e-16, ""r_dir"": -3.3800000000211936e-10, ""r_time"": -1.0, ""r_smooth"": 0.0, ""total"": -0.9998900003380096}"
0.007,0.0008399999999382001,9.839999999812356e-09,0.0008399999999382001,0.0,0.32000000000000006,100.0,20000.0,0.013999999999999999,1.0,-1000.0,9.839999999812356e-09,1.9990281692032865,0.0,9.99948000000003,normal,0.0,"{""progress_diff"": 7.999999999216015e-06, ""r_progress"": 0.0001599999999843203, ""r_track"": -8.606719999671749e-16, ""r_dir"": -3.9200000001010995e-10, ""r_time"": -1.0, ""r_smooth"": 0.0, ""total"": -0.9998400003920166}"
0.008,0.0012799999998818802,1.6879999999519024e-08,0.00127999999988188,0.0,0.44000000000000006,120.0,20000.0,0.016,2.0,1000.0,1.6879999999519024e-08,1.1009612929747388,0.0,9.999160000000062,normal,0.0,"{""progress_diff"": 1.0999999998592014e-05, ""r_progress"": 0.00021999999997184027, ""r_track"": -2.5327502220778868e-15, ""r_dir"": -5.120000000010241e-10, ""r_time"": -1.0, ""r_smooth"": 0.0, ""total"": -0.9997800005120306}"
0.009,0.00181999999980385,2.6059999999160977e-08,0.00181999999980385,0.0,0.54,100.0,-20000.0,0.017,1.0,-1000.0,2.6059999999160977e-08,1.0081056340325623,0.0,9.998720000000118,normal,0.0,"{""progress_diff"": 1.3499999998049272e-05, ""r_progress"": 0.0002699999999609855, ""r_track"": -6.036654221833513e-15, ""r_dir"": -5.780000000105929e-10, ""r_time"": -1.0, ""r_smooth"": 0.0, ""total"": -0.9997300005780451}"
0.01,0.00243999999971426,3.659999999874988e-08,0.00243999999971426,0.0,0.62,80.0,-20000.0,0.017,0.0,-1000.0,3.659999999874988e-08,1.0089056340325622,0.0,9.998180000000197,normal,0.0,"{""progress_diff"": 1.5499999997760273e-05, ""r_progress"": 0.0003099999999552055, ""r_track"": -1.1907199999186592e-14, ""r_dir"": -5.780000000105929e-10, ""r_time"": -1.0, ""r_smooth"": 0.0, ""total"": -0.9996900005780567}"
0.011,0.0031599999996221,4.811999999826988e-08,0.003159999999622099,0.0,0.72,100.0,20000.0,0.016,-1.0,-1000.0,4.811999999826988e-08,1.9953464790894704,0.0,9.997560000000286,normal,0.0,"{""progress_diff"": 1.7999999997696006e-05, ""r_progress"": 0.00035999999995392013, ""r_track"": -2.058252799851994e-14, ""r_dir"": -5.120000000010241e-10, ""r_time"": -1.0, ""r_smooth"": 0.0, ""total"": -0.9996400005120667}"
0.012,0.00399999999953978,5.987999999803738e-08,0.003999999999539779,0.0,0.84,120.0,20000.0,0.014,-2.0,-1000.0,5.987999999803738e-08,1.9938281692032866,0.0,9.996840000000377,normal,0.0,"{""progress_diff"": 2.0999999997942017e-05, ""r_progress"": 0.00041999999995884034, ""r_track"": -3.1872127997910714e-14, ""r_dir"": -3.9200000001010995e-10, ""r_time"": -1.0, ""r_smooth"": 0.0, ""total"": -0.9995800003920731}"
0.013,0.004979999999480489,7.065999999802116e-08,0.004979999999480489,0.0,0.98,140.0,20000.0,0.011,-3.0,-1000.0,7.065999999802116e-08,1.9919507043740108,0.0,9.99600000000046,normal,0.0,"{""progress_diff"": 2.44999999985178e-05, ""r_progress"": 0.0004899999999703559, ""r_track"": -4.438076088640311e-14, ""r_dir"": -2.4200000000903275e-10, ""r_time"": -1.0, ""r_smooth"": 0.0, ""total"": -0.999510000242074}"
0.014,0.00611999999945256,7.863999999805889e-08,0.00611999999945256,0.0,1.14,160.0,20000.0,0.006999999999999999,-4.0,-1000.0,7.863999999805889e-08,1.4642856106522109,0.0,9.995020000000519,normal,0.0,"{""progress_diff"": 2.849999999930179e-05, ""r_progress"": 0.0005699999999860358, ""r_track"": -5.49711075528418e-14, ""r_dir"": -9.800000000252749e-11, ""r_time"": -1.0, ""r_smooth"": 0.0, ""total"": -0.9994300000980689}"
0.015,0.00743999999944992,8.127999999783994e-08,0.007439999999449919,0.0,1.3199999999999998,180.0,20000.0,0.001999999999999999,-5.0,-1000.0,8.127999999783994e-08,1.987118309886184,0.0,9.993880000000548,normal,0.0,"{""progress_diff"": 3.299999999993404e-05, ""r_progress"": 0.0006599999999986808, ""r_track"": -5.872389688576765e-14, ""r_dir"": -7.999999998683734e-12, ""r_time"": -1.0, ""r_smooth"": 0.0, ""total"": -0.99934000000806}"
0.016,0.008919999999438079,7.53599999976855e-08,0.008919999999438077,0.0,1.4799999999999998,160.0,-20000.0,-0.004000000000000001,-6.0,-1000.0,7.53599999976855e-08,0.24172854956204404,0.0,9.99256000000055,normal,0.0,"{""progress_diff"": 3.699999999970399e-05, ""r_progress"": 0.0007399999999940798, ""r_track"": -5.0481151996899194e-14, ""r_dir"": -3.200000000184036e-11, ""r_time"": -1.0, ""r_smooth"": 0.0, ""total"": -0.9992600000320564}"
0.017,0.010539999999340069,5.753999999771231e-08,0.010539999999340067,0.0,1.6199999999999997,140.0,-20000.0,-0.011000000000000001,-7.0,-1000.0,5.7539999997712314e-08,1.0144492956259892,0.0,9.991080000000562,normal,0.0,"{""progress_diff"": 4.049999999754979e-05, ""r_progress"": 0.0008099999999509959, ""r_track"": -2.9429791997659854e-14, ""r_dir"": -2.4200000000903275e-10, ""r_time"": -1.0, ""r_smooth"": 0.0, ""total"": -0.9991900002420784}"
0.018,0.012319999999018779,2.3719999999762728e-08,0.012319999999018777,0.0,1.7799999999999996,160.0,20000.0,-0.019000000000000003,-8.0,-1000.0,2.3719999999762728e-08,1.979176056081254,0.0,9.98946000000066,normal,0.0,"{""progress_diff"": 4.449999999196785e-05, ""r_progress"": 0.000889999999839357, ""r_track"": -5.0012302221221685e-15, ""r_dir"": -7.219999999993347e-10, ""r_time"": -1.0, ""r_smooth"": 0.0, ""total"": -0.9991100007221656}"
0.019,0.01427999999825046,-3.1159999992903554e-08,0.014279999998250456,0.0,1.9599999999999995,180.0,20000.0,-0.028000000000000004,-9.0,-1000.0,3.1159999992903554e-08,1.16863480892085,0.0,9.987680000000982,normal,0.0,"{""progress_diff"": 4.8999999980792056e-05, ""r_progress"": 0.0009799999996158411, ""r_track"": -8.63062755162444e-15, ""r_dir"": -1.5679999999907018e-09, ""r_time"": -1.0, ""r_smooth"": 0.0, ""total"": -0.9990200015683928}"
0.02,0.01643999999669094,-1.132399999731118e-07,0.01643999999669094,0.0,2.1599999999999997,200.0,20000.0,-0.038000000000000006,-10.0,-1000.0,1.132399999731118e-07,1.972352112162508,0.0,9.98572000000175,normal,0.0,"{""progress_diff"": 5.39999999610121e-05, ""r_progress"": 0.001079999999220242, ""r_track"": -1.139848675014254e-13, ""r_dir"": -2.887999999997339e-09, ""r_time"": -1.0, ""r_smooth"": 0.0, ""total"": -0.9989200028888937}"
0.021,0.018779999993881767,-2.278999999276681e-07,0.018779999993881764,0.0,2.34,180.0,-20000.0,-0.049,-11.0,-1000.0,2.278999999276681e-07,0.4480425231678306,0.0,9.983560000003308,normal,0.0,"{""progress_diff"": 5.849999992977071e-05, ""r_progress"": 0.0011699999985954142, ""r_track"": -4.616747552624988e-13, ""r_dir"": -4.802000000036805e-09, ""r_time"": -1.0, ""r_smooth"": 0.0, ""total"": -0.9988300048038663}"
0.022,0.021279999989230518,-3.803999998333146e-07,0.021279999989230514,0.0,2.5,160.0,-20000.0,-0.061,-12.0,-1000.0,3.8039999983331465e-07,0.9632370836543472,0.0,9.981220000006118,normal,0.0,"{""progress_diff"": 6.249999988371883e-05, ""r_progress"": 0.0012499999976743766, ""r_track"": -1.2862591988727626e-12, ""r_dir"": -7.442000000021658e-09, ""r_time"": -1.0, ""r_smooth"": 0.0, ""total"": -0.9987500074456119}"
0.023,0.023959999981892677,-5.787199996526616e-07,0.023959999981892677,0.0,2.68,180.0,20000.0,-0.074,-13.0,-1000.0,5.787199996526616e-07,1.9614225342111997,0.0,9.97872000001077,normal,0.0,"{""progress_diff"": 6.699999981655419e-05, ""r_progress"": 0.0013399999963310837, ""r_track"": -2.9770385599820145e-12, ""r_dir"": -1.0952000000038338e-08, ""r_time"": -1.0, ""r_smooth"": 0.0, ""total"": -0.998660010958646}"
0.024,0.026799999970896198,-8.286399993297177e-07,0.026799999970896195,0.0,2.8400000000000003,160.0,-20000.0,-0.088,-14.0,-1000.0,8.286399993297177e-07,1.0143943650079132,0.0,9.976040000018108,normal,0.0,"{""progress_diff"": 7.099999972508806e-05, ""r_progress"": 0.0014199999945017612, ""r_track"": -6.103504431014707e-12, ""r_dir"": -1.548799999995282e-08, ""r_time"": -1.0, ""r_smooth"": 0.0, ""total"": -0.9985800154996017}"
0.025,0.029779999955088787,-1.1355799987875518e-06,0.029779999955088784,0.0,2.9800000000000004,140.0,-20000.0,-0.103,-15.0,-1000.0,1.1355799987875518e-06,1.0134070408615348,0.0,9.973200000029104,normal,0.0,"{""progress_diff"": 7.449999960481484e-05, ""r_progress"": 0.0014899999920962967, ""r_track"": -1.1462594965745212e-11, ""r_dir"": -2.1218000000076744e-08, ""r_time"": -1.0, ""r_smooth"": 0.0, ""total"": -0.9985100212373663}"
0.026,0.03287999993313924,-1.5044799979175134e-06,0.03287999993313923,0.0,3.1000000000000005,120.0,-20000.0,-0.119,-16.0,-1000.0,1.5044799979175136e-06,1.0120605617720644,0.0,9.970220000044911,normal,0.0,"{""progress_diff"": 7.74999994512613e-05, ""r_progress"": 0.0015499999890252261, ""r_track"": -2.0119645014523394e-11, ""r_dir"": -2.8322000000096284e-08, ""r_time"": -1.0, ""r_smooth"": 0.0, ""total"": -0.9984500283530944}"
0.027,0.03611999990317572,-1.9451199965588888e-06,0.036119999903175715,0.0,3.2400000000000007,140.0,20000.0,-0.136,-17.0,-1000.0,1.9451199965588888e-06,1.197577664193512,0.0,9.967120000066862,normal,0.0,"{""progress_diff"": 8.099999925091216e-05, ""r_progress"": 0.0016199999850182432, ""r_track"": -3.36310382312289e-11, ""r_dir"": -3.69919999999532e-08, ""r_time"": -1.0, ""r_smooth"": 0.0, ""total"": -0.9983800370406128}"
0.028,0.03951999986285852,-2.468719994489985e-06,0.039519999862858514,0.0,3.400000000000001,160.0,20000.0,-0.15400000000000003,-18.0,-1000.0,2.468719994489985e-06,1.8453479659504326,0.0,9.963880000096824,normal,0.0,"{""progress_diff"": 8.499999899207016e-05, ""r_progress"": 0.001699999979841403, ""r_track"": -5.4174030321730056e-11, ""r_dir"": -4.7432000000129064e-08, ""r_time"": -1.0, ""r_smooth"": 0.0, ""total"": -0.9983000475063326}"
0.029,0.04309999980928561,-3.0880599914013326e-06,0.04309999980928561,0.0,3.580000000000001,180.0,20000.0,-0.17300000000000001,-19.0,-1000.0,3.088059991401333e-06,0.9876343650111178,0.0,9.960480000137142,normal,0.0,"{""progress_diff"": 8.949999866067742e-05, ""r_progress"": 0.0017899999732135484, ""r_track"": -8.476546231549868e-11, ""r_dir"": -5.985800000013893e-08, ""r_time"": -1.0, ""r_smooth"": 0.0, ""total"": -0.9982100599695519}"
0.03,0.04683999973962998,-3.809879986919734e-06,0.046839999739629976,0.0,3.740000000000001,160.0,-20000.0,-0.193,-20.0,-1000.0,3.809879986919734e-06,0.3879921284234497,0.0,9.956900000190714,normal,0.0,"{""progress_diff"": 9.349999825860938e-05, ""r_progress"": 0.0018699999651721876, ""r_track"": -1.290238712420579e-10, ""r_dir"": -7.449799999991331e-08, ""r_time"": -1.0, ""r_smooth"": 0.0, ""total"": -0.9981300746618517}"
0.031,0.050759999651539746,-4.640919980694216e-06,0.050759999651539746,0.0,3.9200000000000013,180.0,20000.0,-0.212,-19.0,1000.0,4.640919980694216e-06,1.3865179196975668,0.0,9.95316000026037,normal,0.0,"{""progress_diff"": 9.799999779774447e-05, ""r_progress"": 0.0019599999559548895, ""r_track"": -1.9145011793072716e-10, ""r_dir"": -8.988799999989735e-08, ""r_time"": -1.0, ""r_smooth"": 0.0, ""total"": -0.9980400901234953}"
0.032,0.054879999540662305,-5.596759972119735e-06,0.0548799995406623,0.0,4.120000000000001,200.0,20000.0,-0.23199999999999998,-20.0,-1000.0,5.596759972119735e-06,1.9218760532026802,0.0,9.94924000034846,normal,0.0,"{""progress_diff"": 0.0001029999972280639, ""r_progress"": 0.002059999944561278, ""r_track"": -2.784330860935262e-10, ""r_dir"": -1.0764800000000926e-07, ""r_time"": -1.0, ""r_smooth"": 0.0, ""total"": -0.9979401079818718}"
0.033,0.05921999940176278,-6.694779960405166e-06,0.05921999940176277,0.0,4.340000000000001,220.0,20000.0,-0.253,-21.0,-1000.0,6.694779960405166e-06,1.6387175369618374,0.0,9.945120000459339,normal,0.0,"{""progress_diff"": 0.00010849999652751195, ""r_progress"": 0.002169999930550239, ""r_track"": -3.98400699717712e-10, ""r_dir"": -1.2801799999983472e-07, ""r_time"": -1.0, ""r_smooth"": 0.0, ""total"": -0.9978301284858505}"
0.034,0.06379999922858152,-7.954279944529318e-06,0.06379999922858152,0.0,4.580000000000001,240.0,20000.0,-0.275,-22.0,-1000.0,7.954279944529318e-06,1.514821819742136,0.0,9.940780000598238,normal,0.0,"{""progress_diff"": 0.00011449999567046893, ""r_progress"": 0.0022899999134093785, ""r_track"": -5.624050616528118e-10, ""r_dir"": -1.5124999999978348e-07, ""r_time"": -1.0, ""r_smooth"": 0.0, ""total"": -0.9977101518989957}"
0.035,0.06859999901545193,-9.38467992335801e-06,0.06859999901545193,0.0,4.800000000000001,220.0,-20000.0,-0.29800000000000004,-23.0,-1000.0,9.38467992335801e-06,1.0005718269586152,0.0,9.936200000771418,normal,0.0,"{""progress_diff"": 0.0001199999946717603, ""r_progress"": 0.002399999893435206, ""r_track"": -7.828641534567014e-10, ""r_dir"": -1.7760799999989207e-07, ""r_time"": -1.0, ""r_smooth"": 0.0, ""total"": -0.997600178497429}"
0.036,0.07363999875416825,-1.1007559895314346e-05,0.07363999875416824,0.0,5.040000000000001,240.0,20000.0,-0.32200000000000006,-24.0,-1000.0,1.1007559895314346e-05,1.4156219581016314,0.0,9.931400000984548,normal,0.0,"{""progress_diff"": 0.00012599999346790789, ""r_progress"": 0.0025199998693581577, ""r_track"": -1.0770344431016246e-09, ""r_dir"": -2.0736800000020028e-07, ""r_time"": -1.0, ""r_smooth"": 0.0, ""total"": -0.9974802085756763}"
0.037,0.07893999843508441,-1.2846659858407497e-05,0.0789399984350844,0.0,5.300000000000001,260.0,20000.0,-0.3470000000000001,-25.0,-1000.0,1.2846659858407497e-05,1.326483141325176,0.0,9.926360001245833,normal,0.0,"{""progress_diff"": 0.00013249999202290426, ""r_progress"": 0.002649999840458085, ""r_track"": -1.4669926179343871e-09, ""r_dir"": -2.4081800000013495e-07, ""r_time"": -1.0, ""r_smooth"": 0.0, ""total"": -0.9973502424445345}"
0.038,0.08451999804691451,-1.4927999810146035e-05,0.08451999804691451,0.0,5.580000000000001,280.0,20000.0,-0.3730000000000001,-26.0,-1000.0,1.4927999810146035e-05,0.7628346311611103,0.0,9.921060001564916,normal,0.0,"{""progress_diff"": 0.0001394999902957529, ""r_progress"": 0.0027899998059150583, ""r_track"": -1.980846029615289e-09, ""r_dir"": -2.782580000002667e-07, ""r_time"": -1.0, ""r_smooth"": 0.0, ""total"": -0.9972102804329309}"
0.039,0.09035999757971452,-1.7263999747852447e-05,0.09035999757971451,0.0,5.840000000000001,260.0,-20000.0,-0.40000000000000013,-27.0,-1000.0,1.7263999747852447e-05,0.7540407580919162,0.0,9.915480001953085,normal,0.0,"{""progress_diff"": 0.00014599998832000045, ""r_progress"": 0.002919999766400009, ""r_track"": -2.6492949981675497e-09, ""r_dir"": -3.199999999999295e-07, ""r_time"": -1.0, ""r_smooth"": 0.0, ""total"": -0.9970803228828949}"
0.04,0.09643999702283518,-1.9866239668403554e-05,0.09643999702283518,0.0,6.080000000000001,240.0,-20000.0,-0.42800000000000016,-28.0,-1000.0,1.9866239668403554e-05,0.9926816843566688,0.0,9.909640002420286,normal,0.0,"{""progress_diff"": 0.00015199998607801687, ""r_progress"": 0.0030399997215603373, ""r_track"": -3.5081553649995644e-09, ""r_dir"": -3.6636799999978243e-07, ""r_time"": -1.0, ""r_smooth"": 0.0, ""total"": -0.996960370154595}"
0.041,0.10277999636078386,-2.2763619567550623e-05,0.10277999636078386,0.0,6.340000000000001,260.0,20000.0,-0.4570000000000002,-29.0,-1000.0,2.2763619567550623e-05,1.6242579031957245,0.0,9.903560002977164,normal,0.0,"{""progress_diff"": 0.0001584999834487173, ""r_progress"": 0.003169999668974346, ""r_track"": -4.606065562810431e-09, ""r_dir"": -4.1769799999987145e-07, ""r_time"": -1.0, ""r_smooth"": 0.0, ""total"": -0.9968304226350913}"
0.042,0.10939999558218913,-2.597431944167679e-05,0.10939999558218912,0.0,6.620000000000001,280.0,20000.0,-0.4850000000000002,-28.0,1000.0,2.597431944167679e-05,1.4057443187710292,0.0,9.897220003639216,normal,0.0,"{""progress_diff"": 0.00016549998053513133, ""r_progress"": 0.0033099996107026266, ""r_track"": -5.9970246262957245e-09, ""r_dir"": -4.704499999997025e-07, ""r_time"": -1.0, ""r_smooth"": 0.0, ""total"": -0.996690476836322}"
0.043,0.11631999467517092,-2.9517359286879482e-05,0.1163199946751709,0.0,6.920000000000001,300.0,20000.0,-0.5120000000000002,-27.0,1000.0,2.9517359286879482e-05,0.3756768228979625,0.0,9.890600004417811,normal,0.0,"{""progress_diff"": 0.00017299997732454515, ""r_progress"": 0.003459999546490903, ""r_track"": -7.744662215739827e-09, ""r_dir"": -5.242880000001392e-07, ""r_time"": -1.0, ""r_smooth"": 0.0, ""total"": -0.9965405324861714}"
0.044,0.12355999361957894,-3.342695909687282e-05,0.12355999361957892,0.0,7.240000000000001,320.0,20000.0,-0.5400000000000003,-28.0,-1000.0,3.342695909687282e-05,1.8416563307303766,0.0,9.883680005324829,normal,0.0,"{""progress_diff"": 0.00018099997361020054, ""r_progress"": 0.0036199994722040107, ""r_track"": -9.932103061902297e-09, ""r_dir"": -5.831999999999675e-07, ""r_time"": -1.0, ""r_smooth"": 0.0, ""total"": -0.9963805936598991}"
0.045,0.131099992399,-3.771721886536999e-05,0.13109999239899997,0.0,7.540000000000001,300.0,-20000.0,-0.5690000000000003,-29.0,-1000.0,3.771721886536999e-05,0.9848408373807116,0.0,9.87644000638042,normal,0.0,"{""progress_diff"": 0.00018849996948552654, ""r_progress"": 0.0037699993897105308, ""r_track"": -1.2645231990561973e-08, ""r_dir"": -6.475220000000949e-07, ""r_time"": -1.0, ""r_smooth"": 0.0, ""total"": -0.9962306607775214}"
0.046,0.1389599909889121,-4.242535858382082e-05,0.13895999098891207,0.0,7.860000000000001,320.0,20000.0,-0.5990000000000003,-30.0,-1000.0,4.242535858382082e-05,1.1166272094622527,0.0,9.868900007601,normal,0.0,"{""progress_diff"": 0.00019649996474780263, ""r_progress"": 0.003929999294956053, ""r_track"": -1.5999209341918035e-08, ""r_dir"": -7.176019999995068e-07, ""r_time"": -1.0, ""r_smooth"": 0.0, ""total"": -0.9960707343062533}"
0.047,0.14711998936956017,-4.756615824375797e-05,0.14711998936956014,0.0,8.160000000000002,300.0,-20000.0,-0.6300000000000003,-31.0,-1000.0,4.756615824375797e-05,0.36266120703435684,0.0,9.861040009011088,normal,0.0,"{""progress_diff"": 0.00020399995951620202, ""r_progress"": 0.00407999919032404, ""r_track"": -2.0111461422846443e-08, ""r_dir"": -7.938000000003288e-07, ""r_time"": -1.0, ""r_smooth"": 0.0, ""total"": -0.9959208147211374}"
0.048,0.1555999875114057,-5.317991783372659e-05,0.1555999875114057,0.0,8.480000000000002,320.0,20000.0,-0.6620000000000004,-32.0,-1000.0,5.317991783372659e-05,1.7793910505407495,0.0,9.85288001063044,normal,0.0,"{""progress_diff"": 0.00021199995354613923, ""r_progress"": 0.0042399990709227845, ""r_track"": -2.5138699207128108e-08, ""r_dir"": -8.764880000004302e-07, ""r_time"": -1.0, ""r_smooth"": 0.0, ""total"": -0.9957609025557764}"
0.049,0.16437998539092602,-5.928201734248116e-05,0.16437998539092602,0.0,8.780000000000003,300.0,-20000.0,-0.6950000000000004,-33.0,-1000.0,5.928201734248116e-05,0.9771873145511327,0.0,9.844400012488594,normal,0.0,"{""progress_diff"": 0.000219499946988009, ""r_progress"": 0.00438999893976018, ""r_track"": -3.1238734046171006e-08, ""r_dir"": -9.660499999996947e-07, ""r_time"": -1.0, ""r_smooth"": 0.0, ""total"": -0.9956109983489738}"
0.05,0.1734399829834984,-6.588675675747807e-05,0.1734399829834984,0.0,9.060000000000002,280.0,-20000.0,-0.7290000000000004,-34.0,-1000.0,6.588675675747807e-05,0.9745760464860083,0.0,9.835620014609074,normal,0.0,"{""progress_diff"": 0.0002264999398143095, ""r_progress"": 0.00452999879628619, ""r_track"": -3.858724192016962e-08, ""r_dir"": -1.0628820000005882e-06, ""r_time"": -1.0, ""r_smooth"": 0.0, ""total"": -0.9954711026729557}"
0.051,0.18279998025180125,-7.303779606180781e-05,0.18279998025180122,0.0,9.360000000000003,300.0,20000.0,-0.7640000000000005,-35.0,-1000.0,7.303779606180781e-05,1.784805623477792,0.0,9.8265600170165,normal,0.0,"{""progress_diff"": 0.00023399993170757083, ""r_progress"": 0.004679998634151417, ""r_track"": -4.741795247614426e-08, ""r_dir"": -1.1673920000006385e-06, ""r_time"": -1.0, ""r_smooth"": 0.0, ""total"": -0.995321216175801}"
0.052,0.19247997715420143,-8.078179523578031e-05,0.1924799771542014,0.0,9.680000000000003,320.0,20000.0,-0.8000000000000005,-36.0,-1000.0,8.078179523578031e-05,1.7758760455264835,0.0,9.8172000197482,normal,0.0,"{""progress_diff"": 0.00024199992256000464, ""r_progress"": 0.004839998451200093, ""r_track"": -5.800620836902702e-08, ""r_dir"": -1.279999999999718e-06, ""r_time"": -1.0, ""r_smooth"": 0.0, ""total"": -0.9951613395550083}"
0.053,0.20249997364435093,-8.9168534256534e-05,0.20249997364435093,0.0,10.020000000000003,340.0,20000.0,-0.8370000000000005,-37.0,-1000.0,8.9168534256534e-05,0.9354861335091587,0.0,9.807520022845798,normal,0.0,"{""progress_diff"": 0.0002504999122537391, ""r_progress"": 0.0050099982450747815, ""r_track"": -7.067580001296603e-08, ""r_dir"": -1.4011380000006651e-06, ""r_time"": -1.0, ""r_smooth"": 0.0, ""total"": -0.9949914735687252}"
0.054,0.21287996967075745,-9.825103309757109e-05,0.21287996967075745,0.0,10.380000000000003,360.0,20000.0,-0.8750000000000006,-38.0,-1000.0,9.825103309757109e-05,1.254397733729757,0.0,9.79750002635565,normal,0.0,"{""progress_diff"": 0.0002594999006601635, ""r_progress"": 0.0051899980132032696, ""r_track"": -8.580680448657784e-08, ""r_dir"": -1.5312500000006342e-06, ""r_time"": -1.0, ""r_smooth"": 0.0, ""total"": -0.9948116190436013}"
0.055,0.22363996517632728,-0.00010808567172826648,0.22363996517632728,0.0,10.760000000000003,380.0,20000.0,-0.9140000000000006,-39.0,-1000.0,0.00010808567172826648,1.7469323820140077,0.0,9.787120030329243,normal,0.0,"{""progress_diff"": 0.00026899988763924576, ""r_progress"": 0.005379997752784915, ""r_track"": -1.0384455495956074e-07, ""r_dir"": -1.6707919999994858e-06, ""r_time"": -1.0, ""r_smooth"": 0.0, ""total"": -0.9946217768837701}"
0.056,0.23475996011608272,-0.00011869415011911001,0.23475996011608272,0.0,11.120000000000003,360.0,-20000.0,-0.9540000000000006,-40.0,-1000.0,0.00011869415011911001,0.9593661842903318,0.0,9.776360034823673,normal,0.0,"{""progress_diff"": 0.00027799987349388586, ""r_progress"": 0.005559997469877717, ""r_track"": -1.2522934464442507e-07, ""r_dir"": -1.8202320000004633e-06, ""r_time"": -1.0, ""r_smooth"": 0.0, ""total"": -0.9944419479914669}"
0.057,0.24625995442343945,-0.00013013664823105083,0.24625995442343945,0.0,11.500000000000004,380.0,20000.0,-0.9950000000000007,-41.0,-1000.0,0.00013013664823105083,1.726640831623564,0.0,9.765240039883917,normal,0.0,"{""progress_diff"": 0.00028749985768391877, ""r_progress"": 0.005749997153678375, ""r_track"": -1.505381974472201e-07, ""r_dir"": -1.980050000000315e-06, ""r_time"": -1.0, ""r_smooth"": 0.0, ""total"": -0.9942521334345191}"
0.058,0.25811994804650185,-0.0001424354660267581,0.25811994804650185,0.0,11.860000000000003,360.0,-20000.0,-1.0370000000000006,-42.0,-1000.0,0.0001424354660267581,0.9535563240137045,0.0,9.75374004557656,normal,0.0,"{""progress_diff"": 0.00029649984057656103, ""r_progress"": 0.005929996811531221, ""r_track"": -1.8033655095342006e-07, ""r_dir"": -2.150738000000733e-06, ""r_time"": -1.0, ""r_smooth"": 0.0, ""total"": -0.9940723342630198}"
0.059,0.2703199409577901,-0.00015558706347954923,0.2703199409577901,0.0,12.200000000000003,340.0,-20000.0,-1.0780000000000005,-41.0,1000.0,0.00015558706347954923,0.35796552924052666,0.0,9.741880051953498,normal,0.0,"{""progress_diff"": 0.0003049998227822063, ""r_progress"": 0.0060999964556441265, ""r_track"": -2.1517630508612693e-07, ""r_dir"": -2.3241680000005795e-06, ""r_time"": -1.0, ""r_smooth"": 0.0, ""total"": -0.993902542888661}"
0.06,0.2828799330801589,-0.00016965426053856412,0.2828799330801589,0.0,12.560000000000002,360.0,20000.0,-1.1200000000000006,-42.0,-1000.0,0.00016965426053856412,1.696146463737077,0.0,9.72968005904221,normal,0.0,"{""progress_diff"": 0.0003139998030592204, ""r_progress"": 0.006279996061184408, ""r_track"": -2.5584504994566214e-07, ""r_dir"": -2.5087999999990496e-06, ""r_time"": -1.0, ""r_smooth"": 0.0, ""total"": -0.9937227685838655}"
0.061,0.2958199243290385,-0.00018470347714604661,0.2958199243290385,0.0,12.940000000000003,380.0,20000.0,-1.1630000000000005,-43.0,-1000.0,0.00018470347714604661,1.2029073574585398,0.0,9.717120066919842,normal,0.0,"{""progress_diff"": 0.0003234997812219904, ""r_progress"": 0.006469995624439808, ""r_track"": -3.032477730652459e-07, ""r_dir"": -2.705138000000117e-06, ""r_time"": -1.0, ""r_smooth"": 0.0, ""total"": -0.9935330127613332}"
0.062,0.3091199146409938,-0.00020075657324822256,0.3091199146409938,0.0,13.300000000000002,360.0,-20000.0,-1.2070000000000005,-44.0,-1000.0,0.00020075657324822259,0.8844329274136682,0.0,9.704180075670962,normal,0.0,"{""progress_diff"": 0.00033249975779888353, ""r_progress"": 0.006649995155977671, ""r_track"": -3.5825068179883514e-07, ""r_dir"": -2.9136979999997977e-06, ""r_time"": -1.0, ""r_smooth"": 0.0, ""total"": -0.9933532767927041}"
0.063,0.3227999039534952,-0.0002178565687951006,0.3227999039534952,0.0,13.680000000000003,380.0,20000.0,-1.2500000000000004,-43.0,1000.0,0.0002178565687951006,1.2678793623060314,0.0,9.690880085359007,normal,0.0,"{""progress_diff"": 0.00034199973281253543, ""r_progress"": 0.006839994656250709, ""r_track"": -4.218798628193279e-07, ""r_dir"": -3.125000000000977e-06, ""r_time"": -1.0, ""r_smooth"": 0.0, ""total"": -0.9931635522236121}"
0.064,0.33687989216546743,-0.0002360760837105328,0.33687989216546743,0.0,14.080000000000004,400.0,20000.0,-1.2940000000000005,-44.0,-1000.0,0.0002360760837105328,1.6532535036390872,0.0,9.677200096046505,normal,0.0,"{""progress_diff"": 0.0003519997052993055, ""r_progress"": 0.00703999410598611, ""r_track"": -4.953948204453555e-07, ""r_dir"": -3.3488720000006644e-06, ""r_time"": -1.0, ""r_smooth"": 0.0, ""total"": -0.9929638501608343}"
0.065,0.35133987920265053,-0.0002554380179247981,0.35133987920265053,0.0,14.460000000000004,380.0,-20000.0,-1.3390000000000004,-45.0,-1000.0,0.0002554380179247981,0.4105928314395151,0.0,9.663120107834533,normal,0.0,"{""progress_diff"": 0.00036149967592957917, ""r_progress"": 0.007229993518591583, ""r_track"": -5.799873866786621e-07, ""r_dir"": -3.5858420000010774e-06, ""r_time"": -1.0, ""r_smooth"": 0.0, ""total"": -0.9927741723107951}"
0.066,0.3661998649913735,-0.000275989391373401,0.3661998649913735,0.0,14.860000000000005,400.0,20000.0,-1.3830000000000005,-44.0,1000.0,0.000275989391373401,0.5439548669235327,0.0,9.648660120797349,normal,0.0,"{""progress_diff"": 0.0003714996447180749, ""r_progress"": 0.007429992894361498, ""r_track"": -6.770679480058693e-07, ""r_dir"": -3.825378000000742e-06, ""r_time"": -1.0, ""r_smooth"": 0.0, ""total"": -0.9925745095515865}"
0.067,0.3814798494120104,-0.0002978092239576268,0.3814798494120104,0.0,15.280000000000005,420.0,20000.0,-1.4280000000000004,-45.0,-1000.0,0.0002978092239576268,1.002779951237155,0.0,9.633800135008627,normal,0.0,"{""progress_diff"": 0.0003819996105159217, ""r_progress"": 0.0076399922103184345, ""r_track"": -7.883585233266127e-07, ""r_dir"": -4.078368000001181e-06, ""r_time"": -1.0, ""r_smooth"": 0.0, ""total"": -0.9923648745162049}"
0.068,0.39715983237823366,-0.00032092153558836353,0.3971598323782336,0.0,15.680000000000005,400.0,-20000.0,-1.4740000000000004,-46.0,-1000.0,0.0003209215355883635,0.9222056138825463,0.0,9.61852015058799,normal,0.0,"{""progress_diff"": 0.00039199957415558123, ""r_progress"": 0.007839991483111625, ""r_track"": -9.154722844834956e-07, ""r_dir"": -4.345351999999855e-06, ""r_time"": -1.0, ""r_smooth"": 0.0, ""total"": -0.9921652693411729}"
0.069,0.4132598138039812,-0.0003453774261836004,0.4132598138039812,0.0,16.100000000000005,420.0,20000.0,-1.5190000000000003,-45.0,1000.0,0.0003453774261836004,1.4660540742204988,0.0,9.602840167621766,normal,0.0,"{""progress_diff"": 0.00040249953564368973, ""r_progress"": 0.008049990712873795, ""r_track"": -1.0603161468196297e-06, ""r_dir"": -4.6147220000002925e-06, ""r_time"": -1.0, ""r_smooth"": 0.0, ""total"": -0.991955684325273}"
0.07,0.4297597935978791,-0.0003711999156427466,0.4297597935978791,0.0,16.500000000000004,400.0,-20000.0,-1.5650000000000004,-46.0,-1000.0,0.00037119991564274664,0.9159225140611837,0.0,9.58674018619602,normal,0.0,"{""progress_diff"": 0.00041249949484744794, ""r_progress"": 0.008249989896948959, ""r_track"": -1.2247944655393972e-06, ""r_dir"": -4.898449999998852e-06, ""r_time"": -1.0, ""r_smooth"": 0.0, ""total"": -0.9917561333475166}"
0.071,0.44663977166617247,-0.0003984104638581114,0.44663977166617247,0.0,16.880000000000003,380.0,-20000.0,-1.6120000000000003,-47.0,-1000.0,0.0003984104638581114,0.9122422317358647,0.0,9.57024020640212,normal,0.0,"{""progress_diff"": 0.00042199945170733576, ""r_progress"": 0.008439989034146715, ""r_track"": -1.4109413129923152e-06, ""r_dir"": -5.197088000001089e-06, ""r_time"": -1.0, ""r_smooth"": 0.0, ""total"": -0.9915666189951663}"
0.072,0.46391974785779394,-0.0004270952506841445,0.46391974785779394,0.0,17.28,400.0,20000.0,-1.6600000000000004,-48.0,-1000.0,0.0004270952506841445,1.5630027944674536,0.0,9.553360228333828,normal,0.0,"{""progress_diff"": 0.0004319994047905368, ""r_progress"": 0.008639988095810736, ""r_track"": -1.6214253613951312e-06, ""r_dir"": -5.51120000000144e-06, ""r_time"": -1.0, ""r_smooth"": 0.0, ""total"": -0.9913671445295507}"
0.073,0.4816197220097734,-0.00045734453595938667,0.4816197220097734,0.0,17.700000000000003,420.0,20000.0,-1.7090000000000003,-49.0,-1000.0,0.00045734453595938667,1.5510042022559507,0.0,9.536080252142206,normal,0.0,"{""progress_diff"": 0.00044249935379948695, ""r_progress"": 0.008849987075989739, ""r_track"": -1.8592357739725046e-06, ""r_dir"": -5.8413619999997305e-06, ""r_time"": -1.0, ""r_smooth"": 0.0, ""total"": -0.9911577135217843}"
0.074,0.49975969394646597,-0.0004892527795049296,0.49975969394646597,0.0,18.140000000000004,440.0,20000.0,-1.7590000000000003,-50.0,-1000.0,0.0004892527795049296,0.72308301477848,0.0,9.518380277990227,normal,0.0,"{""progress_diff"": 0.00045349929841731473, ""r_progress"": 0.009069985968346295, ""r_track"": -2.1277180644737712e-06, ""r_dir"": -6.188161999998903e-06, ""r_time"": -1.0, ""r_smooth"": 0.0, ""total"": -0.9909383299117182}"
0.075,0.518359663546039,-0.0005228815611836042,0.518359663546039,0.0,18.600000000000005,460.0,20000.0,-1.8080000000000003,-49.0,1000.0,0.0005228815611836042,2.1017521371101466,0.0,9.500240306053534,normal,0.0,"{""progress_diff"": 0.0004649992399893277, ""r_progress"": 0.009299984799786554, ""r_track"": -2.430267795784918e-06, ""r_dir"": -6.53772800000023e-06, ""r_time"": -1.0, ""r_smooth"": 0.0, ""total"": -0.9907089831960092}"
0.076,0.5373996307521617,-0.0005582197808951247,0.5373996307521617,0.0,19.040000000000006,440.0,-20000.0,-1.8560000000000003,-48.0,1000.0,0.0005582197808951247,0.23678160752827712,0.0,9.48164033645396,normal,0.0,"{""progress_diff"": 0.00047599918015306733, ""r_progress"": 0.009519983603061347, ""r_track"": -2.7698606558453427e-06, ""r_dir"": -6.889472000000593e-06, ""r_time"": -1.0, ""r_smooth"": 0.0, ""total"": -0.9904896757295945}"
0.077,0.5568995953691787,-0.0005953672584269244,0.5568995953691787,0.0,19.500000000000007,460.0,20000.0,-1.9050000000000002,-49.0,-1000.0,0.0005953672584269244,1.3463413695122344,0.0,9.462600369247838,normal,0.0,"{""progress_diff"": 0.00048749911542542504, ""r_progress"": 0.0097499823085085, ""r_track"": -3.150774865838153e-06, ""r_dir"": -7.258049999998655e-06, ""r_time"": -1.0, ""r_smooth"": 0.0, ""total"": -0.9902604265163574}"
0.078,0.5768795572652429,-0.0006343881736212564,0.5768795572652429,0.0,19.980000000000008,480.0,20000.0,-1.9530000000000003,-48.0,1000.0,0.0006343881736212564,0.8733218101458556,0.0,9.44310040463082,normal,0.0,"{""progress_diff"": 0.0004994990474016057, ""r_progress"": 0.009989980948032114, ""r_track"": -3.5773187096045634e-06, ""r_dir"": -7.628417999998996e-06, ""r_time"": -1.0, ""r_smooth"": 0.0, ""total"": -0.9900212247886775}"
0.079,0.5973595162232956,-0.0006753891062325945,0.5973595162232956,0.0,20.480000000000008,500.0,20000.0,-2.0020000000000002,-49.0,-1000.0,0.0006753891062325944,1.3835387882020287,0.0,9.423120442734756,normal,0.0,"{""progress_diff"": 0.0005119989739513203, ""r_progress"": 0.010239979479026405, ""r_track"": -4.054670620601446e-06, ""r_dir"": -8.016008000000475e-06, ""r_time"": -1.0, ""r_smooth"": 0.0, ""total"": -0.9897720911995942}"
0.08,0.6183594720109191,-0.0007184810759913236,0.6183594720109191,0.0,21.000000000000007,520.0,20000.0,-2.052,-50.0,-1000.0,0.0007184810759913236,1.4634140567754308,0.0,9.402640483776704,normal,0.0,"{""progress_diff"": 0.0005249988946905877, ""r_progress"": 0.010499977893811754, ""r_track"": -4.588578280512445e-06, ""r_dir"": -8.42140799999953e-06, ""r_time"": -1.0, ""r_smooth"": 0.0, ""total"": -0.9895130320924688}"
0.081,0.6398594245582758,-0.0007636525427586536,0.6398594245582758,0.0,21.500000000000007,500.0,-20000.0,-2.101,-49.0,1000.0,0.0007636525427586535,1.3728036295217656,0.0,9.38164052798908,normal,0.0,"{""progress_diff"": 0.000537498813683918, ""r_progress"": 0.010749976273678359, ""r_track"": -5.183690720548951e-06, ""r_dir"": -8.828402000001097e-06, ""r_time"": -1.0, ""r_smooth"": 0.0, ""total"": -0.9892640358190422}"
0.082,0.6618793736172165,-0.0008110175262339088,0.6618793736172165,0.0,22.020000000000007,520.0,20000.0,-2.151,-50.0,-1000.0,0.0008110175262339088,0.4060785541441048,0.0,9.360140575441724,normal,0.0,"{""progress_diff"": 0.0005504987264735167, ""r_progress"": 0.011009974529470334, ""r_track"": -5.846661580965057e-06, ""r_dir"": -9.25360200000012e-06, ""r_time"": -1.0, ""r_smooth"": 0.0, ""total"": -0.9890051257341106}"
0.083,0.6844393189227295,-0.0008606946060881497,0.6844393189227295,0.0,22.560000000000006,540.0,20000.0,-2.202,-51.0,-1000.0,0.0008606946060881497,1.4239408153116464,0.0,9.338120626382784,normal,0.0,"{""progress_diff"": 0.0005639986326378271, ""r_progress"": 0.011279972652756542, ""r_track"": -6.584846266215424e-06, ""r_dir"": -9.697608000000329e-06, ""r_time"": -1.0, ""r_smooth"": 0.0, ""total"": -0.9887363098015097}"
0.084,0.7075592601919893,-0.0009128070419617842,0.7075592601919893,0.0,23.120000000000005,560.0,20000.0,-2.254,-52.0,-1000.0,0.000912807041961784,1.4100647582708679,0.0,9.31556068107727,normal,0.0,"{""progress_diff"": 0.0005779985317314953, ""r_progress"": 0.011559970634629907, ""r_track"": -7.40637062982242e-06, ""r_dir"": -1.0161032000001807e-05, ""r_time"": -1.0, ""r_smooth"": 0.0, ""total"": -0.9884575967679999}"
0.085,0.731259197232671,-0.0009674354935880274,0.731259197232671,0.0,23.700000000000003,580.0,20000.0,-2.305,-51.0,1000.0,0.0009674354935880274,0.3834560194638732,0.0,9.292440739808011,normal,0.0,"{""progress_diff"": 0.0005924984260170414, ""r_progress"": 0.011849968520340828, ""r_track"": -8.319390526701424e-06, ""r_dir"": -1.0626049999997967e-05, ""r_time"": -1.0, ""r_smooth"": 0.0, ""total"": -0.9881689769201859}"
0.086,0.7555591297339969,-0.001024710540556558,0.7555591297339969,0.0,24.300000000000004,600.0,20000.0,-2.357,-52.0,-1000.0,0.001024710540556558,1.3531568442793447,0.0,9.26874080276733,normal,0.0,"{""progress_diff"": 0.0006074983125331501, ""r_progress"": 0.012149966250663002, ""r_track"": -9.33361503935745e-06, ""r_dir"": -1.1110897999999458e-05, ""r_time"": -1.0, ""r_smooth"": 0.0, ""total"": -0.9878704782623764}"
0.087,0.7804390574812679,-0.001084671282513516,0.7804390574812679,0.0,24.880000000000003,580.0,-20000.0,-2.41,-53.0,-1000.0,0.001084671282513516,0.6024833389338107,0.0,9.244440870266002,normal,0.0,"{""progress_diff"": 0.0006219981936817741, ""r_progress"": 0.012439963873635482, ""r_track"": -1.0457882587640137e-05, ""r_dir"": -1.1616199999998083e-05, ""r_time"": -1.0, ""r_smooth"": 0.0, ""total"": -0.9875821102089521}"
0.088,0.8059189801329959,-0.0011474539389847841,0.8059189801329959,0.0,25.480000000000004,600.0,20000.0,-2.464,-54.0,-1000.0,0.0011474539389847841,1.3530422202215697,0.0,9.219560942518733,normal,0.0,"{""progress_diff"": 0.0006369980662932033, ""r_progress"": 0.012739961325864066, ""r_track"": -1.1703560374148413e-05, ""r_dir"": -1.2142591999998026e-05, ""r_time"": -1.0, ""r_smooth"": 0.0, ""total"": -0.9872838848265101}"
0.089,0.8320188974575181,-0.0012131475696200464,0.8320188974575181,0.0,26.100000000000005,620.0,20000.0,-2.517,-53.0,1000.0,0.0012131475696200464,0.9873020514775714,0.0,9.194081019867005,normal,0.0,"{""progress_diff"": 0.0006524979331130575, ""r_progress"": 0.013049958662261149, ""r_track"": -1.3082018006000224e-05, ""r_dir"": -1.2670578000001032e-05, ""r_time"": -1.0, ""r_smooth"": 0.0, ""total"": -0.9869757939337449}"
0.09,0.8587588090813186,-0.0012818960338816295,0.8587588090813186,0.0,26.740000000000006,640.0,20000.0,-2.5709999999999997,-54.0,-1000.0,0.0012818960338816297,0.798351868414924,0.0,9.167981102542482,normal,0.0,"{""progress_diff"": 0.0006684977905950136, ""r_progress"": 0.013369955811900272, ""r_track"": -1.4606732814946243e-05, ""r_dir"": -1.3220082000001038e-05, ""r_time"": -1.0, ""r_smooth"": 0.0, ""total"": -0.9866578710029147}"
0.091,0.8861187147457892,-0.0013537433113065716,0.8861187147457892,0.0,27.360000000000007,620.0,-20000.0,-2.626,-55.0,-1000.0,0.0013537433113065716,0.855659119440683,0.0,9.14124119091868,normal,0.0,"{""progress_diff"": 0.0006839976416117624, ""r_progress"": 0.013679952832235248, ""r_track"": -1.62899640258425e-05, ""r_dir"": -1.3791751999997848e-05, ""r_time"": -1.0, ""r_smooth"": 0.0, ""total"": -0.9863501288837906}"
0.092,0.9141186140421136,-0.001428839221277466,0.9141186140421136,0.0,28.000000000000007,640.0,20000.0,-2.682,-56.0,-1000.0,0.0014288392212774659,1.1802521459814186,0.0,9.11388128525421,normal,0.0,"{""progress_diff"": 0.0006999974824081143, ""r_progress"": 0.013999949648162285, ""r_track"": -1.8147391291207068e-05, ""r_dir"": -1.4386248000000785e-05, ""r_time"": -1.0, ""r_smooth"": 0.0, ""total"": -0.9860325839911289}"
0.093,0.9427785065367869,-0.0015073388631250796,0.9427785065367869,0.0,28.660000000000007,660.0,20000.0,-2.739,-57.0,-1000.0,0.0015073388631250796,1.2774746108712987,0.0,9.085881385957887,normal,0.0,"{""progress_diff"": 0.0007164973123668303, ""r_progress"": 0.014329946247336606, ""r_track"": -2.0196181762552957e-05, ""r_dir"": -1.5004242000000514e-05, ""r_time"": -1.0, ""r_smooth"": 0.0, ""total"": -0.985705254176426}"
0.094,0.9721183919344547,-0.0015893440563538757,0.9721183919344547,0.0,29.340000000000007,680.0,20000.0,-2.795,-56.0,1000.0,0.0015893440563538757,1.2963765944795977,0.0,9.057221493463214,normal,0.0,"{""progress_diff"": 0.0007334971349416998, ""r_progress"": 0.014669942698833996, ""r_track"": -2.2453462484154594e-05, ""r_dir"": -1.562404999999867e-05, ""r_time"": -1.0, ""r_smooth"": 0.0, ""total"": -0.9853681348136502}"
0.095,1.0021182699259774,-0.0016749039403644475,1.0021182699259774,0.0,30.000000000000007,660.0,-20000.0,-2.852,-57.0,-1000.0,0.0016749039403644475,0.8460901023019145,0.0,9.027881608065545,normal,0.0,"{""progress_diff"": 0.0007499969497880669, ""r_progress"": 0.014999938995761339, ""r_track"": -2.4936028528429798e-05, ""r_dir"": -1.6267807999998342e-05, ""r_time"": -1.0, ""r_smooth"": 0.0, ""total"": -0.985041264840767}"
0.096,1.032798140203911,-0.001764121254620493,1.032798140203911,0.0,30.680000000000007,680.0,20000.0,-2.908,-56.0,1000.0,0.0017641212546204933,0.8198757429987804,0.0,8.997881730074022,normal,0.0,"{""progress_diff"": 0.0007669967569483432, ""r_progress"": 0.015339935138966865, ""r_track"": -2.7663322675589186e-05, ""r_dir"": -1.6912928000001544e-05, ""r_time"": -1.0, ""r_smooth"": 0.0, ""total"": -0.9847046411117087}"
0.097,1.0641780024557121,-0.0018571000585711436,1.0641780024557121,0.0,31.380000000000006,700.0,20000.0,-2.963,-55.0,1000.0,0.0018571000585711436,0.7065287022963554,0.0,8.96720185979609,normal,0.0,"{""progress_diff"": 0.0007844965562950265, ""r_progress"": 0.01568993112590053, ""r_track"": -3.065618335595507e-05, ""r_dir"": -1.755873799999795e-05, ""r_time"": -1.0, ""r_smooth"": 0.0, ""total"": -0.9843582837954554}"
0.098,1.0962778563640845,-0.0019539456116516134,1.0962778563640845,0.0,32.10000000000001,720.0,20000.0,-3.017,-54.0,1000.0,0.0019539456116516134,1.6082182075823876,0.0,8.935821997544288,normal,0.0,"{""progress_diff"": 0.000802496347709309, ""r_progress"": 0.01604992695418618, ""r_track"": -3.393691958482309e-05, ""r_dir"": -1.8204577999997894e-05, ""r_time"": -1.0, ""r_smooth"": 0.0, ""total"": -0.9840022145433986}"
0.099,1.1291177016073481,-0.0020547642532838407,1.1291177016073481,0.0,32.84000000000001,740.0,20000.0,-3.07,-53.0,1000.0,0.0020547642532838407,1.0039470326186262,0.0,8.903722143635916,normal,0.0,"{""progress_diff"": 0.0008209961310815944, ""r_progress"": 0.01641992262163189, ""r_track"": -3.752938788064977e-05, ""r_dir"": -1.8849800000001572e-05, ""r_time"": -1.0, ""r_smooth"": 0.0, ""total"": -0.9836364565662488}"
0.1,1.1627175376499648,-0.0021597304825495007,1.1627175376499648,0.0,33.60000000000001,760.0,20000.0,-3.1239999999999997,-54.0,-1000.0,0.0021597304825495007,1.166799957780919,0.0,8.870882298392651,normal,0.0,"{""progress_diff"": 0.0008399959010654164, ""r_progress"": 0.016799918021308327, ""r_track"": -4.1461651175586666e-05, ""r_dir"": -1.9518752000001585e-05, ""r_time"": -1.0, ""r_smooth"": 0.0, ""total"": -0.9832610623818673}"
0.101,1.1970973639272664,-0.0022690243184612796,1.1970973639272664,0.0,34.38000000000001,780.0,20000.0,-3.179,-55.0,-1000.0,0.0022690243184612796,1.1502464359108646,0.0,8.837282462350036,normal,0.0,"{""progress_diff"": 0.0008594956569325414, ""r_progress"": 0.017189913138650828, ""r_track"": -4.576418984683266e-05, ""r_dir"": -2.0212081999997723e-05, ""r_time"": -1.0, ""r_smooth"": 0.0, ""total"": -0.982876063133196}"
0.102,1.2322771798441192,-0.0023828314199582203,1.2322771798441192,0.0,35.18000000000001,800.0,20000.0,-3.235,-56.0,-1000.0,0.0023828314199582203,0.9782135651394359,0.0,8.802902636072734,normal,0.0,"{""progress_diff"": 0.0008794953979213219, ""r_progress"": 0.017589907958426437, ""r_track"": -5.0470094008356515e-05, ""r_dir"": -2.093045000000128e-05, ""r_time"": -1.0, ""r_smooth"": 0.0, ""total"": -0.9824814925855819}"
0.103,1.2682369852269768,-0.002501139606528003,1.2682369852269768,0.0,35.96000000000001,780.0,-20000.0,-3.29,-55.0,1000.0,0.002501139606528003,0.8044292769134186,0.0,8.76772282015588,normal,0.0,"{""progress_diff"": 0.0008989951345714439, ""r_progress"": 0.01797990269142888, ""r_track"": -5.5606216278604925e-05, ""r_dir"": -2.1648199999997276e-05, ""r_time"": -1.0, ""r_smooth"": 0.0, ""total"": -0.9820973517248497}"
0.104,1.3049967794499087,-0.002624138337017897,1.3049967794499087,0.0,36.760000000000005,800.0,20000.0,-3.346,-56.0,-1000.0,0.002624138337017897,1.0616436977665078,0.0,8.731763014773023,normal,0.0,"{""progress_diff"": 0.0009189948555732921, ""r_progress"": 0.018379897111465843, ""r_track"": -6.120979566050714e-05, ""r_dir"": -2.2391432000000953e-05, ""r_time"": -1.0, ""r_smooth"": 0.0, ""total"": -0.9817037041161947}"
0.105,1.342536562341263,-0.0027518116308889755,1.342536562341263,0.0,37.540000000000006,780.0,-20000.0,-3.4010000000000002,-55.0,1000.0,0.0027518116308889755,1.1879388320152287,0.0,8.695003220550092,normal,0.0,"{""progress_diff"": 0.0009384945722838642, ""r_progress"": 0.018769891445677284, ""r_track"": -6.731082001685194e-05, ""r_dir"": -2.313360200000285e-05, ""r_time"": -1.0, ""r_smooth"": 0.0, ""total"": -0.9813205529763396}"
0.106,1.3808363334827327,-0.002884214467167559,1.3808363334827327,0.0,38.300000000000004,760.0,-20000.0,-3.4570000000000003,-56.0,-1000.0,0.002884214467167559,0.5825423199451241,0.0,8.657463437658738,normal,0.0,"{""progress_diff"": 0.0009574942785367455, ""r_progress"": 0.01914988557073491, ""r_track"": -7.394393860105462e-05, ""r_dir"": -2.39016980000006e-05, ""r_time"": -1.0, ""r_smooth"": 0.0, ""total"": -0.9809479600658662}"
0.107,1.419916092199231,-0.003021541304544035,1.419916092199231,0.0,39.080000000000005,780.0,20000.0,-3.5140000000000002,-57.0,-1000.0,0.003021541304544035,0.9948185985785953,0.0,8.619163666517267,normal,0.0,"{""progress_diff"": 0.000976993967912461, ""r_progress"": 0.019539879358249218, ""r_track"": -8.115299426725038e-05, ""r_dir"": -2.469639200000024e-05, ""r_time"": -1.0, ""r_smooth"": 0.0, ""total"": -0.980565970028018}"
0.108,1.4597958377813727,-0.003163992361617048,1.4597958377813727,0.0,39.88,800.0,20000.0,-3.572,-58.0,-1000.0,0.0031639923616170484,1.0326985432757498,0.0,8.58008390780077,normal,0.0,"{""progress_diff"": 0.0009969936395535367, ""r_progress"": 0.019939872791070734, ""r_track"": -8.898531257218691e-05, ""r_dir"": -2.5518368000001865e-05, ""r_time"": -1.0, ""r_smooth"": 0.0, ""total"": -0.9801746308895014}"
0.109,1.500455569747674,-0.003311628497206783,1.500455569747674,0.0,40.660000000000004,780.0,-20000.0,-3.6310000000000002,-59.0,-1000.0,0.003311628497206783,0.8287084016333279,0.0,8.540204162218627,normal,0.0,"{""progress_diff"": 0.0010164932991575393, ""r_progress"": 0.020329865983150786, ""r_track"": -9.74834071423294e-05, ""r_dir"": -2.6368321999999126e-05, ""r_time"": -1.0, ""r_smooth"": 0.0, ""total"": -0.9797939857459915}"
0.11,1.5419152873332336,-0.003464657009742721,1.5419152873332336,0.0,41.46,800.0,20000.0,-3.6910000000000003,-60.0,-1000.0,0.003464657009742721,0.8622152486177606,0.0,8.499544430252326,normal,0.0,"{""progress_diff"": 0.0010364929396389846, ""r_progress"": 0.020729858792779693, ""r_track"": -0.00010670087284586106, ""r_dir"": -2.7246961999998358e-05, ""r_time"": -1.0, ""r_smooth"": 0.0, ""total"": -0.9794040890420662}"
0.111,1.5841549900166978,-0.0036231411178986647,1.5841549900166978,0.0,42.24,780.0,-20000.0,-3.7520000000000002,-61.0,-1000.0,0.0036231411178986647,0.40827622820335163,0.0,8.458084712666766,normal,0.0,"{""progress_diff"": 0.0010559925670866124, ""r_progress"": 0.02111985134173225, ""r_track"": -0.00011668579164629318, ""r_dir"": -2.8155007999999664e-05, ""r_time"": -1.0, ""r_smooth"": 0.0, ""total"": -0.979024989457914}"
0.112,1.6271946773025536,-0.00378720920054303,1.6271946773025536,0.0,43.04,800.0,20000.0,-3.8120000000000003,-60.0,1000.0,0.00378720920054303,0.9823138961333217,0.0,8.415845009983302,normal,0.0,"{""progress_diff"": 0.001075992182146393, ""r_progress"": 0.02151984364292786, ""r_track"": -0.00012749292025491355, ""r_dir"": -2.906268799999888e-05, ""r_time"": -1.0, ""r_smooth"": 0.0, ""total"": -0.9786367119653271}"
0.113,1.6710143489894793,-0.0039568359969095225,1.6710143489894793,0.0,43.82,780.0,-20000.0,-3.8710000000000004,-59.0,1000.0,0.0039568359969095225,0.6630999247691518,0.0,8.372805322697447,normal,0.0,"{""progress_diff"": 0.0010954917921731436, ""r_progress"": 0.02190983584346287, ""r_track"": -0.00013916934316834644, ""r_dir"": -2.9969282000002784e-05, ""r_time"": -1.0, ""r_smooth"": 0.0, ""total"": -0.9782593027817055}"
0.114,1.7156340042388254,-0.004132236765171022,1.7156340042388254,0.0,44.62,800.0,20000.0,-3.9310000000000005,-60.0,-1000.0,0.004132236765171022,0.9281619187057595,0.0,8.328985651010521,normal,0.0,"{""progress_diff"": 0.001115491381233659, ""r_progress"": 0.02230982762467318, ""r_track"": -0.00015178116163049843, ""r_dir"": -3.0905522000002024e-05, ""r_time"": -1.0, ""r_smooth"": 0.0, ""total"": -0.9778728590589574}"
0.115,1.7610736421719322,-0.0043136327633804305,1.7610736421719322,0.0,45.44,820.0,20000.0,-3.9920000000000004,-61.0,-1000.0,0.0043136327633804305,0.4359952231395256,0.0,8.284365995761174,normal,0.0,"{""progress_diff"": 0.0011359909483276698, ""r_progress"": 0.022719818966553396, ""r_track"": -0.00016539935659830302, ""r_dir"": -3.1872128000003475e-05, ""r_time"": -1.0, ""r_smooth"": 0.0, ""total"": -0.977477452518045}"
0.116,1.8073532622436415,-0.00450115881022368,1.8073532622436415,0.0,46.28,840.0,20000.0,-4.0520000000000005,-60.0,1000.0,0.00450115881022368,0.7848447002579694,0.0,8.238926357828067,normal,0.0,"{""progress_diff"": 0.001156990501792729, ""r_progress"": 0.02313981003585458, ""r_track"": -0.00018009271675426005, ""r_dir"": -3.28374080000027e-05, ""r_time"": -1.0, ""r_smooth"": 0.0, ""total"": -0.9770731200888997}"
0.117,1.8544928635159583,-0.004695045083567708,1.8544928635159583,0.0,47.14,860.0,20000.0,-4.113,-61.0,-1000.0,0.004695045083567708,0.8739957190630343,0.0,8.192646737756359,normal,0.0,"{""progress_diff"": 0.0011784900318079286, ""r_progress"": 0.023569800636158572, ""r_track"": -0.00019594176299318495, ""r_dir"": -3.3833537999996894e-05, ""r_time"": -1.0, ""r_smooth"": 0.0, ""total"": -0.9766599746648346}"
0.118,1.9025124454081297,-0.0048954319619793915,1.9025124454081297,0.0,48.02,880.0,20000.0,-4.173,-60.0,1000.0,0.0048954319619793915,0.7284430804292785,0.0,8.145507136484042,normal,0.0,"{""progress_diff"": 0.0012004895473042843, ""r_progress"": 0.024009790946085685, ""r_track"": -0.0002130244808388391, ""r_dir"": -3.482785800000341e-05, ""r_time"": -1.0, ""r_smooth"": 0.0, ""total"": -0.9762380613927532}"
0.119,1.951432006920333,-0.00510255862312657,1.951432006920333,0.0,48.92,900.0,20000.0,-4.234,-61.0,-1000.0,0.00510255862312657,0.5033422182328506,0.0,8.09748755459187,normal,0.0,"{""progress_diff"": 0.0012229890378050862, ""r_progress"": 0.024459780756101723, ""r_track"": -0.00023143204002171842, ""r_dir"": -3.585351199999744e-05, ""r_time"": -1.0, ""r_smooth"": 0.0, ""total"": -0.97580750479592}"
0.12,2.001231547803982,-0.005316399165977619,2.001231547803982,0.0,49.800000000000004,880.0,-20000.0,-4.294,-60.0,1000.0,0.005316399165977619,2.181411325636599,0.0,8.048567993079667,normal,0.0,"{""progress_diff"": 0.00124498852209122, ""r_progress"": 0.024899770441824398, ""r_track"": -0.00025123644526228907, ""r_dir"": -3.687687199999653e-05, ""r_time"": -1.0, ""r_smooth"": 0.0, ""total"": -0.9753883428754379}"
0.121,2.0519310674575024,-0.00553709556899444,2.0519310674575024,0.0,50.7,900.0,20000.0,-4.353,-59.0,1000.0,0.005537095568994441,2.1858014672790205,0.0,7.998768452196018,normal,0.0,"{""progress_diff"": 0.0012674879913380163, ""r_progress"": 0.025349759826760326, ""r_track"": -0.0002725282430238033, ""r_dir"": -3.789721800000089e-05, ""r_time"": -1.0, ""r_smooth"": 0.0, ""total"": -0.9749606656342635}"
0.122,2.1035105656643234,-0.005764614211190732,2.1035105656643234,0.0,51.580000000000005,880.0,-20000.0,-4.411,-58.0,1000.0,0.005764614211190733,1.2972045023563412,0.0,7.948068932542498,normal,0.0,"{""progress_diff"": 0.0012894874551705252, ""r_progress"": 0.025789749103410503, ""r_track"": -0.0002953846844787747, ""r_dir"": -3.891384200000291e-05, ""r_time"": -1.0, ""r_smooth"": 0.0, ""total"": -0.9745445494230682}"
0.123,2.1559500417659976,-0.0059990202305817055,2.1559500417659976,0.0,52.440000000000005,860.0,-20000.0,-4.47,-59.0,-1000.0,0.0059990202305817055,0.8129774043792279,0.0,7.896489434335677,normal,0.0,"{""progress_diff"": 0.0013109869025418608, ""r_progress"": 0.026219738050837216, ""r_track"": -0.0003198954997949207, ""r_dir"": -3.996179999999953e-05, ""r_time"": -1.0, ""r_smooth"": 0.0, ""total"": -0.9741401192489577}"
0.124,2.2092694946797393,-0.006240559004480886,2.2092694946797393,0.0,53.32000000000001,880.0,20000.0,-4.529999999999999,-60.0,-1000.0,0.006240559004480886,0.5265489973620431,0.0,7.844049958234002,normal,0.0,"{""progress_diff"": 0.0013329863228435448, ""r_progress"": 0.026659726456870897, ""r_track"": -0.0003461740150080664, ""r_dir"": -4.10417999999986e-05, ""r_time"": -1.0, ""r_smooth"": 0.0, ""total"": -0.9737274893581371}"
0.125,2.263488923275655,-0.006489482150041555,2.263488923275655,0.0,54.220000000000006,900.0,20000.0,-4.590999999999999,-61.0,-1000.0,0.006489482150041555,0.7271196562651085,0.0,7.79073050532026,normal,0.0,"{""progress_diff"": 0.0013554857148978944, ""r_progress"": 0.027109714297957888, ""r_track"": -0.00037434114289518184, ""r_dir"": -4.215456200000022e-05, ""r_time"": -1.0, ""r_smooth"": 0.0, ""total"": -0.9733067814069373}"
0.126,2.3186283268879766,-0.006745937365441189,2.3186283268879766,0.0,55.14000000000001,920.0,20000.0,-4.650999999999999,-60.0,1000.0,0.006745937365441189,1.9255652822767344,0.0,7.736511076724344,normal,0.0,"{""progress_diff"": 0.0013784850903080376, ""r_progress"": 0.02756970180616075, ""r_track"": -0.0004045126305640499, ""r_dir"": -4.326360199999927e-05, ""r_time"": -1.0, ""r_smooth"": 0.0, ""total"": -0.9728780744264033}"
0.127,2.3746677052906437,-0.007009884789532667,2.3746677052906437,0.0,56.040000000000006,900.0,-20000.0,-4.709999999999999,-59.0,1000.0,0.007009884789532667,0.6784969476618321,0.0,7.681371673112023,normal,0.0,"{""progress_diff"": 0.0014009844600666801, ""r_progress"": 0.028019689201333603, ""r_track"": -0.0004367865312224128, ""r_dir"": -4.436820000000403e-05, ""r_time"": -1.0, ""r_smooth"": 0.0, ""total"": -0.9724614655298888}"
0.128,2.431627057832563,-0.007281469040505171,2.431627057832563,0.0,56.96000000000001,920.0,20000.0,-4.767999999999999,-58.0,1000.0,0.007281469040505171,1.753972889424028,0.0,7.625332294709356,normal,0.0,"{""progress_diff"": 0.0014239838135479826, ""r_progress"": 0.028479676270959653, ""r_track"": -0.0004712870345585359, ""r_dir"": -4.546764799999778e-05, ""r_time"": -1.0, ""r_smooth"": 0.0, ""total"": -0.9720370784115989}"
0.129,2.489526383300928,-0.007560951255182935,2.489526383300928,0.0,57.900000000000006,940.0,20000.0,-4.826999999999999,-59.0,-1000.0,0.007560951255182936,0.3589731600155507,0.0,7.5683729421674375,normal,0.0,"{""progress_diff"": 0.0014474831367091295, ""r_progress"": 0.02894966273418259, ""r_track"": -0.0005081598567400216, ""r_dir"": -4.659985800000264e-05, ""r_time"": -1.0, ""r_smooth"": 0.0, ""total"": -0.9716050969805574}"
0.13,2.5483456809100895,-0.007848403450987354,2.5483456809100895,0.0,58.82000000000001,920.0,-20000.0,-4.886999999999999,-60.0,-1000.0,0.007848403450987354,0.8104097931099077,0.0,7.5104736166990715,normal,0.0,"{""progress_diff"": 0.001470482440229036, ""r_progress"": 0.029409648804580718, ""r_track"": -0.000547532770928624, ""r_dir"": -4.776553800000167e-05, ""r_time"": -1.0, ""r_smooth"": 0.0, ""total"": -0.9711856495043479}"
0.131,2.6081049499596496,-0.00814397520589274,2.6081049499596496,0.0,59.760000000000005,940.0,20000.0,-4.945999999999999,-59.0,1000.0,0.00814397520589274,0.6351868782451912,0.0,7.4516543190899105,normal,0.0,"{""progress_diff"": 0.0014939817262390048, ""r_progress"": 0.029879634524780097, ""r_track"": -0.0005895496191484061, ""r_dir"": -4.892583199999792e-05, ""r_time"": -1.0, ""r_smooth"": 0.0, ""total"": -0.9707588409263683}"
0.132,2.6687841902471496,-0.008447616658691232,2.6687841902471496,0.0,60.68000000000001,920.0,-20000.0,-5.003999999999999,-58.0,1000.0,0.008447616658691232,0.6727155247231162,0.0,7.39189505004035,normal,0.0,"{""progress_diff"": 0.0015169810071875012, ""r_progress"": 0.030339620143750023, ""r_track"": -0.0006343309085528677, ""r_dir"": -5.008003200000017e-05, ""r_time"": -1.0, ""r_smooth"": 0.0, ""total"": -0.9703447907968028}"
0.133,2.730403400466252,-0.008759597385803185,2.730403400466252,0.0,61.620000000000005,940.0,20000.0,-5.062999999999999,-59.0,-1000.0,0.008759597385803185,0.5779985231257341,0.0,7.33121580975285,normal,0.0,"{""progress_diff"": 0.0015404802554775665, ""r_progress"": 0.03080960510955133, ""r_track"": -0.0006820493009899555, ""r_dir"": -5.126793799999631e-05, ""r_time"": -1.0, ""r_smooth"": 0.0, ""total"": -0.9699237121294386}"
0.134,2.7929825798990287,-0.009080068165093706,2.7929825798990287,0.0,62.580000000000005,960.0,20000.0,-5.120999999999999,-58.0,1000.0,0.009080068165093706,2.189232463573596,0.0,7.269596599533748,normal,0.0,"{""progress_diff"": 0.00156447948581942, ""r_progress"": 0.0312895897163884, ""r_track"": -0.0007328678922910951, ""r_dir"": -5.244928199999859e-05, ""r_time"": -1.0, ""r_smooth"": 0.0, ""total"": -0.9694957274579027}"
0.135,2.85650172770391,-0.009409100293635498,2.85650172770391,0.0,63.52,940.0,-20000.0,-5.179999999999999,-59.0,-1000.0,0.009409100293635498,0.5323358464365092,0.0,7.207017420100971,normal,0.0,"{""progress_diff"": 0.001587978695122047, ""r_progress"": 0.03175957390244094, ""r_track"": -0.0007869437185394811, ""r_dir"": -5.3664800000003823e-05, ""r_time"": -1.0, ""r_smooth"": 0.0, ""total"": -0.9690810346160985}"
0.136,2.9209408430220627,-0.009746764348389798,2.9209408430220627,0.0,64.44,920.0,-20000.0,-5.239999999999998,-60.0,-1000.0,0.009746764348389798,0.4922240529027533,0.0,7.14349827229609,normal,0.0,"{""progress_diff"": 0.0016109778829538068, ""r_progress"": 0.03221955765907614, ""r_track"": -0.0008444392467825989, ""r_dir"": -5.49152000000028e-05, ""r_time"": -1.0, ""r_smooth"": 0.0, ""total"": -0.9686797967877064}"
0.137,2.9862799256701784,-0.010092999388039066,2.9862799256701784,0.0,65.34,900.0,-20000.0,-5.298999999999999,-59.0,1000.0,0.010092999388039066,2.0041247071898334,0.0,7.079059156977937,normal,0.0,"{""progress_diff"": 0.0016334770662028986, ""r_progress"": 0.03266954132405797, ""r_track"": -0.0009054989924173952, ""r_dir"": -5.615880199999879e-05, ""r_time"": -1.0, ""r_smooth"": 0.0, ""total"": -0.9682921164703594}"
0.138,3.052498975499914,-0.01044773823135008,3.052498975499914,0.0,66.22,880.0,-20000.0,-5.356999999999998,-58.0,1000.0,0.01044773823135008,1.065697423339389,0.0,7.013720074329822,normal,0.0,"{""progress_diff"": 0.001655476245743387, ""r_progress"": 0.03310952491486774, ""r_track"": -0.0009702687480072363, ""r_dir"": -5.73948980000012e-05, ""r_time"": -1.0, ""r_smooth"": 0.0, ""total"": -0.9679181387311395}"
0.139,3.119617991811867,-0.010811124136119319,3.119617991811867,0.0,67.12,900.0,20000.0,-5.413999999999999,-57.0,1000.0,0.010811124136119319,0.3073926644622348,0.0,6.947501024500086,normal,0.0,"{""progress_diff"": 0.0016779754077988346, ""r_progress"": 0.03355950815597669, ""r_track"": -0.0010389369341029485, ""r_dir"": -5.8622792000000646e-05, ""r_time"": -1.0, ""r_smooth"": 0.0, ""total"": -0.9675380515701263}"
0.14,3.1876169745038037,-0.011183082281225757,3.1876169745038037,0.0,68.0,880.0,-20000.0,-5.469999999999999,-56.0,1000.0,0.011183082281225758,2.080705123646902,0.0,6.880382008188133,normal,0.0,"{""progress_diff"": 0.0016999745672984096, ""r_progress"": 0.03399949134596819, ""r_track"": -0.001111656260521471, ""r_dir"": -5.984179999999702e-05, ""r_time"": -1.0, ""r_smooth"": 0.0, ""total"": -0.9671720067145533}"
0.141,3.2565159221372184,-0.011563890642413732,3.2565159221372184,0.0,68.9,900.0,20000.0,-5.526999999999999,-57.0,-1000.0,0.011563890642413732,0.3742713143455476,0.0,6.812383025496196,normal,0.0,"{""progress_diff"": 0.0017224736908353772, ""r_progress"": 0.03444947381670754, ""r_track"": -0.0011886539270195898, ""r_dir"": -6.10954579999964e-05, ""r_time"": -1.0, ""r_smooth"": 0.0, ""total"": -0.966800275568312}"
0.142,3.326294833843317,-0.011953609916371143,3.326294833843317,0.0,69.78,880.0,-20000.0,-5.584999999999999,-58.0,-1000.0,0.011953609916371141,0.35033253278919263,0.0,6.743484077862782,normal,0.0,"{""progress_diff"": 0.0017444727926524684, ""r_progress"": 0.03488945585304937, ""r_track"": -0.0012701225780690354, ""r_dir"": -6.238444999999891e-05, ""r_time"": -1.0, ""r_smooth"": 0.0, ""total"": -0.9664430511750197}"
0.143,3.396933709534267,-0.01235215868191834,3.4000000000000004,0.0,70.64,860.0,-20000.0,-5.6419999999999995,-57.0,1000.0,0.01235215868191834,1.0864346750771223,0.0,6.673705166156683,normal,0.0,"{""progress_diff"": 0.001765971892273746, ""r_progress"": 0.03531943784547492, ""r_track"": -0.0013562295475848054, ""r_dir"": -6.36643279999983e-05, ""r_time"": -1.0, ""r_smooth"": 0.0, ""total"": -0.9661004560301099}"
0.144,3.468412548344811,-0.012759592475655987,3.468412548344811,0.0,71.48,840.0,-20000.0,-5.699999999999999,-58.0,-1000.0,0.012759592475655987,0.7021440212603519,0.0,6.603066290465733,normal,0.0,"{""progress_diff"": 0.0017869709702636044, ""r_progress"": 0.03573941940527209, ""r_track"": -0.001447175112398372, ""r_dir"": -6.498000000000087e-05, ""r_time"": -1.0, ""r_smooth"": 0.0, ""total"": -0.9657727357071263}"
0.145,3.5407513495640397,-0.013176051555193146,3.5407513495640397,0.0,72.34,860.0,20000.0,-5.757,-57.0,1000.0,0.013176051555193146,0.5338190862832397,0.0,6.531587451655189,normal,0.0,"{""progress_diff"": 0.0018084700304807216, ""r_progress"": 0.03616940060961443, ""r_track"": -0.0015431851963120687, ""r_dir"": -6.628609800000028e-05, ""r_time"": -1.0, ""r_smooth"": 0.0, ""total"": -0.9654400706846976}"
0.146,3.613970112480148,-0.013601677018134214,3.613970112480148,0.0,73.22,880.0,20000.0,-5.813,-56.0,1000.0,0.013601677018134216,0.4551518272595939,0.0,6.45924865043596,normal,0.0,"{""progress_diff"": 0.0018304690729027129, ""r_progress"": 0.03660938145805426, ""r_track"": -0.0016444943796056935, ""r_dir"": -6.758193799999642e-05, ""r_time"": -1.0, ""r_smooth"": 0.0, ""total"": -0.9651026948595515}"
0.147,3.6880888363811164,-0.014036610682081643,3.6880888363811164,0.0,74.12,900.0,20000.0,-5.867999999999999,-55.0,1000.0,0.014036610682081643,1.7614754618348787,0.0,6.386029887519852,normal,0.0,"{""progress_diff"": 0.0018529680975242074, ""r_progress"": 0.03705936195048415, ""r_track"": -0.0017513461283584755, ""r_dir"": -6.886684799999963e-05, ""r_time"": -1.0, ""r_smooth"": 0.0, ""total"": -0.9647608510258743}"
0.148,3.76308752125681,-0.014480758086023225,3.76308752125681,0.0,75.0,880.0,-20000.0,-5.922,-54.0,1000.0,0.014480758086023225,2.6925155729902044,0.0,6.311911163618884,normal,0.0,"{""progress_diff"": 0.0018749671218923347, ""r_progress"": 0.037499342437846694, ""r_track"": -0.0018639320421860177, ""r_dir"": -7.014016799999959e-05, ""r_time"": -1.0, ""r_smooth"": 0.0, ""total"": -0.9644347297723393}"
0.149,3.8389861655149704,-0.01493440968493036,3.8389861655149704,0.0,75.9,900.0,20000.0,-5.976999999999999,-55.0,-1000.0,0.01493440968493036,0.2897309051397416,0.0,6.23691247874319,normal,0.0,"{""progress_diff"": 0.0018974661064540266, ""r_progress"": 0.03794932212908053, ""r_track"": -0.0019825474901097044, ""r_dir"": -7.14490580000029e-05, ""r_time"": -1.0, ""r_smooth"": 0.0, ""total"": -0.9641046744190291}"
0.15,3.915804767507022,-0.015397861933532962,3.915804767507022,0.0,76.82000000000001,920.0,20000.0,-6.0329999999999995,-56.0,-1000.0,0.015397861933532962,0.27161822832659543,0.0,6.161013834485029,normal,0.0,"{""progress_diff"": 0.0019204650498012843, ""r_progress"": 0.038409300996025686, ""r_track"": -0.0021075035744368307, ""r_dir"": -7.279417799999892e-05, ""r_time"": -1.0, ""r_smooth"": 0.0, ""total"": -0.9637709967564111}"
0.151,3.993563325526151,-0.01587141740630817,3.993563325526151,0.0,77.76,940.0,20000.0,-6.09,-57.0,-1000.0,0.01587141740630817,0.25314639657035737,0.0,6.084195232492978,normal,0.0,"{""progress_diff"": 0.0019439639504782308, ""r_progress"": 0.038879279009564616, ""r_track"": -0.0022391279154245504, ""r_dir"": -7.417619999999827e-05, ""r_time"": -1.0, ""r_smooth"": 0.0, ""total"": -0.96343402510586}"
0.152,4.072241839528577,-0.016354981641990656,4.072241839528577,0.0,78.68,920.0,-20000.0,-6.146,-56.0,1000.0,0.016354981641990656,1.8789763758391023,0.0,6.006436674473849,normal,0.0,"{""progress_diff"": 0.0019669628500606634, ""r_progress"": 0.03933925700121327, ""r_track"": -0.002377648217865346, ""r_dir"": -7.554663200000509e-05, ""r_time"": -1.0, ""r_smooth"": 0.0, ""total"": -0.9631139378486521}"
0.153,4.151860308743399,-0.016848702097853628,4.151860308743399,0.0,79.62,940.0,20000.0,-6.201,-55.0,1000.0,0.016848702097853628,1.019075352878834,0.0,5.927758160471423,normal,0.0,"{""progress_diff"": 0.0019904617303705407, ""r_progress"": 0.039809234607410815, ""r_track"": -0.0025233667767308194, ""r_dir"": -7.690480199999755e-05, ""r_time"": -1.0, ""r_smooth"": 0.0, ""total"": -0.96279103697132}"
0.154,4.232438732401281,-0.01735272671117602,4.232438732401281,0.0,80.58,960.0,20000.0,-6.255,-54.0,1000.0,0.01735272671117602,0.38876817180164625,0.0,5.848139691256601,normal,0.0,"{""progress_diff"": 0.0020144605914470537, ""r_progress"": 0.040289211828941074, ""r_track"": -0.002676596660557882, ""r_dir"": -7.825004999999749e-05, ""r_time"": -1.0, ""r_smooth"": 0.0, ""total"": -0.9624656348816168}"
0.155,4.3139971224767075,-0.017865179933007014,4.3139971224767075,0.0,81.56,980.0,20000.0,-6.283185307179586,-53.0,1000.0,0.017865179933007014,1.8391531485557555,0.0,5.767561267598719,normal,0.0,"{""progress_diff"": 0.0020389597518856717, ""r_progress"": 0.040779195037713434, ""r_track"": -0.002837019147010813, ""r_dir"": -7.89568352087162e-05, ""r_time"": -1.0, ""r_smooth"": 0.0, ""total"": -0.962136780944506}"
0.156,4.396555492812991,-0.018383916298803565,4.396555492812991,0.0,82.56,1000.0,20000.0,-6.283185307179586,-52.0,1000.0,0.018383916298803565,0.6976133269309998,0.0,5.6860028775232925,normal,0.0,"{""progress_diff"": 0.0020639592584070776, ""r_progress"": 0.04127918516814155, ""r_track"": -0.0030041633642792476, ""r_dir"": -7.89568352087162e-05, ""r_time"": -1.0, ""r_smooth"": 0.0, ""total"": -0.9618039350313464}"
0.157,4.480133843015347,-0.01890906147144499,4.480133843015347,0.0,83.58,1020.0,20000.0,-6.283185307179586,-51.0,1000.0,0.01890906147144499,0.8060657898902893,0.0,5.603444507187009,normal,0.0,"{""progress_diff"": 0.0020894587550589067, ""r_progress"": 0.04178917510117813, ""r_track"": -0.003178245384274536, ""r_dir"": -7.89568352087162e-05, ""r_time"": -1.0, ""r_smooth"": 0.0, ""total"": -0.9614680271183051}"
0.158,4.564752172688993,-0.01944074111381059,4.564752172688993,0.0,84.62,1040.0,20000.0,-6.283185307179586,-50.0,1000.0,0.01944074111381059,0.15379999999999996,0.0,5.519866156984653,normal,0.0,"{""progress_diff"": 0.002115458241841159, ""r_progress"": 0.042309164836823177, ""r_track"": -0.0033594881338151594, ""r_dir"": -7.89568352087162e-05, ""r_time"": -1.0, ""r_smooth"": 0.0, ""total"": -0.9611292801322007}"
0.159,4.650430481439147,-0.019979080888779685,4.650430481439147,0.0,85.68,1060.0,20000.0,-6.283185307179586,-49.0,1000.0,0.019979080888779685,0.14319999999999994,0.0,5.435247827311007,normal,0.0,"{""progress_diff"": 0.002141957718753862, ""r_progress"": 0.04283915437507724, ""r_track"": -0.0035481215392035707, ""r_dir"": -7.89568352087162e-05, ""r_time"": -1.0, ""r_smooth"": 0.0, ""total"": -0.9607879239993351}"
0.16,4.737148769660592,-0.020523955133472962,4.737148769660592,0.0,86.72000000000001,1040.0,-20000.0,-6.283185307179586,-48.0,1000.0,0.020523955133472962,1.5924008318901064,0.0,5.349569518560853,normal,0.0,"{""progress_diff"": 0.002167957205536114, ""r_progress"": 0.04335914411072228, ""r_track"": -0.003744290971740543, ""r_dir"": -7.89568352087162e-05, ""r_time"": -1.0, ""r_smooth"": 0.0, ""total"": -0.9604641036962269}"
0.161,4.8249270369585435,-0.02107548951076973,4.8249270369585435,0.0,87.78000000000002,1060.0,20000.0,-6.283185307179586,-47.0,1000.0,0.02107548951076973,0.2809366461753844,0.0,5.262851230339408,normal,0.0,"{""progress_diff"": 0.002194456682448803, ""r_progress"": 0.043889133648976064, ""r_track"": -0.003948233405498355, ""r_dir"": -7.89568352087162e-05, ""r_time"": -1.0, ""r_smooth"": 0.0, ""total"": -0.960138056591731}"
0.162,4.91378528293822,-0.021633809683549304,4.91378528293822,0.0,88.86000000000001,1080.0,20000.0,-6.283185307179586,-46.0,1000.0,0.0216338096835493,0.11139999999999986,0.0,5.1750729630414565,normal,0.0,"{""progress_diff"": 0.0022214561494919155, ""r_progress"": 0.04442912298983831, ""r_track"": -0.004160193079324724, ""r_dir"": -7.89568352087162e-05, ""r_time"": -1.0, ""r_smooth"": 0.0, ""total"": -0.9598100269246951}"
0.163,5.0037035079944046,-0.02219878998893237,5.0037035079944046,0.0,89.92000000000002,1060.0,-20000.0,-6.283185307179586,-45.0,1000.0,0.022198789988932374,2.8992,0.0,5.08621471706178,normal,0.0,"{""progress_diff"": 0.0022479556264046047, ""r_progress"": 0.04495911252809209, ""r_track"": -0.004380322461979771, ""r_dir"": -7.89568352087162e-05, ""r_time"": -1.0, ""r_smooth"": 0.0, ""total"": -0.9595001667690964}"
0.164,5.094661712521879,-0.022770304764039618,5.094661712521879,0.0,90.96000000000002,1040.0,-20000.0,-6.283185307179586,-44.0,1000.0,0.022770304764039618,1.5368552013397219,0.0,4.9962964920055954,normal,0.0,"{""progress_diff"": 0.0022739551131868707, ""r_progress"": 0.045479102263737414, ""r_track"": -0.004608771369308847, ""r_dir"": -7.89568352087162e-05, ""r_time"": -1.0, ""r_smooth"": 0.0, ""total"": -0.9592086259407802}"
0.165,5.186679896125861,-0.02334847967175036,5.186679896125861,0.0,92.02000000000002,1060.0,20000.0,-6.283185307179586,-43.0,1000.0,0.023348479671750362,0.07979999999999976,0.0,4.905338287478121,normal,0.0,"{""progress_diff"": 0.00230045459009956, ""r_progress"": 0.0460090918019912, ""r_track"": -0.0048457911376190215, ""r_dir"": -7.89568352087162e-05, ""r_time"": -1.0, ""r_smooth"": 0.0, ""total"": -0.9589156561708365}"
0.166,5.279778058411567,-0.023933440374943903,5.279778058411567,0.0,93.10000000000002,1080.0,20000.0,-6.283185307179586,-42.0,1000.0,0.023933440374943903,0.06899999999999977,0.0,4.813320103874139,normal,0.0,"{""progress_diff"": 0.0023274540571426583, ""r_progress"": 0.046549081142853166, ""r_track"": -0.005091640606053289, ""r_dir"": -7.89568352087162e-05, ""r_time"": -1.0, ""r_smooth"": 0.0, ""total"": -0.9586215162984089}"
0.167,5.373936199773781,-0.02452506121074094,5.373936199773781,0.0,94.16000000000003,1060.0,-20000.0,-6.283185307179586,-41.0,1000.0,0.02452506121074094,0.9416000000000002,0.0,4.720221941588433,normal,0.0,"{""progress_diff"": 0.0023539535340553475, ""r_progress"": 0.04707907068110695, ""r_track"": -0.005346476687916354, ""r_dir"": -7.89568352087162e-05, ""r_time"": -1.0, ""r_smooth"": 0.0, ""total"": -0.9583463628420181}"
0.168,5.46917431981772,-0.02512346784202078,5.46917431981772,0.0,95.24000000000002,1080.0,20000.0,-6.283185307179586,-40.0,1000.0,0.025123467842020783,0.04759999999999977,0.0,4.626063800226219,normal,0.0,"{""progress_diff"": 0.0023809530010984736, ""r_progress"": 0.04761906002196947, ""r_track"": -0.0056105656569693544, ""r_dir"": -7.89568352087162e-05, ""r_time"": -1.0, ""r_smooth"": 0.0, ""total"": -0.9580704624702086}"
0.169,5.5655124181486,-0.025728785931662734,5.5655124181486,0.0,96.34000000000002,1100.0,20000.0,-6.283185307179586,-39.0,1000.0,0.02572878593166273,0.03659999999999983,0.0,4.53082568018228,normal,0.0,"{""progress_diff"": 0.002408452458272009, ""r_progress"": 0.04816904916544018, ""r_track"": -0.00588418156015401, ""r_dir"": -7.89568352087162e-05, ""r_time"": -1.0, ""r_smooth"": 0.0, ""total"": -0.9577940892299226}"
0.17,5.662930495161205,-0.02634088981678749,5.662930495161205,0.0,97.42000000000002,1080.0,-20000.0,-6.283185307179586,-38.0,1000.0,0.02634088981678749,2.2083159582138063,0.0,4.4344875818514,normal,0.0,"{""progress_diff"": 0.0024354519253151075, ""r_progress"": 0.04870903850630215, ""r_track"": -0.006167488678579013, ""r_dir"": -7.89568352087162e-05, ""r_time"": -1.0, ""r_smooth"": 0.0, ""total"": -0.9575374070074856}"
0.171,5.761408551250317,-0.02695965383451574,5.761408551250317,0.0,98.48000000000002,1060.0,-20000.0,-6.283185307179586,-37.0,1000.0,0.02695965383451574,0.16187878351211565,0.0,4.337069504838795,normal,0.0,"{""progress_diff"": 0.0024619514022278244, ""r_progress"": 0.04923902804455649, ""r_track"": -0.006460648310017059, ""r_dir"": -7.89568352087162e-05, ""r_time"": -1.0, ""r_smooth"": 0.0, ""total"": -0.9573005771006693}"
0.172,5.860926586810719,-0.027584952321968174,5.860926586810719,0.0,99.52000000000002,1040.0,-20000.0,-6.283185307179586,-36.0,1000.0,0.02758495232196817,1.5347700335502625,0.0,4.238591448749683,normal,0.0,"{""progress_diff"": 0.002487950889010049, ""r_progress"": 0.049759017780200976, ""r_track"": -0.006763818618713397, ""r_dir"": -7.89568352087162e-05, ""r_time"": -1.0, ""r_smooth"": 0.0, ""total"": -0.9570837576737211}"
0.173,5.960924612896333,-0.028213266718524074,5.960924612896333,0.0,100.0,1020.0,-20000.0,-6.283185307179586,-35.0,1000.0,0.028213266718524074,0.08005726337432859,0.0,4.139073413189281,normal,0.0,"{""progress_diff"": 0.0024999506521403425, ""r_progress"": 0.04999901304280685, ""r_track"": -0.007075452612716252, ""r_dir"": -7.89568352087162e-05, ""r_time"": -1.0, ""r_smooth"": 0.0, ""total"": -0.9571553964051182}"
0.174,6.060922638981947,-0.028841581115079975,6.060922638981947,0.0,100.0,1000.0,-20000.0,-6.283185307179586,-34.0,1000.0,0.02884158111507998,1.8825281262397766,0.0,4.039075387103667,normal,0.0,"{""progress_diff"": 0.0024999506521403703, ""r_progress"": 0.049999013042807405, ""r_track"": -0.007394104899713226, ""r_dir"": -7.89568352087162e-05, ""r_time"": -1.0, ""r_smooth"": 0.0, ""total"": -0.9574740486921145}"
0.175,6.160920665067561,-0.029469895511635875,6.160920665067561,0.0,100.0,980.0,-20000.0,-6.283185307179586,-33.0,1000.0,0.029469895511635875,2.141116976737976,0.0,3.939077361018053,normal,0.0,"{""progress_diff"": 0.0024999506521403425, ""r_progress"": 0.04999901304280685, ""r_track"": -0.007719775479704323, ""r_dir"": -7.89568352087162e-05, ""r_time"": -1.0, ""r_smooth"": 0.0, ""total"": -0.9577997192721062}"
0.176,6.260918691153175,-0.030098209908191776,6.260918691153175,0.0,100.0,960.0,-20000.0,-6.283185307179586,-32.0,1000.0,0.03009820990819178,0.0,0.0,3.839079334932439,normal,0.0,"{""progress_diff"": 0.0024999506521403425, ""r_progress"": 0.04999901304280685, ""r_track"": -0.008052464352689543, ""r_dir"": -7.89568352087162e-05, ""r_time"": -1.0, ""r_smooth"": 0.0, ""total"": -0.9581324081450914}"
0.177,6.360916717238789,-0.030726524304747677,6.360916717238789,0.0,100.0,940.0,-20000.0,-6.283185307179586,-31.0,1000.0,0.030726524304747677,1.1755476593971252,0.0,3.739081308846825,normal,0.0,"{""progress_diff"": 0.0024999506521403703, ""r_progress"": 0.049999013042807405, ""r_track"": -0.008392171518668888, ""r_dir"": -7.89568352087162e-05, ""r_time"": -1.0, ""r_smooth"": 0.0, ""total"": -0.9584721153110702}"
0.178,6.460914743324403,-0.031354838701303574,6.460914743324403,0.0,100.0,920.0,-20000.0,-6.283185307179586,-30.0,1000.0,0.031354838701303574,1.0,0.0,3.639083282761211,normal,0.0,"{""progress_diff"": 0.0024999506521403425, ""r_progress"": 0.04999901304280685, ""r_track"": -0.00873889697764235, ""r_dir"": -7.89568352087162e-05, ""r_time"": -1.0, ""r_smooth"": 0.0, ""total"": -0.9588188407700442}"
0.179,6.560912769410017,-0.03198315309785947,6.560912769410017,0.0,100.0,900.0,-20000.0,-6.283185307179586,-29.0,1000.0,0.03198315309785947,1.8721632361412048,0.0,3.5390852566755973,normal,0.0,"{""progress_diff"": 0.0024999506521403425, ""r_progress"": 0.04999901304280685, ""r_track"": -0.009092640729609936, ""r_dir"": -7.89568352087162e-05, ""r_time"": -1.0, ""r_smooth"": 0.0, ""total"": -0.9591725845220118}"
0.18,6.660910795495631,-0.03261146749441537,6.660910795495631,0.0,100.0,880.0,-20000.0,-6.283185307179586,-28.0,1000.0,0.03261146749441537,1.9131739139556885,0.0,3.4390872305899833,normal,0.0,"{""progress_diff"": 0.0024999506521403703, ""r_progress"": 0.049999013042807405, ""r_track"": -0.009453402774571646, ""r_dir"": -7.89568352087162e-05, ""r_time"": -1.0, ""r_smooth"": 0.0, ""total"": -0.959533346566973}"
0.181,6.7609088215812445,-0.033239781890971265,6.7609088215812445,0.0,100.0,860.0,-20000.0,-6.283185307179586,-27.0,1000.0,0.033239781890971265,1.0,0.0,3.3390892045043694,normal,0.0,"{""progress_diff"": 0.0024999506521403425, ""r_progress"": 0.04999901304280685, ""r_track"": -0.009821183112527478, ""r_dir"": -7.89568352087162e-05, ""r_time"": -1.0, ""r_smooth"": 0.0, ""total"": -0.9599011269049293}"
0.182,6.860906847666858,-0.03386809628752716,6.860906847666858,0.0,100.0,840.0,-20000.0,-6.283185307179586,-26.0,1000.0,0.03386809628752716,1.0,0.0,3.2390911784187555,normal,0.0,"{""progress_diff"": 0.0024999506521403425, ""r_progress"": 0.04999901304280685, ""r_track"": -0.01019598174347743, ""r_dir"": -7.89568352087162e-05, ""r_time"": -1.0, ""r_smooth"": 0.0, ""total"": -0.9602759255358793}"
0.183,6.960904873752472,-0.03449641068408306,6.960904873752472,0.0,100.0,820.0,-20000.0,-6.283185307179586,-25.0,1000.0,0.03449641068408306,1.9291097521781924,0.0,3.1390931523331416,normal,0.0,"{""progress_diff"": 0.0024999506521403703, ""r_progress"": 0.049999013042807405, ""r_track"": -0.010577798667421512, ""r_dir"": -7.89568352087162e-05, ""r_time"": -1.0, ""r_smooth"": 0.0, ""total"": -0.9606577424598228}"
0.184,7.060902899838086,-0.035124725080638956,7.060902899838086,0.0,100.0,800.0,-20000.0,-6.283185307179586,-24.0,1000.0,0.035124725080638956,0.0,0.0,3.0390951262475276,normal,0.0,"{""progress_diff"": 0.0024999506521403425, ""r_progress"": 0.04999901304280685, ""r_track"": -0.01096663388435971, ""r_dir"": -7.89568352087162e-05, ""r_time"": -1.0, ""r_smooth"": 0.0, ""total"": -0.9610465776767616}"
0.185,7.1609009259237,-0.03575303947719485,7.1609009259237,0.0,100.0,780.0,-20000.0,-6.283185307179586,-23.0,1000.0,0.03575303947719485,1.670750081539154,0.0,2.9390971001619137,normal,0.0,"{""progress_diff"": 0.0024999506521403425, ""r_progress"": 0.04999901304280685, ""r_track"": -0.01136248739429203, ""r_dir"": -7.89568352087162e-05, ""r_time"": -1.0, ""r_smooth"": 0.0, ""total"": -0.9614424311866939}"
0.186,7.260898952009314,-0.03638135387375075,7.260898952009314,0.0,100.0,760.0,-20000.0,-6.283185307179586,-22.0,1000.0,0.03638135387375075,1.385704517364502,0.0,2.8390990740763,normal,0.0,"{""progress_diff"": 0.0024999506521403703, ""r_progress"": 0.049999013042807405, ""r_track"": -0.01176535919721848, ""r_dir"": -7.89568352087162e-05, ""r_time"": -1.0, ""r_smooth"": 0.0, ""total"": -0.9618453029896198}"
0.187,7.360896978094928,-0.03700966827030665,7.360896978094928,0.0,100.0,740.0,-20000.0,-6.283185307179586,-21.0,1000.0,0.03700966827030665,2.5701522827148438,0.0,2.739101047990686,normal,0.0,"{""progress_diff"": 0.0024999506521403425, ""r_progress"": 0.04999901304280685, ""r_track"": -0.012175249293139045, ""r_dir"": -7.89568352087162e-05, ""r_time"": -1.0, ""r_smooth"": 0.0, ""total"": -0.9622551930855409}"
0.188,7.460895004180542,-0.037637982666862545,7.460895004180542,0.0,100.0,720.0,-20000.0,-6.283185307179586,-20.0,1000.0,0.037637982666862545,0.2260700464248657,0.0,2.639103021905072,normal,0.0,"{""progress_diff"": 0.0024999506521403425, ""r_progress"": 0.04999901304280685, ""r_track"": -0.012592157682053736, ""r_dir"": -7.89568352087162e-05, ""r_time"": -1.0, ""r_smooth"": 0.0, ""total"": -0.9626721014744556}"
0.189,7.560893030266156,-0.03826629706341844,7.560893030266156,0.0,100.0,700.0,-20000.0,-6.283185307179586,-19.0,1000.0,0.03826629706341844,0.0,0.0,2.539104995819458,normal,0.0,"{""progress_diff"": 0.0024999506521403703, ""r_progress"": 0.049999013042807405, ""r_track"": -0.013016084363962552, ""r_dir"": -7.89568352087162e-05, ""r_time"": -1.0, ""r_smooth"": 0.0, ""total"": -0.9630960281563639}"
0.19,7.659778056816228,-0.03888761818561769,7.659778056816228,0.0,98.88697849436741,680.0,-20000.0,-6.283185307179586,-18.0,1000.0,0.03888761818561769,0.9888697849436742,0.0,2.439106969733844,normal,0.0,"{""progress_diff"": 0.002472125663751795, ""r_progress"": 0.049442513275035904, ""r_track"": -0.013442194205781188, ""r_dir"": -7.89568352087162e-05, ""r_time"": -1.0, ""r_smooth"": 0.0, ""total"": -0.964078637765954}"
0.191,7.756642518744741,-0.03949624355880474,7.756642518744741,0.0,96.86637398780442,660.0,-20000.0,-6.283185307179586,-17.0,1000.0,0.03949624355880474,2.953694629389153,0.0,2.3402219431837716,normal,0.0,"{""progress_diff"": 0.0024216115482128264, ""r_progress"": 0.04843223096425653, ""r_track"": -0.013866251157834885, ""r_dir"": -7.89568352087162e-05, ""r_time"": -1.0, ""r_smooth"": 0.0, ""total"": -0.965512977028787}"
0.192,7.851485976257675,-0.04009217041963592,7.851485976257675,0.0,94.84532967854106,640.0,-20000.0,-6.283185307179586,-16.0,1000.0,0.04009217041963592,0.24120545387268066,0.0,2.2433574812552592,normal,0.0,"{""progress_diff"": 0.0023710864378233554, ""r_progress"": 0.04742172875646711, ""r_track"": -0.014287841146285597, ""r_dir"": -7.89568352087162e-05, ""r_time"": -1.0, ""r_smooth"": 0.0, ""total"": -0.9669450692250272}"
0.193,7.944307970309932,-0.040675395883807856,7.944307970309932,0.0,92.82382631511915,620.0,-20000.0,-6.283185307179586,-15.0,1000.0,0.040675395883807856,0.0,0.0,2.148514023742325,normal,0.0,"{""progress_diff"": 0.002320549851306447, ""r_progress"": 0.04641099702612894, ""r_track"": -0.014706558491595495, ""r_dir"": -7.89568352087162e-05, ""r_time"": -1.0, ""r_smooth"": 0.0, ""total"": -0.9683745183006752}"
0.194,8.03510802130825,-0.04124591693790755,8.03510802130825,0.0,90.8018433489672,600.0,-20000.0,-6.283185307179586,-14.0,1000.0,0.04124591693790755,0.9080184334896719,0.0,2.055692029690068,normal,0.0,"{""progress_diff"": 0.002270001274957939, ""r_progress"": 0.04540002549915878, ""r_track"": -0.015122005902655724, ""r_dir"": -7.89568352087162e-05, ""r_time"": -1.0, ""r_smooth"": 0.0, ""total"": -0.9698009372387056}"
0.195,8.123885627694571,-0.04180373043051132,8.123885627694571,0.0,88.77935881485688,580.0,-20000.0,-6.283185307179586,-13.0,1000.0,0.04180373043051132,0.0,0.0,1.9648919786917496,normal,0.0,"{""progress_diff"": 0.002219440159658026, ""r_progress"": 0.04438880319316052, ""r_track"": -0.015533794470283184, ""r_dir"": -7.89568352087162e-05, ""r_time"": -1.0, ""r_smooth"": 0.0, ""total"": -0.9712239481123314}"
0.196,8.210640264395744,-0.04234883306244383,8.200000000000001,0.0,86.75634919723063,560.0,-20000.0,-6.283185307179586,-12.0,1000.0,0.04234883306244383,0.0,0.0,1.8761143723054285,normal,0.0,"{""progress_diff"": 0.0021688659175293223, ""r_progress"": 0.04337731835058645, ""r_track"": -0.01594154366000654, ""r_dir"": -7.89568352087162e-05, ""r_time"": -1.0, ""r_smooth"": 0.0, ""total"": -0.9726431821446289}"
0.197,8.29537138112337,-0.0428812213760956,8.29537138112337,0.0,84.73278928034371,540.0,-20000.0,-6.283185307179586,-11.0,1000.0,0.0428812213760956,0.9110587287180489,0.0,1.7893597356042559,normal,0.0,"{""progress_diff"": 0.002118277918190664, ""r_progress"": 0.04236555836381328, ""r_track"": -0.01634488130405083, ""r_dir"": -7.89568352087162e-05, ""r_time"": -1.0, ""r_smooth"": 0.0, ""total"": -0.9740582797754462}"
0.198,8.378078400505196,-0.04340089174368204,8.378078400505196,0.0,82.70865197980575,520.0,-20000.0,-6.283185307179586,-10.0,1000.0,0.04340089174368204,0.24540597200393677,0.0,1.7046286188766295,normal,0.0,"{""progress_diff"": 0.0020676754845456446, ""r_progress"": 0.04135350969091289, ""r_track"": -0.016743443592416068, ""r_dir"": -7.89568352087162e-05, ""r_time"": -1.0, ""r_smooth"": 0.0, ""total"": -0.975468890736712}"
0.199,8.4587607160266,-0.04390784035430923,8.4587607160266,0.0,80.68390815267519,500.0,-20000.0,-6.283185307179586,-9.0,1000.0,0.04390784035430923,1.508665680885315,0.0,1.6219215994948044,normal,0.0,"{""progress_diff"": 0.0020170578880351064, ""r_progress"": 0.04034115776070213, ""r_track"": -0.017136875062928946, ""r_dir"": -7.89568352087162e-05, ""r_time"": -1.0, ""r_smooth"": 0.0, ""total"": -0.9768746741374356}"
0.2,8.537417689757369,-0.044402063199690686,8.537417689757369,0.0,78.65852638273685,480.0,-20000.0,-6.283185307179586,-8.0,1000.0,0.04440206319969068,0.3545337840109318,0.0,1.5412392839734004,normal,0.0,"{""progress_diff"": 0.0019664243432692408, ""r_progress"": 0.039328486865384815, ""r_track"": -0.017524828590127335, ""r_dir"": -7.89568352087162e-05, ""r_time"": -1.0, ""r_smooth"": 0.0, ""total"": -0.9782752985599512}"
0.201,8.614048649834924,-0.044883556058333766,8.6,0.0,76.63247273695812,460.0,-20000.0,-6.283185307179586,-7.0,1000.0,0.04488355605833376,0.0,1.0,1.462582310242631,corner,1.0,"{""progress_diff"": 0.0019157740019388747, ""r_progress"": 0.038315480038777494, ""r_track"": 0.0, ""r_dir"": -3.94784176043581e-05, ""r_time"": -1.0, ""r_smooth"": -0.240245, ""total"": -1.2019689983788269}"
0.202,8.688652887670415,-0.04535231447798484,8.688652887670415,0.0,74.60571048834272,440.0,-20000.0,-6.283185307179586,-6.0,1000.0,0.04535231447798484,0.0,1.0,1.385951350165076,corner,1.0,"{""progress_diff"": 0.0018651059458872632, ""r_progress"": 0.037302118917745264, ""r_track"": 0.0, ""r_dir"": -3.94784176043581e-05, ""r_time"": -1.0, ""r_smooth"": -0.24018, ""total"": -1.202917359499859}"
0.203,8.761229654838335,-0.04580833375608587,8.761229654838335,0.0,72.57819979944699,420.0,-20000.0,-6.283185307179586,-5.0,1000.0,0.04580833375608587,0.0,1.0,1.3113471123295852,corner,1.0,"{""progress_diff"": 0.0018144191791980013, ""r_progress"": 0.03628838358396003, ""r_track"": 0.0, ""r_dir"": -3.94784176043581e-05, ""r_time"": -1.0, ""r_smooth"": -0.24012499999999998, ""total"": -1.2038760948336442}"
0.204,8.83177815960341,-0.04625160891795194,8.8,0.0,70.54989735964729,400.0,-20000.0,-6.283185307179586,-4.0,1000.0,0.04625160891795194,0.0,1.0,1.2387703451616652,corner,1.0,"{""progress_diff"": 0.0017637126191268615, ""r_progress"": 0.03527425238253723, ""r_track"": 0.0, ""r_dir"": -3.94784176043581e-05, ""r_time"": -1.0, ""r_smooth"": -0.24008, ""total"": -1.204845226035067}"
0.205,8.900297563030133,-0.04668213469232646,8.900297563030133,0.0,68.52075596778299,380.0,-20000.0,-6.283185307179586,-3.0,1000.0,0.04668213469232646,0.6852075596778299,1.0,1.1682218403965905,corner,1.0,"{""progress_diff"": 0.001712985085668084, ""r_progress"": 0.03425970171336168, ""r_track"": 0.0, ""r_dir"": -3.94784176043581e-05, ""r_time"": -1.0, ""r_smooth"": -0.24004499999999998, ""total"": -1.2058247767042427}"
0.206,8.966786974610137,-0.04709990548390669,8.966786974610137,0.0,66.49072404997239,360.0,-20000.0,-6.283185307179586,-2.0,1000.0,0.04709990548390669,0.0,1.0,1.0997024369698671,corner,1.0,"{""progress_diff"": 0.0016622352895001302, ""r_progress"": 0.033244705790002604, ""r_track"": 0.0, ""r_dir"": -3.94784176043581e-05, ""r_time"": -1.0, ""r_smooth"": -0.24001999999999998, ""total"": -1.2068147726276017}"
0.207,9.031245447330052,-0.04750491534235384,9.0,0.0,64.4597451000976,340.0,-20000.0,-6.283185307179586,-1.0,1000.0,0.04750491534235385,0.0,1.0,1.0332130253898626,corner,1.0,"{""progress_diff"": 0.0016114618179978724, ""r_progress"": 0.03222923635995745, ""r_track"": 0.0, ""r_dir"": -3.94784176043581e-05, ""r_time"": -1.0, ""r_smooth"": -0.240005, ""total"": -1.207815242057647}"
0.208,9.093671972087117,-0.04789715792720483,9.093671972087117,0.0,62.42775702754262,320.0,-20000.0,-6.283185307179586,0.0,1000.0,0.04789715792720482,0.0,1.0,0.9687545526699477,corner,1.0,"{""progress_diff"": 0.0015606631189266085, ""r_progress"": 0.03121326237853217, ""r_track"": 0.0, ""r_dir"": -3.94784176043581e-05, ""r_time"": -1.0, ""r_smooth"": -0.24, ""total"": -1.2088262160390721}"
0.209,9.154065471720102,-0.04827656607448341,9.154065471720102,0.0,60.394691393049094,300.0,-20000.0,-6.282185307179586,1.0,1000.0,0.04827656607448341,0.4421293630088734,1.0,0.9063280279128829,corner,1.0,"{""progress_diff"": 0.0015098374908246448, ""r_progress"": 0.030196749816492896, ""r_track"": 0.0, ""r_dir"": -3.946585223374199e-05, ""r_time"": -1.0, ""r_smooth"": -0.240005, ""total"": -1.2098477160357408}"
0.21,9.212424792596769,-0.04864319496575169,9.200000000000001,0.0,58.36047249577147,280.0,-20000.0,-6.282185307179586,0.0,-1000.0,0.04864319496575169,0.2574699941929514,1.0,0.8459345282798978,corner,1.0,"{""progress_diff"": 0.00145898302191666, ""r_progress"": 0.0291796604383332, ""r_track"": 0.0, ""r_dir"": -3.946585223374199e-05, ""r_time"": -1.0, ""r_smooth"": -0.24, ""total"": -1.2108598054139006}"
0.211,9.268748697135575,-0.04899709315231863,9.268748697135575,0.0,56.32501634640712,260.0,-20000.0,-6.283185307179586,-1.0,-1000.0,0.04899709315231863,0.5632501634640712,1.0,0.787575207403231,corner,1.0,"{""progress_diff"": 0.0014080976134701606, ""r_progress"": 0.028161952269403212, ""r_track"": 0.0, ""r_dir"": -3.94784176043581e-05, ""r_time"": -1.0, ""r_smooth"": -0.240005, ""total"": -1.2118825261482011}"
0.212,9.323035854903676,-0.04933819391309362,9.323035854903676,0.0,54.288229371271704,240.0,-20000.0,-6.283185307179586,0.0,1000.0,0.04933819391309362,1.9729818406220492,1.0,0.7312513028644254,corner,1.0,"{""progress_diff"": 0.0013571789442025362, ""r_progress"": 0.027143578884050723, ""r_track"": 0.0, ""r_dir"": -3.94784176043581e-05, ""r_time"": -1.0, ""r_smooth"": -0.24, ""total"": -1.2128958995335535}"
0.213,9.375284830396387,-0.049666488228416,9.375284830396387,0.0,52.250006863113455,220.0,-20000.0,-6.283185307179586,0.0,0.0,0.049666488228416,0.5225000686311345,1.0,0.6769641450963242,corner,1.0,"{""progress_diff"": 0.001306224387317756, ""r_progress"": 0.02612448774635512, ""r_track"": 0.0, ""r_dir"": -3.94784176043581e-05, ""r_time"": -1.0, ""r_smooth"": -0.12, ""total"": -1.0939149906712493}"
0.214,9.425494070785616,-0.049981916130228426,9.4,0.0,50.21023118075198,200.0,-20000.0,-6.282185307179586,1.0,1000.0,0.049981916130228426,1.4001370562995838,1.0,0.6247151696036131,corner,1.0,"{""progress_diff"": 0.0012552310097307395, ""r_progress"": 0.02510462019461479, ""r_track"": 0.0, ""r_dir"": -3.946585223374199e-05, ""r_time"": -1.0, ""r_smooth"": -0.240005, ""total"": -1.2149398456576188}"
0.215,9.473661890367756,-0.05028442294008707,9.473661890367756,0.0,48.1687694846738,180.0,-20000.0,-6.280185307179586,2.0,1000.0,0.050284422940087066,1.3166575414188295,1.0,0.5745059292143839,corner,1.0,"{""progress_diff"": 0.0012041954895535, ""r_progress"": 0.024083909791070002, ""r_track"": 0.0, ""r_dir"": -3.9440727492515334e-05, ""r_time"": -1.0, ""r_smooth"": -0.24001999999999998, ""total"": -1.2159755309364224}"
0.216,9.519786452632477,-0.050573959167515926,9.519786452632477,0.0,46.125471003980884,160.0,-20000.0,-6.277185307179586,3.0,1000.0,0.050573959167515926,0.13830864065013396,1.0,0.5263381096322437,corner,1.0,"{""progress_diff"": 0.0011531140566180265, ""r_progress"": 0.02306228113236053, ""r_track"": 0.0, ""r_dir"": -3.9403055380672564e-05, ""r_time"": -1.0, ""r_smooth"": -0.24004499999999998, ""total"": -1.2170221219230202}"
0.217,9.563865748932377,-0.050850480388724535,9.563865748932377,0.0,44.08016363717583,140.0,-20000.0,-6.2731853071795864,4.0,1000.0,0.050850480388724535,0.44978113361732935,1.0,0.48021354736752286,corner,1.0,"{""progress_diff"": 0.0011019824074975093, ""r_progress"": 0.022039648149950186, ""r_track"": 0.0, ""r_dir"": -3.9352853898213685e-05, ""r_time"": -1.0, ""r_smooth"": -0.24008, ""total"": -1.218079704703948}"
0.218,9.60589757290389,-0.0511139471007344,9.6,0.0,42.03264970330323,120.0,-20000.0,-6.2681853071795866,5.0,1000.0,0.0511139471007344,1.0844495503386375,1.0,0.4361342510676227,corner,1.0,"{""progress_diff"": 0.0010507955992878348, ""r_progress"": 0.021015911985756697, ""r_track"": 0.0, ""r_dir"": -3.929014704514426e-05, ""r_time"": -1.0, ""r_smooth"": -0.24012499999999998, ""total"": -1.2191483781612884}"
0.219,9.645879489019574,-0.05136440450821208,9.6,0.0,39.982700574055094,100.0,-20000.0,-6.264185307179587,4.0,-1000.0,0.05136440450821208,0.0030239439187458904,1.0,0.39410242709610976,corner,1.0,"{""progress_diff"": 0.000999547902892084, ""r_progress"": 0.01999095805784168, ""r_track"": 0.0, ""r_dir"": -3.9240017562685386e-05, ""r_time"": -1.0, ""r_smooth"": -0.24008, ""total"": -1.220128281959721}"
0.22,9.68380879538497,-0.05160189002728411,9.68380879538497,0.0,37.9300498382458,80.0,-20000.0,-6.261185307179587,3.0,-1000.0,0.05160189002728412,0.0035014087480215944,1.0,0.35412051098042596,corner,1.0,"{""progress_diff"": 0.0009482326591348789, ""r_progress"": 0.018964653182697577, ""r_track"": 0.0, ""r_dir"": -3.920244145084262e-05, ""r_time"": -1.0, ""r_smooth"": -0.24004499999999998, ""total"": -1.2211195492587532}"
0.221,9.719682477043426,-0.051826432980779234,9.719682477043426,0.0,35.874384388728245,60.0,-20000.0,-6.259185307179587,2.0,-1000.0,0.051826432980779234,0.3625635625214878,1.0,0.3161912046150306,corner,1.0,"{""progress_diff"": 0.0008968420414614264, ""r_progress"": 0.01793684082922853, ""r_track"": 0.0, ""r_dir"": -3.91774007096104e-05, ""r_time"": -1.0, ""r_smooth"": -0.24001999999999998, ""total"": -1.222122336571481}"
0.222,9.75349714760353,-0.05203805421795984,9.75349714760353,0.0,33.815332744723996,40.0,-20000.0,-6.258185307179587,1.0,-1000.0,0.052038054217959845,0.0039788735772972985,1.0,0.2803175229565742,corner,1.0,"{""progress_diff"": 0.0008453667640026252, ""r_progress"": 0.016907335280052505, ""r_track"": 0.0, ""r_dir"": -3.9164883338999847e-05, ""r_time"": -1.0, ""r_smooth"": -0.240005, ""total"": -1.2231368296032865}"
0.223,9.785248975667487,-0.052236702129859876,9.785248975667487,0.0,31.75244945505754,20.0,-20000.0,-6.256185307179587,2.0,1000.0,0.052236702129859876,1.2387017145658463,1.0,0.2465028523964694,corner,1.0,"{""progress_diff"": 0.0007937957015989039, ""r_progress"": 0.015875914031978078, ""r_track"": 0.0, ""r_dir"": -3.913985459776763e-05, ""r_time"": -1.0, ""r_smooth"": -0.24001999999999998, ""total"": -1.2241832258226197}"
0.224,9.81493358914315,-0.05242232793816848,9.8,0.0,29.68519385384163,0.0,-20000.0,-6.253185307179587,3.0,1000.0,0.05242232793816847,0.21086398924996788,1.0,0.21475102433251259,corner,1.0,"{""progress_diff"": 0.0007421153368915856, ""r_progress"": 0.014842306737831712, ""r_track"": 0.0, ""r_dir"": -3.910232648592486e-05, ""r_time"": -1.0, ""r_smooth"": -0.24004499999999998, ""total"": -1.2252417955886543}"
0.225,9.842545950238392,-0.05259494017255716,9.8,0.0,27.612900612530833,-20.0,-20000.0,-6.251185307179587,2.0,-1000.0,0.05259494017255716,0.005092958178940514,1.0,0.18506641085684983,corner,1.0,"{""progress_diff"": 0.0006903090273810419, ""r_progress"": 0.013806180547620839, ""r_track"": 0.0, ""r_dir"": -3.907731774469821e-05, ""r_time"": -1.0, ""r_smooth"": -0.24001999999999998, ""total"": -1.2262528967701238}"
0.226,9.868080189311367,-0.052754535976640086,9.868080189311367,0.0,25.534737826273783,-40.0,-20000.0,-6.250185307179587,1.0,-1000.0,0.052754535976640086,0.2605994913847703,1.0,0.1574540497616077,corner,1.0,"{""progress_diff"": 0.0006383559768243785, ""r_progress"": 0.01276711953648757, ""r_track"": 0.0, ""r_dir"": -3.9064816374082096e-05, ""r_time"": -1.0, ""r_smooth"": -0.240005, ""total"": -1.2272769452798864}"
0.227,9.891529377194926,-0.05290105275450726,9.891529377194926,0.0,23.449645617037298,-60.0,-20000.0,-6.248185307179587,2.0,1000.0,0.05290105275450726,0.2011541014897697,1.0,0.13191981068863257,corner,1.0,"{""progress_diff"": 0.0005862296970889636, ""r_progress"": 0.011724593941779271, ""r_track"": 0.0, ""r_dir"": -3.903981963285543e-05, ""r_time"": -1.0, ""r_smooth"": -0.24001999999999998, ""total"": -1.2283344458778536}"
0.228,9.91288520402787,-0.05303442558442233,9.91288520402787,0.0,21.356243303315345,-80.0,-20000.0,-6.245185307179587,3.0,1000.0,0.05303442558442233,0.8364121525221692,1.0,0.1084706228050738,corner,1.0,"{""progress_diff"": 0.0005338956708235976, ""r_progress"": 0.010677913416471951, ""r_track"": 0.0, ""r_dir"": -3.900233952101267e-05, ""r_time"": -1.0, ""r_smooth"": -0.24004499999999998, ""total"": -1.2294060889230491}"
0.229,9.9321375125275,-0.05315458436952102,9.9321375125275,0.0,19.252683467470934,-100.0,-20000.0,-6.241185307179587,4.0,1000.0,0.05315458436952102,1.1647438747868386,1.0,0.08711479597213057,corner,1.0,"{""progress_diff"": 0.000481307712490775, ""r_progress"": 0.0096261542498155, ""r_track"": 0.0, ""r_dir"": -3.8952394038553796e-05, ""r_time"": -1.0, ""r_smooth"": -0.24008, ""total"": -1.230492798144223}"
0.23,9.949273590235517,-0.053261483784367465,9.949273590235517,0.0,17.136411138278184,-120.0,-20000.0,-6.238185307179587,3.0,-1000.0,0.053261483784367465,0.007161972439135138,1.0,0.06786248747249957,corner,1.0,"{""progress_diff"": 0.00042840194270041265, ""r_progress"": 0.008568038854008253, ""r_track"": 0.0, ""r_dir"": -3.8914955926711025e-05, ""r_time"": -1.0, ""r_smooth"": -0.24004499999999998, ""total"": -1.2315158761019185}"
0.231,9.964277040550812,-0.05335504929370496,9.964277040550812,0.0,15.003742062166946,-140.0,-20000.0,-6.236185307179587,2.0,-1000.0,0.05335504929370496,0.007480282325318894,1.0,0.05072640976448284,corner,1.0,"{""progress_diff"": 0.0003750862578823788, ""r_progress"": 0.007501725157647576, ""r_track"": 0.0, ""r_dir"": -3.889000718548436e-05, ""r_time"": -1.0, ""r_smooth"": -0.24001999999999998, ""total"": -1.232557164849538}"
0.232,9.977125855907419,-0.05343516507666857,9.977125855907419,0.0,12.849065125792606,-160.0,-20000.0,-6.235185307179587,1.0,-1000.0,0.05343516507666857,0.007639437268410842,1.0,0.03572295944918835,corner,1.0,"{""progress_diff"": 0.0003212203839151606, ""r_progress"": 0.006424407678303212, ""r_track"": 0.0, ""r_dir"": -3.887753581486826e-05, ""r_time"": -1.0, ""r_smooth"": -0.240005, ""total"": -1.2336194698575116}"
0.233,9.987788819640466,-0.053501630166323116,9.987788819640466,0.0,10.663170878328424,-180.0,-20000.0,-6.233185307179587,2.0,1000.0,0.053501630166323116,0.5912477467724073,1.0,0.02287414409258126,corner,1.0,"{""progress_diff"": 0.00026657409332617177, ""r_progress"": 0.005331481866523435, ""r_track"": 0.0, ""r_dir"": -3.885259907364159e-05, ""r_time"": -1.0, ""r_smooth"": -0.24001999999999998, ""total"": -1.2347273707325501}"
0.234,9.996217852719042,-0.05355416214254723,9.996217852719042,0.0,8.429196773610341,-200.0,-20000.0,-6.232185307179587,1.0,-1000.0,0.05355416214254723,0.008116902097686545,1.0,0.012211180359534168,corner,1.0,"{""progress_diff"": 0.00021072582696440856, ""r_progress"": 0.004214516539288171, ""r_track"": 0.0, ""r_dir"": -2.4870189279828883, ""r_time"": -1.0, ""r_smooth"": -0.240005, ""total"": -3.7228094114436}"
0.235,9.996255920498676,-0.04744402492820474,9.996255920498676,0.0,6.110255799386749,-220.0,-20000.0,-6.230185307179587,2.0,1000.0,0.047444024928204744,1.0241959357354915,1.0,0.00378214728095827,corner,1.0,"{""progress_diff"": 9.516944908527503e-07, ""r_progress"": 1.9033889817055005e-05, ""r_track"": 0.0, ""r_dir"": -3.881520896179882e-05, ""r_time"": -1.0, ""r_smooth"": -0.24001999999999998, ""total"": -1.2400397813191446}"
0.236,9.996292724518888,-0.041533883721915243,9.996292724518888,0.0,5.910255799386749,-200.0,20000.0,-6.227185307179587,3.0,1000.0,0.041533883721915243,1.9929625929793238,1.0,0.003744079501323938,corner,1.0,"{""progress_diff"": 9.201005053138811e-07, ""r_progress"": 1.8402010106277622e-05, ""r_track"": 0.0, ""r_dir"": -3.877783684995052e-05, ""r_time"": -1.0, ""r_smooth"": -0.24004499999999998, ""total"": -1.2400653758267437}"
0.237,9.99632838473241,-0.03580373888294502,9.99632838473241,0.0,5.730255799386749,-180.0,20000.0,-6.2231853071795875,4.0,1000.0,0.03580373888294502,0.2616261214315488,1.0,0.003707275481112049,corner,1.0,"{""progress_diff"": 8.915053380242899e-07, ""r_progress"": 1.7830106760485798e-05, ""r_track"": 0.0, ""r_dir"": -3.872803536749718e-05, ""r_time"": -1.0, ""r_smooth"": -0.24008, ""total"": -1.240100897928607}"
0.238,9.996362783726457,-0.03027359006796189,9.996362783726457,0.0,5.530255799386749,-200.0,-20000.0,-6.220185307179587,3.0,-1000.0,0.03027359006796189,0.06532931940865672,1.0,0.0036716152675904112,corner,1.0,"{""progress_diff"": 8.599748511917138e-07, ""r_progress"": 1.7199497023834276e-05, ""r_track"": 0.0, ""r_dir"": -3.869070525564888e-05, ""r_time"": -1.0, ""r_smooth"": -0.24004499999999998, ""total"": -1.240066491208232}"
0.239,9.996395803668255,-0.024963436930964398,9.996395803668255,0.0,5.310255799386749,-220.0,-20000.0,-6.218185307179588,2.0,-1000.0,0.024963436930964398,0.06344762929484048,1.0,0.0036372162735425206,corner,1.0,"{""progress_diff"": 8.254985449651642e-07, ""r_progress"": 1.6509970899303283e-05, ""r_track"": 0.0, ""r_dir"": -3.8665828514427735e-05, ""r_time"": -1.0, ""r_smooth"": -0.24001999999999998, ""total"": -1.2400421558576151}"
0.24,9.996427574870848,-0.019853279895622758,9.996427574870848,0.0,5.110255799386749,-200.0,20000.0,-6.217185307179587,1.0,-1000.0,0.019853279895622758,0.01991895680238352,1.0,0.0036041963317448023,corner,1.0,"{""progress_diff"": 7.942800648308435e-07, ""r_progress"": 1.588560129661687e-05, ""r_track"": 0.0, ""r_dir"": -3.865339314381164e-05, ""r_time"": -1.0, ""r_smooth"": -0.240005, ""total"": -1.2400277677918472}"
0.241,9.996457978301486,-0.014963118608421568,9.996457978301486,0.0,4.8902557993867495,-220.0,-20000.0,-6.217185307179587,0.0,-1000.0,0.014963118608421568,0.05940678423793242,1.0,0.0035724251291515685,corner,1.0,"{""progress_diff"": 7.600857659106897e-07, ""r_progress"": 1.5201715318213793e-05, ""r_track"": 0.0, ""r_dir"": -3.865339314381164e-05, ""r_time"": -1.0, ""r_smooth"": -0.24, ""total"": -1.2400234516778257}"
0.242,9.996486894267427,-0.01031295271174178,9.996486894267427,0.0,4.650255799386749,-240.0,-20000.0,-6.218185307179588,-1.0,-1000.0,0.010312952711741782,0.05684762929484047,1.0,0.003542021698514475,corner,1.0,"{""progress_diff"": 7.228991485419556e-07, ""r_progress"": 1.4457982970839112e-05, ""r_track"": 0.0, ""r_dir"": -3.8665828514427735e-05, ""r_time"": -1.0, ""r_smooth"": -0.240005, ""total"": -1.2400292078455437}"
0.243,9.996514451101758,-0.00588278261693937,9.996514451101758,0.0,4.4302557993867495,-220.0,20000.0,-6.220185307179587,-2.0,-1000.0,0.00588278261693937,0.025939699549740187,1.0,0.0035131057325727966,corner,1.0,"{""progress_diff"": 6.889208582772088e-07, ""r_progress"": 1.3778417165544177e-05, ""r_track"": 0.0, ""r_dir"": -3.869070525564888e-05, ""r_time"": -1.0, ""r_smooth"": -0.24001999999999998, ""total"": -1.24004491228809}"
0.244,9.996540776597572,-0.001652608732036361,9.996540776597572,0.0,4.230255799386749,-200.0,20000.0,-6.2231853071795875,-3.0,-1000.0,0.001652608732036361,0.027370637669362236,1.0,0.0034855488982419303,corner,1.0,"{""progress_diff"": 6.581373953318259e-07, ""r_progress"": 1.3162747906636518e-05, ""r_track"": 0.0, ""r_dir"": -3.872803536749718e-05, ""r_time"": -1.0, ""r_smooth"": -0.24004499999999998, ""total"": -1.2400705652874608}"
0.245,9.996565990027614,0.0023975685879598233,9.996565990027614,0.0,4.05025579938675,-180.0,20000.0,-6.225185307179587,-2.0,1000.0,0.0023975685879598233,0.06848656855531554,1.0,0.003459223402428435,corner,1.0,"{""progress_diff"": 6.303357510673013e-07, ""r_progress"": 1.2606715021346027e-05, ""r_track"": 0.0, ""r_dir"": -3.875293210872938e-05, ""r_time"": -1.0, ""r_smooth"": -0.24001999999999998, ""total"": -1.2400461462170873}"
0.246,9.996590219104982,0.006287748935510838,10.0,0.006287748935510837,3.8902557993867495,-160.0,20000.0,-6.228185307179587,-3.0,-1000.0,0.0034097808950175335,0.02980317542809696,1.0,0.003434009972385965,corner,1.0,"{""progress_diff"": 0.00024304397269742095, ""r_progress"": 0.004860879453948419, ""r_track"": 0.0, ""r_dir"": -3.879029222056662e-05, ""r_time"": -1.0, ""r_smooth"": -0.24004499999999998, ""total"": -1.2352229108382722}"
0.247,9.996613591242777,0.010037931904914981,10.0,0.010037931904914981,3.7502557993867494,-140.0,20000.0,-6.232185307179587,-4.0,-1000.0,0.003386408757222626,0.9706143441038191,1.0,9.993712251064464,corner,1.0,"{""progress_diff"": 9.375457423510536e-05, ""r_progress"": 0.0018750914847021072, ""r_track"": 0.0, ""r_dir"": -3.884013370303102e-05, ""r_time"": -1.0, ""r_smooth"": -0.24008, ""total"": -1.238243748649001}"
0.248,9.996636233674103,0.013668117091552825,10.0,0.013668117091552823,3.6302557993867492,-120.0,20000.0,-6.237185307179587,-5.0,-1000.0,0.003363766325897189,0.39227773419854023,1.0,9.98996206809506,corner,1.0,"{""progress_diff"": 9.075462966595671e-05, ""r_progress"": 0.0018150925933191342, ""r_track"": 0.0, ""r_dir"": -3.890248055610046e-05, ""r_time"": -1.0, ""r_smooth"": -0.24012499999999998, ""total"": -1.2383488098872368}"
0.249,9.99665826651169,0.017198304135205282,10.0,0.01719830413520528,3.530255799386749,-100.0,20000.0,-6.241185307179586,-4.0,1000.0,0.003341733488310794,1.1480396348929465,0.0,9.986331882908422,normal,0.0,"{""progress_diff"": 8.825467609130389e-05, ""r_progress"": 0.0017650935218260777, ""r_track"": -9.926384628353624e-05, ""r_dir"": -7.790478807710759e-05, ""r_time"": -1.0, ""r_smooth"": 0.0, ""total"": -0.9984120751125346}"
0.25,9.99667956064247,0.020608493452126748,10.0,0.020608493452126744,3.410255799386749,-120.0,-20000.0,-6.2441853071795865,-3.0,1000.0,0.003320439357530347,0.5369967272379723,0.0,9.98280169586477,normal,0.0,"{""progress_diff"": 8.525473292303465e-05, ""r_progress"": 0.001705094658460693, ""r_track"": -9.800282246254704e-05, ""r_dir"": -7.797970030080421e-05, ""r_time"": -1.0, ""r_smooth"": 0.0, ""total"": -0.9984708878643026}"
0.251,9.996700243599541,0.023918684635829038,10.0,0.023918684635829038,3.310255799386749,-100.0,20000.0,-6.248185307179586,-4.0,-1000.0,0.0032997564004588753,0.4813382282498225,0.0,9.979391506547849,normal,0.0,"{""progress_diff"": 8.275477959257538e-05, ""r_progress"": 0.0016550955918515076, ""r_track"": -9.678570935439391e-05, ""r_dir"": -7.807963926571086e-05, ""r_time"": -1.0, ""r_smooth"": 0.0, ""total"": -0.9985197697567686}"
0.252,9.996720442856004,0.02714887728016313,10.0,0.027148877280163127,3.230255799386749,-80.0,20000.0,-6.253185307179586,-5.0,-1000.0,0.0032795571439958593,0.07344438510632349,0.0,9.976081315364146,normal,0.0,"{""progress_diff"": 8.075481610836377e-05, ""r_progress"": 0.0016150963221672754, ""r_track"": -9.560440053986023e-05, ""r_dir"": -7.820465297184973e-05, ""r_time"": -1.0, ""r_smooth"": 0.0, ""total"": -0.9985587127313444}"
0.253,9.996740285944956,0.030319070978561725,10.0,0.030319070978561725,3.170255799386749,-60.0,20000.0,-6.259185307179586,-6.0,-1000.0,0.0032597140550443275,0.8592046249729185,0.0,9.972851122719812,normal,0.0,"{""progress_diff"": 7.925484245996373e-05, ""r_progress"": 0.0015850968491992745, ""r_track"": -9.445098418358697e-05, ""r_dir"": -7.83548014192208e-05, ""r_time"": -1.0, ""r_smooth"": 0.0, ""total"": -0.9985877089364036}"
0.254,9.996759900579491,0.03344926532328002,10.0,0.03344926532328001,3.130255799386749,-40.0,20000.0,-6.266185307179586,-7.0,-1000.0,0.0032400994205090683,0.639348162994719,0.0,9.969680929021413,normal,0.0,"{""progress_diff"": 7.825485861795434e-05, ""r_progress"": 0.0015650971723590867, ""r_track"": -9.3317726709184e-05, ""r_dir"": -7.853015660782408e-05, ""r_time"": -1.0, ""r_smooth"": 0.0, ""total"": -0.998606750710958}"
0.255,9.996779163806933,0.03651946069193924,10.0,0.03651946069193923,3.0702557993867488,-60.0,-20000.0,-6.274185307179586,-8.0,-1000.0,0.0032208361930674556,0.0321349524816946,0.0,9.966550734676694,normal,0.0,"{""progress_diff"": 7.675488421649002e-05, ""r_progress"": 0.0015350976843298003, ""r_track"": -9.221142917842896e-05, ""r_dir"": -7.87308025376596e-05, ""r_time"": -1.0, ""r_smooth"": 0.0, ""total"": -0.9986358445473863}"
0.256,9.99679819727998,0.03954965671474383,10.0,0.03954965671474383,3.0302557993867487,-40.0,20000.0,-6.281185307179586,-7.0,1000.0,0.0032018027200191317,2.216555004445846,0.0,9.963480539308035,normal,0.0,"{""progress_diff"": 7.575490057010192e-05, ""r_progress"": 0.0015150980114020385, ""r_track"": -9.112480584819475e-05, ""r_dir"": -7.89065777262629e-05, ""r_time"": -1.0, ""r_smooth"": 0.0, ""total"": -0.9986549333721724}"
0.257,9.996817111150541,0.04255985309425829,10.0,0.04255985309425828,3.0102557993867487,-20.0,20000.0,-6.283185307179586,-6.0,1000.0,0.0031828888494587204,0.9698974420061325,0.0,9.960450343285231,normal,0.0,"{""progress_diff"": 7.525490948784297e-05, ""r_progress"": 0.0015050981897568594, ""r_track"": -9.005139047118804e-05, ""r_dir"": -7.895683520870505e-05, ""r_time"": -1.0, ""r_smooth"": 0.0, ""total"": -0.998663910035923}"
0.258,9.996836025021102,0.04557004947377275,10.0,0.045570049473772745,3.0102557993867487,0.0,20000.0,-6.283185307179586,-5.0,1000.0,0.0031639749788983096,0.9698974420061325,0.0,9.957440146905716,normal,0.0,"{""progress_diff"": 7.525490948784297e-05, ""r_progress"": 0.0015050981897568594, ""r_track"": -8.898433481861829e-05, ""r_dir"": -7.895683520870505e-05, ""r_time"": -1.0, ""r_smooth"": 0.0, ""total"": -0.9986628429802704}"
0.259,9.996855064554541,0.04860024545850433,10.0,0.04860024545850433,3.0302557993867487,20.0,20000.0,-6.283185307179586,-4.0,1000.0,0.0031449354454586857,2.9696974420061326,0.0,9.954429950526203,normal,0.0,"{""progress_diff"": 7.575489961830773e-05, ""r_progress"": 0.0015150979923661545, ""r_track"": -8.791661294313264e-05, ""r_dir"": -7.895683520870505e-05, ""r_time"": -1.0, ""r_smooth"": 0.0, ""total"": -0.9986517754557857}"
0.26,9.99687435541374,0.05167044065367016,10.0,0.05167044065367016,3.0702557993867488,40.0,20000.0,-6.283185307179586,-3.0,1000.0,0.003125644586260634,0.48240992741491545,0.0,9.951399754541471,normal,0.0,"{""progress_diff"": 7.675487987912621e-05, ""r_progress"": 0.0015350975975825243, ""r_track"": -8.684136959662589e-05, ""r_dir"": -7.895683520870505e-05, ""r_time"": -1.0, ""r_smooth"": 0.0, ""total"": -0.9986307006072228}"
0.261,9.996894023261575,0.054800634664487355,10.0,0.05480063466448735,3.130255799386749,60.0,20000.0,-6.283185307179586,-2.0,1000.0,0.003105976738424943,0.9686974420061325,0.0,9.948329559346305,normal,0.0,"{""progress_diff"": 7.825485027040946e-05, ""r_progress"": 0.0015650970054081892, ""r_track"": -8.57519244412164e-05, ""r_dir"": -7.895683520870505e-05, ""r_time"": -1.0, ""r_smooth"": 0.0, ""total"": -0.9985996117542417}"
0.262,9.996913942435171,0.0579708278857388,10.0,0.05797082788573879,3.170255799386749,40.0,-20000.0,-6.283185307179586,-1.0,1000.0,0.003086057564829048,0.41770795960519563,0.0,9.945199365335489,normal,0.0,"{""progress_diff"": 7.925483053133897e-05, ""r_progress"": 0.0015850966106267794, ""r_track"": -8.46555670527875e-05, ""r_dir"": -7.895683520870505e-05, ""r_time"": -1.0, ""r_smooth"": 0.0, ""total"": -0.9985785157916347}"
0.263,9.996933987271646,0.061161020712207366,10.0,0.06116102071220736,3.190255799386749,20.0,-20000.0,-6.283185307179586,0.0,1000.0,0.0030660127283539396,1.303977734232881,0.0,9.942029172114236,normal,0.0,"{""progress_diff"": 7.97548206616927e-05, ""r_progress"": 0.001595096413233854, ""r_track"": -8.35594137815855e-05, ""r_dir"": -7.895683520870505e-05, ""r_time"": -1.0, ""r_smooth"": 0.0, ""total"": -0.9985674198357565}"
0.264,9.996954028917928,0.06435121355871917,10.0,0.06435121355871916,3.190255799386749,0.0,-20000.0,-6.282185307179586,1.0,1000.0,0.00304597108207183,0.17503296909081464,0.0,9.938838979287768,normal,0.0,"{""progress_diff"": 7.975482116279187e-05, ""r_progress"": 0.0015950964232558373, ""r_track"": -8.24705762917141e-05, ""r_dir"": -7.893170446749513e-05, ""r_time"": -1.0, ""r_smooth"": 0.0, ""total"": -0.9985663058575034}"
0.265,9.99697419620709,0.06756140601057375,10.0,0.06756140601057374,3.210255799386749,20.0,20000.0,-6.282185307179586,0.0,-1000.0,0.0030258037929105086,0.9680565969492245,0.0,9.935648786441256,normal,0.0,"{""progress_diff"": 8.025481129636525e-05, ""r_progress"": 0.001605096225927305, ""r_track"": -8.138212082836997e-05, ""r_dir"": -7.893170446749513e-05, ""r_time"": -1.0, ""r_smooth"": 0.0, ""total"": -0.9985552175993686}"
0.266,9.996994618032202,0.0708115976526937,10.0,0.07081159765269368,3.250255799386749,40.0,20000.0,-6.283185307179586,-1.0,-1000.0,0.00300538196779776,0.10649302983190764,0.0,9.932438593989401,normal,0.0,"{""progress_diff"": 8.125479105303146e-05, ""r_progress"": 0.0016250958210606292, ""r_track"": -8.02872957543461e-05, ""r_dir"": -7.895683520870505e-05, ""r_time"": -1.0, ""r_smooth"": 0.0, ""total"": -0.9985341483099024}"
0.267,9.997015416845953,0.07412178811046499,10.0,0.07412178811046498,3.310255799386749,60.0,20000.0,-6.283185307179586,0.0,1000.0,0.002984583154047371,0.575077607296965,0.0,9.92918840234728,normal,0.0,"{""progress_diff"": 8.27547614442592e-05, ""r_progress"": 0.001655095228885184, ""r_track"": -7.917988091931869e-05, ""r_dir"": -7.895683520870505e-05, ""r_time"": -1.0, ""r_smooth"": 0.0, ""total"": -0.9985030414872429}"
0.268,9.997036714921032,0.07751197701040456,10.0,0.07751197701040455,3.390255799386749,80.0,20000.0,-6.282185307179586,1.0,1000.0,0.002963285078967815,1.164430814071097,0.0,9.92587821188951,normal,0.0,"{""progress_diff"": 8.475472249847016e-05, ""r_progress"": 0.0016950944499694032, ""r_track"": -7.805385297096256e-05, ""r_dir"": -7.893170446749513e-05, ""r_time"": -1.0, ""r_smooth"": 0.0, ""total"": -0.9984618911074691}"
0.269,9.997058634230136,0.0810021639809036,10.0,0.0810021639809036,3.490255799386749,100.0,20000.0,-6.280185307179586,2.0,1000.0,0.002941365769864035,1.731503350437355,0.0,9.92248802298957,normal,0.0,"{""progress_diff"": 8.725467426246025e-05, ""r_progress"": 0.001745093485249205, ""r_track"": -7.690340081891418e-05, ""r_dir"": -7.888145498503067e-05, ""r_time"": -1.0, ""r_smooth"": 0.0, ""total"": -0.9984106913705547}"
0.27,9.997081303546338,0.08461234860763789,10.0,0.08461234860763789,3.6102557993867492,120.0,20000.0,-6.279185307179586,1.0,-1000.0,0.0029186964536620508,0.9645340617785001,0.0,9.918997836019072,normal,0.0,"{""progress_diff"": 9.025461566841697e-05, ""r_progress"": 0.0018050923133683394, ""r_track"": -7.572256878772828e-05, ""r_dir"": -7.885633624379843e-05, ""r_time"": -1.0, ""r_smooth"": 0.0, ""total"": -0.9983494865916632}"
0.271,9.997104593356578,0.08832253130955729,10.0,0.08832253130955728,3.7102557993867493,100.0,-20000.0,-6.277185307179586,2.0,1000.0,0.002895406643421694,0.7487961988728833,0.0,9.915387651392336,normal,0.0,"{""progress_diff"": 9.275456754798128e-05, ""r_progress"": 0.0018550913509596256, ""r_track"": -7.451893005129316e-05, ""r_dir"": -7.880611076135628e-05, ""r_time"": -1.0, ""r_smooth"": 0.0, ""total"": -0.998298233689853}"
0.272,9.997128624933568,0.0921527117194131,10.0,0.0921527117194131,3.8302557993867494,120.0,20000.0,-6.274185307179586,3.0,1000.0,0.0028713750664319804,1.3766772818246409,0.0,9.911677468690417,normal,0.0,"{""progress_diff"": 9.575451024634862e-05, ""r_progress"": 0.0019150902049269725, ""r_track"": -7.328706464113118e-05, ""r_dir"": -7.87308025376596e-05, ""r_time"": -1.0, ""r_smooth"": 0.0, ""total"": -0.9982369276622518}"
0.273,9.997153276064616,0.09608289021031542,10.0,0.09608289021031542,3.9302557993867495,100.0,-20000.0,-6.272185307179586,2.0,-1000.0,0.002846723935384432,0.04105326236787837,0.0,9.907847288280562,normal,0.0,"{""progress_diff"": 9.82544622725734e-05, ""r_progress"": 0.001965089245451468, ""r_track"": -7.20341081270278e-05, ""r_dir"": -7.868061705519515e-05, ""r_time"": -1.0, ""r_smooth"": 0.0, ""total"": -0.9981856254797308}"
0.274,9.997178667702435,0.10013306641700011,10.0,0.10013306641700011,4.05025579938675,120.0,20000.0,-6.269185307179586,3.0,1000.0,0.0028213322975645383,1.0210311031327408,0.0,9.90391710978966,normal,0.0,"{""progress_diff"": 0.00010125440516711715, ""r_progress"": 0.002025088103342343, ""r_track"": -7.07548082958293e-05, ""r_dir"": -7.860536883152076e-05, ""r_time"": -1.0, ""r_smooth"": 0.0, ""total"": -0.998124272073785}"
0.275,9.997204669653982,0.10428324076259803,10.0,0.10428324076259801,4.150255799386749,100.0,-20000.0,-6.265185307179586,4.0,1000.0,0.002795330346017977,1.9239353654728337,0.0,9.899866933582976,normal,0.0,"{""progress_diff"": 0.00010375435863996252, ""r_progress"": 0.0020750871727992504, ""r_track"": -6.945663771883539e-05, ""r_dir"": -7.850509386659186e-05, ""r_time"": -1.0, ""r_smooth"": 0.0, ""total"": -0.9980728745587861}"
0.276,9.997231151666211,0.10851341367056214,10.0,0.10851341367056211,4.230255799386749,80.0,-20000.0,-6.2601853071795865,5.0,1000.0,0.002768848333788654,0.5684840729885144,0.0,9.895716759237377,normal,0.0,"{""progress_diff"": 0.00010575432269904761, ""r_progress"": 0.002115086453980952, ""r_track"": -6.814685418243737e-05, ""r_dir"": -7.837984016045301e-05, ""r_time"": -1.0, ""r_smooth"": 0.0, ""total"": -0.9980314402403619}"
0.277,9.997258242372197,0.11284358472743411,10.0,0.11284358472743411,4.330255799386749,100.0,20000.0,-6.256185307179587,4.0,-1000.0,0.0027417576278025986,0.9609946254696136,0.0,9.891486586329414,normal,0.0,"{""progress_diff"": 0.0001082542764218597, ""r_progress"": 0.002165085528437194, ""r_track"": -6.68198656854554e-05, ""r_dir"": -7.827970919554638e-05, ""r_time"": -1.0, ""r_smooth"": 0.0, ""total"": -0.9979800140464438}"
0.278,9.99728606156468,0.11729375357507406,10.0,0.11729375357507404,4.450255799386749,120.0,20000.0,-6.251185307179587,5.0,1000.0,0.0027139384353205287,1.447512704881269,0.0,9.88715641527254,normal,0.0,"{""progress_diff"": 0.00011125422119101502, ""r_progress"": 0.0022250844238203005, ""r_track"": -6.547077182853368e-05, ""r_dir"": -7.815463548940751e-05, ""r_time"": -1.0, ""r_smooth"": 0.0, ""total"": -0.9979185409834976}"
0.279,9.997314728376407,0.12188391985939416,10.0,0.12188391985939416,4.590255799386749,140.0,20000.0,-6.245185307179587,6.0,1000.0,0.0026852716235925556,1.1990873306388248,0.0,9.8827062464249,normal,0.0,"{""progress_diff"": 0.00011475415710798798, ""r_progress"": 0.0022950831421597595, ""r_track"": -6.409496615530132e-05, ""r_dir"": -7.800467904201423e-05, ""r_time"": -1.0, ""r_smooth"": 0.0, ""total"": -0.9978470165030375}"
0.28,9.997344361160147,0.1266340832310831,10.0,0.1266340832310831,4.750255799386749,160.0,20000.0,-6.238185307179587,7.0,1000.0,0.002655638839852869,1.1765813449255789,0.0,9.87811608014058,normal,0.0,"{""progress_diff"": 0.00011875408429223855, ""r_progress"": 0.002375081685844771, ""r_track"": -6.268815686875638e-05, ""r_dir"": -7.782991185341096e-05, ""r_time"": -1.0, ""r_smooth"": 0.0, ""total"": -0.9977654363828774}"
0.281,9.9973748379432,0.1315242440616827,10.0,0.1315242440616827,4.890255799386749,140.0,-20000.0,-6.232185307179587,6.0,-1000.0,0.0026251620568000784,0.057019460091554036,0.0,9.873365916768892,normal,0.0,"{""progress_diff"": 0.00012225402076498915, ""r_progress"": 0.002445080415299783, ""r_track"": -6.125756288411394e-05, ""r_dir"": -7.768026740606204e-05, ""r_time"": -1.0, ""r_smooth"": 0.0, ""total"": -0.9976938574149904}"
0.282,9.997406037532857,0.13653440271794237,10.0,0.13653440271794234,5.010255799386749,120.0,-20000.0,-6.227185307179587,5.0,-1000.0,0.0025939624671433847,0.05901523480701349,0.0,9.868475755938292,normal,0.0,"{""progress_diff"": 0.0001252539664064467, ""r_progress"": 0.002505079328128934, ""r_track"": -5.981014471954307e-05, ""r_dir"": -7.755567369990104e-05, ""r_time"": -1.0, ""r_smooth"": 0.0, ""total"": -0.9976322864902906}"
0.283,9.997438088322196,0.1416845587880066,10.0,0.1416845587880066,5.150255799386748,140.0,20000.0,-6.2231853071795875,4.0,-1000.0,0.0025619116778035074,0.8151864452032794,0.0,9.863465597282033,normal,0.0,"{""progress_diff"": 0.0001287539017515993, ""r_progress"": 0.0025750780350319857, ""r_track"": -5.834125728769762e-05, ""r_dir"": -7.745607073499436e-05, ""r_time"": -1.0, ""r_smooth"": 0.0, ""total"": -0.9975607192929907}"
0.284,9.9974711188843,0.14699471185895358,10.0,0.14699471185895358,5.3102557993867485,160.0,20000.0,-6.220185307179587,3.0,-1000.0,0.0025288811156993773,0.9569242034209217,0.0,9.85831544121197,normal,0.0,"{""progress_diff"": 0.00013275382677369052, ""r_progress"": 0.0026550765354738104, ""r_track"": -5.6846575087474906e-05, ""r_dir"": -7.738141051129776e-05, ""r_time"": -1.0, ""r_smooth"": 0.0, ""total"": -0.997479151450125}"
0.285,9.997505247111942,0.15248486158430516,10.0,0.15248486158430516,5.490255799386748,180.0,20000.0,-6.216185307179588,4.0,1000.0,0.002494752888058116,2.1960592315266783,0.0,9.853005288141022,normal,0.0,"{""progress_diff"": 0.00013725374313378058, ""r_progress"": 0.0027450748626756116, ""r_track"": -5.5322595310882766e-05, ""r_dir"": -7.728191954639108e-05, ""r_time"": -1.0, ""r_smooth"": 0.0, ""total"": -0.9973875296521817}"
0.286,9.9975406014982,0.15817500755166197,10.0,0.15817500755166197,5.690255799386748,200.0,20000.0,-6.213185307179588,3.0,-1000.0,0.002459398501800436,0.9542382880225649,0.0,9.84751513841567,normal,0.0,"{""progress_diff"": 0.00014225364918396544, ""r_progress"": 0.0028450729836793087, ""r_track"": -5.376569769473982e-05, ""r_dir"": -7.720734332271658e-05, ""r_time"": -1.0, ""r_smooth"": 0.0, ""total"": -0.9972859000573382}"
0.287,9.997577062510333,0.16404515011763326,10.0,0.16404515011763326,5.870255799386748,180.0,-20000.0,-6.211185307179588,2.0,-1000.0,0.002422937489667376,0.07016171389648368,0.0,9.841824992448313,normal,0.0,"{""progress_diff"": 0.0001467535641492823, ""r_progress"": 0.0029350712829856462, ""r_track"": -5.218334292298352e-05, ""r_dir"": -7.715764584025219e-05, ""r_time"": -1.0, ""r_smooth"": 0.0, ""total"": -0.9971942697057776}"
0.288,9.997614759681401,0.17011528886343488,10.0,0.17011528886343485,6.070255799386748,200.0,20000.0,-6.210185307179588,1.0,-1000.0,0.0023852403185991022,0.9509157528518407,0.0,9.835954849882341,normal,0.0,"{""progress_diff"": 0.0001517534686450439, ""r_progress"": 0.003035069372900878, ""r_track"": -5.057219002196219e-05, ""r_dir"": -7.713280309902e-05, ""r_time"": -1.0, ""r_smooth"": 0.0, ""total"": -0.9970926356202201}"
0.289,9.997653823084454,0.17640542336694595,10.0,0.17640542336694592,6.290255799386748,220.0,20000.0,-6.210185307179588,0.0,-1000.0,0.002346176915546394,0.6730386083244054,0.0,9.82988471113654,normal,0.0,"{""progress_diff"": 0.00015725336258776146, ""r_progress"": 0.003145067251755229, ""r_track"": -4.892929883593593e-05, ""r_dir"": -7.713280309902e-05, ""r_time"": -1.0, ""r_smooth"": 0.0, ""total"": -0.9969809948501798}"
0.29,9.997694383452531,0.1829355532019466,10.0,0.1829355532019466,6.530255799386748,240.0,20000.0,-6.211185307179588,-1.0,-1000.0,0.0023056165474688584,0.9461565979087486,0.0,9.82359457663303,normal,0.0,"{""progress_diff"": 0.00016325324587501688, ""r_progress"": 0.0032650649175003377, ""r_track"": -4.72521570129975e-05, ""r_dir"": -7.715764584025219e-05, ""r_time"": -1.0, ""r_smooth"": 0.0, ""total"": -0.9968593448853529}"
0.291,9.997736558718405,0.1897256780217164,10.0,0.1897256780217164,6.790255799386748,260.0,20000.0,-6.211185307179588,0.0,1000.0,0.002263441281595391,1.3661882510083014,0.0,9.817064446798028,normal,0.0,"{""progress_diff"": 0.00016975312049422042, ""r_progress"": 0.0033950624098844084, ""r_track"": -4.55392572020461e-05, ""r_dir"": -7.715764584025219e-05, ""r_time"": -1.0, ""r_smooth"": 0.0, ""total"": -0.9967276344931579}"
0.292,9.9977804801751,0.19679579739655043,10.0,0.1967957973965504,7.070255799386748,280.0,20000.0,-6.212185307179588,-1.0,-1000.0,0.0022195198248997627,0.732850698809773,0.0,9.810274321978259,normal,0.0,"{""progress_diff"": 0.00017675298437086484, ""r_progress"": 0.003535059687417297, ""r_track"": -4.378905113887177e-05, ""r_dir"": -7.718249258146232e-05, ""r_time"": -1.0, ""r_smooth"": 0.0, ""total"": -0.9965859118563031}"
0.293,9.997826280015628,0.2041659108911312,10.0,0.2041659108911312,7.370255799386748,300.0,20000.0,-6.214185307179588,-2.0,-1000.0,0.002173719984371658,0.937279133079473,0.0,9.803204202603425,normal,0.0,"{""progress_diff"": 0.00018425283736450693, ""r_progress"": 0.0036850567472901385, ""r_track"": -4.200052062628197e-05, ""r_dir"": -7.723219806392669e-05, ""r_time"": -1.0, ""r_smooth"": 0.0, ""total"": -0.9964341759714}"
0.294,9.997874076072765,0.2118560181593638,10.0,0.2118560181593638,7.690255799386748,320.0,20000.0,-6.215185307179588,-1.0,1000.0,0.002125923927234652,1.3540503470456227,0.0,9.795834089108844,normal,0.0,"{""progress_diff"": 0.00019225268170580678, ""r_progress"": 0.0038450536341161357, ""r_track"": -4.017380039456716e-05, ""r_dir"": -7.72570568051589e-05, ""r_time"": -1.0, ""r_smooth"": 0.0, ""total"": -0.9962723772230836}"
0.295,9.997923985279302,0.2198861188607677,10.0,0.2198861188607677,8.03025579938675,340.0,20000.0,-6.215185307179588,0.0,1000.0,0.0020760147206981827,1.0714364417111502,0.0,9.788143981840612,normal,0.0,"{""progress_diff"": 0.0002007525175350966, ""r_progress"": 0.004015050350701932, ""r_track"": -3.830966329382713e-05, ""r_dir"": -7.72570568051589e-05, ""r_time"": -1.0, ""r_smooth"": 0.0, ""total"": -0.996100516369397}"
0.296,9.997976140328237,0.22827621255690803,10.0,0.22827621255690803,8.390255799386749,360.0,20000.0,-6.216185307179589,-1.0,-1000.0,0.002023859671762551,0.9267608231932891,0.0,9.780113881139208,normal,0.0,"{""progress_diff"": 0.00020975234240350193, ""r_progress"": 0.004195046848070039, ""r_track"": -3.640895974210508e-05, ""r_dir"": -7.728191954639108e-05, ""r_time"": -1.0, ""r_smooth"": 0.0, ""total"": -0.9959186440312184}"
0.297,9.998030657512377,0.23704629891128964,10.0,0.23704629891128964,8.77025579938675,380.0,20000.0,-6.216185307179589,0.0,1000.0,0.001969342487623038,1.3531295890401063,0.0,9.771723787443069,normal,0.0,"{""progress_diff"": 0.00021925215885953975, ""r_progress"": 0.004385043177190795, ""r_track"": -3.4473865187175965e-05, ""r_dir"": -7.728191954639108e-05, ""r_time"": -1.0, ""r_smooth"": 0.0, ""total"": -0.9957267126075428}"
0.298,9.998087670324704,0.24621637748049596,10.0,0.24621637748049596,9.17025579938675,400.0,20000.0,-6.217185307179589,-1.0,-1000.0,0.0019123296752958652,0.8910433083411395,0.0,9.762953701088687,normal,0.0,"{""progress_diff"": 0.00022925196423018157, ""r_progress"": 0.004585039284603631, ""r_track"": -3.250670921793057e-05, ""r_dir"": -7.730678628762328e-05, ""r_time"": -1.0, ""r_smooth"": 0.0, ""total"": -0.9955247742109019}"
0.299,9.998147045652228,0.25576644870558124,10.0,0.25576644870558124,9.55025579938675,380.0,-20000.0,-6.217185307179589,0.0,1000.0,0.0018529543477718846,1.3619252068642438,0.0,9.75378362251948,normal,0.0,"{""progress_diff"": 0.0002387517806271, ""r_progress"": 0.004775035612542, ""r_track"": -3.0519465021570936e-05, ""r_dir"": -7.730678628762328e-05, ""r_time"": -1.0, ""r_smooth"": 0.0, ""total"": -0.9953327906387672}"
0.3,9.99820889788779,0.26571651226187,10.0,0.26571651226187,9.95025579938675,400.0,20000.0,-6.216185307179589,1.0,1000.0,0.0017911021122092308,1.1149790431569275,0.0,9.744233551294395,normal,0.0,"{""progress_diff"": 0.0002487515889072478, ""r_progress"": 0.004975031778144956, ""r_track"": -2.851597134542549e-05, ""r_dir"": -7.728191954639108e-05, ""r_time"": -1.0, ""r_smooth"": 0.0, ""total"": -0.9951307661127469}"
0.301,9.998273340164257,0.2760865678324886,10.0,0.2760865678324886,10.37025579938675,420.0,20000.0,-6.214185307179589,2.0,1000.0,0.0017266598357430496,0.8112624634266887,0.0,9.734283487738105,normal,0.0,"{""progress_diff"": 0.0002592513892654691, ""r_progress"": 0.005185027785309382, ""r_track"": -2.650092611882858e-05, ""r_dir"": -7.723219806392669e-05, ""r_time"": -1.0, ""r_smooth"": 0.0, ""total"": -0.9949187053388734}"
0.302,9.99834048423452,0.2868966151090736,10.0,0.2868966151090736,10.81025579938675,440.0,20000.0,-6.211185307179589,3.0,1000.0,0.0016595157654801795,1.8829816759007272,0.0,9.723913432167487,normal,0.0,"{""progress_diff"": 0.00027025118191464914, ""r_progress"": 0.005405023638292983, ""r_track"": -2.447993400779792e-05, ""r_dir"": -7.715764584025219e-05, ""r_time"": -1.0, ""r_smooth"": 0.0, ""total"": -0.9946966139415551}"
0.303,9.99841019206568,0.29812665456305304,10.0,0.29812665456305304,11.23025579938675,420.0,-20000.0,-6.207185307179589,4.0,1000.0,0.0015898079343195093,1.9384289879577694,0.0,9.713103384890902,normal,0.0,"{""progress_diff"": 0.00028075098634944284, ""r_progress"": 0.005615019726988857, ""r_track"": -2.2466571271335688e-05, ""r_dir"": -7.705829887532344e-05, ""r_time"": -1.0, ""r_smooth"": 0.0, ""total"": -0.9944845051431578}"
0.304,9.998482596030746,0.3097966857579112,10.0,0.3097966857579112,11.67025579938675,440.0,20000.0,-6.204185307179589,3.0,-1000.0,0.0015174039692542607,0.8958706825103917,0.0,9.701873345436923,normal,0.0,"{""progress_diff"": 0.00029175077987148024, ""r_progress"": 0.005835015597429605, ""r_track"": -2.0466798274742983e-05, ""r_dir"": -7.698383065164892e-05, ""r_time"": -1.0, ""r_smooth"": 0.0, ""total"": -0.9942624350314968}"
0.305,9.998557829642698,0.32192670825014874,10.0,0.32192670825014874,12.13025579938675,460.0,20000.0,-6.202185307179589,2.0,-1000.0,0.0014421703573024303,0.8915889923965755,0.0,9.690203314242064,normal,0.0,"{""progress_diff"": 0.0003032505623059012, ""r_progress"": 0.006065011246118024, ""r_track"": -1.8487603017616175e-05, ""r_dir"": -7.693420516918454e-05, ""r_time"": -1.0, ""r_smooth"": 0.0, ""total"": -0.9940304105620688}"
0.306,9.998636027674499,0.3345367215885156,10.0,0.33453672158851555,12.610255799386751,480.0,20000.0,-6.201185307179589,1.0,-1000.0,0.0013639723255014502,0.7110516219566718,0.0,9.678073291749827,normal,0.0,"{""progress_diff"": 0.00031525033345919384, ""r_progress"": 0.006305006669183877, ""r_track"": -1.6537071153189637e-05, ""r_dir"": -7.690939842795237e-05, ""r_time"": -1.0, ""r_smooth"": 0.0, ""total"": -0.9937884398003972}"
0.307,9.998717326279081,0.3476467253132385,10.0,0.3476467253132385,13.110255799386751,500.0,20000.0,-6.201185307179589,0.0,-1000.0,0.0012826737209188366,0.8819481473396674,0.0,9.66546327841146,normal,0.0,"{""progress_diff"": 0.00032775009311808434, ""r_progress"": 0.006555001862361687, ""r_track"": -1.4624461105206876e-05, ""r_dir"": -7.690939842795237e-05, ""r_time"": -1.0, ""r_smooth"": 0.0, ""total"": -0.9935365319971715}"
0.308,9.99880158784354,0.36123671989313144,10.0,0.36123671989313144,13.590255799386751,480.0,-20000.0,-6.200185307179589,1.0,1000.0,0.0011984121564605488,1.7339226538672956,0.0,9.652353274686737,normal,0.0,"{""progress_diff"": 0.0003397498644973074, ""r_progress"": 0.0067949972899461475, ""r_track"": -1.276614841557709e-05, ""r_dir"": -7.688459568672018e-05, ""r_time"": -1.0, ""r_smooth"": 0.0, ""total"": -0.9932946534541561}"
0.309,9.998888921300818,0.37532670503717586,10.0,0.37532670503717586,14.090255799386751,500.0,20000.0,-6.198185307179589,2.0,1000.0,0.0011110786991821442,0.9111647794650869,0.0,9.638763280106845,normal,0.0,"{""progress_diff"": 0.00035224962860108677, ""r_progress"": 0.0070449925720217355, ""r_track"": -1.0973296673566982e-05, ""r_dir"": -7.683500220427784e-05, ""r_time"": -1.0, ""r_smooth"": 0.0, ""total"": -0.9930428157268562}"
0.31,9.998979186158067,0.3898966812319096,10.0,0.3898966812319096,14.570255799386752,480.0,-20000.0,-6.195185307179589,3.0,1000.0,0.001020813841932977,1.0057852699599417,0.0,9.6246732949628,normal,0.0,"{""progress_diff"": 0.00036424940486834423, ""r_progress"": 0.007284988097366885, ""r_track"": -9.262763554506357e-06, ""r_dir"": -7.676064198058129e-05, ""r_time"": -1.0, ""r_smooth"": 0.0, ""total"": -0.9928010353081682}"
0.311,9.999072518448221,0.4049666480182886,10.0,0.4049666480182886,15.070255799386752,500.0,20000.0,-6.193185307179589,2.0,-1000.0,0.0009274815517787971,0.8636213868844026,0.0,9.610103318768067,normal,0.0,"{""progress_diff"": 0.0003767491696595182, ""r_progress"": 0.007534983393190364, ""r_track"": -7.646418034577826e-06, ""r_dir"": -7.671108849811692e-05, ""r_time"": -1.0, ""r_smooth"": 0.0, ""total"": -0.9925493741133423}"
0.312,9.999169024404278,0.4205566051218459,10.0,0.4205566051218459,15.590255799386751,520.0,20000.0,-6.190185307179589,3.0,1000.0,0.0008309755957220943,0.9175432718882778,0.0,9.595033351981687,normal,0.0,"{""progress_diff"": 0.00038974892758886215, ""r_progress"": 0.007794978551777243, ""r_track"": -6.137959472761686e-06, ""r_dir"": -7.663678827444239e-05, ""r_time"": -1.0, ""r_smooth"": 0.0, ""total"": -0.99228779619597}"
0.313,9.999268840779159,0.43668655207913487,10.0,0.43668655207913487,16.130255799386752,540.0,20000.0,-6.188185307179589,2.0,-1000.0,0.0007311592208409934,0.853817161599862,0.0,9.579443394878131,normal,0.0,"{""progress_diff"": 0.00040324867393226604, ""r_progress"": 0.008064973478645321, ""r_track"": -4.751944944184965e-06, ""r_dir"": -7.658727479197804e-05, ""r_time"": -1.0, ""r_smooth"": 0.0, ""total"": -0.9920163657410909}"
0.314,9.99937182504005,0.4533364893891376,10.0,0.4533364893891376,16.650255799386752,520.0,-20000.0,-6.185185307179589,3.0,1000.0,0.0006281749599494901,0.9675205378507999,0.0,9.56331344792084,normal,0.0,"{""progress_diff"": 0.00041624843275006596, ""r_progress"": 0.008324968655001319, ""r_track"": -3.5075891582892752e-06, ""r_dir"": -7.651303456830348e-05, ""r_time"": -1.0, ""r_smooth"": 0.0, ""total"": -0.9917550519687253}"
0.315,9.999478080520003,0.47052641679507307,10.0,0.47052641679507307,17.19025579938675,540.0,20000.0,-6.1811853071795895,4.0,1000.0,0.0005219194799970239,0.9445500739870598,0.0,9.54666351061084,normal,0.0,"{""progress_diff"": 0.00042974818514834867, ""r_progress"": 0.008594963702966973, ""r_track"": -2.421332832003234e-06, ""r_dir"": -7.641410360337478e-05, ""r_time"": -1.0, ""r_smooth"": 0.0, ""total"": -0.9914838717334684}"
0.316,9.9995877086921,0.4882763340514308,10.0,0.4882763340514308,17.75025579938675,560.0,20000.0,-6.17618530717959,5.0,1000.0,0.00041229130789943724,2.595287818921106,0.0,9.529473583204904,normal,0.0,"{""progress_diff"": 0.0004437479314089998, ""r_progress"": 0.008874958628179996, ""r_track"": -1.5109699783949206e-06, ""r_dir"": -7.629052989723588e-05, ""r_time"": -1.0, ""r_smooth"": 0.0, ""total"": -0.9912028428716957}"
0.317,9.999700562243618,0.5065662416860502,10.0,0.5065662416860502,18.29025579938675,540.0,-20000.0,-6.170185307179589,6.0,1000.0,0.00029943775638230363,1.4376885138448023,0.0,9.511723665948546,normal,0.0,"{""progress_diff"": 0.0004572476908654699, ""r_progress"": 0.009144953817309398, ""r_track"": -7.970041773090472e-07, ""r_dir"": -7.614237344986479e-05, ""r_time"": -1.0, ""r_smooth"": 0.0, ""total"": -0.9909319855603178}"
0.318,9.999816776827496,0.5254161392420797,10.0,0.5254161392420797,18.850255799386748,560.0,20000.0,-6.1651853071795895,5.0,-1000.0,0.00018322317250429876,0.8302777252909758,0.0,9.493433758313927,normal,0.0,"{""progress_diff"": 0.00047124743890075704, ""r_progress"": 0.00942494877801514, ""r_track"": -2.9840649726702235e-07, ""r_dir"": -7.601901974372587e-05, ""r_time"": -1.0, ""r_smooth"": 0.0, ""total"": -0.9906513686482259}"
0.319,9.999936489476653,0.5448460262543924,10.0,0.5448460262543924,19.430255799386746,580.0,20000.0,-6.16118530717959,4.0,-1000.0,6.351052334707674e-05,0.8251143450633432,0.0,9.474583860757896,normal,0.0,"{""progress_diff"": 0.00048574717530780465, ""r_progress"": 0.009714943506156093, ""r_track"": -3.5854102896174044e-08, ""r_dir"": -7.592040877881911e-05, ""r_time"": -1.0, ""r_smooth"": 0.0, ""total"": -0.9903610127567256}"
0.32,10.000059838723978,0.5648759022488176,10.0,0.5648759022488176,20.030255799386747,600.0,20000.0,-6.15818530717959,3.0,-1000.0,5.9838723977634345e-05,0.6495896474361064,0.0,9.455153973745585,normal,0.0,"{""progress_diff"": 0.0005007468998606268, ""r_progress"": 0.010014937997212536, ""r_track"": -3.182820344241344e-08, ""r_dir"": -7.584649255512262e-05, ""r_time"": -1.0, ""r_smooth"": 0.0, ""total"": -0.9900609403235461}"
0.321,10.000186964722333,0.5855257667413669,10.0,0.5855257667413669,20.65025579938675,620.0,20000.0,-6.15618530717959,2.0,-1000.0,0.00018696472233337147,0.8137101197788027,0.0,9.435124097751158,normal,0.0,"{""progress_diff"": 0.0005162466123137532, ""r_progress"": 0.010324932246275065, ""r_track"": -3.1071828797506393e-07, ""r_dir"": -7.579723507268017e-05, ""r_time"": -1.0, ""r_smooth"": 0.0, ""total"": -0.9897511757070856}"
0.322,10.000317763158689,0.6067756199951759,10.0,0.6067756199951759,21.25025579938675,600.0,-20000.0,-6.15518530717959,1.0,-1000.0,0.0003177631586890328,0.23287439070962956,0.0,9.414474233258609,normal,0.0,"{""progress_diff"": 0.0005312463313452143, ""r_progress"": 0.010624926626904285, ""r_track"": -8.975415557336131e-07, ""r_dir"": -7.577261233142614e-05, ""r_time"": -1.0, ""r_smooth"": 0.0, ""total"": -0.9894517435269828}"
0.323,10.000452377785837,0.6286454615042671,10.0,0.6286454615042671,21.87025579938675,620.0,20000.0,-6.15518530717959,0.0,-1000.0,0.00045237778583739896,0.5199067939861157,0.0,9.393224380004801,normal,0.0,"{""progress_diff"": 0.0005467460377272526, ""r_progress"": 0.010934920754545052, ""r_track"": -1.8190725432813123e-06, ""r_dir"": -7.577261233142614e-05, ""r_time"": -1.0, ""r_smooth"": 0.0, ""total"": -0.9891426709303297}"
0.324,10.000590954216538,0.6511552907512135,10.0,0.6511552907512135,22.51025579938675,640.0,20000.0,-6.15618530717959,-1.0,-1000.0,0.0005909542165376536,0.41174281974523325,0.0,9.37135453849571,normal,0.0,"{""progress_diff"": 0.0005627457311736528, ""r_progress"": 0.011254914623473056, ""r_track"": -3.104238987054506e-06, ""r_dir"": -7.579723507268017e-05, ""r_time"": -1.0, ""r_smooth"": 0.0, ""total"": -0.9888239868505867}"
0.325,10.00073334745802,0.6742851082496255,10.0,0.6742851082496255,23.130255799386752,620.0,-20000.0,-6.15618530717959,0.0,1000.0,0.0007333474580200061,0.4331771442821715,0.0,9.348844709248764,normal,0.0,"{""progress_diff"": 0.000578245437460323, ""r_progress"": 0.01156490874920646, ""r_track"": -4.780431059416931e-06, ""r_dir"": -7.579723507268017e-05, ""r_time"": -1.0, ""r_smooth"": 0.0, ""total"": -0.9885156689169257}"
0.326,10.000879410657548,0.6980149145245632,10.0,0.6980149145245632,23.730255799386754,600.0,-20000.0,-6.15518530717959,1.0,1000.0,0.000879410657548263,0.2793794652835987,0.0,9.325714891750351,normal,0.0,"{""progress_diff"": 0.0005932451568734232, ""r_progress"": 0.011864903137468463, ""r_track"": -6.874338707639718e-06, ""r_dir"": -7.577261233142614e-05, ""r_time"": -1.0, ""r_smooth"": 0.0, ""total"": -0.9882177438135706}"
0.327,10.001029290047871,0.7223647090547831,10.0,0.7223647090547831,24.350255799386755,620.0,20000.0,-6.15518530717959,0.0,-1000.0,0.001029290047871001,0.7768692747218945,0.0,9.301985085475414,normal,0.0,"{""progress_diff"": 0.000608744863255517, ""r_progress"": 0.01217489726511034, ""r_track"": -9.417226690189222e-06, ""r_dir"": -7.577261233142614e-05, ""r_time"": -1.0, ""r_smooth"": 0.0, ""total"": -0.9879102925739113}"
0.328,10.001183083742132,0.7473544916152295,10.0,0.7473544916152295,24.990255799386755,640.0,20000.0,-6.154185307179589,1.0,1000.0,0.0011830837421324958,2.2890483731590763,0.0,9.277635290945193,normal,0.0,"{""progress_diff"": 0.0006247445640111815, ""r_progress"": 0.01249489128022363, ""r_track"": -1.2441663474650931e-05, ""r_dir"": -7.574799359021585e-05, ""r_time"": -1.0, ""r_smooth"": 0.0, ""total"": -0.9875932983768413}"
0.329,10.001340939173058,0.7730042616772963,10.0,0.7730042616772963,25.650255799386755,660.0,20000.0,-6.154185307179589,0.0,-1000.0,0.0013409391730583309,0.7604859468120506,0.0,9.252645508384747,normal,0.0,"{""progress_diff"": 0.0006412442515515981, ""r_progress"": 0.012824885031031963, ""r_track"": -1.5983269918598756e-05, ""r_dir"": -7.574799359021585e-05, ""r_time"": -1.0, ""r_smooth"": 0.0, ""total"": -0.9872668462324768}"
0.33,10.00150295309382,0.7993340190242719,10.0,0.8,26.330255799386755,680.0,20000.0,-6.153185307179589,1.0,1000.0,0.0015029530938193147,2.6741309237289856,0.0,9.226995738322682,normal,0.0,"{""progress_diff"": 0.0006582439336744184, ""r_progress"": 0.013164878673488367, ""r_track"": -2.0078826686409333e-05, ""r_dir"": -7.572337884898369e-05, ""r_time"": -1.0, ""r_smooth"": 0.0, ""total"": -0.986930923532047}"
0.331,10.001669274217116,0.8263637631196981,10.0,0.8263637631196981,27.030255799386754,700.0,20000.0,-6.153185307179589,0.0,-1000.0,0.0016692742171162676,0.232270872037888,0.0,9.200665980975705,normal,0.0,"{""progress_diff"": 0.0006757436023856478, ""r_progress"": 0.013514872047712956, ""r_track"": -2.4768679217147807e-05, ""r_dir"": -7.572337884898369e-05, ""r_time"": -1.0, ""r_smooth"": 0.0, ""total"": -0.9865856200103532}"
0.332,10.001840053355608,0.8541134934141938,10.0,0.8541134934141938,27.750255799386753,720.0,20000.0,-6.154185307179589,-1.0,-1000.0,0.0018400533556075516,0.7430284296649865,0.0,9.17363623688028,normal,0.0,"{""progress_diff"": 0.0006937432573623781, ""r_progress"": 0.013874865147247561, ""r_track"": -3.009596756873432e-05, ""r_dir"": -7.574799359021585e-05, ""r_time"": -1.0, ""r_smooth"": 0.0, ""total"": -0.9862309788139114}"
0.333,10.00201544354191,0.8826032093446317,10.0,0.8826032093446317,28.490255799386752,740.0,20000.0,-6.156185307179589,-2.0,-1000.0,0.002015443541910855,0.7353101197788028,0.0,9.145886506585784,normal,0.0,"{""progress_diff"": 0.0007122428982609397, ""r_progress"": 0.014244857965218793, ""r_track"": -3.610677929449042e-05, ""r_dir"": -7.579723507268017e-05, ""r_time"": -1.0, ""r_smooth"": 0.0, ""total"": -0.9858670460491484}"
0.334,10.002195353782746,0.9118129110920109,10.0,0.9118129110920109,29.21025579938675,720.0,-20000.0,-6.159185307179589,-3.0,-1000.0,0.0021953537827457126,0.31183777093726206,0.0,9.117396790655347,normal,0.0,"{""progress_diff"": 0.0007302425436845339, ""r_progress"": 0.014604850873690678, ""r_track"": -4.284069539036365e-05, ""r_dir"": -7.587112729635478e-05, ""r_time"": -1.0, ""r_smooth"": 0.0, ""total"": -0.9855138609489961}"
0.335,10.002379881691265,0.94176259843428,10.0,0.94176259843428,29.95025579938675,740.0,20000.0,-6.161185307179589,-2.0,1000.0,0.00237988169126524,1.5034718105401081,0.0,9.088187088907967,normal,0.0,"{""progress_diff"": 0.0007487421835566943, ""r_progress"": 0.014974843671133886, ""r_track"": -5.034521657261776e-05, ""r_dir"": -7.592040877881911e-05, ""r_time"": -1.0, ""r_smooth"": 0.0, ""total"": -0.9851514219542176}"
0.336,10.002569184200011,0.9724722707839478,10.0,0.9724722707839478,30.71025579938675,760.0,20000.0,-6.164185307179589,-3.0,-1000.0,0.002569184200011066,0.7118368802340677,0.0,9.058237401565698,normal,0.0,"{""progress_diff"": 0.0007677418087416732, ""r_progress"": 0.015354836174833464, ""r_track"": -5.867295514299112e-05, ""r_dir"": -7.59943610024937e-05, ""r_time"": -1.0, ""r_smooth"": 0.0, ""total"": -0.9847798311413121}"
0.337,10.002763420701477,1.003961927538068,10.0,1.003961927538068,31.490255799386752,780.0,20000.0,-6.168185307179589,-4.0,-1000.0,0.0027634207014770595,0.7034002604617001,0.0,9.02752772921603,normal,0.0,"{""progress_diff"": 0.0007872414188530019, ""r_progress"": 0.01574482837706004, ""r_track"": -6.787994642979524e-05, ""r_dir"": -7.609301996742237e-05, ""r_time"": -1.0, ""r_smooth"": 0.0, ""total"": -0.9843991445893372}"
0.338,10.002962688588822,1.036251568475974,10.0,1.036251568475974,32.29025579938675,800.0,20000.0,-6.171185307179589,-3.0,1000.0,0.002962688588821649,1.1773735421609683,0.0,8.99603807246191,normal,0.0,"{""progress_diff"": 0.0008072410234476468, ""r_progress"": 0.016144820468952936, ""r_track"": -7.802243266074681e-05, ""r_dir"": -7.616705619109696e-05, ""r_time"": -1.0, ""r_smooth"": 0.0, ""total"": -0.9840093690198989}"
0.339,10.003167149254498,1.0693611929821054,10.0,1.0693611929821054,33.11025579938675,820.0,20000.0,-6.175185307179588,-4.0,-1000.0,0.003167149254498014,0.6860861758600569,0.0,8.963748431524005,normal,0.0,"{""progress_diff"": 0.0008277406126532827, ""r_progress"": 0.016554812253065654, ""r_track"": -8.916297244682067e-05, ""r_dir"": -7.626582715602564e-05, ""r_time"": -1.0, ""r_smooth"": 0.0, ""total"": -0.9836106165465371}"
0.34,10.003376966790906,1.1033108004238006,10.0,1.1033108004238006,33.95025579938675,840.0,20000.0,-6.180185307179588,-5.0,-1000.0,0.0033769667909062657,0.2637598793703054,0.0,8.930638807017873,normal,0.0,"{""progress_diff"": 0.0008487401860424182, ""r_progress"": 0.016974803720848364, ""r_track"": -0.00010136804183896678, ""r_dir"": -7.638938086216456e-05, ""r_time"": -1.0, ""r_smooth"": 0.0, ""total"": -0.9832029537018527}"
0.341,10.003592308110386,1.1381203901504098,10.0,1.1381203901504098,34.81025579938675,860.0,20000.0,-6.1861853071795885,-6.0,-1000.0,0.0035923081103863552,0.667335471486046,0.0,8.896689199576178,normal,0.0,"{""progress_diff"": 0.0008702397431652464, ""r_progress"": 0.01740479486330493, ""r_track"": -0.00011470824497731187, ""r_dir"": -7.653777730953566e-05, ""r_time"": -1.0, ""r_smooth"": 0.0, ""total"": -0.9827864511589819}"
0.342,10.00381334306522,1.1738099614923914,10.0,1.1738099614923914,35.690255799386755,880.0,20000.0,-6.193185307179588,-7.0,-1000.0,0.0038133430652198537,0.6574213868844027,0.0,8.861879609849568,normal,0.0,"{""progress_diff"": 0.0008922392835495341, ""r_progress"": 0.01784478567099068, ""r_track"": -0.0001292585362938698, ""r_dir"": -7.671108849811692e-05, ""r_time"": -1.0, ""r_smooth"": 0.0, ""total"": -0.9823611839538013}"
0.343,10.004040244567625,1.2103995137603922,10.0,1.2103995137603922,36.59025579938675,900.0,20000.0,-6.201185307179588,-8.0,-1000.0,0.00404024456762464,0.6471481473396676,0.0,8.826190038507587,normal,0.0,"{""progress_diff"": 0.0009147388066999551, ""r_progress"": 0.018294776133999102, ""r_track"": -0.00014509845481084813, ""r_dir"": -7.690939842795237e-05, ""r_time"": -1.0, ""r_smooth"": 0.0, ""total"": -0.9819272317192397}"
0.344,10.004273113690683,1.2479090467101233,10.0,1.2479090467101233,37.510255799386755,920.0,20000.0,-6.208185307179588,-7.0,1000.0,0.004273113690683061,1.2903928815159396,0.0,8.789600486239587,normal,0.0,"{""progress_diff"": 0.0009377383237432757, ""r_progress"": 0.018754766474865514, ""r_track"": -0.00016230667212002682, ""r_dir"": -7.708312961655563e-05, ""r_time"": -1.0, ""r_smooth"": 0.0, ""total"": -0.981484623326871}"
0.345,10.004511877420745,1.286318560407325,10.0,1.286318560407325,38.41025579938675,900.0,-20000.0,-6.216185307179588,-8.0,-1000.0,0.004511877420744881,0.39476593918102426,0.0,8.752090953289857,normal,0.0,"{""progress_diff"": 0.0009602378424300451, ""r_progress"": 0.0192047568486009, ""r_track"": -0.0001809514476429109, ""r_dir"": -7.728191954639108e-05, ""r_time"": -1.0, ""r_smooth"": 0.0, ""total"": -0.9810534765185884}"
0.346,10.004756386385118,1.3256080553919591,10.0,1.3256080553919591,39.290255799386756,880.0,-20000.0,-6.2231853071795875,-7.0,1000.0,0.004756386385118105,1.2032402438493024,0.0,8.713681439592655,normal,0.0,"{""progress_diff"": 0.0009822373746158908, ""r_progress"": 0.019644747492317816, ""r_track"": -0.00020109521284032779, ""r_dir"": -7.745607073499436e-05, ""r_time"": -1.0, ""r_smooth"": 0.0, ""total"": -0.9806338037912575}"
0.347,10.005006488151176,1.3657575322237039,10.0,1.3657575322237039,40.150255799386755,860.0,-20000.0,-6.229185307179588,-6.0,1000.0,0.005006488151176214,0.7836559766351427,0.0,8.67439194460802,normal,0.0,"{""progress_diff"": 0.0010037369207936409, ""r_progress"": 0.020074738415872817, ""r_track"": -0.00022279932095882512, ""r_dir"": -7.760549918236543e-05, ""r_time"": -1.0, ""r_smooth"": 0.0, ""total"": -0.9802256664042683}"
0.348,10.005262358771066,1.4067869901922048,10.0,1.4067869901922048,41.03025579938676,880.0,20000.0,-6.236185307179587,-7.0,-1000.0,0.005262358771066289,0.32928512522561637,0.0,8.634242467776275,normal,0.0,"{""progress_diff"": 0.0010257364492124998, ""r_progress"": 0.020514728984249997, ""r_track"": -0.000246154842981496, ""r_dir"": -7.778001437096872e-05, ""r_time"": -1.0, ""r_smooth"": 0.0, ""total"": -0.9798092058731025}"
0.349,10.005524093497993,1.4487164290906056,10.0,1.4487164290906056,41.93025579938676,900.0,20000.0,-6.242185307179588,-6.0,1000.0,0.005524093497992766,0.8688978650580538,0.0,8.593213009807775,normal,0.0,"{""progress_diff"": 0.0010482359724600099, ""r_progress"": 0.020964719449200198, ""r_track"": -0.00027124985755169734, ""r_dir"": -7.79297548183398e-05, ""r_time"": -1.0, ""r_smooth"": 0.0, ""total"": -0.9793844601631698}"
0.35,10.005791870944046,1.4915658481918288,10.0,1.4915658481918288,42.85025579938676,920.0,20000.0,-6.249185307179587,-7.0,-1000.0,0.005791870944046096,0.12486291176955991,0.0,8.551283570909375,normal,0.0,"{""progress_diff"": 0.0010712354775305744, ""r_progress"": 0.021424709550611487, ""r_track"": -0.0002981846136220926, ""r_dir"": -7.810463400694308e-05, ""r_time"": -1.0, ""r_smooth"": 0.0, ""total"": -0.9789515796970175}"
0.351,10.006065872901253,1.5353552467479084,10.0,1.5353552467479084,43.790255799386756,940.0,20000.0,-6.257185307179587,-8.0,-1000.0,0.006065872901253044,0.5662354705265216,0.0,8.508434151808151,normal,0.0,"{""progress_diff"": 0.0010947349639019999, ""r_progress"": 0.021894699278039997, ""r_track"": -0.0003270650138147202, ""r_dir"": -7.830473593675636e-05, ""r_time"": -1.0, ""r_smooth"": 0.0, ""total"": -0.9785106704717115}"
0.352,10.006345944397035,1.5800646253345523,10.0,1.5800646253345523,44.71025579938676,920.0,-20000.0,-6.264185307179587,-7.0,1000.0,0.006345944397034842,1.5844455259632442,0.0,8.464644753252072,normal,0.0,"{""progress_diff"": 0.0011177344646660647, ""r_progress"": 0.022354689293321295, ""r_track"": -0.0003579645359134036, ""r_dir"": -7.848003512535965e-05, ""r_time"": -1.0, ""r_smooth"": 0.0, ""total"": -0.9780817552777175}"
0.353,10.00663217808465,1.6257139837618677,10.0,1.6257139837618677,45.650255799386755,940.0,20000.0,-6.270185307179587,-6.0,1000.0,0.006632178084650775,2.541428427745938,0.0,8.419935374665428,normal,0.0,"{""progress_diff"": 0.0011412339606828859, ""r_progress"": 0.022824679213657717, ""r_track"": -0.0003909847657468624, ""r_dir"": -7.863044757275297e-05, ""r_time"": -1.0, ""r_smooth"": 0.0, ""total"": -0.9776449359996618}"
0.354,10.00692475737609,1.6723233212710245,10.0,1.6723233212710245,46.610255799386756,960.0,20000.0,-6.277185307179587,-7.0,-1000.0,0.00692475737609044,0.5348523716646837,0.0,8.374286016238113,normal,0.0,"{""progress_diff"": 0.001165233437728952, ""r_progress"": 0.02330466875457904, ""r_track"": -0.0004262423530463907, ""r_dir"": -7.880611076135628e-05, ""r_time"": -1.0, ""r_smooth"": 0.0, ""total"": -0.9772003797092287}"
0.355,10.007223773804636,1.7199126376795055,10.0,1.7199126376795055,47.59025579938675,980.0,20000.0,-6.283185307179586,-6.0,1000.0,0.007223773804636125,0.5240974420061325,0.0,8.327676678728956,normal,0.0,"{""progress_diff"": 0.0011897329102120158, ""r_progress"": 0.023794658204240315, ""r_track"": -0.00046384807093819634, ""r_dir"": -7.895683520870505e-05, ""r_time"": -1.0, ""r_smooth"": 0.0, ""total"": -0.9767481467019066}"
0.356,10.007529073377148,1.7685019343488428,10.0,1.7685019343488428,48.59025579938675,1000.0,20000.0,-6.283185307179586,-5.0,1000.0,0.00752907337714781,1.568661202763579,0.0,8.280087362320476,normal,0.0,"{""progress_diff"": 0.0012147324167334217, ""r_progress"": 0.024294648334668434, ""r_track"": -0.0005038839637197862, ""r_dir"": -7.895683520870505e-05, ""r_time"": -1.0, ""r_smooth"": 0.0, ""total"": -0.97628819246426}"
0.357,10.007840781756503,1.8181112108842532,10.0,1.8181112108842532,49.610255799386756,1020.0,20000.0,-6.283185307179586,-4.0,1000.0,0.007840781756502935,1.6772346631517623,0.0,8.231498065651138,normal,0.0,"{""progress_diff"": 0.0012402319133852369, ""r_progress"": 0.024804638267704737, ""r_track"": -0.0005464698538054155, ""r_dir"": -7.895683520870505e-05, ""r_time"": -1.0, ""r_smooth"": 0.0, ""total"": -0.9758207884213094}"
0.358,10.008158773279824,1.8687204676805198,10.0,1.8687204676805198,50.610255799386756,1000.0,-20000.0,-6.283185307179586,-3.0,1000.0,0.00815877327982406,0.5061025579938676,0.0,8.181888789115728,normal,0.0,"{""progress_diff"": 0.0012652314199066983, ""r_progress"": 0.025304628398133966, ""r_track"": -0.0005916940571695206, ""r_dir"": -7.895683520870505e-05, ""r_time"": -1.0, ""r_smooth"": 0.0, ""total"": -0.9753660224942443}"
0.359,10.00848317360999,1.9203497043428597,10.0,1.9203497043428597,51.63025579938676,1020.0,20000.0,-6.283185307179586,-2.0,1000.0,0.008483173609990402,1.3397749938478682,0.0,8.13127953231946,normal,0.0,"{""progress_diff"": 0.0012907309165585135, ""r_progress"": 0.02581461833117027, ""r_track"": -0.0006396820844198896, ""r_dir"": -7.895683520870505e-05, ""r_time"": -1.0, ""r_smooth"": 0.0, ""total"": -0.9749040205884584}"
0.36,10.008813857084123,1.9729789212660556,10.0,1.9729789212660556,52.63025579938676,1000.0,-20000.0,-6.283185307179586,-1.0,1000.0,0.008813857084122745,1.3885690985212114,0.0,8.079650295657121,normal,0.0,"{""progress_diff"": 0.0013157304230798639, ""r_progress"": 0.026314608461597278, ""r_track"": -0.0006905251262163618, ""r_dir"": -7.895683520870505e-05, ""r_time"": -1.0, ""r_smooth"": 0.0, ""total"": -0.9744548734998277}"
0.361,10.009150949365099,2.0266281180553247,10.0,2.0266281180553247,53.65025579938676,1020.0,20000.0,-6.283185307179586,0.0,1000.0,0.009150949365098526,0.46349744200613235,0.0,8.027021078733926,normal,0.0,"{""progress_diff"": 0.001341229919731679, ""r_progress"": 0.02682459839463358, ""r_track"": -0.00074435443806753, ""r_dir"": -7.895683520870505e-05, ""r_time"": -1.0, ""r_smooth"": 0.0, ""total"": -0.9739987128786427}"
0.362,10.009494521426623,2.081317294659484,10.0,2.081317294659484,54.69025579938676,1040.0,20000.0,-6.282185307179586,1.0,1000.0,0.009494521426622882,1.5804931805566929,0.0,7.973371881944658,normal,0.0,"{""progress_diff"": 0.001367229415104032, ""r_progress"": 0.02734458830208064, ""r_track"": -0.0008012972188497868, ""r_dir"": -7.893170446749513e-05, ""r_time"": -1.0, ""r_smooth"": 0.0, ""total"": -0.9735356406212367}"
0.363,10.009844752560772,2.13706645034681,10.0,2.13706645034681,55.750255799386764,1060.0,20000.0,-6.282185307179586,0.0,-1000.0,0.009844752560772108,0.1601229513193415,0.0,7.918682705340498,normal,0.0,"{""progress_diff"": 0.0013937288921831437, ""r_progress"": 0.027874577843662873, ""r_track"": -0.0008615035820695909, ""r_dir"": -7.893170446749513e-05, ""r_time"": -1.0, ""r_smooth"": 0.0, ""total"": -0.9730658574428742}"
0.364,10.0102015739138,2.1938555851551675,10.0,2.1938555851551675,56.79025579938676,1040.0,-20000.0,-6.283185307179586,-1.0,-1000.0,0.010201573913800388,0.25952356352899336,0.0,7.862933549653173,normal,0.0,"{""progress_diff"": 0.001419728370208928, ""r_progress"": 0.02839456740417856, ""r_track"": -0.0009250854250554008, ""r_dir"": -7.895683520870505e-05, ""r_time"": -1.0, ""r_smooth"": 0.0, ""total"": -0.9726094748560855}"
0.365,10.010564804073674,2.251664699829598,10.0,2.251664699829598,57.810255799386766,1020.0,-20000.0,-6.283185307179586,0.0,1000.0,0.010564804073673885,0.9971692851552751,0.0,7.806144414844814,normal,0.0,"{""progress_diff"": 0.0014452278668607432, ""r_progress"": 0.028904557337214865, ""r_track"": -0.0009921340899121452, ""r_dir"": -7.895683520870505e-05, ""r_time"": -1.0, ""r_smooth"": 0.0, ""total"": -0.972166533587906}"
0.366,10.010934317377513,2.310473794764885,10.0,2.310473794764885,58.810255799386766,1000.0,-20000.0,-6.283185307179586,0.0,0.0,0.01093431737751338,0.5881025579938677,0.0,7.748335300170385,normal,0.0,"{""progress_diff"": 0.0014702273733822047, ""r_progress"": 0.029404547467644093, ""r_track"": -0.0010627493023305876, ""r_dir"": -7.895683520870505e-05, ""r_time"": -1.0, ""r_smooth"": 0.0, ""total"": -0.9717371586698952}"
0.367,10.011310179659123,2.3703028699421376,10.0,2.3703028699421376,59.83025579938677,1020.0,20000.0,-6.282185307179586,1.0,1000.0,0.011310179659123065,0.5879149779276034,0.0,7.689526205235097,normal,0.0,"{""progress_diff"": 0.0014957268794312806, ""r_progress"": 0.02991453758862561, ""r_track"": -0.0011370681237479212, ""r_dir"": -7.893170446749513e-05, ""r_time"": -1.0, ""r_smooth"": 0.0, ""total"": -0.9713014622395898}"
0.368,10.011692575370477,2.4311719245972143,10.0,2.4311719245972143,60.87025579938677,1040.0,20000.0,-6.282185307179586,0.0,-1000.0,0.011692575370476632,0.39145659694922424,0.0,7.6296971300578456,normal,0.0,"{""progress_diff"": 0.0015217263663768743, ""r_progress"": 0.030434527327537486, ""r_track"": -0.0012152561670602377, ""r_dir"": -7.893170446749513e-05, ""r_time"": -1.0, ""r_smooth"": 0.0, ""total"": -0.9708596605439902}"
0.369,10.01208144075773,2.493060958735938,10.0,2.493060958735938,61.89025579938677,1020.0,-20000.0,-6.283185307179586,-1.0,-1000.0,0.012081440757729212,0.36047744145486627,0.0,7.56882807540277,normal,0.0,"{""progress_diff"": 0.001547225853468115, ""r_progress"": 0.0309445170693623, ""r_track"": -0.0012974329847335161, ""r_dir"": -7.895683520870505e-05, ""r_time"": -1.0, ""r_smooth"": 0.0, ""total"": -0.97043187275058}"
0.37,10.012476589288948,2.555949973135518,10.0,2.555949973135518,62.89025579938677,1000.0,-20000.0,-6.283185307179586,0.0,1000.0,0.012476589288947793,0.7453416620740678,0.0,7.5069390412640455,normal,0.0,"{""progress_diff"": 0.0015722253599895208, ""r_progress"": 0.03144450719979042, ""r_track"": -0.0013836913803118823, ""r_dir"": -7.895683520870505e-05, ""r_time"": -1.0, ""r_smooth"": 0.0, ""total"": -0.9700181410157301}"
0.371,10.012878082718016,2.6198589678026964,10.0,2.6198589678026964,63.910255799386775,1020.0,20000.0,-6.282185307179586,1.0,1000.0,0.01287808271801616,1.0814664460138461,0.0,7.444050026864465,normal,0.0,"{""progress_diff"": 0.0015977248666794175, ""r_progress"": 0.03195449733358835, ""r_track"": -0.0014741779065961464, ""r_dir"": -7.893170446749513e-05, ""r_time"": -1.0, ""r_smooth"": 0.0, ""total"": -0.9695986122774753}"
0.372,10.01328597967888,2.6848079427636233,10.0,2.6848079427636233,64.95025579938678,1040.0,20000.0,-6.280185307179586,2.0,1000.0,0.013285979678880011,1.9618921733743662,0.0,7.3801410321972885,normal,0.0,"{""progress_diff"": 0.0016237243740231944, ""r_progress"": 0.03247448748046389, ""r_track"": -0.0015690422758010008, ""r_dir"": -7.888145498503067e-05, ""r_time"": -1.0, ""r_smooth"": 0.0, ""total"": -0.9691734362503222}"
0.373,10.013700216417694,2.7507768980241147,10.0,2.7507768980241147,65.97025579938678,1020.0,-20000.0,-6.279185307179586,1.0,-1000.0,0.013700216417694477,0.44336575380841076,0.0,7.315192057236361,normal,0.0,"{""progress_diff"": 0.001649223881512285, ""r_progress"": 0.0329844776302457, ""r_track"": -0.0016684082657036914, ""r_dir"": -7.885633624379843e-05, ""r_time"": -1.0, ""r_smooth"": 0.0, ""total"": -0.9687627869717018}"
0.374,10.014120983466315,2.817785832782026,10.0,2.817785832782026,67.01025579938678,1040.0,20000.0,-6.279185307179586,0.0,-1000.0,0.01412098346631474,0.33053406177849987,0.0,7.24922310197587,normal,0.0,"{""progress_diff"": 0.0016752233689477647, ""r_progress"": 0.033504467378955294, ""r_track"": -0.0017724637693860824, ""r_dir"": -7.885633624379843e-05, ""r_time"": -1.0, ""r_smooth"": 0.0, ""total"": -0.9683468527266745}"
0.375,10.014548338338708,2.885854747070466,10.0,2.885854747070466,68.07025579938679,1060.0,20000.0,-6.2781853071795855,1.0,1000.0,0.014548338338707723,1.8059650819597093,0.0,7.182214167217959,normal,0.0,"{""progress_diff"": 0.0017017228572109855, ""r_progress"": 0.03403445714421971, ""r_track"": -0.0018813702081556707, ""r_dir"": -7.883122150256621e-05, ""r_time"": -1.0, ""r_smooth"": 0.0, ""total"": -0.9679257442854385}"
0.376,10.014982473606691,2.9550036400745463,10.0,2.9550036400745463,69.15025579938678,1080.0,20000.0,-6.2781853071795855,0.0,-1000.0,0.014982473606691471,0.30929321672159177,0.0,7.11414525292952,normal,0.0,"{""progress_diff"": 0.0017287223251020722, ""r_progress"": 0.034574446502041445, ""r_track"": -0.001995329025557392, ""r_dir"": -7.883122150256621e-05, ""r_time"": -1.0, ""r_smooth"": 0.0, ""total"": -0.9674997137450185}"
0.377,10.015423333916255,3.025212511747596,10.0,3.025212511747596,70.21025579938679,1060.0,-20000.0,-6.279185307179586,-1.0,-1000.0,0.015423333916254833,0.599633692326935,0.0,7.044996359925438,normal,0.0,"{""progress_diff"": 0.0017552217918262447, ""r_progress"": 0.035104435836524894, ""r_track"": -0.0021144820363759704, ""r_dir"": -7.885633624379843e-05, ""r_time"": -1.0, ""r_smooth"": 0.0, ""total"": -0.9670889025360949}"
0.378,10.015870975701386,3.096501362129505,10.0,3.096501362129505,71.29025579938678,1080.0,20000.0,-6.279185307179586,0.0,1000.0,0.01587097570138596,1.680308883795349,0.0,6.974787488252389,normal,0.0,"{""progress_diff"": 0.0017822212595476894, ""r_progress"": 0.03564442519095379, ""r_track"": -0.0022390032863465197, ""r_dir"": -7.885633624379843e-05, ""r_time"": -1.0, ""r_smooth"": 0.0, ""total"": -0.9666734344316366}"
0.379,10.016325596933795,3.1688901903714077,10.0,3.1688901903714077,72.39025579938678,1100.0,20000.0,-6.280185307179586,-1.0,-1000.0,0.016325596933794984,0.2765749068354079,0.0,6.903498637870481,normal,0.0,"{""progress_diff"": 0.0018097207060475684, ""r_progress"": 0.03619441412095137, ""r_track"": -0.0023691121355087657, ""r_dir"": -7.888145498503067e-05, ""r_time"": -1.0, ""r_smooth"": 0.0, ""total"": -0.9662535794695424}"
0.38,10.016787398945123,3.2423989956031187,10.0,3.2423989956031187,73.51025579938678,1120.0,20000.0,-6.282185307179586,-2.0,-1000.0,0.016787398945123044,0.1460870372797295,0.0,6.831109809628577,normal,0.0,"{""progress_diff"": 0.0018377201307927526, ""r_progress"": 0.03675440261585505, ""r_track"": -0.002505037896379718, ""r_dir"": -7.893170446749513e-05, ""r_time"": -1.0, ""r_smooth"": 0.0, ""total"": -0.9658295669849921}"
0.381,10.017256437249376,3.317047777870367,10.0,3.317047777870367,74.65025579938678,1140.0,20000.0,-6.283185307179586,-1.000000000000334,999.999999999666,0.017256437249375978,0.25349744200613217,0.0,6.757601004396868,normal,0.0,"{""progress_diff"": 0.0018662195566812034, ""r_progress"": 0.03732439113362407, ""r_track"": -0.0026469744581480064, ""r_dir"": -7.895683520870505e-05, ""r_time"": -1.0, ""r_smooth"": 0.0, ""total"": -0.9654015401597327}"
0.382,10.017732764000629,3.392856537240208,10.0,3.392856537240208,75.81025579938678,1160.0,20000.0,-6.283185307179586,-3.339550858072471e-13,1000.0,0.01773276400062862,2.2418974420061324,0.0,6.68295222212962,normal,0.0,"{""progress_diff"": 0.0018952189842460498, ""r_progress"": 0.037904379684921, ""r_track"": -0.0027951192809065805, ""r_dir"": -7.895683520870505e-05, ""r_time"": -1.0, ""r_smooth"": 0.0, ""total"": -0.9649696964311942}"
0.383,10.018216504861762,3.4698452733178593,10.0,3.4698452733178593,76.99025579938679,1180.0,20000.0,-6.283185307179586,0.0,3.339550858072471e-10,0.018216504861761962,0.23009744200613214,0.0,6.607143462759778,normal,0.0,"{""progress_diff"": 0.00192471840194125, ""r_progress"": 0.038494368038825, ""r_track"": -0.0029496982166986414, ""r_dir"": -7.895683520870505e-05, ""r_time"": -1.0, ""r_smooth"": 0.0, ""total"": -0.9645342870130823}"
0.384,10.01870745602118,3.547993986989094,10.0,3.547993986989094,78.15025579938678,1160.0,-20000.0,-6.282185307179586,1.0,1000.0,0.018707456021180846,1.4301750685666756,0.0,6.530154726682127,normal,0.0,"{""progress_diff"": 0.001953717841780833, ""r_progress"": 0.039074356835616664, ""r_track"": -0.003110834762528138, ""r_dir"": -7.893170446749513e-05, ""r_time"": -1.0, ""r_smooth"": 0.0, ""total"": -0.964115409631379}"
0.385,10.019205820110503,3.6273226773755525,10.0,3.6273226773755525,79.33025579938679,1180.0,20000.0,-6.282185307179586,0.0,-1000.0,0.019205820110503424,0.20685659694922406,0.0,6.4520060130108945,normal,0.0,"{""progress_diff"": 0.001983217259661496, ""r_progress"": 0.03966434519322992, ""r_track"": -0.0032787868988179356, ""r_dir"": -7.893170446749513e-05, ""r_time"": -1.0, ""r_smooth"": 0.0, ""total"": -0.9636933734100555}"
0.386,10.019711803301274,3.707851343576635,10.0,3.707851343576635,80.5302557993868,1200.0,20000.0,-6.283185307179586,-1.0,-1000.0,0.019711803301273534,0.19469744200613207,0.0,6.372677322624435,normal,0.0,"{""progress_diff"": 0.0020132166550270725, ""r_progress"": 0.04026433310054145, ""r_track"": -0.003453823905671984, ""r_dir"": -7.895683520870505e-05, ""r_time"": -1.0, ""r_smooth"": 0.0, ""total"": -0.9632684476403393}"
0.387,10.020225200601924,3.7895599864855276,10.0,3.7895599864855276,81.7102557993868,1180.0,-20000.0,-6.283185307179586,0.0,1000.0,0.020225200601924342,2.298340625143984,0.0,6.292148656423352,normal,0.0,"{""progress_diff"": 0.0020427160727222726, ""r_progress"": 0.04085432145444545, ""r_track"": -0.003636077683449607, ""r_dir"": -7.895683520870505e-05, ""r_time"": -1.0, ""r_smooth"": 0.0, ""total"": -0.9628607130642128}"
0.388,10.020745886349575,3.8724286064970133,10.0,3.8724286064970133,82.8702557993868,1160.0,-20000.0,-6.283185307179586,0.0,0.0,0.020745886349574857,0.8287025579938679,0.0,6.210440013514461,normal,0.0,"{""progress_diff"": 0.002071715500287119, ""r_progress"": 0.04143431000574238, ""r_track"": -0.0038257048927064566, ""r_dir"": -7.895683520870505e-05, ""r_time"": -1.0, ""r_smooth"": 0.0, ""total"": -0.9624703517221728}"
0.389,10.021273902158507,3.956477203744367,10.0,3.956477203744367,84.0502557993868,1180.0,20000.0,-6.282185307179586,1.0,1000.0,0.021273902158506885,1.963124803252615,0.0,6.127571393502976,normal,0.0,"{""progress_diff"": 0.0021012149311839257, ""r_progress"": 0.04202429862367851, ""r_track"": -0.004022923671553102, ""r_dir"": -7.893170446749513e-05, ""r_time"": -1.0, ""r_smooth"": 0.0, ""total"": -0.9620775567523421}"
0.39,10.021809286043073,4.041725778383226,10.0,4.041725778383226,85.2502557993868,1200.0,20000.0,-6.280185307179586,2.0,1000.0,0.02180928604307297,1.1381086059457772,0.0,6.043522796255621,normal,0.0,"{""progress_diff"": 0.0021312143659714122, ""r_progress"": 0.042624287319428245, ""r_track"": -0.004227955179631799, ""r_dir"": -7.888145498503067e-05, ""r_time"": -1.0, ""r_smooth"": 0.0, ""total"": -0.9616825493151886}"
0.391,10.022351994069037,4.128154330294883,10.0,4.128154330294883,86.43025579938681,1180.0,-20000.0,-6.279185307179586,1.0,-1000.0,0.022351994069037318,0.8649391777662357,0.0,5.9582742216167635,normal,0.0,"{""progress_diff"": 0.002160713797791425, ""r_progress"": 0.043214275955828496, ""r_track"": -0.004440992345442483, ""r_dir"": -7.885633624379843e-05, ""r_time"": -1.0, ""r_smooth"": 0.0, ""total"": -0.9613055727258578}"
0.392,10.022902237067855,4.2157828585497175,10.0,4.2157828585497175,87.63025579938682,1200.0,20000.0,-6.279185307179586,0.0,-1000.0,0.02290223706785532,0.12433406177849948,0.0,5.871845669705106,normal,0.0,"{""progress_diff"": 0.00219071320637082, ""r_progress"": 0.0438142641274164, ""r_track"": -0.0046623330018866335, ""r_dir"": -7.885633624379843e-05, ""r_time"": -1.0, ""r_smooth"": 0.0, ""total"": -0.960926925210714}"
0.393,10.02345997826515,4.304591362984312,10.0,4.304591362984312,88.81025579938682,1180.0,-20000.0,-6.280185307179586,-1.0,-1000.0,0.02345997826514967,0.888580022823144,0.0,5.784217141450274,normal,0.0,"{""progress_diff"": 0.0022202126108649134, ""r_progress"": 0.04440425221729827, ""r_track"": -0.004892182935122622, ""r_dir"": -7.888145498503067e-05, ""r_time"": -1.0, ""r_smooth"": 0.0, ""total"": -0.9605668121728094}"
0.394,10.024025004429513,4.39455984454336,10.0,4.39455984454336,89.97025579938682,1160.0,-20000.0,-6.280185307179586,0.0,1000.0,0.024025004429512723,1.2927410376454884,0.0,5.695408637015678,normal,0.0,"{""progress_diff"": 0.002249212038976156, ""r_progress"": 0.04498424077952312, ""r_track"": -0.0051306741141164975, ""r_dir"": -7.888145498503067e-05, ""r_time"": -1.0, ""r_smooth"": 0.0, ""total"": -0.9602253147895784}"
0.395,10.024597281066523,4.485668303049035,10.0,4.485668303049035,91.11025579938682,1140.0,-20000.0,-6.2811853071795865,-1.0,-1000.0,0.024597281066522925,0.7251703004438337,0.0,5.60544015545663,normal,0.0,"{""progress_diff"": 0.002277711462641885, ""r_progress"": 0.0455542292528377, ""r_track"": -0.005378010985471353, ""r_dir"": -7.89065777262629e-05, ""r_time"": -1.0, ""r_smooth"": 0.0, ""total"": -0.95990268831036}"
0.396,10.025176777041692,4.577896738302134,10.0,4.577896738302134,92.23025579938682,1120.0,-20000.0,-6.283185307179586,-1.9999999999997797,-999.9999999997797,0.025176777041691526,0.6970734138974938,0.0,5.514331696950956,normal,0.0,"{""progress_diff"": 0.0023057108813275273, ""r_progress"": 0.04611421762655055, ""r_track"": -0.005634400908507072, ""r_dir"": -7.895683520870505e-05, ""r_time"": -1.0, ""r_smooth"": 0.0, ""total"": -0.9595991401171652}"
0.397,10.025763184475222,4.671225151842175,10.0,4.671225151842175,93.33025579938682,1100.0,-20000.0,-6.283185307179586,-0.9999999999997797,1000.0,0.025763184475222186,1.1036016707906515,0.0,5.422103261697856,normal,0.0,"{""progress_diff"": 0.0023332103385009795, ""r_progress"": 0.04666420677001959, ""r_track"": -0.005899925993816262, ""r_dir"": -7.895683520870505e-05, ""r_time"": -1.0, ""r_smooth"": 0.0, ""total"": -0.9593146760590053}"
0.398,10.026356377704236,4.765633544063941,10.0,4.765633544063941,94.41025579938682,1080.0,-20000.0,-6.283185307179586,2.2026824808563106e-13,1000.0,0.02635637770423571,2.944102557993868,0.0,5.328774848157817,normal,0.0,"{""progress_diff"": 0.0023602098055441334, ""r_progress"": 0.04720419611088267, ""r_track"": -0.0061747435172296306, ""r_dir"": -7.895683520870505e-05, ""r_time"": -1.0, ""r_smooth"": 0.0, ""total"": -0.9590495042415557}"
0.399,10.026956482391611,4.861141914572648,10.0,4.861141914572648,95.51025579938681,1100.0,20000.0,-6.283185307179586,0.0,-2.2026824808563106e-10,0.026956482391611306,0.04489744200613188,0.0,5.234366455936051,normal,0.0,"{""progress_diff"": 0.0023877092627176966, ""r_progress"": 0.04775418525435393, ""r_track"": -0.006459128381593337, ""r_dir"": -7.895683520870505e-05, ""r_time"": -1.0, ""r_smooth"": 0.0, ""total"": -0.9587838999624481}"
0.4,10.027563624200228,4.957770262973514,10.0,4.957770262973514,96.63025579938682,1120.0,20000.0,-6.283185307179586,0.0,0.0,0.027563624200228176,0.03369744200613184,0.0,5.138858085427344,normal,0.0,"{""progress_diff"": 0.0024157087100216135, ""r_progress"": 0.04831417420043227, ""r_track"": -0.006753363369345817, ""r_dir"": -7.895683520870505e-05, ""r_time"": -1.0, ""r_smooth"": 0.0, ""total"": -0.9585181460041222}"
0.401,10.028177831024639,5.055538589486012,10.0,5.055538589486012,97.77025579938682,1140.0,20000.0,-6.282185307179586,1.0,1000.0,0.028177831024638778,0.9386501803354398,0.0,5.042229737026478,normal,0.0,"{""progress_diff"": 0.0024442081628124335, ""r_progress"": 0.04888416325624867, ""r_track"": -0.007057690322249738, ""r_dir"": -7.893170446749513e-05, ""r_time"": -1.0, ""r_smooth"": 0.0, ""total"": -0.9582524587704686}"
0.402,10.028799127279465,5.154466894351182,10.0,5.154466894351182,98.93025579938681,1160.0,20000.0,-6.280185307179586,2.0,1000.0,0.028799127279464543,1.2214809515840521,0.0,4.944461410513981,normal,0.0,"{""progress_diff"": 0.0024732076216292254, ""r_progress"": 0.04946415243258451, ""r_track"": -0.007372353173855989, ""r_dir"": -7.888145498503067e-05, ""r_time"": -1.0, ""r_smooth"": 0.0, ""total"": -0.9579870821962565}"
0.403,10.029427041683912,5.2544649229492535,10.0,5.2544649229492535,100.0,1140.0,-20000.0,-6.279185307179586,1.0,-1000.0,0.029427041683911526,0.0006366197723676526,0.0,4.845533105648812,normal,0.0,"{""progress_diff"": 0.0024999507149518485, ""r_progress"": 0.04999901429903697, ""r_track"": -0.007697340286814814, ""r_dir"": -7.885633624379843e-05, ""r_time"": -1.0, ""r_smooth"": 0.0, ""total"": -0.9577771823240216}"
0.404,10.030054956088359,5.354462951547325,10.0,5.354462951547325,100.0,1120.0,-20000.0,-6.279185307179586,0.0,-1000.0,0.03005495608835851,0.0006366197723676526,0.0,4.745535077050739,normal,0.0,"{""progress_diff"": 0.0024999507149517375, ""r_progress"": 0.04999901429903475, ""r_track"": -0.008029336759761405, ""r_dir"": -7.885633624379843e-05, ""r_time"": -1.0, ""r_smooth"": 0.0, ""total"": -0.9581091787969704}"
0.405,10.030682970490833,5.454460979517432,10.0,5.454460979517432,100.0,1100.0,-20000.0,-6.280185307179586,-1.0,-1000.0,0.030682970490833125,0.15632388177950154,0.0,4.645537048452669,normal,0.0,"{""progress_diff"": 0.0024999506992526843, ""r_progress"": 0.049999013985053686, ""r_track"": -0.0083683971390341, ""r_dir"": -7.888145498503067e-05, ""r_time"": -1.0, ""r_smooth"": 0.0, ""total"": -0.9584482646089655}"
0.406,10.031311184889363,5.55445900623131,10.0,5.55445900623131,100.0,1080.0,-20000.0,-6.282185307179586,-2.0,-1000.0,0.03131118488936302,0.9813276038681102,0.0,4.545539020482563,normal,0.0,"{""progress_diff"": 0.002499950667846973, ""r_progress"": 0.04999901335693946, ""r_track"": -0.00871458043711889, ""r_dir"": -7.893170446749513e-05, ""r_time"": -1.0, ""r_smooth"": 0.0, ""total"": -0.958794498784647}"
0.407,10.031939499285919,5.654457032316924,10.0,5.654457032316924,100.0,1060.0,-20000.0,-6.283185307179586,-1.0,1000.0,0.03193949928591877,0.7698943018913269,0.0,4.4455409937686845,normal,0.0,"{""progress_diff"": 0.0024999506521403148, ""r_progress"": 0.049999013042806295, ""r_track"": -0.009067836574535163, ""r_dir"": -7.895683520870505e-05, ""r_time"": -1.0, ""r_smooth"": 0.0, ""total"": -0.9591477803669376}"
0.408,10.032567813682475,5.754455058402538,10.0,5.754455058402538,100.0,1040.0,-20000.0,-6.283185307179586,0.0,1000.0,0.03256781368247452,0.8261280059814453,0.0,4.3455429676830715,normal,0.0,"{""progress_diff"": 0.0024999506521403148, ""r_progress"": 0.049999013042806295, ""r_track"": -0.009428111004945552, ""r_dir"": -7.895683520870505e-05, ""r_time"": -1.0, ""r_smooth"": 0.0, ""total"": -0.959508054797348}"
0.409,10.033196028081004,5.8544530851164165,10.0,5.8544530851164165,100.0,1020.0,-20000.0,-6.282185307179586,1.0,1000.0,0.033196028081004414,0.30206446785582775,0.0,4.245544941597458,normal,0.0,"{""progress_diff"": 0.002499950667846973, ""r_progress"": 0.04999901335693946, ""r_track"": -0.009795344714265186, ""r_dir"": -7.893170446749513e-05, ""r_time"": -1.0, ""r_smooth"": 0.0, ""total"": -0.9598752630617933}"
0.41,10.033824242479534,5.954451111830295,10.0,5.954451111830295,100.0,1000.0,-20000.0,-6.282185307179586,0.0,-1000.0,0.033824242479534306,0.5644682751213146,0.0,4.14554691488358,normal,0.0,"{""progress_diff"": 0.002499950667846973, ""r_progress"": 0.04999901335693946, ""r_track"": -0.010169594482794073, ""r_dir"": -7.893170446749513e-05, ""r_time"": -1.0, ""r_smooth"": 0.0, ""total"": -0.9602495128303221}"
0.411,10.03445255687609,6.054449137915909,10.0,6.054449137915909,100.0,980.0,-20000.0,-6.283185307179586,-1.0,-1000.0,0.03445255687609006,0.46471261978149414,0.0,4.0455488881697015,normal,0.0,"{""progress_diff"": 0.0024999506521403703, ""r_progress"": 0.049999013042807405, ""r_track"": -0.01055092155822418, ""r_dir"": -7.895683520870505e-05, ""r_time"": -1.0, ""r_smooth"": 0.0, ""total"": -0.9606308653506255}"
0.412,10.035080871272646,6.154447164001523,10.0,6.154447164001523,100.0,960.0,-20000.0,-6.283185307179586,0.0,1000.0,0.03508087127264581,0.0,0.0,3.9455508620840867,normal,0.0,"{""progress_diff"": 0.0024999506521403703, ""r_progress"": 0.049999013042807405, ""r_track"": -0.010939266926648407, ""r_dir"": -7.895683520870505e-05, ""r_time"": -1.0, ""r_smooth"": 0.0, ""total"": -0.9610192107190497}"
0.413,10.035709085671176,6.254445190715401,10.0,6.254445190715401,100.0,940.0,-20000.0,-6.282185307179586,1.0,1000.0,0.0357090856711757,1.5434526695693898,0.0,3.845552835998472,normal,0.0,"{""progress_diff"": 0.0024999506678469174, ""r_progress"": 0.04999901335693835, ""r_track"": -0.01133456710641214, ""r_dir"": -7.893170446749513e-05, ""r_time"": -1.0, ""r_smooth"": 0.0, ""total"": -0.9614144854539413}"
0.414,10.036337300069706,6.35444321742928,10.0,6.35444321742928,100.0,920.0,-20000.0,-6.282185307179586,0.0,-1000.0,0.03633730006970559,0.0001591549430919485,0.0,3.745554809284595,normal,0.0,"{""progress_diff"": 0.0024999506678469174, ""r_progress"": 0.04999901335693835, ""r_track"": -0.01173688334538512, ""r_dir"": -7.893170446749513e-05, ""r_time"": -1.0, ""r_smooth"": 0.0, ""total"": -0.9618168016929143}"
0.415,10.036965414470208,6.454441244771322,10.0,6.454441244771322,100.0,900.0,-20000.0,-6.281185307179586,1.0,1000.0,0.03696541447020785,1.787844338791642,0.0,3.6455567825707185,normal,0.0,"{""progress_diff"": 0.0024999506835510776, ""r_progress"": 0.04999901367102155, ""r_track"": -0.012146149928482237, ""r_dir"": -7.89065777262629e-05, ""r_time"": -1.0, ""r_smooth"": 0.0, ""total"": -0.962226042835187}"
0.416,10.037593328874655,6.554439273369394,10.0,6.554439273369394,100.0,880.0,-20000.0,-6.279185307179586,2.0,1000.0,0.03759332887465483,0.7531143005233476,0.0,3.545558755228676,normal,0.0,"{""progress_diff"": 0.002499950714951793, ""r_progress"": 0.04999901429903586, ""r_track"": -0.012562296674470725, ""r_dir"": -7.885633624379843e-05, ""r_time"": -1.0, ""r_smooth"": 0.0, ""total"": -0.9626421387116787}"
0.417,10.038220943285014,6.6544373038507585,10.0,6.6544373038507585,100.0,860.0,-20000.0,-6.276185307179586,3.0,1000.0,0.038220943285013576,0.8275557018516038,0.0,3.445560726630603,normal,0.0,"{""progress_diff"": 0.0024999507620340755, ""r_progress"": 0.04999901524068151, ""r_track"": -0.012985248938633105, ""r_dir"": -7.878100402010176e-05, ""r_time"": -1.0, ""r_smooth"": 0.0, ""total"": -0.9630650147019717}"
0.418,10.03884835769931,6.754435335587152,10.0,6.754435335587152,100.0,840.0,-20000.0,-6.274185307179586,2.0,-1000.0,0.03884835769930994,0.0014323944878271123,0.0,3.3455626961492406,normal,0.0,"{""progress_diff"": 0.0024999507934098664, ""r_progress"": 0.04999901586819733, ""r_track"": -0.013415065741631415, ""r_dir"": -7.87308025376596e-05, ""r_time"": -1.0, ""r_smooth"": 0.0, ""total"": -0.9634947806759717}"
0.419,10.039475672115573,6.85443336795091,10.0,6.85443336795091,100.0,820.0,-20000.0,-6.273185307179586,1.0,-1000.0,0.039475672115573346,0.001591549430919061,0.0,3.2455646644128464,normal,0.0,"{""progress_diff"": 0.0024999508090939315, ""r_progress"": 0.04999901618187863, ""r_track"": -0.013851810568677823, ""r_dir"": -7.870570779642737e-05, ""r_time"": -1.0, ""r_smooth"": 0.0, ""total"": -0.9639315000945956}"
0.42,10.040102986531837,6.954431400314668,10.0,6.954431400314668,100.0,800.0,-20000.0,-6.273185307179586,0.0,-1000.0,0.040102986531836755,0.8842155795441393,0.0,3.145566632049089,normal,0.0,"{""progress_diff"": 0.0024999508090939315, ""r_progress"": 0.04999901618187863, ""r_track"": -0.014295551366868267, ""r_dir"": -7.870570779642737e-05, ""r_time"": -1.0, ""r_smooth"": 0.0, ""total"": -0.964375240892786}"
0.421,10.040730200950067,7.054429433305691,10.0,7.054429433305691,100.0,780.0,-20000.0,-6.272185307179585,1.0,1000.0,0.040730200950067186,1.3330522808173342,0.0,3.045568599685332,normal,0.0,"{""progress_diff"": 0.002499950824775554, ""r_progress"": 0.049999016495511084, ""r_track"": -0.014746215728292034, ""r_dir"": -7.868061705519515e-05, ""r_time"": -1.0, ""r_smooth"": 0.0, ""total"": -0.9648258798498361}"
0.422,10.041357415368298,7.154427466296713,10.0,7.154427466296713,100.0,760.0,-20000.0,-6.272185307179585,0.0,-1000.0,0.04135741536829762,0.1430597272774534,0.0,2.945570566694311,normal,0.0,"{""progress_diff"": 0.0024999508247756097, ""r_progress"": 0.049999016495512194, ""r_track"": -0.015203873830630224, ""r_dir"": -7.868061705519515e-05, ""r_time"": -1.0, ""r_smooth"": 0.0, ""total"": -0.9652835379521733}"
0.423,10.041984729784561,7.2544254986604715,10.0,7.2544254986604715,100.0,740.0,-20000.0,-6.273185307179586,-1.0,-1000.0,0.041984729784561026,1.001591549430919,0.0,2.8455725337032867,normal,0.0,"{""progress_diff"": 0.0024999508090939315, ""r_progress"": 0.04999901618187863, ""r_track"": -0.01566860031184538, ""r_dir"": -7.870570779642737e-05, ""r_time"": -1.0, ""r_smooth"": 0.0, ""total"": -0.9657482898377632}"
0.424,10.042612044200824,7.35442353102423,10.0,7.35442353102423,100.0,720.0,-20000.0,-6.273185307179586,0.0,1000.0,0.04261204420082443,1.2127484221114395,0.0,2.7455745013395294,normal,0.0,"{""progress_diff"": 0.0024999508090939315, ""r_progress"": 0.04999901618187863, ""r_track"": -0.016140322764204577, ""r_dir"": -7.870570779642737e-05, ""r_time"": -1.0, ""r_smooth"": 0.0, ""total"": -0.9662200122901223}"
0.425,10.043239258619055,7.454421564015252,10.0,7.454421564015252,100.0,700.0,-20000.0,-6.272185307179585,1.0,1000.0,0.04323925861905486,2.5239980253317995,0.0,2.645576468975772,normal,0.0,"{""progress_diff"": 0.0024999508247757207, ""r_progress"": 0.049999016495514415, ""r_track"": -0.016618964319337865, ""r_dir"": -7.868061705519515e-05, ""r_time"": -1.0, ""r_smooth"": 0.0, ""total"": -0.9666986284408786}"
0.426,10.04386627304122,7.554419598260504,10.0,7.554419598260504,100.0,680.0,-20000.0,-6.270185307179585,2.0,1000.0,0.04386627304121937,1.4710924447089215,0.0,2.545578435984744,normal,0.0,"{""progress_diff"": 0.0024999508561311945, ""r_progress"": 0.04999901712262389, ""r_track"": -0.017104443649127197, ""r_dir"": -7.863044757275297e-05, ""r_time"": -1.0, ""r_smooth"": 0.0, ""total"": -0.9671840569740761}"
0.427,10.04448683199178,7.653435471484735,10.0,7.653435471484735,99.01781780956438,660.0,-20000.0,-6.267185307179585,3.0,1000.0,0.0444868319917795,1.9266057814761135,0.0,2.4455804017394946,normal,0.0,"{""progress_diff"": 0.002475396830605825, ""r_progress"": 0.0495079366121165, ""r_track"": -0.017591806405909478, ""r_dir"": -7.85552233490563e-05, ""r_time"": -1.0, ""r_smooth"": 0.0, ""total"": -0.968162425017142}"
0.428,10.045094339714248,7.750430809956428,10.0,7.750430809956428,96.99724094463284,640.0,-20000.0,-6.263185307179586,4.0,1000.0,0.045094339714248484,1.0253124512938017,0.0,2.3465645285152625,normal,0.0,"{""progress_diff"": 0.0024248834617923154, ""r_progress"": 0.04849766923584631, ""r_track"": -0.018075550882347094, ""r_dir"": -7.845498038414967e-05, ""r_time"": -1.0, ""r_smooth"": 0.0, ""total"": -0.9696563366268849}"
0.429,10.045688714652979,7.8454051755263885,10.0,7.8454051755263885,94.97622543028537,620.0,-20000.0,-6.258185307179586,5.0,1000.0,0.04568871465297874,2.5384814183499156,0.0,2.2495691900435695,normal,0.0,"{""progress_diff"": 0.0023743591392489383, ""r_progress"": 0.047487182784978765, ""r_track"": -0.018555187970145014, ""r_dir"": -7.832976667798858e-05, ""r_time"": -1.0, ""r_smooth"": 0.0, ""total"": -0.9711463349518442}"
0.43,10.046269881201882,7.9383581108224135,10.0,7.9383581108224135,92.9547520824221,600.0,-20000.0,-6.252185307179586,6.0,1000.0,0.0462698812018818,0.45110705598656325,0.0,2.1545948244736124,normal,0.0,"{""progress_diff"": 0.0023238233824006693, ""r_progress"": 0.046476467648013386, ""r_track"": -0.019030239168322263, ""r_dir"": -7.817964223061752e-05, ""r_time"": -1.0, ""r_smooth"": 0.0, ""total"": -0.9726319511625395}"
0.431,10.04683795156159,8.02928913682337,10.0,8.02928913682337,90.93280042713108,580.0,-20000.0,-6.247185307179586,5.0,-1000.0,0.04683795156159043,0.9150575822226192,0.0,2.0616418891775865,normal,0.0,"{""progress_diff"": 0.002273275650023887, ""r_progress"": 0.04546551300047774, ""r_track"": -0.019500388502096812, ""r_dir"": -7.805464852447866e-05, ""r_time"": -1.0, ""r_smooth"": 0.0, ""total"": -0.9741129301501436}"
0.432,10.047392853920497,8.118197753801079,10.0,8.118197753801079,88.91034860755316,560.0,-20000.0,-6.2411853071795855,6.0,1000.0,0.0473928539204973,2.1671370151172833,0.0,1.970710863176631,normal,0.0,"{""progress_diff"": 0.0022227154244428005, ""r_progress"": 0.04445430848885601, ""r_track"": -0.019965178690929748, ""r_dir"": -7.790478807710759e-05, ""r_time"": -1.0, ""r_smooth"": 0.0, ""total"": -0.9755887749901508}"
0.433,10.04793469616857,8.205083437481326,10.0,8.200000000000001,86.88737320005586,540.0,-20000.0,-6.236185307179586,5.0,-1000.0,0.0479346961685696,0.007480282325319176,0.0,1.8818022461989194,normal,0.0,"{""progress_diff"": 0.0021721420920060575, ""r_progress"": 0.04344284184012115, ""r_track"": -0.020424311971316278, ""r_dir"": -7.778001437096872e-05, ""r_time"": -1.0, ""r_smooth"": 0.0, ""total"": -0.977059250145566}"
0.434,10.048463579978476,8.289945638541635,10.0,8.289945638541635,84.86384911659859,520.0,-20000.0,-6.232185307179586,4.0,-1000.0,0.04846357997847584,0.008116902097686687,0.0,1.7949165625186758,normal,0.0,"{""progress_diff"": 0.002121555026507793, ""r_progress"": 0.04243110053015586, ""r_track"": -0.020877498527378878, ""r_dir"": -7.768026740606204e-05, ""r_time"": -1.0, ""r_smooth"": 0.0, ""total"": -0.9785240782646291}"
0.435,10.048979600791178,8.37278378075381,10.0,8.37278378075381,82.8397494120037,500.0,-20000.0,-6.229185307179586,3.0,-1000.0,0.0489796007911778,0.6423684503452476,0.0,1.710054361458365,normal,0.0,"{""progress_diff"": 0.002070953555304289, ""r_progress"": 0.04141907110608578, ""r_track"": -0.0213244559436724, ""r_dir"": -7.760549918236543e-05, ""r_time"": -1.0, ""r_smooth"": 0.0, ""total"": -0.9799829903367689}"
0.436,10.049482686173151,8.453597259944434,10.0,8.453597259944434,80.81504509554443,480.0,-20000.0,-6.225185307179586,4.0,1000.0,0.049482686173151436,1.7541878472822376,0.0,1.6272162192461934,normal,0.0,"{""progress_diff"": 0.0020203369797657245, ""r_progress"": 0.04040673959531449, ""r_track"": -0.021764766496983043, ""r_dir"": -7.750586421745876e-05, ""r_time"": -1.0, ""r_smooth"": 0.0, ""total"": -0.981435532765886}"
0.437,10.049972927153947,8.532385439646806,10.0,8.532385439646806,78.78970489240565,460.0,-20000.0,-6.222185307179586,3.0,-1000.0,0.049972927153946856,0.009708451528605607,0.0,1.5464027400555658,normal,0.0,"{""progress_diff"": 0.0019697044925592877, ""r_progress"": 0.039394089851185754, ""r_track"": -0.022198163985188257, ""r_dir"": -7.743117999376216e-05, ""r_time"": -1.0, ""r_smooth"": 0.0, ""total"": -0.9828815053139963}"
0.438,10.050450254958593,8.609147650638867,10.0,8.6,76.76369505321435,440.0,-20000.0,-6.218185307179587,4.0,1000.0,0.050450254958592566,1.2723998131899936,1.0,1.4676145603531943,corner,1.0,"{""progress_diff"": 0.0019190552748014622, ""r_progress"": 0.038381105496029244, ""r_track"": 0.0, ""r_dir"": -3.8665828514427735e-05, ""r_time"": -1.0, ""r_smooth"": -0.24008, ""total"": -1.2017375603324851}"
0.439,10.050914606670966,8.683883187110762,10.0,8.683883187110762,74.73697902815347,420.0,-20000.0,-6.213185307179587,5.0,1000.0,0.05091460667096648,1.2009475600695354,1.0,1.3908523493611362,corner,1.0,"{""progress_diff"": 0.001868388411797428, ""r_progress"": 0.03736776823594856, ""r_track"": 0.0, ""r_dir"": -3.860367166135829e-05, ""r_time"": -1.0, ""r_smooth"": -0.24012499999999998, ""total"": -1.2027958354357127}"
0.44,10.051365925219525,8.756591303576084,10.0,8.756591303576084,72.7095171787508,400.0,-20000.0,-6.207185307179587,6.0,1000.0,0.051365925219524655,1.5177373027094156,1.0,1.3161168128892378,corner,1.0,"{""progress_diff"": 0.0018177029116330234, ""r_progress"": 0.03635405823266047, ""r_track"": 0.0, ""r_dir"": -3.852914943766172e-05, ""r_time"": -1.0, ""r_smooth"": -0.24018, ""total"": -1.2038644709167772}"
0.441,10.051804300721079,8.827271210547057,10.0,8.8,70.6812664183783,380.0,-20000.0,-6.202185307179587,5.0,-1000.0,0.05180430072107889,0.012891550390443447,1.0,1.2434086964239164,corner,1.0,"{""progress_diff"": 0.001766997674274351, ""r_progress"": 0.03533995348548702, ""r_track"": 0.0, ""r_dir"": -3.846710258459227e-05, ""r_time"": -1.0, ""r_smooth"": -0.24012499999999998, ""total"": -1.2048235136170975}"
0.442,10.052229679627091,8.895922072503831,10.0,8.895922072503831,68.65217982425524,360.0,-20000.0,-6.1961853071795865,6.0,1000.0,0.05222967962709112,0.1285612948762371,1.0,1.1727287894529432,corner,1.0,"{""progress_diff"": 0.0017162715489192903, ""r_progress"": 0.03432543097838581, ""r_track"": 0.0, ""r_dir"": -3.8392712360906734e-05, ""r_time"": -1.0, ""r_smooth"": -0.24018, ""total"": -1.205892961733975}"
0.443,10.052642147415636,8.96254300177623,10.0,8.96254300177623,66.62220610873517,340.0,-20000.0,-6.191185307179587,5.0,-1000.0,0.05264214741563577,0.014642254764454314,1.0,1.1040779274961707,corner,1.0,"{""progress_diff"": 0.0016655232318100177, ""r_progress"": 0.033310464636200354, ""r_track"": 0.0, ""r_dir"": -3.833077550783728e-05, ""r_time"": -1.0, ""r_smooth"": -0.24012499999999998, ""total"": -1.2068528661393074}"
0.444,10.053041783140857,9.02713305457844,10.0,9.0,64.59128911629796,320.0,-20000.0,-6.187185307179587,4.0,-1000.0,0.05304178314085738,0.015278874536821824,1.0,1.037456998223771,corner,1.0,"{""progress_diff"": 0.00161475132005523, ""r_progress"": 0.0322950264011046, ""r_track"": 0.0, ""r_dir"": -3.8281262025383915e-05, ""r_time"": -1.0, ""r_smooth"": -0.24008, ""total"": -1.207823254860921}"
0.445,10.053428534277714,9.089691226243335,10.0,9.089691226243335,62.559367152300624,300.0,-20000.0,-6.182185307179587,5.0,1000.0,0.05342853427771388,1.9839253507477188,1.0,0.9728669454215613,corner,1.0,"{""progress_diff"": 0.001563954291622427, ""r_progress"": 0.03127908583244854, ""r_track"": 0.0, ""r_dir"": -3.821941517230348e-05, ""r_time"": -1.0, ""r_smooth"": -0.24012499999999998, ""total"": -1.2088841335827238}"
0.446,10.053802475042248,9.150216443303181,10.0,9.150216443303181,60.52637220118818,280.0,-20000.0,-6.178185307179588,4.0,-1000.0,0.05380247504224833,0.3014332515727245,1.0,0.9103087737566646,corner,1.0,"{""progress_diff"": 0.0015131304264962009, ""r_progress"": 0.030262608529924018, ""r_track"": 0.0, ""r_dir"": -3.816997368985011e-05, ""r_time"": -1.0, ""r_smooth"": -0.24008, ""total"": -1.2098555614437658}"
0.447,10.054163556118064,9.208707557876714,10.0,9.200000000000001,58.49222908726743,260.0,-20000.0,-6.173185307179588,5.0,1000.0,0.05416355611806445,1.239934715369389,1.0,0.849783556696817,corner,1.0,"{""progress_diff"": 0.0014622778643381684, ""r_progress"": 0.02924555728676337, ""r_track"": 0.0, ""r_dir"": -3.810821683678065e-05, ""r_time"": -1.0, ""r_smooth"": -0.24012499999999998, ""total"": -1.2109175509300734}"
0.448,10.054511733793703,9.265163338604728,10.0,9.265163338604728,56.45685436953838,240.0,-20000.0,-6.1671853071795875,6.0,1000.0,0.05451173379370289,0.9303130200209876,1.0,0.7912924421232894,corner,1.0,"{""progress_diff"": 0.0014113945182004373, ""r_progress"": 0.028227890364008745, ""r_track"": 0.0, ""r_dir"": -3.80341746130951e-05, ""r_time"": -1.0, ""r_smooth"": -0.24018, ""total"": -1.2119901438106044}"
0.449,10.054846969913378,9.319582461154942,10.0,9.319582461154942,54.420155111789256,220.0,-20000.0,-6.160185307179588,7.0,1000.0,0.05484696991337756,0.40388049164416734,1.0,0.7348366613952741,corner,1.0,"{""progress_diff"": 0.0013604780637553326, ""r_progress"": 0.027209561275106653, ""r_track"": 0.0, ""r_dir"": -3.794788301879347e-05, ""r_time"": -1.0, ""r_smooth"": -0.240245, ""total"": -1.2130733866079122}"
0.45,10.05516933658173,9.37196349657733,10.0,9.37196349657733,52.38202737762585,200.0,-20000.0,-6.154185307179588,6.0,-1000.0,0.055169336581730725,0.020530987658854288,1.0,0.6804175388450595,corner,1.0,"{""progress_diff"": 0.0013095258855596592, ""r_progress"": 0.026190517711193184, ""r_track"": 0.0, ""r_dir"": -3.787399679510792e-05, ""r_time"": -1.0, ""r_smooth"": -0.24018, ""total"": -1.2140273562856019}"
0.451,10.055478798414276,9.422304899854106,10.0,9.4,50.34235443938635,180.0,-20000.0,-6.147185307179588,7.0,1000.0,0.05547879841427594,0.33277684136331226,1.0,0.628036503422674,corner,1.0,"{""progress_diff"": 0.0012585350819194763, ""r_progress"": 0.025170701638389525, ""r_track"": 0.0, ""r_dir"": -3.77878872008063e-05, ""r_time"": -1.0, ""r_smooth"": -0.240245, ""total"": -1.2151120862488112}"
0.452,10.05577532536886,9.470604994151726,10.0,9.470604994151726,48.30100451743926,160.0,-20000.0,-6.139185307179588,8.0,1000.0,0.05577532536885955,1.9096327145390668,1.0,0.5776951001458954,corner,1.0,"{""progress_diff"": 0.001207502357440493, ""r_progress"": 0.02415004714880986, ""r_track"": 0.0, ""r_dir"": -3.7689596235888594e-05, ""r_time"": -1.0, ""r_smooth"": -0.24031999999999998, ""total"": -1.216207642447426}"
0.453,10.05605898516487,9.51686195251826,10.0,9.51686195251826,46.25782809647691,140.0,-20000.0,-6.132185307179588,7.0,-1000.0,0.056058985164870734,0.02403239640687588,1.0,0.5293950058482757,corner,1.0,"{""progress_diff"": 0.0011564239591633219, ""r_progress"": 0.023128479183266437, ""r_track"": 0.0, ""r_dir"": -3.760369664158698e-05, ""r_time"": -1.0, ""r_smooth"": -0.240245, ""total"": -1.2171541245133752}"
0.454,10.056329838385668,9.561073777466682,10.0,9.561073777466682,44.21265459952696,120.0,-20000.0,-6.126185307179588,6.0,-1000.0,0.0563298383856683,0.4671138720606969,1.0,0.4831380474817415,corner,1.0,"{""progress_diff"": 0.0011052956237105338, ""r_progress"": 0.022105912474210676, ""r_track"": 0.0, ""r_dir"": -3.753014641790143e-05, ""r_time"": -1.0, ""r_smooth"": -0.24018, ""total"": -1.2181116176722073}"
0.455,10.056587938316328,9.603238275701205,10.0,9.6,42.16528817574231,100.0,-20000.0,-6.121185307179588,5.0,-1000.0,0.056587938316328135,0.44743598253830985,1.0,0.4389262225333219,corner,1.0,"{""progress_diff"": 0.0010541124558631765, ""r_progress"": 0.02108224911726353, ""r_track"": 0.0, ""r_dir"": -3.7468909564831955e-05, ""r_time"": -1.0, ""r_smooth"": -0.24012499999999998, ""total"": -1.2190802197923012}"
0.456,10.056833250518352,9.643353028049049,10.0,9.6,40.11550241496778,80.0,-20000.0,-6.115185307179588,6.0,1000.0,0.056833250518351974,2.0643263922659956,1.0,0.39676172429879486,corner,1.0,"{""progress_diff"": 0.0010028688086959892, ""r_progress"": 0.020057376173919783, ""r_track"": 0.0, ""r_dir"": -3.73954913411464e-05, ""r_time"": -1.0, ""r_smooth"": -0.24018, ""total"": -1.2201600193174214}"
0.457,10.057065745135024,9.681415351557568,10.0,9.681415351557568,38.063033570827294,60.0,-20000.0,-6.108185307179588,7.0,1000.0,0.057065745135023604,1.2412067299025735,1.0,0.35664697195095485,corner,1.0,"{""progress_diff"": 0.000951558087712967, ""r_progress"": 0.01903116175425934, ""r_track"": 0.0, ""r_dir"": -3.7309927746844786e-05, ""r_time"": -1.0, ""r_smooth"": -0.240245, ""total"": -1.2212511481734876}"
0.458,10.057285468647283,9.717422253009346,10.0,9.717422253009346,36.00757185065174,40.0,-20000.0,-6.102185307179588,6.0,-1000.0,0.05728546864728301,0.24425787430920806,1.0,0.3185846484424353,corner,1.0,"{""progress_diff"": 0.0009001725362944302, ""r_progress"": 0.018003450725888603, ""r_track"": 0.0, ""r_dir"": -3.7236665523159234e-05, ""r_time"": -1.0, ""r_smooth"": -0.24018, ""total"": -1.2222137859396345}"
0.459,10.057492459184312,9.7513703719512,10.0,9.7513703719512,33.94874997364022,20.0,-20000.0,-6.097185307179588,5.0,-1000.0,0.057492459184311784,0.36909031915149443,1.0,0.28257774699065763,corner,1.0,"{""progress_diff"": 0.0008487029735464446, ""r_progress"": 0.016974059470928893, ""r_track"": 0.0, ""r_dir"": -3.7175668670089746e-05, ""r_time"": -1.0, ""r_smooth"": -0.24012499999999998, ""total"": -1.2231881161977411}"
0.46,10.057686746067787,9.78325590788228,10.0,9.78325590788228,31.88612784590355,0.0,-20000.0,-6.0931853071795885,4.0,-1000.0,0.05768674606778745,0.34910071764649525,1.0,0.24862962804879984,corner,1.0,"{""progress_diff"": 0.0007971383982769975, ""r_progress"": 0.01594276796553995, ""r_track"": 0.0, ""r_dir"": -3.712690718762549e-05, ""r_time"": -1.0, ""r_smooth"": -0.24008, ""total"": -1.2241743589416476}"
0.461,10.057868289589733,9.813074527019166,10.0,9.8,29.81917177389394,-20.0,-20000.0,-6.088185307179589,5.0,1000.0,0.05786828958973267,2.2671565038360204,1.0,0.21674409211772172,corner,1.0,"{""progress_diff"": 0.000745465478422136, ""r_progress"": 0.014909309568442719, ""r_track"": 0.0, ""r_dir"": -3.7066000334556005e-05, ""r_time"": -1.0, ""r_smooth"": -0.24012499999999998, ""total"": -1.2252527564318918}"
0.462,10.058037052317108,9.84082123939875,10.0,9.8,27.747225604255426,-40.0,-20000.0,-6.082185307179588,6.0,1000.0,0.058037052317107644,1.3027388706941267,1.0,0.1869254729808354,corner,1.0,"{""progress_diff"": 0.0006936678094896509, ""r_progress"": 0.013873356189793018, ""r_track"": 0.0, ""r_dir"": -3.6992978110870456e-05, ""r_time"": -1.0, ""r_smooth"": -0.24018, ""total"": -1.2263436367883178}"
0.463,10.058192998143534,9.866490235485747,10.0,9.866490235485747,25.66946978835183,-60.0,-20000.0,-6.075185307179589,7.0,1000.0,0.05819299814353407,1.1661446455741338,1.0,0.15917876060125025,corner,1.0,"{""progress_diff"": 0.0006417249021749005, ""r_progress"": 0.01283449804349801, ""r_track"": 0.0, ""r_dir"": -3.6907876516568844e-05, ""r_time"": -1.0, ""r_smooth"": -0.240245, ""total"": -1.2274474098330186}"
0.464,10.05833613816003,9.890074662674103,10.0,9.890074662674103,23.584861561330502,-80.0,-20000.0,-6.0691853071795885,6.0,-1000.0,0.05833613816002981,0.03405915782166524,1.0,0.13350976451425467,corner,1.0,"{""progress_diff"": 0.0005896106797089185, ""r_progress"": 0.011792213594178369, ""r_track"": 0.0, ""r_dir"": -3.6835010292883295e-05, ""r_time"": -1.0, ""r_smooth"": -0.24018, ""total"": -1.2284246214161145}"
0.465,10.058466469103013,9.911566312214308,10.0,9.911566312214308,21.492044716910865,-100.0,-20000.0,-6.064185307179589,5.0,-1000.0,0.05846646910301345,0.24977537970623337,1.0,0.10992533732589749,corner,1.0,"{""progress_diff"": 0.0005372912385051554, ""r_progress"": 0.010745824770103107, ""r_track"": 0.0, ""r_dir"": -3.677434343981379e-05, ""r_time"": -1.0, ""r_smooth"": -0.24012499999999998, ""total"": -1.2294159495733368}"
0.466,10.058583970577397,9.93095516420086,10.0,9.93095516420086,19.389208027995192,-120.0,-20000.0,-6.060185307179589,4.0,-1000.0,0.05858397057739673,0.03549155230949221,1.0,0.08843368778569172,corner,1.0,"{""progress_diff"": 0.00048472129966375954, ""r_progress"": 0.00969442599327519, ""r_track"": 0.0, ""r_dir"": -3.672584595734958e-05, ""r_time"": -1.0, ""r_smooth"": -0.24008, ""total"": -1.2304222998526821}"
0.467,10.058688566316047,9.948228700021245,10.0,9.948228700021245,17.273852494642483,-140.0,-20000.0,-6.055185307179589,5.0,1000.0,0.05868856631604658,0.8255774185919612,1.0,0.06904483579914,corner,1.0,"{""progress_diff"": 0.00043183839550958725, ""r_progress"": 0.008636767910191745, ""r_track"": 0.0, ""r_dir"": -3.666526910428008e-05, ""r_time"": -1.0, ""r_smooth"": -0.24012499999999998, ""total"": -1.2315248973589126}"
0.468,10.058780164852907,9.96337080840922,10.0,9.96337080840922,15.142385437081376,-160.0,-20000.0,-6.049185307179589,6.0,1000.0,0.058780164852906935,0.8267040023382559,1.0,0.05177129997875696,corner,1.0,"{""progress_diff"": 0.0003785527096994423, ""r_progress"": 0.0075710541939888465, ""r_track"": 0.0, ""r_dir"": -3.659264288059453e-05, ""r_time"": -1.0, ""r_smooth"": -0.24018, ""total"": -1.2326455384488917}"
0.469,10.05885867445745,9.976359928449284,10.0,9.976359928449284,12.989357304086562,-180.0,-20000.0,-6.044185307179589,5.0,-1000.0,0.058858674457450626,0.038038031398962543,1.0,0.03662919159078015,corner,1.0,"{""progress_diff"": 0.00032472800100158405, ""r_progress"": 0.006494560020031681, ""r_track"": 0.0, ""r_dir"": -3.6532176027525023e-05, ""r_time"": -1.0, ""r_smooth"": -0.24012499999999998, ""total"": -1.2336669721559959}"
0.47,10.058923921933408,9.98716560592827,10.0,9.98716560592827,10.805874467759189,-200.0,-20000.0,-6.038185307179589,6.0,1000.0,0.0589239219334079,1.6009634536420405,1.0,0.023640071550715902,corner,1.0,"{""progress_diff"": 0.00027014193697472155, ""r_progress"": 0.005402838739494431, ""r_track"": 0.0, ""r_dir"": -3.6459681803839465e-05, ""r_time"": -1.0, ""r_smooth"": -0.24018, ""total"": -1.2348136209423095}"
0.471,10.058975660963464,9.995741242124483,10.0,9.995741242124483,8.575792272263714,-220.0,-20000.0,-6.033185307179589,5.0,-1000.0,0.05897566096346374,0.03978873577297341,1.0,0.012834394071727928,corner,1.0,"{""progress_diff"": 0.00021439090490527057, ""r_progress"": 0.0042878180981054115, ""r_track"": 0.0, ""r_dir"": -3.6399324950769955e-05, ""r_time"": -1.0, ""r_smooth"": -0.24012499999999998, ""total"": -1.2358735812268453}"
0.472,10.059013416934654,10.002005445409722,10.0,10.0,6.264317066701495,-240.0,-20000.0,-6.027185307179589,6.0,1000.0,0.05901341693465412,1.4171249702229245,1.0,0.004258757875515329,corner,1.0,"{""progress_diff"": 0.00010646894688792763, ""r_progress"": 0.0021293789377585526, ""r_track"": 0.0, ""r_dir"": -2.486372388317927, ""r_time"": -1.0, ""r_smooth"": -0.24018, ""total"": -3.7244230093801685}"
0.473,10.053009208673748,10.002041592292763,10.0,10.0,6.004317066701495,-260.0,-20000.0,-6.020185307179589,7.0,1000.0,0.05300920867374792,0.26022045195251153,1.0,9.999999999999986,corner,1.0,"{""progress_diff"": 0.0, ""r_progress"": 0.0, ""r_track"": 0.0, ""r_dir"": -3.624263113278279e-05, ""r_time"": -1.0, ""r_smooth"": -0.240245, ""total"": -1.240281242631133}"
0.474,10.047244995786308,10.002076248226356,10.0,10.0,5.764317066701495,-240.0,20000.0,-6.012185307179589,8.0,1000.0,0.0472449957863077,2.053543695590043,1.0,9.999999999999986,corner,1.0,"{""progress_diff"": 0.0, ""r_progress"": 0.0, ""r_track"": 0.0, ""r_dir"": -3.6146372167865145e-05, ""r_time"": -1.0, ""r_smooth"": -0.24031999999999998, ""total"": -1.240356146372168}"
0.475,10.04174077796834,10.002109302471661,10.0,10.0,5.504317066701495,-260.0,-20000.0,-6.005185307179589,7.0,-1000.0,0.041740777968339415,0.09928824484656137,1.0,9.999999999999986,corner,1.0,"{""progress_diff"": 0.0, ""r_progress"": 0.0, ""r_track"": 0.0, ""r_dir"": -3.606225057356355e-05, ""r_time"": -1.0, ""r_smooth"": -0.240245, ""total"": -1.2402810622505736}"
0.476,10.036476555570177,10.002140873367377,10.0,10.0,5.264317066701495,-240.0,20000.0,-5.997185307179589,8.0,1000.0,0.03647655557017693,1.7672956927708738,0.0,9.999999999999986,normal,0.0,"{""progress_diff"": 0.0, ""r_progress"": 0.0, ""r_track"": -0.011827014277904047, ""r_dir"": -7.193246321731314e-05, ""r_time"": -1.0, ""r_smooth"": 0.0, ""total"": -1.0118989467411215}"
0.477,10.031432329004105,10.00217108958065,10.0,10.0,5.044317066701495,-220.0,20000.0,-5.99018530717959,7.0,-1000.0,0.03143232900410453,0.9961892276589098,0.0,9.999999999999986,normal,0.0,"{""progress_diff"": 0.0, ""r_progress"": 0.0, ""r_track"": -0.00878214494775352, ""r_dir"": -7.176464002870993e-05, ""r_time"": -1.0, ""r_smooth"": 0.0, ""total"": -1.0088539095877822}"
0.478,10.026628097959582,10.00219983933266,10.0,10.0,4.804317066701495,-240.0,-20000.0,-5.984185307179589,6.0,-1000.0,0.02662809795958232,0.09563049865149115,0.0,9.999999999999986,normal,0.0,"{""progress_diff"": 0.0, ""r_progress"": 0.0, ""r_track"": -0.006302716452845442, ""r_dir"": -7.162094758131754e-05, ""r_time"": -1.0, ""r_smooth"": 0.0, ""total"": -1.0063743374004268}"
0.479,10.02204386283881,10.002227249650584,10.0,10.0,4.584317066701495,-220.0,20000.0,-5.9791853071795895,5.0,-1000.0,0.022043862838810213,1.0025399320329207,0.0,9.999999999999986,normal,0.0,"{""progress_diff"": 0.0, ""r_progress"": 0.0, ""r_track"": -0.004319394567611359, ""r_dir"": -7.150131387517848e-05, ""r_time"": -1.0, ""r_smooth"": 0.0, ""total"": -1.0043908958814864}"
0.48,10.017699623324106,10.002253207595627,10.0,10.0,4.344317066701495,-240.0,-20000.0,-5.97518530717959,4.0,-1000.0,0.017699623324105573,0.09246289313931813,0.0,9.999999999999986,normal,0.0,"{""progress_diff"": 0.0, ""r_progress"": 0.0, ""r_track"": -0.0027846814739130843, ""r_dir"": -7.140567891027148e-05, ""r_time"": -1.0, ""r_smooth"": 0.0, ""total"": -1.0028560871528234}"
0.481,10.013575379808188,10.002277838634996,10.0,10.0,4.1243170667014954,-220.0,20000.0,-5.97218530717959,3.0,-1000.0,0.013575379808187904,1.008254016634564,0.0,9.999999999999986,normal,0.0,"{""progress_diff"": 0.0, ""r_progress"": 0.0, ""r_track"": -0.0016381416616582743, ""r_dir"": -7.133399468657531e-05, ""r_time"": -1.0, ""r_smooth"": 0.0, ""total"": -1.001709475656345}"
0.482,10.009651132631866,10.002301259547414,10.0,10.0,3.9243170667014953,-200.0,20000.0,-5.96818530717959,4.0,1000.0,0.009651132631866233,0.5814930879481256,0.0,9.999999999999986,normal,0.0,"{""progress_diff"": 0.0, ""r_progress"": 0.0, ""r_track"": -0.0008279498762477621, ""r_dir"": -7.12384717216683e-05, ""r_time"": -1.0, ""r_smooth"": 0.0, ""total"": -1.0008991883479694}"
0.483,10.005906882138136,10.002323587471603,10.0,10.0,3.744317066701495,-180.0,20000.0,-5.96318530717959,5.0,1000.0,0.005906882138136282,2.911627247543579,0.0,9.999999999999986,normal,0.0,"{""progress_diff"": 0.0, ""r_progress"": 0.0, ""r_track"": -0.00031014450305629746, ""r_dir"": -7.111915801552922e-05, ""r_time"": -1.0, ""r_smooth"": 0.0, ""total"": -1.0003812636610718}"
0.484,10.002322628714182,10.002344946954782,10.0,10.0,3.584317066701495,-160.0,20000.0,-5.959185307179591,4.0,-1000.0,0.0023449469547820456,0.8904288819727918,0.0,9.999999999999986,normal,0.0,"{""progress_diff"": 0.0, ""r_progress"": 0.0, ""r_track"": -4.887801085103635e-05, ""r_dir"": -7.102377905062219e-05, ""r_time"": -1.0, ""r_smooth"": 0.0, ""total"": -1.0001199017899016}"
0.485,9.998878372742844,10.002365461824189,9.998878372742844,10.0,3.444317066701495,-140.0,20000.0,-5.956185307179591,3.0,-1000.0,0.0023654618241888414,1.017600495724034,0.0,9.999999999999986,normal,0.0,"{""progress_diff"": 2.8040681428920244e-05, ""r_progress"": 0.0005608136285784049, ""r_track"": -4.9736974592842673e-05, ""r_dir"": -7.095228682692604e-05, ""r_time"": -1.0, ""r_smooth"": 0.0, ""total"": -0.9995598756328413}"
0.486,9.995594113894304,10.002385017141064,9.995594113894304,10.0,3.2843170667014947,-160.0,-20000.0,-5.954185307179591,2.0,-1000.0,0.002385017141063983,0.08520514694424777,0.0,9.99887837274283,normal,0.0,"{""progress_diff"": 8.210647121353887e-05, ""r_progress"": 0.0016421294242707773, ""r_track"": -5.0562726783724574e-05, ""r_dir"": -7.090464534446195e-05, ""r_time"": -1.0, ""r_smooth"": 0.0, ""total"": -0.9984793379478574}"
0.487,9.992449852507958,10.002403729444138,9.992449852507958,10.0,3.1443170667014946,-140.0,20000.0,-5.951185307179591,3.0,1000.0,0.0024037294441381363,1.9978076468248043,0.0,9.995594113894288,normal,0.0,"{""progress_diff"": 7.860653465852074e-05, ""r_progress"": 0.0015721306931704149, ""r_track"": -5.135924658325897e-05, ""r_dir"": -7.08332131207658e-05, ""r_time"": -1.0, ""r_smooth"": 0.0, ""total"": -0.9985500617665336}"
0.488,9.989425588924654,10.002421715512137,9.989425588924654,10.0,3.0243170667014945,-120.0,20000.0,-5.947185307179591,4.0,1000.0,0.0024217155121366574,2.8389742594361644,0.0,9.992449852507946,normal,0.0,"{""progress_diff"": 7.56065895826108e-05, ""r_progress"": 0.001512131791652216, ""r_track"": -5.21307201930961e-05, ""r_dir"": -7.07380261558799e-05, ""r_time"": -1.0, ""r_smooth"": 0.0, ""total"": -0.9986107369546967}"
0.489,9.986541322814078,10.0024388603263,9.986541322814078,10.0,2.8843170667014943,-140.0,-20000.0,-5.944185307179591,3.0,-1000.0,0.002438860326300585,0.08279669637516668,0.0,9.98942558892464,normal,0.0,"{""progress_diff"": 7.210665276435879e-05, ""r_progress"": 0.0014421330552871758, ""r_track"": -5.2871463921804404e-05, ""r_dir"": -7.066667793218377e-05, ""r_time"": -1.0, ""r_smooth"": 0.0, ""total"": -0.9986814050865668}"
0.49,9.983777054550652,10.002455286313893,9.983777054550652,10.0,2.7643170667014942,-120.0,20000.0,-5.942185307179591,2.0,-1000.0,0.002455286313892913,1.0266286649273206,0.0,9.986541322814066,normal,0.0,"{""progress_diff"": 6.910670658566431e-05, ""r_progress"": 0.0013821341317132863, ""r_track"": -5.358605229502087e-05, ""r_dir"": -7.061913244971969e-05, ""r_time"": -1.0, ""r_smooth"": 0.0, ""total"": -0.9987420710530315}"
0.491,9.981112784505921,10.002471115422182,9.981112784505921,10.0,2.664317066701494,-100.0,20000.0,-5.941185307179591,1.0,-1000.0,0.0024711154221819243,1.0277878198704125,0.0,9.98377705455064,normal,0.0,"{""progress_diff"": 6.660675111835879e-05, ""r_progress"": 0.0013321350223671757, ""r_track"": -5.427921270884755e-05, ""r_dir"": -7.059536570848765e-05, ""r_time"": -1.0, ""r_smooth"": 0.0, ""total"": -0.9987927395560502}"
0.492,9.978528513018585,10.002486464069898,9.978528513018585,10.0,2.584317066701494,-80.0,20000.0,-5.939185307179591,2.0,1000.0,0.0024864640698982754,2.1809305372559313,0.0,9.981112784505907,normal,0.0,"{""progress_diff"": 6.460678718334112e-05, ""r_progress"": 0.0012921357436668224, ""r_track"": -5.4955587296845296e-05, ""r_dir"": -7.054784422602358e-05, ""r_time"": -1.0, ""r_smooth"": 0.0, ""total"": -0.998833367687856}"
0.493,9.976004240458042,10.002501453844319,9.976004240458042,10.0,2.524317066701494,-60.0,20000.0,-5.938185307179591,1.0,-1000.0,0.0025014538443191014,0.9108851485912898,0.0,9.97852851301857,normal,0.0,"{""progress_diff"": 6.310681401355822e-05, ""r_progress"": 0.0012621362802711644, ""r_track"": -5.562018964674498e-05, ""r_dir"": -7.052408948481263e-05, ""r_time"": -1.0, ""r_smooth"": 0.0, ""total"": -0.9988640079988604}"
0.494,9.973519967162762,10.002516201124177,9.973519967162762,10.0,2.484317066701494,-40.0,20000.0,-5.936185307179591,2.0,1000.0,0.002516201124176831,0.8092845314720659,0.0,9.976004240458028,normal,0.0,"{""progress_diff"": 6.210683238205839e-05, ""r_progress"": 0.0012421366476411677, ""r_track"": -5.627793864274444e-05, ""r_dir"": -7.047659200234856e-05, ""r_time"": -1.0, ""r_smooth"": 0.0, ""total"": -0.998884617883004}"
0.495,9.971055693471225,10.002530822288206,9.971055693471225,10.0,2.464317066701494,-20.0,20000.0,-5.933185307179591,3.0,1000.0,0.0025308222882056697,1.7914341272468857,0.0,9.973519967162748,normal,0.0,"{""progress_diff"": 6.160684228839752e-05, ""r_progress"": 0.0012321368457679505, ""r_track"": -5.693387959536518e-05, ""r_dir"": -7.040537577867353e-05, ""r_time"": -1.0, ""r_smooth"": 0.0, ""total"": -0.998895202409606}"
0.496,9.968631419046874,10.002545201277664,9.968631419046874,10.0,2.424317066701494,-40.0,-20000.0,-5.931185307179591,2.0,-1000.0,0.0025452012776643333,0.08026571063536131,0.0,9.971055693471211,normal,0.0,"{""progress_diff"": 6.060686060871401e-05, ""r_progress"": 0.0012121372121742802, ""r_track"": -5.7582662611770274e-05, ""r_dir"": -7.035791829620945e-05, ""r_time"": -1.0, ""r_smooth"": 0.0, ""total"": -0.9989158033687336}"
0.497,9.966227144227965,10.002559454431289,9.966227144227965,10.0,2.404317066701494,-20.0,20000.0,-5.928185307179591,3.0,1000.0,0.002559454431288799,2.0400957910957267,0.0,9.968631419046861,normal,0.0,"{""progress_diff"": 6.010687047286467e-05, ""r_progress"": 0.0012021374094572934, ""r_track"": -5.822939542972329e-05, ""r_dir"": -7.028676207253441e-05, ""r_time"": -1.0, ""r_smooth"": 0.0, ""total"": -0.998926378748045}"
0.498,9.963822869380554,10.002573702776363,9.963822869380554,10.0,2.404317066701494,0.0,20000.0,-5.926185307179591,2.0,-1000.0,0.0025737027763632625,1.0327751440167907,0.0,9.96622714422795,normal,0.0,"{""progress_diff"": 6.010687118518376e-05, ""r_progress"": 0.0012021374237036753, ""r_track"": -5.8879519831644144e-05, ""r_dir"": -7.023934459007035e-05, ""r_time"": -1.0, ""r_smooth"": 0.0, ""total"": -0.998926981440718}"
0.499,9.96139859484125,10.002588062371627,9.96139859484125,10.0,2.424317066701494,20.0,20000.0,-5.923185307179591,3.0,1000.0,0.002588062371627231,1.9888097298392822,0.0,9.96382286938054,normal,0.0,"{""progress_diff"": 6.060686348263733e-05, ""r_progress"": 0.0012121372696527466, ""r_track"": -5.953837190606905e-05, ""r_dir"": -7.016824836637426e-05, ""r_time"": -1.0, ""r_smooth"": 0.0, ""total"": -0.9989175693506197}"
0.5,9.958934320974436,10.00260265396437,9.958934320974436,10.0,2.464317066701494,40.0,20000.0,-5.9211853071795915,2.0,-1000.0,0.002602653964370205,1.0329709187322504,0.0,9.961398594841235,normal,0.0,"{""progress_diff"": 6.160684667033678e-05, ""r_progress"": 0.0012321369334067356, ""r_track"": -6.021162362890618e-05, ""r_dir"": -7.012087088393123e-05, ""r_time"": -1.0, ""r_smooth"": 0.0, ""total"": -0.9988981955611062}"
0.501,9.956450047443518,10.002617361495853,9.956450047443518,10.0,2.484317066701494,20.0,-20000.0,-5.920185307179591,1.0,-1000.0,0.0026173614958526765,0.08261641500937217,0.0,9.958934320974421,normal,0.0,"{""progress_diff"": 6.210683827301278e-05, ""r_progress"": 0.0012421367654602555, ""r_track"": -6.089405511086365e-05, ""r_dir"": -7.009718814267817e-05, ""r_time"": -1.0, ""r_smooth"": 0.0, ""total"": -0.9988888544777933}"
0.502,9.95392577461357,10.002632305833364,9.95392577461357,10.0,2.524317066701494,40.0,20000.0,-5.920185307179591,0.0,-1000.0,0.002632305833364157,1.0325300736753422,0.0,9.956450047443504,normal,0.0,"{""progress_diff"": 6.310682074861518e-05, ""r_progress"": 0.0012621364149723036, ""r_track"": -6.159141333655972e-05, ""r_dir"": -7.009718814267817e-05, ""r_time"": -1.0, ""r_smooth"": 0.0, ""total"": -0.998869552186507}"
0.503,9.951341502819778,10.002647602795648,9.951341502819778,10.0,2.584317066701494,60.0,20000.0,-5.919185307179591,1.0,1000.0,0.0026476027956476855,2.521119723760152,0.0,9.953925774613555,normal,0.0,"{""progress_diff"": 6.460679484487919e-05, ""r_progress"": 0.0012921358968975838, ""r_track"": -6.23093383424128e-05, ""r_dir"": -7.007350940146717e-05, ""r_time"": -1.0, ""r_smooth"": 0.0, ""total"": -0.9988402469508463}"
0.504,9.948677232427452,10.002663373289991,9.948677232427452,10.0,2.664317066701494,80.0,20000.0,-5.919185307179591,0.0,-1000.0,0.002663373289991,1.031289228618434,0.0,9.951341502819762,normal,0.0,"{""progress_diff"": 6.66067598080744e-05, ""r_progress"": 0.001332135196161488, ""r_track"": -6.305384250522209e-05, ""r_dir"": -7.007350940146717e-05, ""r_time"": -1.0, ""r_smooth"": 0.0, ""total"": -0.9988009921557452}"
0.505,9.945912963770597,10.00267973293514,9.945912963770597,10.0,2.7643170667014942,100.0,20000.0,-5.9181853071795905,1.0,1000.0,0.0026797329351406773,2.0320894719199347,0.0,9.948677232427439,normal,0.0,"{""progress_diff"": 6.910671642135213e-05, ""r_progress"": 0.0013821343284270426, ""r_track"": -6.38308320326904e-05, ""r_dir"": -7.004983466023514e-05, ""r_time"": -1.0, ""r_smooth"": 0.0, ""total"": -0.9987517463382659}"
0.506,9.943028697215231,10.002696802758381,9.943028697215231,10.0,2.8843170667014943,120.0,20000.0,-5.9181853071795905,0.0,-1000.0,0.0026968027583809118,1.029248383561526,0.0,9.945912963770585,normal,0.0,"{""progress_diff"": 7.210666388424158e-05, ""r_progress"": 0.0014421332776848317, ""r_track"": -6.464662326765239e-05, ""r_dir"": -7.004983466023514e-05, ""r_time"": -1.0, ""r_smooth"": 0.0, ""total"": -0.998692563180243}"
0.507,9.94004443242877,10.002714467380962,9.94004443242877,10.0,2.9843170667014944,100.0,-20000.0,-5.919185307179591,-1.0,-1000.0,0.002714467380961594,0.08777556995246413,0.0,9.943028697215215,normal,0.0,"{""progress_diff"": 7.460661966152138e-05, ""r_progress"": 0.0014921323932304276, ""r_track"": -6.549629477603995e-05, ""r_dir"": -7.007350940146717e-05, ""r_time"": -1.0, ""r_smooth"": 0.0, ""total"": -0.9986434374109471}"
0.508,9.936940169781264,10.002732848510156,9.936940169781264,10.0,3.1043170667014945,120.0,20000.0,-5.921185307179591,-2.0,-1000.0,0.002732848510156316,1.0265709187322505,0.0,9.940044432428756,normal,0.0,"{""progress_diff"": 7.760656618760464e-05, ""r_progress"": 0.0015521313237520928, ""r_track"": -6.638631981745419e-05, ""r_dir"": -7.012087088393123e-05, ""r_time"": -1.0, ""r_smooth"": 0.0, ""total"": -0.9985843758669493}"
0.509,9.933695909645627,10.002752068333232,9.933695909645627,10.0,3.2443170667014947,140.0,20000.0,-5.924185307179591,-3.0,-1000.0,0.0027520683332316054,0.6061058288762718,0.0,9.936940169781248,normal,0.0,"{""progress_diff"": 8.110650339099301e-05, ""r_progress"": 0.0016221300678198602, ""r_track"": -6.7323378762455e-05, ""r_dir"": -7.019194310760629e-05, ""r_time"": -1.0, ""r_smooth"": 0.0, ""total"": -0.9985153852540501}"
0.51,9.930291652398356,10.00277224963744,9.930291652398356,10.0,3.404317066701495,160.0,20000.0,-5.92818530717959,-4.0,-1000.0,0.0027722496374398276,0.6223915312817914,0.0,9.93369590964561,normal,0.0,"{""progress_diff"": 8.510643118175842e-05, ""r_progress"": 0.0017021286236351685, ""r_track"": -6.831438268698004e-05, ""r_dir"": -7.028676207253441e-05, ""r_time"": -1.0, ""r_smooth"": 0.0, ""total"": -0.9984364725211243}"
0.511,9.926707398420268,10.002793515930025,9.926707398420268,10.0,3.584317066701495,180.0,20000.0,-5.93318530717959,-5.0,-1000.0,0.002793515930024526,0.5156694521782856,0.0,9.930291652398342,normal,0.0,"{""progress_diff"": 8.960634945220924e-05, ""r_progress"": 0.0017921269890441849, ""r_track"": -6.936650001156259e-05, ""r_dir"": -7.040537577867353e-05, ""r_time"": -1.0, ""r_smooth"": 0.0, ""total"": -0.9983476448867461}"
0.512,9.922963147391746,10.002815753992195,9.922963147391746,10.0,3.744317066701495,160.0,-20000.0,-5.93918530717959,-6.0,-1000.0,0.0028157539921949137,0.09219247109062628,0.0,9.926707398420252,normal,0.0,"{""progress_diff"": 9.36062757129763e-05, ""r_progress"": 0.0018721255142595261, ""r_track"": -7.047529372943638e-05, ""r_dir"": -7.054784422602358e-05, ""r_time"": -1.0, ""r_smooth"": 0.0, ""total"": -0.998268897623696}"
0.513,9.919078898993973,10.002838850725158,9.919078898993973,10.0,3.8843170667014952,140.0,-20000.0,-5.94618530717959,-7.0,-1000.0,0.002838850725158437,0.09247838648898307,0.0,9.922963147391734,normal,0.0,"{""progress_diff"": 9.710620994429764e-05, ""r_progress"": 0.0019421241988859528, ""r_track"": -7.163620835317852e-05, ""r_dir"": -7.071423941462673e-05, ""r_time"": -1.0, ""r_smooth"": 0.0, ""total"": -0.9982002262488818}"
0.514,9.915074652908233,10.002862693030124,9.915074652908233,10.0,4.004317066701495,120.0,-20000.0,-5.95418530717959,-8.0,-1000.0,0.002862693030124319,0.09240514694424792,0.0,9.91907889899396,normal,0.0,"{""progress_diff"": 0.00010010615214350871, ""r_progress"": 0.002002123042870174, ""r_track"": -7.28445456419765e-05, ""r_dir"": -7.090464534446195e-05, ""r_time"": -1.0, ""r_smooth"": 0.0, ""total"": -0.9981416261481163}"
0.515,9.910970408766268,10.002887159479812,9.910970408766268,10.0,4.104317066701495,100.0,-20000.0,-5.96118530717959,-7.0,1000.0,0.002887159479811885,1.809405338252747,0.0,9.91507465290822,normal,0.0,"{""progress_diff"": 0.00010260610354917432, ""r_progress"": 0.0020521220709834864, ""r_track"": -7.409502099437897e-05, ""r_dir"": -7.107146053306512e-05, ""r_time"": -1.0, ""r_smooth"": 0.0, ""total"": -0.9980930444105439}"
0.516,9.906746166907606,10.002912366612952,9.906746166907606,10.0,4.224317066701495,120.0,20000.0,-5.96718530717959,-6.0,1000.0,0.0029123666129518004,2.0044047423693527,0.0,9.910970408766254,normal,0.0,"{""progress_diff"": 0.00010560604646658867, ""r_progress"": 0.0021121209293317733, ""r_track"": -7.539448256210082e-05, ""r_dir"": -7.121460098043625e-05, ""r_time"": -1.0, ""r_smooth"": 0.0, ""total"": -0.9980344881542108}"
0.517,9.902381927671716,10.002938430968273,9.902381927671716,10.0,4.364317066701495,140.0,20000.0,-5.97218530717959,-5.0,1000.0,0.002938430968272954,2.4383761940028417,0.0,9.906746166907592,normal,0.0,"{""progress_diff"": 0.00010910598089719503, ""r_progress"": 0.0021821196179439006, ""r_track"": -7.675001382493806e-05, ""r_dir"": -7.133399468657531e-05, ""r_time"": -1.0, ""r_smooth"": 0.0, ""total"": -0.9979659643905676}"
0.518,9.897857691397292,10.002965468964508,9.897857691397292,10.0,4.524317066701495,160.0,20000.0,-5.976185307179589,-4.0,1000.0,0.002965468964507778,1.3815083061381852,0.0,9.902381927671701,normal,0.0,"{""progress_diff"": 0.00011310590686064437, ""r_progress"": 0.0022621181372128873, ""r_track"": -7.816894381741187e-05, ""r_dir"": -7.142958165150354e-05, ""r_time"": -1.0, ""r_smooth"": 0.0, ""total"": -0.997887480388256}"
0.519,9.893193457762328,10.002993366942874,9.893193457762328,10.0,4.664317066701495,140.0,-20000.0,-5.981185307179589,-5.0,-1000.0,0.002993366942874332,0.09470796348076685,0.0,9.897857691397277,normal,0.0,"{""progress_diff"": 0.00011660584087413994, ""r_progress"": 0.002332116817482799, ""r_track"": -7.964662804171399e-05, ""r_dir"": -7.15491553576426e-05, ""r_time"": -1.0, ""r_smooth"": 0.0, ""total"": -0.9978190789659166}"
0.52,9.88836922710478,10.003022241202107,9.88836922710478,10.0,4.824317066701495,160.0,20000.0,-5.985185307179589,-4.0,1000.0,0.0030222412021068124,1.2943112970348563,0.0,9.893193457762312,normal,0.0,"{""progress_diff"": 0.00012060576643868615, ""r_progress"": 0.002412115328773723, ""r_track"": -8.119059452188473e-05, ""r_dir"": -7.164488632257087e-05, ""r_time"": -1.0, ""r_smooth"": 0.0, ""total"": -0.9977407201520707}"
0.521,9.883404999043956,10.003051968274965,9.883404999043956,10.0,4.964317066701494,140.0,-20000.0,-5.988185307179589,-3.0,1000.0,0.0030519682749652333,0.1338954582320363,0.0,9.888369227104764,normal,0.0,"{""progress_diff"": 0.00012410570152054934, ""r_progress"": 0.0024821140304109868, ""r_track"": -8.279564756794898e-05, ""r_dir"": -7.17167265462458e-05, ""r_time"": -1.0, ""r_smooth"": 0.0, ""total"": -0.9976723983437032}"
0.522,9.878280773974573,10.003082673948647,9.878280773974573,10.0,5.124317066701495,160.0,20000.0,-5.9921853071795885,-4.0,-1000.0,0.003082673948647141,0.9950709177727263,0.0,9.883404999043943,normal,0.0,"{""progress_diff"": 0.00012810562673459813, ""r_progress"": 0.0025621125346919627, ""r_track"": -8.44700326548245e-05, ""r_dir"": -7.181256951115279e-05, ""r_time"": -1.0, ""r_smooth"": 0.0, ""total"": -0.997594170067474}"
0.523,9.872976552295734,10.003114484730338,9.872976552295734,10.0,5.304317066701494,180.0,20000.0,-5.997185307179588,-5.0,-1000.0,0.003114484730337708,0.9924751430572667,0.0,9.87828077397456,normal,0.0,"{""progress_diff"": 0.00013260554197092045, ""r_progress"": 0.002652110839418409, ""r_track"": -8.622235676005997e-05, ""r_dir"": -7.193246321731314e-05, ""r_time"": -1.0, ""r_smooth"": 0.0, ""total"": -0.997506043980559}"
0.524,9.867472334411667,10.003147527967208,9.867472334411667,10.0,5.5043170667014945,200.0,20000.0,-6.003185307179589,-6.0,-1000.0,0.0031475279672079637,0.9895202133987154,0.0,9.872976552295722,normal,0.0,"{""progress_diff"": 0.0001376054471016186, ""r_progress"": 0.002752108942032372, ""r_track"": -8.80616204831671e-05, ""r_dir"": -7.207646766466296e-05, ""r_time"": -1.0, ""r_smooth"": 0.0, ""total"": -0.9974080291461155}"
0.525,9.861748120663686,10.003181920517981,9.861748120663686,10.0,5.724317066701494,220.0,20000.0,-6.0081853071795885,-5.0,1000.0,0.003181920517981496,1.8391735747648188,0.0,9.867472334411655,normal,0.0,"{""progress_diff"": 0.00014310534369954553, ""r_progress"": 0.0028621068739909106, ""r_track"": -8.999660606890342e-05, ""r_dir"": -7.219658137080199e-05, ""r_time"": -1.0, ""r_smooth"": 0.0, ""total"": -0.9973000863134488}"
0.526,9.855783911390871,10.00321777888139,9.855783911390871,10.0,5.964317066701494,240.0,20000.0,-6.012185307179588,-4.0,1000.0,0.0032177788813907426,1.8969325849027867,0.0,9.861748120663673,normal,0.0,"{""progress_diff"": 0.00014910523182043445, ""r_progress"": 0.002982104636408689, ""r_track"": -9.20364527068823e-05, ""r_dir"": -7.229274433573029e-05, ""r_time"": -1.0, ""r_smooth"": 0.0, ""total"": -0.9971822245606339}"
0.527,9.849559706929364,10.003255219076177,9.849559706929364,10.0,6.224317066701494,260.0,20000.0,-6.015185307179588,-3.0,1000.0,0.003255219076176985,1.7897760560110543,0.0,9.855783911390855,normal,0.0,"{""progress_diff"": 0.0001556051115376711, ""r_progress"": 0.003112102230753422, ""r_track"": -9.419067763472485e-05, ""r_dir"": -7.236490855940516e-05, ""r_time"": -1.0, ""r_smooth"": 0.0, ""total"": -0.9970544533554407}"
0.528,9.843055507611647,10.00329435652109,9.843055507611647,10.0,6.5043170667014945,280.0,20000.0,-6.017185307179588,-2.0,1000.0,0.003294356521090336,2.8926216144705412,0.0,9.849559706929352,normal,0.0,"{""progress_diff"": 0.00016260498294284886, ""r_progress"": 0.0032520996588569773, ""r_track"": -9.646919900489262e-05, ""r_dir"": -7.241303804186932e-05, ""r_time"": -1.0, ""r_smooth"": 0.0, ""total"": -0.9969167825781898}"
0.529,9.83625131384775,10.003335319523286,9.83625131384775,10.0,6.804317066701494,300.0,20000.0,-6.020185307179588,-3.0,-1000.0,0.003335319523285918,0.3807846630796847,0.0,9.843055507611634,normal,0.0,"{""progress_diff"": 0.00017010484409751836, ""r_progress"": 0.003402096881950367, ""r_track"": -9.888316731033068e-05, ""r_dir"": -7.248526226556558e-05, ""r_time"": -1.0, ""r_smooth"": 0.0, ""total"": -0.9967692715476255}"
0.53,9.82912712596845,10.003378223221517,9.82912712596845,10.0,7.124317066701495,320.0,20000.0,-6.022185307179588,-2.0,1000.0,0.0033782232215173735,1.1168635354834555,0.0,9.836251313847736,normal,0.0,"{""progress_diff"": 0.00017810469698242848, ""r_progress"": 0.0035620939396485696, ""r_track"": -0.00010144348563910418, ""r_dir"": -7.253343174800835e-05, ""r_time"": -1.0, ""r_smooth"": 0.0, ""total"": -0.9966118829777385}"
0.531,9.821662944299428,10.00342318191456,9.821662944299428,10.0,7.464317066701494,340.0,20000.0,-6.023185307179588,-1.0,1000.0,0.003423181914559592,1.8629889142386507,0.0,9.829127125968437,normal,0.0,"{""progress_diff"": 0.00018660454172558794, ""r_progress"": 0.0037320908345117587, ""r_track"": -0.00010416155040149221, ""r_dir"": -7.255752248926183e-05, ""r_time"": -1.0, ""r_smooth"": 0.0, ""total"": -0.996444628238379}"
0.532,9.813878768528777,10.003470083583597,9.813878768528777,10.0,7.784317066701495,320.0,-20000.0,-6.025185307179588,-2.0,-1000.0,0.0034700835835970163,0.05628575788123855,0.0,9.821662944299415,normal,0.0,"{""progress_diff"": 0.00019460439426632892, ""r_progress"": 0.0038920878853265783, ""r_track"": -0.00010703537846355122, ""r_dir"": -7.260571597170461e-05, ""r_time"": -1.0, ""r_smooth"": 0.0, ""total"": -0.9962875532091087}"
0.533,9.805754599076481,10.003519058175753,9.805754599076481,10.0,8.124317066701495,340.0,20000.0,-6.028185307179588,-3.0,-1000.0,0.003519058175752932,0.9593413398214181,0.0,9.813878768528763,normal,0.0,"{""progress_diff"": 0.00020310423630731655, ""r_progress"": 0.004062084726146331, ""r_track"": -0.00011007795950518712, ""r_dir"": -7.267803619540088e-05, ""r_time"": -1.0, ""r_smooth"": 0.0, ""total"": -0.9961206712695543}"
0.534,9.797270436267494,10.003570219869802,9.797270436267494,10.0,8.484317066701495,360.0,20000.0,-6.030185307179588,-2.0,1000.0,0.003570219869802216,1.2309897574538802,0.0,9.805754599076469,normal,0.0,"{""progress_diff"": 0.0002121040702247612, ""r_progress"": 0.004242081404495224, ""r_track"": -0.00011330195483316046, ""r_dir"": -7.272626967786506e-05, ""r_time"": -1.0, ""r_smooth"": 0.0, ""total"": -0.9959439468200157}"
0.535,9.78840628042094,10.003623681884536,9.78840628042094,10.0,8.864317066701496,380.0,20000.0,-6.031185307179588,-1.0,1000.0,0.0036236818845356566,1.5002380496650387,0.0,9.797270436267478,normal,0.0,"{""progress_diff"": 0.00022160389616376897, ""r_progress"": 0.004432077923275379, ""r_track"": -0.00011672062578055011, ""r_dir"": -7.275039241907573e-05, ""r_time"": -1.0, ""r_smooth"": 0.0, ""total"": -0.9957573930949243}"
0.536,9.779142131961171,10.003679574887064,9.779142131961171,10.0,9.264317066701496,400.0,20000.0,-6.033185307179588,-2.0,-1000.0,0.0036795748870641636,0.9471455651059586,0.0,9.788406280420926,normal,0.0,"{""progress_diff"": 0.00023160371149433256, ""r_progress"": 0.004632074229886651, ""r_track"": -0.00012034907866234001, ""r_dir"": -7.279864990153991e-05, ""r_time"": -1.0, ""r_smooth"": 0.0, ""total"": -0.9955610734986772}"
0.537,9.76945799120367,10.003738011496191,9.76945799120367,10.0,9.684317066701496,420.0,20000.0,-6.034185307179588,-1.0,1000.0,0.0037380114961909072,2.8635272485031034,0.0,9.779142131961155,normal,0.0,"{""progress_diff"": 0.0002421035189374976, ""r_progress"": 0.004842070378749952, ""r_track"": -0.0001242020439613812, ""r_dir"": -7.282278464275056e-05, ""r_time"": -1.0, ""r_smooth"": 0.0, ""total"": -0.9953549544498542}"
0.538,9.75933385845665,10.00379910313074,9.75933385845665,10.0,10.124317066701495,440.0,20000.0,-6.034185307179588,0.0,1000.0,0.003799103130740278,1.2075180661453153,0.0,9.769457991203655,normal,0.0,"{""progress_diff"": 0.00025310331867545166, ""r_progress"": 0.005062066373509033, ""r_track"": -0.0001282949742044496, ""r_dir"": -7.282278464275056e-05, ""r_time"": -1.0, ""r_smooth"": 0.0, ""total"": -0.9951390513853382}"
0.539,9.748749734148097,10.00386298105781,9.748749734148097,10.0,10.584317066701496,460.0,20000.0,-6.035185307179589,-1.0,-1000.0,0.0038629810578107997,0.8244361951535515,0.0,9.759333858456635,normal,0.0,"{""progress_diff"": 0.00026460310771392326, ""r_progress"": 0.005292062154278465, ""r_track"": -0.0001326455346933782, ""r_dir"": -7.284692338400409e-05, ""r_time"": -1.0, ""r_smooth"": 0.0, ""total"": -0.9949134303037989}"
0.54,9.737725617852682,10.003929514450295,9.737725617852682,10.0,11.024317066701496,440.0,-20000.0,-6.035185307179589,0.0,1000.0,0.003929514450295102,2.03937689221446,0.0,9.748749734148081,normal,0.0,"{""progress_diff"": 0.00027560290738526394, ""r_progress"": 0.005512058147705279, ""r_track"": -0.00013725407835624904, ""r_dir"": -7.284692338400409e-05, ""r_time"": -1.0, ""r_smooth"": 0.0, ""total"": -0.994698042854035}"
0.541,9.726241509865334,10.00399881252706,9.726241509865334,10.0,11.484317066701497,460.0,20000.0,-6.034185307179588,1.0,1000.0,0.003998812527060025,1.1441090871108914,0.0,9.737725617852668,normal,0.0,"{""progress_diff"": 0.0002871026996836834, ""r_progress"": 0.005742053993673668, ""r_track"": -0.00014213779223619722, ""r_dir"": -7.282278464275056e-05, ""r_time"": -1.0, ""r_smooth"": 0.0, ""total"": -0.9944729065832053}"
0.542,9.714277410616694,10.004071006995195,9.714277410616694,10.0,11.964317066701497,480.0,20000.0,-6.034185307179588,0.0,-1000.0,0.004071006995195248,0.14660428287786298,0.0,9.726241509865321,normal,0.0,"{""progress_diff"": 0.00029910248121611804, ""r_progress"": 0.005982049624322361, ""r_track"": -0.00014731642626603236, ""r_dir"": -7.282278464275056e-05, ""r_time"": -1.0, ""r_smooth"": 0.0, ""total"": -0.9942380895865864}"
0.543,9.701813320395667,10.004146206073585,9.701813320395667,10.0,12.464317066701497,500.0,20000.0,-6.033185307179588,1.0,1000.0,0.00414620607358529,1.4265448682525468,0.0,9.714277410616678,normal,0.0,"{""progress_diff"": 0.0003116022555255116, ""r_progress"": 0.0062320451105102315, ""r_track"": -0.00015280910937453821, ""r_dir"": -7.279864990153991e-05, ""r_time"": -1.0, ""r_smooth"": 0.0, ""total"": -0.9939935626487658}"
0.544,9.688829239638437,10.004224542389302,9.688829239638437,10.0,12.984317066701497,520.0,20000.0,-6.033185307179588,0.0,-1000.0,0.004224542389302144,0.24137725198416293,0.0,9.701813320395654,normal,0.0,"{""progress_diff"": 0.00032460201893080853, ""r_progress"": 0.006492040378616171, ""r_track"": -0.0001586378524356504, ""r_dir"": -7.279864990153991e-05, ""r_time"": -1.0, ""r_smooth"": 0.0, ""total"": -0.993739396123721}"
0.545,9.67534516806237,10.004305908763444,9.67534516806237,10.0,13.484317066701497,500.0,-20000.0,-6.034185307179588,-1.0,-1000.0,0.004305908763443611,0.17447275149689656,0.0,9.688829239638423,normal,0.0,"{""progress_diff"": 0.000337101789401828, ""r_progress"": 0.00674203578803656, ""r_track"": -0.00016480755803644878, ""r_dir"": -7.282278464275056e-05, ""r_time"": -1.0, ""r_smooth"": 0.0, ""total"": -0.9934955945546426}"
0.546,9.661341105953236,10.004390412894903,9.661341105953236,10.0,14.004317066701496,520.0,20000.0,-6.034185307179588,0.0,1000.0,0.004390412894903051,2.8203272485031032,0.0,9.675345168062353,normal,0.0,"{""progress_diff"": 0.0003501015527281881, ""r_progress"": 0.007002031054563762, ""r_track"": -0.00017133978122427544, ""r_dir"": -7.282278464275056e-05, ""r_time"": -1.0, ""r_smooth"": 0.0, ""total"": -0.9932421315113033}"
0.547,9.646797053762919,10.004478190010706,9.646797053762919,10.0,14.544317066701495,540.0,20000.0,-6.035185307179589,-1.0,-1000.0,0.004478190010706484,0.8940272552197747,0.0,9.661341105953223,normal,0.0,"{""progress_diff"": 0.0003636013047579878, ""r_progress"": 0.007272026095159756, ""r_track"": -0.00017825942908436749, ""r_dir"": -7.284692338400409e-05, ""r_time"": -1.0, ""r_smooth"": 0.0, ""total"": -0.9929790802573086}"
0.548,9.631733011042673,10.004569105403819,9.631733011042673,10.0,15.064317066701495,520.0,-20000.0,-6.035185307179589,0.0,1000.0,0.0045691054038190515,0.9471420736605353,0.0,9.646797053762906,normal,0.0,"{""progress_diff"": 0.0003766010680061882, ""r_progress"": 0.007532021360123764, ""r_track"": -0.00018557088169963073, ""r_dir"": -7.284692338400409e-05, ""r_time"": -1.0, ""r_smooth"": 0.0, ""total"": -0.9927263964449599}"
0.549,9.61616897733434,10.004663022807232,9.61616897733434,10.0,15.564317066701495,500.0,-20000.0,-6.034185307179588,1.0,1000.0,0.004663022807232409,0.5693590078135127,0.0,9.631733011042659,normal,0.0,"{""progress_diff"": 0.0003891008427082676, ""r_progress"": 0.007782016854165352, ""r_track"": -0.00019327805956239656, ""r_dir"": -7.282278464275056e-05, ""r_time"": -1.0, ""r_smooth"": 0.0, ""total"": -0.9924840839900398}"
0.55,9.600124952171118,10.004759804513967,9.6,10.0,16.044317066701495,480.0,-20000.0,-6.032185307179589,2.0,1000.0,0.004759804513966515,0.8677320086191626,0.0,9.616168977334326,normal,0.0,"{""progress_diff"": 0.0004011006290806085, ""r_progress"": 0.00802201258161217, ""r_track"": -0.00020138434676600896, ""r_dir"": -7.277451916030782e-05, ""r_time"": -1.0, ""r_smooth"": 0.0, ""total"": -0.9922521462843141}"
0.551,9.583620935277393,10.004859344505098,9.583620935277393,10.0,16.504317066701496,460.0,-20000.0,-6.031185307179588,1.0,-1000.0,0.004859344505097951,0.20515021632617225,0.0,9.600124952171104,normal,0.0,"{""progress_diff"": 0.00041260042234314565, ""r_progress"": 0.008252008446862913, ""r_track"": -0.00020989536905978358, ""r_dir"": -7.275039241907573e-05, ""r_time"": -1.0, ""r_smooth"": 0.0, ""total"": -0.9920306373146159}"
0.552,9.566636927113688,10.004961779447624,9.566636927113688,10.0,16.984317066701497,480.0,20000.0,-6.031185307179588,0.0,-1000.0,0.004961779447624438,0.8702638749921424,0.0,9.583620935277377,normal,0.0,"{""progress_diff"": 0.00042460020409251786, ""r_progress"": 0.008492004081850357, ""r_track"": -0.0002188378247721624, ""r_dir"": -7.275039241907573e-05, ""r_time"": -1.0, ""r_smooth"": 0.0, ""total"": -0.9917995841353409}"
0.553,9.54919292742147,10.005067006162573,9.54919292742147,10.0,17.444317066701498,460.0,-20000.0,-6.032185307179589,-1.0,-1000.0,0.005067006162573051,0.21439106138308034,0.0,9.566636927113674,normal,0.0,"{""progress_diff"": 0.00043609999230553864, ""r_progress"": 0.008721999846110773, ""r_track"": -0.00022821823512491805, ""r_dir"": -7.277451916030782e-05, ""r_time"": -1.0, ""r_smooth"": 0.0, ""total"": -0.9915789929081744}"
0.554,9.53126893667845,10.005175164156892,9.53126893667845,10.0,17.924317066701498,480.0,20000.0,-6.034185307179588,-2.0,-1000.0,0.005175164156892009,0.8603864101628667,0.0,9.549192927421455,normal,0.0,"{""progress_diff"": 0.00044809976857551614, ""r_progress"": 0.008961995371510323, ""r_track"": -0.00023806510267359804, ""r_dir"": -7.282278464275056e-05, ""r_time"": -1.0, ""r_smooth"": 0.0, ""total"": -0.991348892515806}"
0.555,9.512844955149433,10.005286357649537,9.512844955149433,10.0,18.424317066701498,500.0,20000.0,-6.035185307179589,-1.0,1000.0,0.005286357649536555,1.3565205138015726,0.0,9.531268936678433,normal,0.0,"{""progress_diff"": 0.00046059953822541466, ""r_progress"": 0.009211990764508293, ""r_track"": -0.0002484051306561214, ""r_dir"": -7.284692338400409e-05, ""r_time"": -1.0, ""r_smooth"": 0.0, ""total"": -0.9911092612895318}"
0.556,9.493900983090487,10.005400689419488,9.493900983090487,10.0,18.944317066701498,520.0,20000.0,-6.035185307179589,0.0,1000.0,0.005400689419488458,2.3185475555229162,0.0,9.512844955149415,normal,0.0,"{""progress_diff"": 0.00047359930147361506, ""r_progress"": 0.009471986029472301, ""r_track"": -0.00025926618849577397, ""r_dir"": -7.284692338400409e-05, ""r_time"": -1.0, ""r_smooth"": 0.0, ""total"": -0.9908601270824074}"
0.557,9.474417020748266,10.005518260685761,9.474417020748266,10.0,19.484317066701497,540.0,20000.0,-6.034185307179588,1.0,1000.0,0.005518260685761334,0.9533850551856901,0.0,9.493900983090473,normal,0.0,"{""progress_diff"": 0.00048709905855548463, ""r_progress"": 0.009741981171109693, ""r_track"": -0.00027067734218683685, ""r_dir"": -7.282278464275056e-05, ""r_time"": -1.0, ""r_smooth"": 0.0, ""total"": -0.9906015189557199}"
0.558,9.454373068359343,10.005639170987395,9.454373068359343,10.0,20.044317066701495,560.0,20000.0,-6.032185307179589,2.0,1000.0,0.005639170987395303,2.6641913794700387,0.0,9.474417020748252,normal,0.0,"{""progress_diff"": 0.000501098809723155, ""r_progress"": 0.0100219761944631, ""r_track"": -0.000282668883778497, ""r_dir"": -7.277451916030782e-05, ""r_time"": -1.0, ""r_smooth"": 0.0, ""total"": -0.9903334672084757}"
0.559,9.433749126398295,10.005763559311347,9.433749126398295,10.0,20.624317066701494,580.0,20000.0,-6.031185307179588,1.0,-1000.0,0.0057635593113474215,0.5152790752256019,0.0,9.454373068359327,normal,0.0,"{""progress_diff"": 0.0005155985490261639, ""r_progress"": 0.010311970980523277, ""r_track"": -0.00029527658609261836, ""r_dir"": -7.275039241907573e-05, ""r_time"": -1.0, ""r_smooth"": 0.0, ""total"": -0.9900560559979884}"
0.56,9.412565194366781,10.005891282710731,9.412565194366781,10.0,21.184317066701492,560.0,-20000.0,-6.0291853071795884,2.0,1000.0,0.00589128271073136,2.147360605629944,0.0,9.43374912639828,normal,0.0,"{""progress_diff"": 0.0005295983007878036, ""r_progress"": 0.010591966015756071, ""r_track"": -0.0003085085509134421, ""r_dir"": -7.270215093661154e-05, ""r_time"": -1.0, ""r_smooth"": 0.0, ""total"": -0.989789244686094}"
0.561,9.390801272745838,10.006022481252487,9.390801272745838,10.0,21.76431706670149,580.0,20000.0,-6.028185307179588,1.0,-1000.0,0.0060224812524865,0.7107957371183236,0.0,9.412565194366767,normal,0.0,"{""progress_diff"": 0.0005440980405236884, ""r_progress"": 0.010881960810473768, ""r_track"": -0.0003224024927693455, ""r_dir"": -7.267803619540088e-05, ""r_time"": -1.0, ""r_smooth"": 0.0, ""total"": -0.989513119718491}"
0.562,9.368437361756982,10.006157251955697,9.368437361756982,10.0,22.364317066701492,600.0,20000.0,-6.026185307179588,2.0,1000.0,0.006157251955697162,2.7354540089583685,0.0,9.390801272745822,normal,0.0,"{""progress_diff"": 0.0005590977747214065, ""r_progress"": 0.01118195549442813, ""r_track"": -0.00033699334796388026, ""r_dir"": -7.262981871293669e-05, ""r_time"": -1.0, ""r_smooth"": 0.0, ""total"": -0.9892276676722487}"
0.563,9.345453461887217,10.006295735887285,9.345453461887217,10.0,22.984317066701493,620.0,20000.0,-6.025185307179588,1.0,-1000.0,0.006295735887285048,0.6649316018156107,0.0,9.368437361756964,normal,0.0,"{""progress_diff"": 0.0005745974967441558, ""r_progress"": 0.011491949934883117, ""r_track"": -0.0003523225809995453, ""r_dir"": -7.260571597170461e-05, ""r_time"": -1.0, ""r_smooth"": 0.0, ""total"": -0.9889329783620882}"
0.564,9.3218295733497,10.006438028666363,9.3218295733497,10.0,23.624317066701494,640.0,20000.0,-6.023185307179588,2.0,1000.0,0.006438028666362783,1.2504484244696688,0.0,9.3454534618872,normal,0.0,"{""progress_diff"": 0.0005905972134377935, ""r_progress"": 0.01181194426875587, ""r_track"": -0.0003684285609680796, ""r_dir"": -7.255752248926183e-05, ""r_time"": -1.0, ""r_smooth"": 0.0, ""total"": -0.9886290418147015}"
0.565,9.297545696345441,10.006584223872077,9.297545696345441,10.0,24.284317066701494,660.0,20000.0,-6.020185307179588,3.0,1000.0,0.006584223872076578,2.715299079299817,0.0,9.321829573349685,normal,0.0,"{""progress_diff"": 0.0006070969251065206, ""r_progress"": 0.012141938502130412, ""r_track"": -0.0003853511466455385, ""r_dir"": -7.248526226556558e-05, ""r_time"": -1.0, ""r_smooth"": 0.0, ""total"": -0.9883158979067806}"
0.566,9.272581831062684,10.00673441292361,9.272581831062684,10.0,24.964317066701494,680.0,20000.0,-6.0161853071795885,4.0,1000.0,0.006734412923609768,1.10327192436357,0.0,9.297545696345427,normal,0.0,"{""progress_diff"": 0.0006240966320688601, ""r_progress"": 0.012481932641377202, ""r_track"": -0.000403131710450509, ""r_dir"": -7.238897130065862e-05, ""r_time"": -1.0, ""r_smooth"": 0.0, ""total"": -0.987993588040374}"
0.567,9.246957976953594,10.006888444514225,9.246957976953594,10.0,25.624317066701494,660.0,-20000.0,-6.011185307179589,5.0,1000.0,0.006888444514224545,1.5006037305298698,0.0,9.27258183106267,normal,0.0,"{""progress_diff"": 0.0006405963527272851, ""r_progress"": 0.012811927054545702, ""r_track"": -0.00042178371400489103, ""r_dir"": -7.226869759449822e-05, ""r_time"": -1.0, ""r_smooth"": 0.0, ""total"": -0.9876821253570537}"
0.568,9.22065413449788,10.007046458470864,9.22065413449788,10.0,26.304317066701493,680.0,20000.0,-6.007185307179589,4.0,-1000.0,0.007046458470863826,0.6291674209311878,0.0,9.246957976953578,normal,0.0,"{""progress_diff"": 0.0006575960613929288, ""r_progress"": 0.013151921227858576, ""r_track"": -0.00044135623983652066, ""r_dir"": -7.217255062959125e-05, ""r_time"": -1.0, ""r_smooth"": 0.0, ""total"": -0.9873616075626075}"
0.569,9.193650304185788,10.007208596420437,9.193650304185788,10.0,27.004317066701493,700.0,20000.0,-6.004185307179589,3.0,-1000.0,0.00720859642043692,0.48962192175976166,0.0,9.220654134497863,normal,0.0,"{""progress_diff"": 0.0006750957578022243, ""r_progress"": 0.013501915156044486, ""r_track"": -0.00046190099869098636, ""r_dir"": -7.210048240591635e-05, ""r_time"": -1.0, ""r_smooth"": 0.0, ""total"": -0.9870320863250525}"
0.57,9.165926486518877,10.007375001909821,9.165926486518877,10.0,27.72431706670149,720.0,20000.0,-6.002185307179589,2.0,-1000.0,0.0073750019098213215,0.7674793683418073,0.0,9.193650304185773,normal,0.0,"{""progress_diff"": 0.0006930954416727308, ""r_progress"": 0.013861908833454617, ""r_track"": -0.00048347247262105013, ""r_dir"": -7.205245692345221e-05, ""r_time"": -1.0, ""r_smooth"": 0.0, ""total"": -0.9866936160960899}"
0.571,9.1374626820108,10.00754582052586,9.1374626820108,10.0,28.46431706670149,740.0,20000.0,-6.001185307179589,1.0,-1000.0,0.0075458205258591695,0.718180293838488,0.0,9.165926486518863,normal,0.0,"{""progress_diff"": 0.0007115951127020237, ""r_progress"": 0.014231902254040474, ""r_track"": -0.0005061280658531339, ""r_dir"": -7.202845018222012e-05, ""r_time"": -1.0, ""r_smooth"": 0.0, ""total"": -0.9863462542619948}"
0.572,9.108238891188085,10.007721200015355,9.108238891188085,10.0,29.22431706670149,760.0,20000.0,-6.001185307179589,0.0,-1000.0,0.007721200015355478,0.7526385232848992,0.0,9.137462682010785,normal,0.0,"{""progress_diff"": 0.0007305947705678051, ""r_progress"": 0.014611895411356102, ""r_track"": -0.0005299282637966705, ""r_dir"": -7.202845018222012e-05, ""r_time"": -1.0, ""r_smooth"": 0.0, ""total"": -0.9859900613026228}"
0.573,9.07827511387043,10.0079010503191,9.07827511387043,10.0,29.96431706670149,740.0,-20000.0,-6.002185307179589,-1.0,-1000.0,0.007901050319100378,0.344365709675837,0.0,9.10823889118807,normal,0.0,"{""progress_diff"": 0.0007490944329413551, ""r_progress"": 0.014981888658827103, ""r_track"": -0.000554903076844055, ""r_dir"": -7.205245692345221e-05, ""r_time"": -1.0, ""r_smooth"": 0.0, ""total"": -0.9856450668749404}"
0.574,9.047551350611585,10.008085523703816,9.047551350611585,10.0,30.72431706670149,760.0,20000.0,-6.004185307179589,-2.0,-1000.0,0.008085523703815767,0.6434127273856771,0.0,9.078275113870415,normal,0.0,"{""progress_diff"": 0.0007680940814711601, ""r_progress"": 0.015361881629423202, ""r_track"": -0.0005811172761330367, ""r_dir"": -7.210048240591635e-05, ""r_time"": -1.0, ""r_smooth"": 0.0, ""total"": -0.9852913361291158}"
0.575,9.016047601601464,10.008274711828681,9.016047601601464,10.0,31.504317066701493,780.0,20000.0,-6.005185307179589,-1.0,1000.0,0.008274711828681447,2.640711755153439,0.0,9.04755135061157,normal,0.0,"{""progress_diff"": 0.0007875937252530552, ""r_progress"": 0.015751874505061103, ""r_track"": -0.0006086298297575169, ""r_dir"": -7.21245011471271e-05, ""r_time"": -1.0, ""r_smooth"": 0.0, ""total"": -0.9849288798258435}"
0.576,8.9837438670162,10.008468704072918,8.9837438670162,10.0,32.30431706670149,800.0,20000.0,-6.005185307179589,0.0,1000.0,0.008468704072917888,2.632711755153439,0.0,9.01604760160145,normal,0.0,"{""progress_diff"": 0.0008075933646316535, ""r_progress"": 0.01615186729263307, ""r_track"": -0.0006375017659969424, ""r_dir"": -7.21245011471271e-05, ""r_time"": -1.0, ""r_smooth"": 0.0, ""total"": -0.984557758974511}"
0.577,8.950620147415348,10.00866765366323,8.950620147415348,10.0,33.124317066701494,820.0,20000.0,-6.00618530717959,-1.0,-1000.0,0.008667653663229302,0.7128427485694395,0.0,8.983743867016184,normal,0.0,"{""progress_diff"": 0.0008280929900212897, ""r_progress"": 0.016561859800425793, ""r_track"": -0.0006678064002283763, ""r_dir"": -7.214852388835917e-05, ""r_time"": -1.0, ""r_smooth"": 0.0, ""total"": -0.9841780951236909}"
0.578,8.91665644296564,10.008871648418864,8.91665644296564,10.0,33.9643170667015,840.0,20000.0,-6.00618530717959,0.0,1000.0,0.008871648418864453,0.9328785641912265,0.0,8.950620147415332,normal,0.0,"{""progress_diff"": 0.0008490926112425523, ""r_progress"": 0.016981852224851046, ""r_track"": -0.0006996101837150236, ""r_dir"": -7.214852388835917e-05, ""r_time"": -1.0, ""r_smooth"": 0.0, ""total"": -0.9837899064827523}"
0.579,8.881832754236996,10.009080843286497,8.881832754236996,10.0,34.8243170667015,860.0,20000.0,-6.00718530717959,-1.0,-1000.0,0.009080843286497498,0.6956835936263476,0.0,8.916656442965628,normal,0.0,"{""progress_diff"": 0.0008705922182161707, ""r_progress"": 0.017411844364323414, ""r_track"": -0.0007329930203904593, ""r_dir"": -7.217255062959125e-05, ""r_time"": -1.0, ""r_smooth"": 0.0, ""total"": -0.9833933212066966}"
0.58,8.846129081386264,10.009295324445407,8.846129081386264,10.0,35.7043170667015,880.0,20000.0,-6.00718530717959,0.0,1000.0,0.00929532444540726,1.5515739793577072,0.0,8.881832754236981,normal,0.0,"{""progress_diff"": 0.0008925918212683293, ""r_progress"": 0.017851836425366585, ""r_track"": -0.000768027169292318, ""r_dir"": -7.217255062959125e-05, ""r_time"": -1.0, ""r_smooth"": 0.0, ""total"": -0.9829883632945553}"
0.581,8.809525424994215,10.009515248642233,8.809525424994215,10.0,36.6043170667015,900.0,20000.0,-6.00818530717959,-1.0,-1000.0,0.009515248642232521,0.48944486953423827,0.0,8.846129081386248,normal,0.0,"{""progress_diff"": 0.000915091409801172, ""r_progress"": 0.01830182819602344, ""r_track"": -0.0008047996153200697, ""r_dir"": -7.219658137080199e-05, ""r_time"": -1.0, ""r_smooth"": 0.0, ""total"": -0.9825751680006675}"
0.582,8.772041784935862,10.009740534977599,8.772041784935862,10.0,37.4843170667015,880.0,-20000.0,-6.01018530717959,-2.0,-1000.0,0.00974053497759897,0.28271830812472365,0.0,8.809525424994202,normal,0.0,"{""progress_diff"": 0.0009370910014588896, ""r_progress"": 0.01874182002917779, ""r_track"": -0.0008433601924429241, ""r_dir"": -7.224465485326613e-05, ""r_time"": -1.0, ""r_smooth"": 0.0, ""total"": -0.9821737848181183}"
0.583,8.733698161101602,10.009971105072085,8.733698161101602,10.0,38.3443170667015,860.0,-20000.0,-6.01318530717959,-3.0,-1000.0,0.00997110507208454,0.06197670993744622,0.0,8.772041784935848,normal,0.0,"{""progress_diff"": 0.0009585905958565677, ""r_progress"": 0.019171811917131354, ""r_track"": -0.0008837594342982226, ""r_dir"": -7.231679507696237e-05, ""r_time"": -1.0, ""r_smooth"": 0.0, ""total"": -0.9817842643122439}"
0.584,8.694474554120749,10.010207123632181,8.694474554120749,10.0,39.2243170667015,880.0,20000.0,-6.01718530717959,-4.0,-1000.0,0.010207123632181235,0.06847653659273692,0.0,8.733698161101586,normal,0.0,"{""progress_diff"": 0.0009805901745212342, ""r_progress"": 0.019611803490424684, ""r_track"": -0.0009260922030456234, ""r_dir"": -7.241303804186932e-05, ""r_time"": -1.0, ""r_smooth"": 0.0, ""total"": -0.9813867017506628}"
0.585,8.654350964157263,10.010448677997147,8.654350964157263,10.0,40.1243170667015,900.0,20000.0,-6.02018530717959,-3.0,1000.0,0.01044867799714666,1.695849307990918,0.0,8.694474554120735,normal,0.0,"{""progress_diff"": 0.0010030897490871382, ""r_progress"": 0.020061794981742764, ""r_track"": -0.0009704433056716155, ""r_dir"": -7.248526226556558e-05, ""r_time"": -1.0, ""r_smooth"": 0.0, ""total"": -0.9809811335861944}"
0.586,8.613307391359605,10.010695852986284,8.613307391359605,10.0,41.0443170667015,920.0,20000.0,-6.02218530717959,-2.0,1000.0,0.010695852986284393,1.8166453903990745,0.0,8.65435096415725,normal,0.0,"{""progress_diff"": 0.0010260893199414145, ""r_progress"": 0.02052178639882829, ""r_track"": -0.0010169001875929668, ""r_dir"": -7.253343174800835e-05, ""r_time"": -1.0, ""r_smooth"": 0.0, ""total"": -0.9805676472205127}"
0.587,8.571323835860108,10.010948730778951,8.571323835860108,10.0,41.9843170667015,940.0,20000.0,-6.02318530717959,-1.0,1000.0,0.010948730778951088,1.836528268849094,0.0,8.61330739135959,normal,0.0,"{""progress_diff"": 0.001049588887487518, ""r_progress"": 0.020991777749750362, ""r_track"": -0.0010655529392884526, ""r_dir"": -7.255752248926183e-05, ""r_time"": -1.0, ""r_smooth"": 0.0, ""total"": -0.9801463327120273}"
0.588,8.52838029829177,10.011207476681626,8.52838029829177,10.0,42.9443170667015,960.0,20000.0,-6.02518530717959,-2.0,-1000.0,0.01120747668162636,0.6116188046506934,0.0,8.571323835860092,normal,0.0,"{""progress_diff"": 0.0010735884392084616, ""r_progress"": 0.021471768784169232, ""r_track"": -0.0011165114095039877, ""r_dir"": -7.260571597170461e-05, ""r_time"": -1.0, ""r_smooth"": 0.0, ""total"": -0.9797173483413064}"
0.589,8.484496778050156,10.011471930107742,8.484496778050156,10.0,43.8843170667015,940.0,-20000.0,-6.02618530717959,-1.0,1000.0,0.011471930107742166,0.5722577698213597,0.0,8.528380298291754,normal,0.0,"{""progress_diff"": 0.0010970880060403587, ""r_progress"": 0.021941760120807174, ""r_track"": -0.0011698238257504107, ""r_dir"": -7.262981871293669e-05, ""r_time"": -1.0, ""r_smooth"": 0.0, ""total"": -0.9793006935236561}"
0.59,8.439653275239644,10.011742168636738,8.439653275239644,10.0,44.8443170667015,960.0,20000.0,-6.02618530717959,0.0,1000.0,0.01174216863673827,1.8351929551101018,0.0,8.48449677805014,normal,0.0,"{""progress_diff"": 0.0011210875702627465, ""r_progress"": 0.02242175140525493, ""r_track"": -0.0012255868826097772, ""r_dir"": -7.262981871293669e-05, ""r_time"": -1.0, ""r_smooth"": 0.0, ""total"": -0.9788764652960678}"
0.591,8.393829790499552,10.012018358615077,8.393829790499552,10.0,45.8243170667015,980.0,20000.0,-6.0271853071795904,-1.0,-1000.0,0.012018358615076608,0.5825004947645096,0.0,8.439653275239628,normal,0.0,"{""progress_diff"": 0.0011455871185024336, ""r_progress"": 0.02291174237004867, ""r_track"": -0.0012839195004496545, ""r_dir"": -7.265392545414737e-05, ""r_time"": -1.0, ""r_smooth"": 0.0, ""total"": -0.9784448310558551}"
0.592,8.347006324487415,10.012300669389163,8.347006324487415,10.0,46.8243170667015,1000.0,20000.0,-6.02918530717959,-2.0,-1000.0,0.012300669389162522,0.5721821848783258,0.0,8.393829790499534,normal,0.0,"{""progress_diff"": 0.0011705866503033402, ""r_progress"": 0.023411733006066804, ""r_track"": -0.0013449463770798214, ""r_dir"": -7.270215093661154e-05, ""r_time"": -1.0, ""r_smooth"": 0.0, ""total"": -0.9780059155219496}"
0.593,8.299162877302754,10.012589177738452,8.299162877302754,10.0,47.8443170667015,1020.0,20000.0,-6.030185307179591,-1.0,1000.0,0.012589177738451696,2.481290628730736,0.0,8.347006324487399,normal,0.0,"{""progress_diff"": 0.001196086179616529, ""r_progress"": 0.02392172359233058, ""r_track"": -0.0014087768544918022, ""r_dir"": -7.272626967786506e-05, ""r_time"": -1.0, ""r_smooth"": 0.0, ""total"": -0.977559779531839}"
0.594,8.250279449616523,10.012884055209309,8.250279449616523,10.0,48.8843170667015,1040.0,20000.0,-6.03218530717959,-2.0,-1000.0,0.012884055209308798,0.5511047200490501,0.0,8.299162877302738,normal,0.0,"{""progress_diff"": 0.001222085692155761, ""r_progress"": 0.02444171384311522, ""r_track"": -0.0014755455878801525, ""r_dir"": -7.277451916030782e-05, ""r_time"": -1.0, ""r_smooth"": 0.0, ""total"": -0.9771066062639252}"
0.595,8.20033604211952,10.013185476588037,8.2,10.0,49.9443170667015,1060.0,20000.0,-6.0351853071795905,-3.0,-1000.0,0.013185476588036593,0.5400272552197743,0.0,8.250279449616507,normal,0.0,"{""progress_diff"": 0.0012485851874250997, ""r_progress"": 0.024971703748501994, ""r_track"": -0.0015453937142547655, ""r_dir"": -7.284692338400409e-05, ""r_time"": -1.0, ""r_smooth"": 0.0, ""total"": -0.9766465368891368}"
0.596,8.149312654907108,10.013493517974105,8.149312654907108,10.0,51.0243170667015,1080.0,20000.0,-6.03718530717959,-2.0,1000.0,0.013493517974104918,0.8449720505592471,0.0,8.200336042119503,normal,0.0,"{""progress_diff"": 0.0012755846803101933, ""r_progress"": 0.025511693606203867, ""r_track"": -0.0016184446872666, ""r_dir"": -7.289521286644684e-05, ""r_time"": -1.0, ""r_smooth"": 0.0, ""total"": -0.9761796462939292}"
0.597,8.097189288055526,10.013808252347037,8.097189288055526,10.0,52.1243170667015,1100.0,20000.0,-6.038185307179591,-1.0,1000.0,0.013808252347036643,0.866195881787129,0.0,8.149312654907096,normal,0.0,"{""progress_diff"": 0.001303084171289548, ""r_progress"": 0.02606168342579096, ""r_track"": -0.0016948251811506041, ""r_dir"": -7.291936360767893e-05, ""r_time"": -1.0, ""r_smooth"": 0.0, ""total"": -0.9757060611189673}"
0.598,8.043945942264406,10.01412985593311,8.043945942264406,10.0,53.2443170667015,1120.0,20000.0,-6.04018530717959,-2.0,-1000.0,0.01412985593310978,0.506231480504315,0.0,8.097189288055514,normal,0.0,"{""progress_diff"": 0.001331083644778075, ""r_progress"": 0.0266216728955615, ""r_track"": -0.0017746918105816679, ""r_dir"": -7.296767709014312e-05, ""r_time"": -1.0, ""r_smooth"": 0.0, ""total"": -0.9752259865921103}"
0.599,7.98960261686761,10.014458158025946,7.98960261686761,10.0,54.3443170667015,1100.0,-20000.0,-6.041185307179591,-1.0,1000.0,0.014458158025945522,0.781409779693904,0.0,8.04394594226439,normal,0.0,"{""progress_diff"": 0.0013585831349198774, ""r_progress"": 0.027171662698397547, ""r_track"": -0.0018581185200285595, ""r_dir"": -7.299183983135376e-05, ""r_time"": -1.0, ""r_smooth"": 0.0, ""total"": -0.9747594476614624}"
0.6,7.934179311848315,10.014793095405837,7.934179311848315,10.0,55.4243170667015,1080.0,-20000.0,-6.0431853071795905,-2.0,-1000.0,0.014793095405837065,0.10464256028284238,0.0,7.989602616867597,normal,0.0,"{""progress_diff"": 0.0013855826254823844, ""r_progress"": 0.02771165250964769, ""r_track"": -0.0019452059705439796, ""r_dir"": -7.304017731381794e-05, ""r_time"": -1.0, ""r_smooth"": 0.0, ""total"": -0.9743065936382101}"
0.601,7.877696026525979,10.01513449500645,7.877696026525979,10.0,56.4843170667015,1060.0,-20000.0,-6.044185307179591,-1.0,1000.0,0.01513449500644981,1.4654791719561935,0.0,7.9341793118483,normal,0.0,"{""progress_diff"": 0.0014120821330584343, ""r_progress"": 0.028241642661168687, ""r_track"": -0.0020360261253355933, ""r_dir"": -7.306435205505005e-05, ""r_time"": -1.0, ""r_smooth"": 0.0, ""total"": -0.9738674478162219}"
0.602,7.820172760200317,10.01548218052151,7.820172760200317,10.0,57.5243170667015,1040.0,-20000.0,-6.044185307179591,0.0,1000.0,0.015482180521509292,1.572182456124437,0.0,7.877696026525964,normal,0.0,"{""progress_diff"": 0.0014380816581415212, ""r_progress"": 0.028761633162830424, ""r_track"": -0.0021306481217831267, ""r_dir"": -7.306435205505005e-05, ""r_time"": -1.0, ""r_smooth"": 0.0, ""total"": -0.9734420793110078}"
0.603,7.7615895135907715,10.015836331417232,7.7615895135907715,10.0,58.5843170667015,1060.0,20000.0,-6.045185307179591,-1.0,-1000.0,0.01583633141723162,0.45203570578885527,0.0,7.820172760200304,normal,0.0,"{""progress_diff"": 0.001464581165238621, ""r_progress"": 0.02929162330477242, ""r_track"": -0.002229239046723531, ""r_dir"": -7.308853079628215e-05, ""r_time"": -1.0, ""r_smooth"": 0.0, ""total"": -0.9730107042727474}"
0.604,7.701926286715069,10.016197011073322,7.701926286715069,10.0,59.6643170667015,1080.0,20000.0,-6.045185307179591,0.0,1000.0,0.016197011073321832,1.5307261680756317,0.0,7.76158951359076,normal,0.0,"{""progress_diff"": 0.0014915806718925895, ""r_progress"": 0.02983161343785179, ""r_track"": -0.002331939268527201, ""r_dir"": -7.308853079628215e-05, ""r_time"": -1.0, ""r_smooth"": 0.0, ""total"": -0.9725734143614717}"
0.605,7.641163079571352,10.016564279629542,7.641163079571352,10.0,60.7643170667015,1100.0,20000.0,-6.044185307179591,1.0,1000.0,0.016564279629541545,1.7354133132576615,0.0,7.701926286715054,normal,0.0,"{""progress_diff"": 0.0015190801785929242, ""r_progress"": 0.030381603571858484, ""r_track"": -0.0024388920857390663, ""r_dir"": -7.306435205505005e-05, ""r_time"": -1.0, ""r_smooth"": 0.0, ""total"": -0.9721303528659356}"
0.606,7.57931989215495,10.016938075866147,7.57931989215495,10.0,61.8443170667015,1080.0,-20000.0,-6.044185307179591,0.0,-1000.0,0.016938075866146818,0.6564812020659773,0.0,7.641163079571339,normal,0.0,"{""progress_diff"": 0.0015460796854099845, ""r_progress"": 0.03092159370819969, ""r_track"": -0.0025502081248652913, ""r_dir"": -7.306435205505005e-05, ""r_time"": -1.0, ""r_smooth"": 0.0, ""total"": -0.9717016787687206}"
0.607,7.516376724450771,10.017318457722942,7.516376724450771,10.0,62.9443170667015,1100.0,20000.0,-6.0431853071795905,1.0,1000.0,0.017318457722941716,0.52894213915716,0.0,7.579319892154938,normal,0.0,"{""progress_diff"": 0.0015735791926044795, ""r_progress"": 0.03147158385208959, ""r_track"": -0.00266603535912284, ""r_dir"": -7.304017731381794e-05, ""r_time"": -1.0, ""r_smooth"": 0.0, ""total"": -0.9712674916843471}"
0.608,7.452313576423606,10.017705479779789,7.452313576423606,10.0,64.0643170667015,1120.0,20000.0,-6.041185307179591,2.0,1000.0,0.017705479779788647,0.8889622895256455,0.0,7.516376724450758,normal,0.0,"{""progress_diff"": 0.0016015787006791182, ""r_progress"": 0.032031574013582365, ""r_track"": -0.0027865245709555965, ""r_dir"": -7.299183983135376e-05, ""r_time"": -1.0, ""r_smooth"": 0.0, ""total"": -0.9708279423972046}"
0.609,7.387110448017619,10.018099193136612,7.387110448017619,10.0,65.2043170667015,1140.0,20000.0,-6.038185307179591,3.0,1000.0,0.018099193136611902,1.788695964470692,0.0,7.452313576423595,normal,0.0,"{""progress_diff"": 0.0016300782101497102, ""r_progress"": 0.032601564202994204, ""r_track"": -0.0029118292639678167, ""r_dir"": -7.291936360767893e-05, ""r_time"": -1.0, ""r_smooth"": 0.0, ""total"": -0.9703831844245813}"
0.61,7.320747339155844,10.018499645293396,7.320747339155844,10.0,66.3643170667015,1160.0,20000.0,-6.034185307179591,4.0,1000.0,0.018499645293395872,0.8255872214569002,0.0,7.387110448017605,normal,0.0,"{""progress_diff"": 0.0016590777215443886, ""r_progress"": 0.03318155443088777, ""r_track"": -0.0030421055642796805, ""r_dir"": -7.282278464275056e-05, ""r_time"": -1.0, ""r_smooth"": 0.0, ""total"": -0.9699333739180347}"
0.611,7.253204249739707,10.01890688003019,7.253204249739707,10.0,67.54431706670151,1180.0,20000.0,-6.029185307179591,5.0,1000.0,0.018906880030190365,0.7860849564155129,0.0,7.3207473391558295,normal,0.0,"{""progress_diff"": 0.0016885772354033879, ""r_progress"": 0.03377154470806776, ""r_track"": -0.003177512110897877, ""r_dir"": -7.270215093661154e-05, ""r_time"": -1.0, ""r_smooth"": 0.0, ""total"": -0.9694786695537667}"
0.612,7.184461180476821,10.019321074773247,7.184461180476821,10.0,68.74431706670151,1200.0,20000.0,-6.0251853071795916,4.0,-1000.0,0.01932107477324685,0.35361880465069306,0.0,7.253204249739696,normal,0.0,"{""progress_diff"": 0.0017185767315722744, ""r_progress"": 0.03437153463144549, ""r_track"": -0.0033182571590524073, ""r_dir"": -7.260571597170461e-05, ""r_time"": -1.0, ""r_smooth"": 0.0, ""total"": -0.9690193282435786}"
0.613,7.114538130526908,10.019742029576705,7.114538130526908,10.0,69.92431706670152,1180.0,-20000.0,-6.020185307179592,5.0,1000.0,0.019742029576704567,0.8034555433526587,0.0,7.184461180476806,normal,0.0,"{""progress_diff"": 0.001748076248747732, ""r_progress"": 0.03496152497495464, ""r_track"": -0.0034644242827331375, ""r_dir"": -7.248526226556558e-05, ""r_time"": -1.0, ""r_smooth"": 0.0, ""total"": -0.9685753845700441}"
0.614,7.043455099886473,10.020169683420816,7.043455099886473,10.0,71.08431706670152,1160.0,-20000.0,-6.016185307179592,4.0,-1000.0,0.020169683420816042,0.7533375404725503,0.0,7.1145381305268955,normal,0.0,"{""progress_diff"": 0.0017770757660109382, ""r_progress"": 0.035541515320218764, ""r_track"": -0.00361614337151948, ""r_dir"": -7.238897130065862e-05, ""r_time"": -1.0, ""r_smooth"": 0.0, ""total"": -0.9681470170226014}"
0.615,6.971192088427859,10.020604075005714,6.971192088427859,10.0,72.26431706670152,1180.0,20000.0,-6.011185307179592,5.0,1000.0,0.02060407500571415,2.23406668481199,0.0,7.043455099886458,normal,0.0,"{""progress_diff"": 0.0018065752864653284, ""r_progress"": 0.03613150572930657, ""r_track"": -0.0037735813941430626, ""r_dir"": -7.226869759451956e-05, ""r_time"": -1.0, ""r_smooth"": 0.0, ""total"": -0.967714344362431}"
0.616,6.897729096883957,10.021045386117576,6.897729096883957,10.0,73.46431706670153,1200.0,20000.0,-6.007185307179593,4.0,-1000.0,0.021045386117576115,0.2736294064238932,0.0,6.971192088427845,normal,0.0,"{""progress_diff"": 0.0018365747885975559, ""r_progress"": 0.03673149577195112, ""r_track"": -0.003936962460781026, ""r_dir"": -7.217255062959125e-05, ""r_time"": -1.0, ""r_smooth"": 0.0, ""total"": -0.9672776392394595}"
0.617,6.823046126007033,10.021493801902524,6.823046126007033,10.0,74.68431706670152,1220.0,20000.0,-6.0041853071795925,3.0,-1000.0,0.021493801902524368,0.2975610584556226,0.0,6.897729096883943,normal,0.0,"{""progress_diff"": 0.0018670742719231193, ""r_progress"": 0.037341485438462385, ""r_track"": -0.004106520179777424, ""r_dir"": -7.210048240591635e-05, ""r_time"": -1.0, ""r_smooth"": 0.0, ""total"": -0.966837135223721}"
0.618,6.747163174938313,10.02194911913475,6.747163174938313,10.0,75.88431706670153,1200.0,-20000.0,-6.000185307179593,4.0,1000.0,0.021949119134749395,1.854298575739295,0.0,6.823046126007018,normal,0.0,"{""progress_diff"": 0.0018970737767178836, ""r_progress"": 0.03794147553435767, ""r_track"": -0.0042823451625904185, ""r_dir"": -7.200444744098805e-05, ""r_time"": -1.0, ""r_smooth"": 0.0, ""total"": -0.9664128740756738}"
0.619,6.670100242799818,10.022411131228498,6.670100242799818,10.0,77.06431706670153,1180.0,-20000.0,-5.995185307179593,5.0,1000.0,0.02241113122849825,1.4125640391219803,0.0,6.747163174938301,normal,0.0,"{""progress_diff"": 0.0019265733034624644, ""r_progress"": 0.03853146606924929, ""r_track"": -0.004464522692808617, ""r_dir"": -7.1884493734849e-05, ""r_time"": -1.0, ""r_smooth"": 0.0, ""total"": -0.9660049411172942}"
0.62,6.591877329632523,10.022879784803894,6.591877329632523,10.0,78.22431706670153,1160.0,-20000.0,-5.9911853071795935,4.0,-1000.0,0.022879784803894406,0.1262077856814699,0.0,6.670100242799805,normal,0.0,"{""progress_diff"": 0.0019555728291823504, ""r_progress"": 0.03911145658364701, ""r_track"": -0.00465319602375571, ""r_dir"": -7.178860276992073e-05, ""r_time"": -1.0, ""r_smooth"": 0.0, ""total"": -0.9656135280428786}"
0.621,6.5124744362159905,10.023355269726983,6.5124744362159905,10.0,79.40431706670154,1180.0,20000.0,-5.988185307179593,3.0,-1000.0,0.02335526972698254,0.2529075375450926,0.0,6.59187732963251,normal,0.0,"{""progress_diff"": 0.0019850723354133404, ""r_progress"": 0.03970144670826681, ""r_track"": -0.004848609991289841, ""r_dir"": -7.17167265462458e-05, ""r_time"": -1.0, ""r_smooth"": 0.0, ""total"": -0.9652188800095692}"
0.622,6.431871562384374,10.023837618018003,6.431871562384374,10.0,80.60431706670154,1200.0,20000.0,-5.984185307179594,4.0,1000.0,0.023837618018003322,1.0937575542888778,0.0,6.512474436215978,normal,0.0,"{""progress_diff"": 0.002015071845790417, ""r_progress"": 0.04030143691580834, ""r_track"": -0.00505095140241988, ""r_dir"": -7.162094758131754e-05, ""r_time"": -1.0, ""r_smooth"": 0.0, ""total"": -0.9648211354341929}"
0.623,6.350048707949859,10.02432685785726,6.350048707949859,10.0,81.82431706670154,1220.0,20000.0,-5.979185307179594,5.0,1000.0,0.024326857857259302,0.66556571843908,0.0,6.431871562384362,normal,0.0,"{""progress_diff"": 0.002045571360862919, ""r_progress"": 0.04091142721725838, ""r_track"": -0.005260409006287099, ""r_dir"": -7.150131387517848e-05, ""r_time"": -1.0, ""r_smooth"": 0.0, ""total"": -0.9644204831029038}"
0.624,6.266985873694734,10.024823179590786,6.266985873694734,10.0,83.06431706670153,1240.0,20000.0,-5.975185307179594,4.0,-1000.0,0.024823179590786282,0.21837655180528712,0.0,6.3500487079498456,normal,0.0,"{""progress_diff"": 0.002076570856378024, ""r_progress"": 0.04153141712756048, ""r_track"": -0.005477246622190477, ""r_dir"": -7.140567891027148e-05, ""r_time"": -1.0, ""r_smooth"": 0.0, ""total"": -0.9640172351735403}"
0.625,6.182663060421159,10.025326777044564,6.182663060421159,10.0,84.32431706670154,1260.0,20000.0,-5.972185307179594,3.0,-1000.0,0.025326777044563546,0.20625401663456278,0.0,6.266985873694722,normal,0.0,"{""progress_diff"": 0.0021080703318393512, ""r_progress"": 0.042161406636787024, ""r_track"": -0.005701738981911388, ""r_dir"": -7.133399468657531e-05, ""r_time"": -1.0, ""r_smooth"": 0.0, ""total"": -0.963611666339811}"
0.626,6.097060268952083,10.025837847644508,6.097060268952083,10.0,85.60431706670154,1280.0,20000.0,-5.9701853071795945,2.0,-1000.0,0.02583784764450847,0.19377232652074652,0.0,6.182663060421149,normal,0.0,"{""progress_diff"": 0.0021400697867269836, ""r_progress"": 0.04280139573453967, ""r_track"": -0.005934172185785174, ""r_dir"": -7.12862252041112e-05, ""r_time"": -1.0, ""r_smooth"": 0.0, ""total"": -0.9632040626764496}"
0.627,6.010197498382712,10.026356180044944,6.010197498382712,10.0,86.86431706670155,1260.0,-20000.0,-5.967185307179594,3.0,1000.0,0.02635618004494411,1.3360640534261314,0.0,6.09706026895207,normal,0.0,"{""progress_diff"": 0.00217156926423423, ""r_progress"": 0.0434313852846846, ""r_track"": -0.0061746509027689805, ""r_dir"": -7.121460098043625e-05, ""r_time"": -1.0, ""r_smooth"": 0.0, ""total"": -0.9628144802190648}"
0.628,5.922054749550181,10.026881974111749,5.922054749550181,10.0,88.14431706670155,1280.0,20000.0,-5.965185307179595,2.0,-1000.0,0.026881974111748974,0.1691681012362059,0.0,6.0101974983826985,normal,0.0,"{""progress_diff"": 0.002203568720813287, ""r_progress"": 0.04407137441626574, ""r_track"": -0.006423471396842152, ""r_dir"": -7.116687149797214e-05, ""r_time"": -1.0, ""r_smooth"": 0.0, ""total"": -0.9624232638520744}"
0.629,5.832612022246572,10.027415254545284,5.832612022246572,10.0,89.44431706670154,1300.0,20000.0,-5.9621853071795945,3.0,1000.0,0.02741525454528393,1.4540410610834587,0.0,5.9220547495501705,normal,0.0,"{""progress_diff"": 0.002236068182590256, ""r_progress"": 0.044721363651805124, ""r_track"": -0.006680854949179655, ""r_dir"": -7.109530727429718e-05, ""r_time"": -1.0, ""r_smooth"": 0.0, ""total"": -0.9620305866046488}"
0.63,5.741849317322225,10.027956223491389,5.741849317322225,10.0,90.76431706670154,1320.0,20000.0,-5.960185307179595,2.0,-1000.0,0.027956223491388602,0.14376387595166548,0.0,5.832612022246561,normal,0.0,"{""progress_diff"": 0.0022690676231086337, ""r_progress"": 0.045381352462172675, ""r_track"": -0.006947114950226382, ""r_dir"": -7.104761779183307e-05, ""r_time"": -1.0, ""r_smooth"": 0.0, ""total"": -0.9616368101058456}"
0.631,5.649786633842548,10.028504664444469,5.649786633842548,10.0,92.06431706670153,1300.0,-20000.0,-5.957185307179595,3.0,1000.0,0.028504664444469086,2.8687586592190586,0.0,5.741849317322213,normal,0.0,"{""progress_diff"": 0.002301567086991918, ""r_progress"": 0.04603134173983836, ""r_track"": -0.007222363511926936, ""r_dir"": -7.097611356815808e-05, ""r_time"": -1.0, ""r_smooth"": 0.0, ""total"": -0.9612619978856567}"
0.632,5.556443970851642,10.029060357178995,5.556443970851642,10.0,93.34431706670154,1280.0,-20000.0,-5.953185307179595,4.0,1000.0,0.029060357178995133,2.1355827054356133,0.0,5.649786633842538,normal,0.0,"{""progress_diff"": 0.002333566574772572, ""r_progress"": 0.04667133149545144, ""r_track"": -0.007506705416629103, ""r_dir"": -7.08808306032299e-05, ""r_time"": -1.0, ""r_smooth"": 0.0, ""total"": -0.9609062547517809}"
0.633,5.46180132920707,10.029623505080785,5.46180132920707,10.0,94.64431706670153,1300.0,20000.0,-5.950185307179595,3.0,-1000.0,0.029623505080785147,0.10655542538258445,0.0,5.556443970851635,normal,0.0,"{""progress_diff"": 0.002366066041114334, ""r_progress"": 0.04732132082228668, ""r_track"": -0.007800462695744918, ""r_dir"": -7.08094103795549e-05, ""r_time"": -1.0, ""r_smooth"": 0.0, ""total"": -0.9605499512838378}"
0.634,5.365878707939152,10.030193885484346,5.365878707939152,10.0,95.92431706670153,1280.0,-20000.0,-5.946185307179595,4.0,1000.0,0.030193885484345984,0.43934066711387737,0.0,5.461801329207059,normal,0.0,"{""progress_diff"": 0.002398065531697857, ""r_progress"": 0.047961310633957144, ""r_track"": -0.008103739739038213, ""r_dir"": -7.071423941462673e-05, ""r_time"": -1.0, ""r_smooth"": 0.0, ""total"": -0.9602131433444957}"
0.635,5.268656106763958,10.030771509770256,5.268656106763958,10.0,97.22431706670153,1300.0,20000.0,-5.9411853071795955,5.0,1000.0,0.03077150977025589,0.39057980989541147,0.0,5.365878707939146,normal,0.0,"{""progress_diff"": 0.002430565029379994, ""r_progress"": 0.04861130058759988, ""r_track"": -0.008416762787030699, ""r_dir"": -7.059536570848765e-05, ""r_time"": -1.0, ""r_smooth"": 0.0, ""total"": -0.9598760575651393}"
0.636,5.170113526544088,10.03135658220432,5.170113526544088,10.0,98.54431706670152,1320.0,20000.0,-5.937185307179596,4.0,-1000.0,0.03135658220431914,0.069624439642779,0.0,5.268656106763949,normal,0.0,"{""progress_diff"": 0.0024635645054966737, ""r_progress"": 0.049271290109933474, ""r_track"": -0.008739868866988654, ""r_dir"": -7.05003387435806e-05, ""r_time"": -1.0, ""r_smooth"": 0.0, ""total"": -0.9595390790957987}"
0.637,5.070230968163127,10.031949310772282,5.070230968163127,10.0,99.88431706670153,1340.0,20000.0,-5.934185307179596,3.0,-1000.0,0.03194931077228169,0.05670190447205468,0.0,5.170113526544082,normal,0.0,"{""progress_diff"": 0.002497063959523982, ""r_progress"": 0.04994127919047964, ""r_track"": -0.009073408522878532, ""r_dir"": -7.042911051988448e-05, ""r_time"": -1.0, ""r_smooth"": 0.0, ""total"": -0.9592025584429188}"
0.638,4.9702327265128625,10.032542325827215,4.9702327265128625,10.0,100.0,1320.0,-20000.0,-5.930185307179596,4.0,1000.0,0.03254232582721528,0.2069735270276494,0.0,5.07023096816312,normal,0.0,"{""progress_diff"": 0.0024999560412566346, ""r_progress"": 0.04999912082513269, ""r_track"": -0.009413359735507934, ""r_dir"": -7.033419555497742e-05, ""r_time"": -1.0, ""r_smooth"": 0.0, ""total"": -0.9594845731059303}"
0.639,4.870234483084003,10.033135040887421,4.870234483084003,10.0,100.0,1300.0,-20000.0,-5.927185307179596,3.0,-1000.0,0.03313504088742114,0.8441055394022732,0.0,4.9702327265128545,normal,0.0,"{""progress_diff"": 0.002499956085721511, ""r_progress"": 0.04999912171443022, ""r_track"": -0.00975938608543174, ""r_dir"": -7.026305133128132e-05, ""r_time"": -1.0, ""r_smooth"": 0.0, ""total"": -0.9598305274223328}"
0.64,4.770236237285084,10.03372735595465,4.770236237285084,10.0,100.0,1280.0,-20000.0,-5.923185307179597,4.0,1000.0,0.033727355954649596,1.475382288171093,0.0,4.870234483083994,normal,0.0,"{""progress_diff"": 0.0024999561449728924, ""r_progress"": 0.04999912289945785, ""r_track"": -0.010111418130592333, ""r_dir"": -7.016824836637426e-05, ""r_time"": -1.0, ""r_smooth"": 0.0, ""total"": -0.9601824634795009}"
0.641,4.670237988525839,10.03431917103064,4.670237988525839,10.0,100.0,1260.0,-20000.0,-5.918185307179597,5.0,1000.0,0.034319171030640305,1.1005648044903318,0.0,4.770236237285079,normal,0.0,"{""progress_diff"": 0.0024999562189811364, ""r_progress"": 0.04999912437962273, ""r_track"": -0.010469382224269696, ""r_dir"": -7.004983466023514e-05, ""r_time"": -1.0, ""r_smooth"": 0.0, ""total"": -0.9605403076793072}"
0.642,4.570239736217504,10.03491038611713,4.570239736217504,10.0,100.0,1240.0,-20000.0,-5.9121853071795964,6.0,1000.0,0.03491038611712938,2.9409535161129083,0.0,4.670237988525834,normal,0.0,"{""progress_diff"": 0.002499956307708384, ""r_progress"": 0.04999912615416768, ""r_track"": -0.010833200523084974, ""r_dir"": -6.9907870212864e-05, ""r_time"": -1.0, ""r_smooth"": 0.0, ""total"": -0.9609039822391301}"
0.643,4.470241480954343,10.035501101212349,4.470241480954343,10.0,100.0,1220.0,-20000.0,-5.907185307179597,5.0,-1000.0,0.03550110121234873,0.5588047205509458,0.0,4.5702397362174985,normal,0.0,"{""progress_diff"": 0.0024999563815790715, ""r_progress"": 0.04999912763158143, ""r_track"": -0.011202917220350474, ""r_dir"": -6.978967650672489e-05, ""r_time"": -1.0, ""r_smooth"": 0.0, ""total"": -0.9612735792652758}"
0.644,4.370243223329122,10.036091416314543,4.370243223329122,10.0,100.0,1200.0,-20000.0,-5.903185307179597,4.0,-1000.0,0.03609141631454271,1.0604788783749186,0.0,4.470241480954339,normal,0.0,"{""progress_diff"": 0.002499956440630502, ""r_progress"": 0.04999912881261004, ""r_track"": -0.011578580725241242, ""r_dir"": -6.96951935417968e-05, ""r_time"": -1.0, ""r_smooth"": 0.0, ""total"": -0.961649147106173}"
0.645,4.270244963933405,10.036681431421961,4.270244963933405,10.0,100.0,1180.0,-20000.0,-5.900185307179597,3.0,-1000.0,0.03668143142196101,0.7348037801091014,0.0,4.3702432233291155,normal,0.0,"{""progress_diff"": 0.0024999564848928735, ""r_progress"": 0.04999912969785747, ""r_track"": -0.011960243654791366, ""r_dir"": -6.96243733181217e-05, ""r_time"": -1.0, ""r_smooth"": 0.0, ""total"": -0.962030738330252}"
0.646,4.170246702178428,10.037271046536336,4.170246702178428,10.0,100.0,1160.0,-20000.0,-5.896185307179597,4.0,1000.0,0.03727104653633617,0.6608835194147957,0.0,4.270244963933401,normal,0.0,"{""progress_diff"": 0.002499956543874471, ""r_progress"": 0.04999913087748942, ""r_track"": -0.012347830310344326, ""r_dir"": -6.953000235319364e-05, ""r_time"": -1.0, ""r_smooth"": 0.0, ""total"": -0.962418229435208}"
0.647,4.070248438655056,10.037860361655923,4.070248438655056,10.0,100.0,1140.0,-20000.0,-5.893185307179597,3.0,-1000.0,0.037860361655923214,0.062070427805837436,0.0,4.170246702178424,normal,0.0,"{""progress_diff"": 0.002499956588084218, ""r_progress"": 0.04999913176168436, ""r_track"": -0.01274139541970934, ""r_dir"": -6.945926612951854e-05, ""r_time"": -1.0, ""r_smooth"": 0.0, ""total"": -0.9628117229241545}"
0.648,3.970250173953253,10.038449476778982,3.970250173953253,10.0,100.0,1120.0,-20000.0,-5.891185307179597,2.0,-1000.0,0.03844947677898247,1.0623887376920211,0.0,4.070248438655053,normal,0.0,"{""progress_diff"": 0.002499956617545096, ""r_progress"": 0.04999913235090192, ""r_track"": -0.013140997907355666, ""r_dir"": -6.941212864705452e-05, ""r_time"": -1.0, ""r_smooth"": 0.0, ""total"": -0.9632112776851008}"
0.649,3.870251907484555,10.039038291907245,3.870251907484555,10.0,100.0,1100.0,-20000.0,-5.888185307179597,3.0,1000.0,0.03903829190724473,1.7111578667879377,0.0,3.97025017395325,normal,0.0,"{""progress_diff"": 0.0024999566617175395, ""r_progress"": 0.04999913323435079, ""r_track"": -0.013546562089202215, ""r_dir"": -6.934145242337941e-05, ""r_time"": -1.0, ""r_smooth"": 0.0, ""total"": -0.9636167703072748}"
0.65,3.7702536386613965,10.039626707042437,3.7702536386613965,10.0,100.0,1080.0,-20000.0,-5.884185307179598,4.0,1000.0,0.039626707042437204,1.3521952291589723,0.0,3.870251907484551,normal,0.0,"{""progress_diff"": 0.0024999567205788997, ""r_progress"": 0.049999134411577995, ""r_track"": -0.013958008098019043, ""r_dir"": -6.924727345845137e-05, ""r_time"": -1.0, ""r_smooth"": 0.0, ""total"": -0.9640281209598995}"
0.651,3.6702553680734424,10.04021482218282,3.6702553680734424,10.0,100.0,1060.0,-20000.0,-5.881185307179598,3.0,-1000.0,0.04021482218282024,0.336286014127945,0.0,3.7702536386613943,normal,0.0,"{""progress_diff"": 0.0024999567646988297, ""r_progress"": 0.04999913529397659, ""r_track"": -0.014375394872852009, ""r_dir"": -6.917668123477625e-05, ""r_time"": -1.0, ""r_smooth"": 0.0, ""total"": -0.9644454362601101}"
0.652,3.5702570963094584,10.040802737326661,3.5702570963094584,10.0,100.0,1040.0,-20000.0,-5.879185307179598,2.0,-1000.0,0.04080273732666129,0.06429859700912387,0.0,3.670255368073441,normal,0.0,"{""progress_diff"": 0.0024999567940995338, ""r_progress"": 0.049999135881990675, ""r_track"": -0.014798785540875716, ""r_dir"": -6.912963975231224e-05, ""r_time"": -1.0, ""r_smooth"": 0.0, ""total"": -0.9648687792986373}"
0.653,3.470258823957609,10.04139055247223,3.470258823957609,10.0,100.0,1020.0,-20000.0,-5.8781853071795975,1.0,-1000.0,0.04139055247222955,0.06445775195221581,0.0,3.570257096309458,normal,0.0,"{""progress_diff"": 0.002499956808796333, ""r_progress"": 0.04999913617592666, ""r_track"": -0.015228247412945668, ""r_dir"": -6.910612501108024e-05, ""r_time"": -1.0, ""r_smooth"": 0.0, ""total"": -0.96529821736203}"
0.654,3.3702605516057598,10.041978367617798,3.3702605516057598,10.0,100.0,1000.0,-20000.0,-5.8781853071795975,0.0,-1000.0,0.04197836761779783,0.06445775195221581,0.0,3.4702588239576073,normal,0.0,"{""progress_diff"": 0.002499956808796222, ""r_progress"": 0.04999913617592444, ""r_track"": -0.015663851980933133, ""r_dir"": -6.910612501108024e-05, ""r_time"": -1.0, ""r_smooth"": 0.0, ""total"": -0.9657338219300198}"
0.655,3.270262278666145,10.042566082765093,3.270262278666145,10.0,100.0,980.0,-20000.0,-5.877185307179597,1.0,1000.0,0.04256608276509333,0.7287150142053087,0.0,3.37026055160576,normal,0.0,"{""progress_diff"": 0.002499956823490357, ""r_progress"": 0.04999913646980714, ""r_track"": -0.01610552357302022, ""r_dir"": -6.908261426984823e-05, ""r_time"": -1.0, ""r_smooth"": 0.0, ""total"": -0.9661754697174829}"
0.656,3.1702640057265303,10.043153797912389,3.1702640057265303,10.0,100.0,960.0,-20000.0,-5.877185307179597,0.0,-1000.0,0.043153797912388825,1.0646169068953077,0.0,3.270262278666145,normal,0.0,"{""progress_diff"": 0.002499956823490357, ""r_progress"": 0.04999913646980714, ""r_track"": -0.01655333577122928, ""r_dir"": -6.908261426984823e-05, ""r_time"": -1.0, ""r_smooth"": 0.0, ""total"": -0.966623281915692}"
0.657,3.0702657321992506,10.043741413061412,3.0702657321992506,10.0,100.0,940.0,-20000.0,-5.876185307179597,1.0,1000.0,0.04374141306141155,0.47872609012769524,0.0,3.17026400572653,normal,0.0,"{""progress_diff"": 0.002499956838182049, ""r_progress"": 0.04999913676364098, ""r_track"": -0.017007210814302447, ""r_dir"": -6.90591075286371e-05, ""r_time"": -1.0, ""r_smooth"": 0.0, ""total"": -0.9670771331581901}"
0.658,2.9702674574969405,10.044328828213887,2.9702674574969405,10.0,100.0,920.0,-20000.0,-5.874185307179597,2.0,1000.0,0.04432882821388695,1.8558197417969924,0.0,3.0702657321992497,normal,0.0,"{""progress_diff"": 0.0024999568675576622, ""r_progress"": 0.049999137351153244, ""r_track"": -0.017467066762811553, ""r_dir"": -6.901210604617309e-05, ""r_time"": -1.0, ""r_smooth"": 0.0, ""total"": -0.9675369415177045}"
0.659,2.8702691810328353,10.044915943371535,2.8702691810328353,10.0,100.0,900.0,-20000.0,-5.871185307179597,3.0,1000.0,0.04491594337153515,0.6406495651375775,0.0,2.9702674574969414,normal,0.0,"{""progress_diff"": 0.002499956911602652, ""r_progress"": 0.04999913823205304, ""r_track"": -0.017932817501821796, ""r_dir"": -6.894163382249795e-05, ""r_time"": -1.0, ""r_smooth"": 0.0, ""total"": -0.9680026209035912}"
0.66,2.7702709033946995,10.045502858532629,2.7702709033946995,10.0,100.0,880.0,-20000.0,-5.869185307179597,2.0,-1000.0,0.04550285853262892,1.065890146440043,0.0,2.8702691810328353,normal,0.0,"{""progress_diff"": 0.002499956940953396, ""r_progress"": 0.04999913881906792, ""r_track"": -0.01840453453013725, ""r_dir"": -6.889467234003394e-05, ""r_time"": -1.0, ""r_smooth"": 0.0, ""total"": -0.9684742903834094}"
0.661,2.6702726251696984,10.046089673695445,2.6702726251696984,10.0,100.0,860.0,-20000.0,-5.868185307179597,1.0,-1000.0,0.046089673695444595,0.06604930138313488,0.0,2.7702709033946995,normal,0.0,"{""progress_diff"": 0.0024999569556251044, ""r_progress"": 0.04999913911250209, ""r_track"": -0.018882293523133847, ""r_dir"": -6.887119759880194e-05, ""r_time"": -1.0, ""r_smooth"": 0.0, ""total"": -0.9689520256082306}"
0.662,2.570274345771267,10.046676288861702,2.570274345771267,10.0,100.0,840.0,-20000.0,-5.866185307179597,2.0,1000.0,0.046676288861702275,0.5312836319405202,0.0,2.670272625169698,normal,0.0,"{""progress_diff"": 0.0024999569849608605, ""r_progress"": 0.04999913969921721, ""r_track"": -0.019366008372453974, ""r_dir"": -6.882426011633794e-05, ""r_time"": -1.0, ""r_smooth"": 0.0, ""total"": -0.9694356929333531}"
0.663,2.470276065786271,10.04726280402968,2.470276065786271,10.0,100.0,820.0,-20000.0,-5.865185307179597,1.0,-1000.0,0.04726280402968008,0.7468808249549338,0.0,2.5702743457712636,normal,0.0,"{""progress_diff"": 0.0024999569996247972, ""r_progress"": 0.049999139992495945, ""r_track"": -0.01985575684220395, ""r_dir"": -6.880079737510594e-05, ""r_time"": -1.0, ""r_smooth"": 0.0, ""total"": -0.9699254176470831}"
0.664,2.370762396080484,10.047846277801792,2.370762396080484,10.0,99.51538021811092,800.0,-20000.0,-5.863185307179597,2.0,1000.0,0.04784627780179207,1.9331549239014056,0.0,2.470276065786269,normal,0.0,"{""progress_diff"": 0.002487841742644714, ""r_progress"": 0.04975683485289428, ""r_track"": -0.020349033773211202, ""r_dir"": -6.875388389264195e-05, ""r_time"": -1.0, ""r_smooth"": 0.0, ""total"": -0.9706609528042096}"
0.665,2.2732691677275096,10.048417807719524,2.2732691677275096,10.0,97.49490356491481,780.0,-20000.0,-5.862185307179597,1.0,-1000.0,0.048417807719523864,0.06700423104168629,0.0,2.370762396080483,normal,0.0,"{""progress_diff"": 0.002437330708824348, ""r_progress"": 0.04874661417648696, ""r_track"": -0.02083808092768697, ""r_dir"": -6.873043315143078e-05, ""r_time"": -1.0, ""r_smooth"": 0.0, ""total"": -0.9721601971843514}"
0.666,2.177796814261577,10.04897729980721,2.1999999999999993,10.0,95.47399283427997,760.0,-20000.0,-5.860185307179597,2.0,1000.0,0.04897729980721088,0.2681384795417955,0.0,2.273269167727509,normal,0.0,"{""progress_diff"": 0.0023868088366483242, ""r_progress"": 0.047736176732966484, ""r_track"": -0.02132245241249262, ""r_dir"": -6.86835436689668e-05, ""r_time"": -1.0, ""r_smooth"": 0.0, ""total"": -0.9736549592231951}"
0.667,2.084345789230191,10.049524852945872,2.084345789230191,10.0,93.45262914362769,740.0,-20000.0,-5.8591853071795965,1.0,-1000.0,0.04952485294587206,0.06748169587096199,0.0,2.1777968142615762,normal,0.0,"{""progress_diff"": 0.002336275625784645, ""r_progress"": 0.0467255125156929, ""r_track"": -0.021801876082757802, ""r_dir"": -6.86601049277348e-05, ""r_time"": -1.0, ""r_smooth"": 0.0, ""total"": -0.9751450236719926}"
0.668,1.992916566265874,10.050060559836007,2.0,10.0,91.43079237177632,720.0,-20000.0,-5.8591853071795965,0.0,-1000.0,0.050060559836007094,0.9125942298411055,0.0,2.0843457892301913,normal,0.0,"{""progress_diff"": 0.002285730574107969, ""r_progress"": 0.045714611482159384, ""r_track"": -0.02227608578750619, ""r_dir"": -6.86601049277348e-05, ""r_time"": -1.0, ""r_smooth"": 0.0, ""total"": -0.9766301344102746}"
0.669,1.9035096404644751,10.05058450698672,1.9035096404644751,10.0,89.40846101948964,700.0,-20000.0,-5.860185307179597,-1.0,-1000.0,0.0505845069867199,0.16858657826967802,0.0,1.9929165662658725,normal,0.0,"{""progress_diff"": 0.0022351731450349632, ""r_progress"": 0.044703462900699265, ""r_track"": -0.022744820863017913, ""r_dir"": -6.86835436689668e-05, ""r_time"": -1.0, ""r_smooth"": 0.0, ""total"": -0.9781100415059876}"
0.67,1.8161255288681462,10.05109659993565,1.8161255288681462,10.0,87.3856120804106,680.0,-20000.0,-5.860185307179597,0.0,1000.0,0.051096599935650744,1.4301198833694628,0.0,1.903509640464474,normal,0.0,"{""progress_diff"": 0.0021846027899081744, ""r_progress"": 0.04369205579816349, ""r_track"": -0.02320766688874617, ""r_dir"": -6.86835436689668e-05, ""r_time"": -1.0, ""r_smooth"": 0.0, ""total"": -0.9795842946342517}"
0.671,1.7307647742367023,10.051596920865776,1.7307647742367023,10.0,85.36222087248368,660.0,-20000.0,-5.861185307179597,-1.0,-1000.0,0.05159692086577649,0.0671633859847781,0.0,1.8161255288681453,normal,0.0,"{""progress_diff"": 0.0021340188657860137, ""r_progress"": 0.042680377315720275, ""r_track"": -0.02366437549181512, ""r_dir"": -6.870698641019879e-05, ""r_time"": -1.0, ""r_smooth"": 0.0, ""total"": -0.9810527051625051}"
0.672,1.647427945766356,10.052085545733167,1.647427945766356,10.0,83.33826092352133,640.0,-20000.0,-5.863185307179597,-2.0,-1000.0,0.05208554573316704,0.07847209727915067,0.0,1.7307647742367038,normal,0.0,"{""progress_diff"": 0.00208342071175871, ""r_progress"": 0.0416684142351742, ""r_track"": -0.02411470288286075, ""r_dir"": -6.875388389264195e-05, ""r_time"": -1.0, ""r_smooth"": 0.0, ""total"": -0.9825150425315792}"
0.673,1.5661156410868744,10.052562544251694,1.5999999999999996,10.0,81.31370376434425,620.0,-20000.0,-5.866185307179597,-3.0,-1000.0,0.052562544251694376,0.06636761126931863,0.0,1.6474279457663563,normal,0.0,"{""progress_diff"": 0.002032807616986987, ""r_progress"": 0.04065615233973974, ""r_track"": -0.024558409406322933, ""r_dir"": -6.882426011633794e-05, ""r_time"": -1.0, ""r_smooth"": 0.0, ""total"": -0.9839710813266995}"
0.674,1.4868284884652987,10.053027979876234,1.4868284884652987,10.0,79.28851872218081,600.0,-20000.0,-5.870185307179597,-4.0,-1000.0,0.053027979876233644,0.06573099149695112,0.0,1.5661156410868777,normal,0.0,"{""progress_diff"": 0.001982178815539415, ""r_progress"": 0.0396435763107883, ""r_track"": -0.024995259108926575, ""r_dir"": -6.891815108124508e-05, ""r_time"": -1.0, ""r_smooth"": 0.0, ""total"": -0.9854206009492196}"
0.675,1.4095671483360266,10.053481755261462,1.4095671483360266,10.0,77.26267268656518,580.0,-20000.0,-5.873185307179597,-3.0,1000.0,0.05348175526146193,1.9299910052020963,1.0,1.4868284884652994,corner,1.0,"{""progress_diff"": 0.0019315335032318304, ""r_progress"": 0.03863067006463661, ""r_track"": 0.0, ""r_dir"": -3.449430565247054e-05, ""r_time"": -1.0, ""r_smooth"": -0.24004499999999998, ""total"": -1.201448824241016}"
0.676,1.3343323178903352,10.053923929392647,1.3343323178903352,10.0,75.23612981908502,560.0,-20000.0,-5.877185307179596,-4.0,-1000.0,0.05392392939264745,0.816978205086158,1.0,1.409567148336027,corner,1.0,"{""progress_diff"": 0.0018808707611422948, ""r_progress"": 0.037617415222845896, ""r_track"": 0.0, ""r_dir"": -3.4541307134924115e-05, ""r_time"": -1.0, ""r_smooth"": -0.24008, ""total"": -1.202497126084289}"
0.677,1.2611247331056257,10.054354554938817,1.2611247331056257,10.0,73.20885129799163,540.0,-20000.0,-5.882185307179596,-5.0,-1000.0,0.05435455493881669,0.06382113217984844,1.0,1.3343323178903361,corner,1.0,"{""progress_diff"": 0.0018301896196176726, ""r_progress"": 0.03660379239235345, ""r_track"": 0.0, ""r_dir"": -3.460010398799368e-05, ""r_time"": -1.0, ""r_smooth"": -0.24012499999999998, ""total"": -1.2035558077116346}"
0.678,1.1899451721003682,10.05477367822788,1.1999999999999993,10.0,71.18079494661899,520.0,-20000.0,-5.888185307179596,-6.0,-1000.0,0.05477367822788004,0.06286620252129704,1.0,1.2611247331056283,corner,1.0,"{""progress_diff"": 0.0017794890251314754, ""r_progress"": 0.03558978050262951, ""r_track"": 0.0, ""r_dir"": -3.4670726211689706e-05, ""r_time"": -1.0, ""r_smooth"": -0.24018, ""total"": -1.204624890223582}"
0.679,1.1207944580731866,10.055181200917481,1.1207944580731866,10.0,69.1519148340202,500.0,-20000.0,-5.893185307179596,-5.0,1000.0,0.05518120091748102,1.2355286565618913,1.0,1.1899451721003693,corner,1.0,"{""progress_diff"": 0.0017287678506795467, ""r_progress"": 0.034575357013590935, ""r_track"": 0.0, ""r_dir"": -3.472963306475927e-05, ""r_time"": -1.0, ""r_smooth"": -0.24012499999999998, ""total"": -1.2055843726194737}"
0.68,1.0536734644267192,10.055577030443587,1.0536734644267192,10.0,67.12216078988266,480.0,-20000.0,-5.897185307179596,-4.0,1000.0,0.05557703044358675,1.2867865343395386,1.0,1.1207944580731883,corner,1.0,"{""progress_diff"": 0.0016780248411617515, ""r_progress"": 0.03356049682323503, ""r_track"": 0.0, ""r_dir"": -3.477679454721283e-05, ""r_time"": -1.0, ""r_smooth"": -0.24008, ""total"": -1.2065542799713123}"
0.681,0.9885831195170657,10.055961079996807,1.0,10.0,65.09147789470587,460.0,-20000.0,-5.900185307179596,-3.0,1000.0,0.05596107999680733,1.0869283833201586,1.0,1.0536734644267192,corner,1.0,"{""progress_diff"": 0.0016272586227412678, ""r_progress"": 0.032545172454825355, ""r_track"": 0.0, ""r_dir"": -3.481218665906085e-05, ""r_time"": -1.0, ""r_smooth"": -0.24004499999999998, ""total"": -1.2075346397318336}"
0.682,0.9255244127692659,10.05633339461291,0.9255244127692659,10.0,63.05980585823568,440.0,-20000.0,-5.9041853071795956,-4.0,-1000.0,0.05633339461290987,0.06031972343182685,1.0,0.9885831195170667,corner,1.0,"{""progress_diff"": 0.001576467668695014, ""r_progress"": 0.03152935337390028, ""r_track"": 0.0, ""r_dir"": -3.485940414151441e-05, ""r_time"": -1.0, ""r_smooth"": -0.24008, ""total"": -1.2085855060302413}"
0.683,0.864498399214364,10.056693890776698,0.864498399214364,10.0,61.027078316819114,420.0,-20000.0,-5.907185307179596,-3.0,1000.0,0.05669389077669784,1.831771940082141,1.0,0.925524412769267,corner,1.0,"{""progress_diff"": 0.0015256503388725307, ""r_progress"": 0.030513006777450613, ""r_track"": 0.0, ""r_dir"": -3.489483825336244e-05, ""r_time"": -1.0, ""r_smooth"": -0.24004499999999998, ""total"": -1.2095668880608028}"
0.684,0.8055062079553633,10.057042608612562,0.8055062079553633,10.0,58.99322192987573,400.0,-20000.0,-5.911185307179595,-4.0,-1000.0,0.05704260861256216,0.059205638830183635,1.0,0.8644983992143658,corner,1.0,"{""progress_diff"": 0.001474804781475103, ""r_progress"": 0.02949609562950206, ""r_track"": 0.0, ""r_dir"": -3.4942111735815985e-05, ""r_time"": -1.0, ""r_smooth"": -0.24008, ""total"": -1.2106188464822338}"
0.685,0.748549049337642,10.057379581649016,0.748549049337642,10.0,56.958155418092346,380.0,-20000.0,-5.916185307179595,-5.0,-1000.0,0.05737958164901613,0.2474290532405634,1.0,0.8055062079553643,corner,1.0,"{""progress_diff"": 0.0014239289654429665, ""r_progress"": 0.02847857930885933, ""r_track"": 0.0, ""r_dir"": -3.5001248588885546e-05, ""r_time"": -1.0, ""r_smooth"": -0.24012499999999998, ""total"": -1.2116814219397296}"
0.686,0.693628224113723,10.057704836755704,0.693628224113723,10.0,54.92178833724082,360.0,-20000.0,-5.922185307179595,-6.0,-1000.0,0.057704836755704036,0.057454934456172765,1.0,0.7485490493376439,corner,1.0,"{""progress_diff"": 0.0013730206305979653, ""r_progress"": 0.027460412611959306, ""r_track"": 0.0, ""r_dir"": -3.507227881257111e-05, ""r_time"": -1.0, ""r_smooth"": -0.24018, ""total"": -1.2127546596668533}"
0.687,0.6407451334193288,10.058018288304552,0.6407451334193288,10.0,52.884019639821254,340.0,-20000.0,-5.927185307179595,-5.0,1000.0,0.05801828830455236,1.9272843148175942,1.0,0.6936282241137235,corner,1.0,"{""progress_diff"": 0.001322077267359889, ""r_progress"": 0.02644154534719778, ""r_track"": 0.0, ""r_dir"": -3.513152566564066e-05, ""r_time"": -1.0, ""r_smooth"": -0.24012499999999998, ""total"": -1.2137185861784678}"
0.688,0.5899012924352115,10.058319957774707,0.5999999999999996,10.0,50.84473591717658,320.0,-20000.0,-5.9331853071795955,-6.0,-1000.0,0.058319957774706666,0.5641515892539276,1.0,0.6407451334193297,corner,1.0,"{""progress_diff"": 0.0012710960246028469, ""r_progress"": 0.025421920492056937, ""r_track"": 0.0, ""r_dir"": -3.5202687889336766e-05, ""r_time"": -1.0, ""r_smooth"": -0.24018, ""total"": -1.2147932821958325}"
0.689,0.5410983435490667,10.058609762135102,0.5410983435490667,10.0,48.80380934467069,300.0,-20000.0,-5.938185307179595,-5.0,1000.0,0.05860976213510227,0.917699932103543,1.0,0.5899012924352149,corner,1.0,"{""progress_diff"": 0.0012200737221536029, ""r_progress"": 0.024401474443072058, ""r_track"": 0.0, ""r_dir"": -3.5262044742406315e-05, ""r_time"": -1.0, ""r_smooth"": -0.24012499999999998, ""total"": -1.2157587876016702}"
0.69,0.4943380746016263,10.05888771711244,0.4943380746016263,10.0,46.76109505781901,280.0,-20000.0,-5.944185307179596,-6.0,-1000.0,0.05888771711243912,0.05395352570815103,1.0,0.5410983435490699,corner,1.0,"{""progress_diff"": 0.001169006723686028, ""r_progress"": 0.02338013447372056, ""r_track"": 0.0, ""r_dir"": -3.5333338966091885e-05, ""r_time"": -1.0, ""r_smooth"": -0.24018, ""total"": -1.2168351988652455}"
0.691,0.4496224384274584,10.059153831291068,0.4496224384274584,10.0,44.716428023899915,260.0,-20000.0,-5.951185307179595,-7.0,-1000.0,0.059153831291068215,0.05283944110650782,1.0,0.4943380746016288,corner,1.0,"{""progress_diff"": 0.001117890904354213, ""r_progress"": 0.022357818087084258, ""r_track"": 0.0, ""r_dir"": -3.54166065603829e-05, ""r_time"": -1.0, ""r_smooth"": -0.240245, ""total"": -1.2179225985194762}"
0.692,0.4069535770070241,10.05940810595305,0.4069535770070241,10.0,42.66961905759121,240.0,-20000.0,-5.959185307179595,-8.0,-1000.0,0.05940810595305024,0.051566201561772655,1.0,0.4496224384274612,corner,1.0,"{""progress_diff"": 0.001066721535510906, ""r_progress"": 0.021334430710218122, ""r_track"": 0.0, ""r_dir"": -3.5511889525311095e-05, ""r_time"": -1.0, ""r_smooth"": -0.24031999999999998, ""total"": -1.2190210811793072}"
0.693,0.3663338501192938,10.059650453646281,0.40000000000000036,10.0,40.62044983549805,220.0,-20000.0,-5.966185307179595,-7.0,1000.0,0.059650453646280965,1.0911328521475672,1.0,0.4069535770070267,corner,1.0,"{""progress_diff"": 0.0010154931721931826, ""r_progress"": 0.02030986344386365, ""r_track"": 0.0, ""r_dir"": -3.559536711961269e-05, ""r_time"": -1.0, ""r_smooth"": -0.240245, ""total"": -1.219970731923256}"
0.694,0.3277658714094861,10.059880791500552,0.3277658714094861,10.0,38.568666522026575,200.0,-20000.0,-5.972185307179595,-6.0,1000.0,0.05988079150055192,2.336189477918688,1.0,0.36633385011929676,corner,1.0,"{""progress_diff"": 0.0009641994677452859, ""r_progress"": 0.019283989354905717, ""r_track"": 0.0, ""r_dir"": -3.5666997343287655e-05, ""r_time"": -1.0, ""r_smooth"": -0.24018, ""total"": -1.2209316776424375}"
0.695,0.2912525520641472,10.06009904097558,0.2912525520641472,10.0,36.51397160605857,180.0,-20000.0,-5.977185307179595,-5.0,1000.0,0.0600990409755795,1.9512985874138815,1.0,0.3277658714094862,corner,1.0,"{""progress_diff"": 0.000912832983633538, ""r_progress"": 0.01825665967267076, ""r_track"": 0.0, ""r_dir"": -3.5726744196357184e-05, ""r_time"": -1.0, ""r_smooth"": -0.24012499999999998, ""total"": -1.2219040670715255}"
0.696,0.2567971556075107,10.060305196457437,0.2567971556075107,10.0,34.45601319170133,160.0,-20000.0,-5.983185307179595,-6.0,-1000.0,0.060305196457436594,0.04774648292756716,1.0,0.29125255206414735,corner,1.0,"{""progress_diff"": 0.0008613849114158523, ""r_progress"": 0.017227698228317045, ""r_track"": 0.0, ""r_dir"": -3.579850642005337e-05, ""r_time"": -1.0, ""r_smooth"": -0.24018, ""total"": -1.2229881002781031}"
0.697,0.2244033660028038,10.06049924358093,0.22440336600280378,10.0,32.39437079555879,140.0,-20000.0,-5.990185307179595,-7.0,-1000.0,0.06049924358092973,0.046632398325923946,1.0,0.2567971556075115,corner,1.0,"{""progress_diff"": 0.0008098447401175823, ""r_progress"": 0.016196894802351647, ""r_track"": 0.0, ""r_dir"": -3.588232001435497e-05, ""r_time"": -1.0, ""r_smooth"": -0.240245, ""total"": -1.2240839875176628}"
0.698,0.19407537550356618,10.060681158669604,0.1999999999999993,10.0,30.32853608107941,120.0,-20000.0,-5.998185307179595,-8.0,-1000.0,0.06068115866960433,0.045359158781188784,1.0,0.2244033660028073,corner,1.0,"{""progress_diff"": 0.0007581997624810377, ""r_progress"": 0.015163995249620754, ""r_track"": 0.0, ""r_dir"": -3.597822697926195e-05, ""r_time"": -1.0, ""r_smooth"": -0.24031999999999998, ""total"": -1.2251919829773585}"
0.699,0.16581799871148,10.060850851493376,0.1999999999999993,10.0,28.257886312043397,100.0,-20000.0,-6.005185307179595,-7.0,1000.0,0.06085085149337566,1.1985156436892594,1.0,0.1940753755035658,corner,1.0,"{""progress_diff"": 0.0007064344198022265, ""r_progress"": 0.01412868839604453, ""r_track"": 0.0, ""r_dir"": -3.606225057356355e-05, ""r_time"": -1.0, ""r_smooth"": -0.240245, ""total"": -1.226152373854529}"
0.7,0.13963682520558288,10.061008285638753,0.13963682520558288,10.0,26.181646847668315,80.0,-20000.0,-6.013185307179595,-8.0,-1000.0,0.061008285638752824,0.0429718346348104,1.0,0.1658179987114785,corner,1.0,"{""progress_diff"": 0.0006545293376474248, ""r_progress"": 0.013090586752948496, ""r_track"": 0.0, ""r_dir"": -3.615839753848119e-05, ""r_time"": -1.0, ""r_smooth"": -0.24031999999999998, ""total"": -1.22726557164459}"
0.701,0.1155384253448245,10.06115341242275,0.1155384253448245,10.0,24.098836852272196,60.0,-20000.0,-6.022185307179595,-9.0,-1000.0,0.0611534124227493,0.04153944014698329,1.0,0.13963682520558152,corner,1.0,"{""progress_diff"": 0.0006024599965189781, ""r_progress"": 0.012049199930379562, ""r_track"": 0.0, ""r_dir"": -3.6266715874004174e-05, ""r_time"": -1.0, ""r_smooth"": -0.24040499999999998, ""total"": -1.2283920667854944}"
0.702,0.09353063777183543,10.061286169085811,0.09353063777183543,10.0,22.00818798059939,40.0,-20000.0,-6.032185307179595,-10.0,-1000.0,0.06128616908581108,0.2600297705220583,1.0,0.11553842534482328,corner,1.0,"{""progress_diff"": 0.0005501946893247123, ""r_progress"": 0.011003893786494245, ""r_track"": 0.0, ""r_dir"": -3.638725958015391e-05, ""r_time"": -1.0, ""r_smooth"": -0.2405, ""total"": -1.2295324934730858}"
0.703,0.07362298311096283,10.061406476196504,0.07362298311096283,10.0,19.908018181060754,20.0,-20000.0,-6.043185307179595,-11.0,-1000.0,0.0614064761965043,0.038197186342053505,1.0,0.09353063777183479,corner,1.0,"{""progress_diff"": 0.0004976913665217797, ""r_progress"": 0.009953827330435594, ""r_track"": 0.0, ""r_dir"": -3.652008865690897e-05, ""r_time"": -1.0, ""r_smooth"": -0.24060499999999999, ""total"": -1.2306876927582213}"
0.704,0.055827282359747,10.061514198186508,0.05582728235974699,10.0,17.796026782794907,0.0,-20000.0,-6.053185307179595,-10.0,1000.0,0.06151419818650794,1.9633943630888655,1.0,0.07362298311096183,corner,1.0,"{""progress_diff"": 0.00044489251878043756, ""r_progress"": 0.008897850375608751, ""r_track"": 0.0, ""r_dir"": -3.664105236304798e-05, ""r_time"": -1.0, ""r_smooth"": -0.2405, ""total"": -1.2316387906767543}"
0.705,0.04015862754725768,10.061609185639098,0.040158627547257714,10.0,15.668942729140797,-20.0,-20000.0,-6.062185307179595,-9.0,1000.0,0.061609185639097674,0.7007360407378559,1.0,0.05582728235974699,corner,1.0,"{""progress_diff"": 0.00039171637031221174, ""r_progress"": 0.007834327406244235, ""r_track"": 0.0, ""r_dir"": -3.675009069858169e-05, ""r_time"": -1.0, ""r_smooth"": -0.24040499999999998, ""total"": -1.2326074226844543}"
0.706,0.026637000224090084,10.061691292474993,0.0266370002240901,10.0,13.521876607894825,-40.0,-20000.0,-6.072185307179595,-10.0,-1000.0,0.061691292474993276,0.1688004590713368,1.0,0.04015862754725674,corner,1.0,"{""progress_diff"": 0.0003380406830791882, ""r_progress"": 0.006760813661583764, ""r_track"": 0.0, ""r_dir"": -3.687143440472068e-05, ""r_time"": -1.0, ""r_smooth"": -0.2405, ""total"": -1.233776057772821}"
0.707,0.015290200094476956,10.06176031801426,0.015290200094476986,10.0,11.347010077833703,-60.0,-20000.0,-6.083185307179595,-11.0,-1000.0,0.06176031801425985,0.1453010893967147,1.0,0.026637000224088325,corner,1.0,"{""progress_diff"": 0.00028367000324036606, ""r_progress"": 0.005673400064807321, ""r_track"": 0.0, ""r_dir"": -3.7005143481486514e-05, ""r_time"": -1.0, ""r_smooth"": -0.24060499999999999, ""total"": -1.2349686050786741}"
0.708,0.00615979254326582,10.061815951967906,0.0061597925432658185,10.0,9.130577045730007,-80.0,-20000.0,-6.093185307179595,-10.0,1000.0,0.06181595196790646,0.7423386591697742,1.0,0.015290200094476347,corner,1.0,"{""progress_diff"": 0.00022826018878019383, ""r_progress"": 0.004565203775603877, ""r_track"": 0.0, ""r_dir"": -3.712690718762549e-05, ""r_time"": -1.0, ""r_smooth"": -0.2405, ""total"": -1.2359719231315838}"
0.709,-0.0006844797060805057,10.06185771750387,0.0,10.0,6.8443996802617,-100.0,-20000.0,-6.102185307179595,-9.0,1000.0,0.06185771750386948,0.992362677380599,1.0,0.006159792543265041,corner,1.0,"{""progress_diff"": 0.00015399481358169265, ""r_progress"": 0.003079896271633853, ""r_track"": 0.0, ""r_dir"": -2.486608917469742, ""r_time"": -1.0, ""r_smooth"": -0.24040499999999998, ""total"": -3.723934021198108}"
0.71,-0.0007258111844368646,10.055093444095496,0.0,10.0,6.7643996802617,-80.0,20000.0,-6.110185307179595,-8.0,1000.0,0.05509344409549577,0.46123197425327134,1.0,9.999999999999982,corner,1.0,"{""progress_diff"": 0.0, ""r_progress"": 0.0, ""r_track"": 0.0, ""r_dir"": -3.733436448807692e-05, ""r_time"": -1.0, ""r_smooth"": -0.24031999999999998, ""total"": -1.240357334364488}"
0.711,-0.0007668229838766812,10.048389169854014,0.0,10.0,6.704399680261701,-60.0,20000.0,-6.117185307179595,-7.0,1000.0,0.048389169854013765,2.274023653611995,1.0,9.999999999999982,corner,1.0,"{""progress_diff"": 0.0, ""r_progress"": 0.0, ""r_track"": 0.0, ""r_dir"": -3.741995608237311e-05, ""r_time"": -1.0, ""r_smooth"": -0.240245, ""total"": -1.2402824199560825}"
0.712,-0.0008076300830794463,10.041724895108857,0.0,10.0,6.664399680261701,-40.0,20000.0,-6.123185307179595,-6.0,1000.0,0.041724895108856686,1.4989809974017108,1.0,9.999999999999982,corner,1.0,"{""progress_diff"": 0.0, ""r_progress"": 0.0, ""r_track"": 0.0, ""r_dir"": -3.74933983060641e-05, ""r_time"": -1.0, ""r_smooth"": -0.24018, ""total"": -1.2402174933983061}"
0.713,-0.0008483479407164202,10.035080620192273,0.0,10.0,6.644399680261701,-20.0,20000.0,-6.128185307179595,-5.0,1000.0,0.035080620192273315,1.1694825470919932,0.0,9.999999999999982,normal,0.0,"{""progress_diff"": 0.0, ""r_progress"": 0.0, ""r_track"": -0.010939110338440304, ""r_dir"": -7.510931031826715e-05, ""r_time"": -1.0, ""r_smooth"": 0.0, ""total"": -1.0110142196487586}"
0.714,-0.0008891056640021616,10.028436345520117,0.0,10.0,6.644399680261701,0.0,20000.0,-6.134185307179595,-6.0,-1000.0,0.028436345520116646,0.9572700897180739,0.0,9.999999999999982,normal,0.0,"{""progress_diff"": 0.0, ""r_progress"": 0.0, ""r_track"": -0.007187784413684072, ""r_dir"": -7.525645876563824e-05, ""r_time"": -1.0, ""r_smooth"": 0.0, ""total"": -1.0072630408724497}"
0.715,-0.0009300327201437211,10.021772071510568,0.0,10.0,6.664399680261701,20.0,20000.0,-6.141185307179595,-7.0,-1000.0,0.02177207151056848,0.9559560051164309,0.0,9.999999999999982,normal,0.0,"{""progress_diff"": 0.0, ""r_progress"": 0.0, ""r_track"": -0.004213538647656068, ""r_dir"": -7.54283139542415e-05, ""r_time"": -1.0, ""r_smooth"": 0.0, ""total"": -1.0042889669616104}"
0.716,-0.000971013090476047,10.01510779782865,0.0,10.0,6.664399680261701,0.0,-20000.0,-6.149185307179595,-8.0,-1000.0,0.015107797828649794,0.08797075917692963,0.0,9.999999999999982,normal,0.0,"{""progress_diff"": 0.0, ""r_progress"": 0.0, ""r_track"": -0.0020288493798342705, ""r_dir"": -7.562495988406598e-05, ""r_time"": -1.0, ""r_smooth"": 0.0, ""total"": -1.0021044743397183}"
0.717,-0.0010121766021975328,10.008423524895056,0.0,10.0,6.6843996802617,20.0,20000.0,-6.158185307179595,-9.0,-1000.0,0.008423524895055934,0.9530503710838684,0.0,9.999999999999982,normal,0.0,"{""progress_diff"": 0.0, ""r_progress"": 0.0, ""r_track"": -0.0006307179702900186, ""r_dir"": -7.584649255512262e-05, ""r_time"": -1.0, ""r_smooth"": 0.0, ""total"": -1.0007065644628452}"
0.718,-0.0010533935881011697,10.001739252290983,0.0,10.0,6.6843996802617,0.0,-20000.0,-6.166185307179595,-8.0,1000.0,0.0017392522909833728,0.5612082767669885,0.0,9.999999999999982,normal,0.0,"{""progress_diff"": 0.0, ""r_progress"": 0.0, ""r_track"": -2.6888875837252533e-05, ""r_dir"": -7.604368248495804e-05, ""r_time"": -1.0, ""r_smooth"": 0.0, ""total"": -1.0001029325583222}"
0.719,-0.0010947942353777933,9.995034980439462,0.0,9.995034980439462,6.7043996802617,20.0,20000.0,-6.1751853071795955,-9.0,-1000.0,0.0010947942353777933,0.9501447370513063,0.0,9.999999999999982,normal,0.0,"{""progress_diff"": 0.00012412548901352682, ""r_progress"": 0.0024825097802705365, ""r_track"": -1.0653994825035085e-05, ""r_dir"": -7.626582715601468e-05, ""r_time"": -1.0, ""r_smooth"": 0.0, ""total"": -0.9976044100417105}"
0.72,-0.0011364958426642326,9.988290709683993,0.0,9.988290709683993,6.7443996802617,40.0,20000.0,-6.1831853071795955,-8.0,1000.0,0.0011364958426642326,1.9991484768371084,0.0,9.995034980439442,normal,0.0,"{""progress_diff"": 0.00016860676888663662, ""r_progress"": 0.0033721353777327323, ""r_track"": -1.1481091559049636e-05, ""r_dir"": -7.646356108583913e-05, ""r_time"": -1.0, ""r_smooth"": 0.0, ""total"": -0.9967158092749121}"
0.721,-0.001178616068591393,9.98148644037015,0.0,9.98148644037015,6.8043996802616995,60.0,20000.0,-6.190185307179595,-7.0,1000.0,0.001178616068591393,2.604301733992768,0.0,9.988290709683977,normal,0.0,"{""progress_diff"": 0.0001701067328460093, ""r_progress"": 0.003402134656920186, ""r_track"": -1.234787410792739e-05, ""r_dir"": -7.663678827444239e-05, ""r_time"": -1.0, ""r_smooth"": 0.0, ""total"": -0.9966868500054622}"
0.722,-0.0012212728117864148,9.974602172844854,0.0,9.974602172844854,6.8843996802617,80.0,20000.0,-6.196185307179595,-6.0,1000.0,0.0012212728117864148,2.5595115428398567,0.0,9.981486440370134,normal,0.0,"{""progress_diff"": 0.00017210668813250063, ""r_progress"": 0.0034421337626500126, ""r_track"": -1.3257842496077295e-05, ""r_dir"": -7.678542472181347e-05, ""r_time"": -1.0, ""r_smooth"": 0.0, ""total"": -0.9966479095045678}"
0.723,-0.0012645840908748422,9.967617907455656,0.0,9.967617907455656,6.984399680261699,100.0,20000.0,-6.201185307179595,-5.0,1000.0,0.0012645840908748422,1.0972643898133119,0.0,9.974602172844836,normal,0.0,"{""progress_diff"": 0.00017460663472990134, ""r_progress"": 0.003492132694598027, ""r_track"": -1.4214870425722232e-05, ""r_dir"": -7.690939842795237e-05, ""r_time"": -1.0, ""r_smooth"": 0.0, ""total"": -0.9965989915742557}"
0.724,-0.0013086679244828218,9.960513644550012,0.0,9.960513644550012,7.104399680261699,120.0,20000.0,-6.205185307179595,-4.0,1000.0,0.0013086679244828218,2.546274884059251,0.0,9.96761790745564,normal,0.0,"{""progress_diff"": 0.00017760657264109803, ""r_progress"": 0.0035521314528219605, ""r_track"": -1.5223215436179348e-05, ""r_dir"": -7.700864939288111e-05, ""r_time"": -1.0, ""r_smooth"": 0.0, ""total"": -0.9965401004120071}"
0.725,-0.0013536566997593563,9.953269384564516,0.0,9.953269384564516,7.244399680261699,140.0,20000.0,-6.210185307179595,-5.0,-1000.0,0.0013536566997593563,0.12021907140927045,0.0,9.960513644549994,normal,0.0,"{""progress_diff"": 0.00018110649963731795, ""r_progress"": 0.003622129992746359, ""r_track"": -1.628787965158571e-05, ""r_dir"": -7.713280309902e-05, ""r_time"": -1.0, ""r_smooth"": 0.0, ""total"": -0.9964712906900043}"
0.726,-0.001399420149512991,9.94590512707599,0.0,9.94590512707599,7.364399680261699,120.0,-20000.0,-6.214185307179594,-4.0,1000.0,0.001399420149512991,2.0444201849864796,0.0,9.9532693845645,normal,0.0,"{""progress_diff"": 0.00018410643721322728, ""r_progress"": 0.0036821287442645456, ""r_track"": -1.740779337655966e-05, ""r_dir"": -7.723219806392669e-05, ""r_time"": -1.0, ""r_smooth"": 0.0, ""total"": -0.9964125112471759}"
0.727,-0.0014458274065643555,9.938440871657452,0.0,9.938440871657452,7.464399680261699,100.0,-20000.0,-6.217185307179594,-3.0,1000.0,0.0014458274065643555,0.40558128266640237,0.0,9.945905127075974,normal,0.0,"{""progress_diff"": 0.000186606385463417, ""r_progress"": 0.0037321277092683403, ""r_track"": -1.8581483462867647e-05, ""r_dir"": -7.730678628762328e-05, ""r_time"": -1.0, ""r_smooth"": 0.0, ""total"": -0.9963637605604821}"
0.728,-0.0014927622122512117,9.930896617972722,0.0,9.930896617972722,7.544399680261699,80.0,-20000.0,-6.221185307179594,-4.0,-1000.0,0.0014927622122512117,0.08531160327431327,0.0,9.938440871657434,normal,0.0,"{""progress_diff"": 0.00018860634211825822, ""r_progress"": 0.0037721268423651644, ""r_track"": -1.9807457976223394e-05, ""r_dir"": -7.740629325252996e-05, ""r_time"": -1.0, ""r_smooth"": 0.0, ""total"": -0.9963250869088636}"
0.729,-0.0015401083079107359,9.92329236568572,0.0,9.92329236568572,7.604399680261698,60.0,-20000.0,-6.226185307179594,-5.0,-1000.0,0.0015401083079107359,0.08511582855885381,0.0,9.930896617972707,normal,0.0,"{""progress_diff"": 0.00019010630717508636, ""r_progress"": 0.0038021261435017273, ""r_track"": -2.1083854223072622e-05, ""r_dir"": -7.75307669586799e-05, ""r_time"": -1.0, ""r_smooth"": 0.0, ""total"": -0.99629648847768}"
0.73,-0.0015879986006802577,9.91560811523653,0.0,9.91560811523653,7.6843996802616985,80.0,20000.0,-6.232185307179594,-6.0,-1000.0,0.0015879986006802577,0.9312729052950686,0.0,9.923292365685704,normal,0.0,"{""progress_diff"": 0.00019210626122978525, ""r_progress"": 0.003842125224595705, ""r_track"": -2.2415462717888502e-05, ""r_dir"": -7.768026740605097e-05, ""r_time"": -1.0, ""r_smooth"": 0.0, ""total"": -0.9962579705055282}"
0.731,-0.0016365665976845504,9.907823867069126,0.0,9.907823867069126,7.784399680261698,100.0,20000.0,-6.239185307179594,-7.0,-1000.0,0.0016365665976845504,0.19377203184836295,0.0,9.915608115236513,normal,0.0,"{""progress_diff"": 0.00019460620418509933, ""r_progress"": 0.0038921240837019866, ""r_track"": -2.380755758806031e-05, ""r_dir"": -7.785486659464318e-05, ""r_time"": -1.0, ""r_smooth"": 0.0, ""total"": -0.9962095383404808}"
0.732,-0.0016856809117538638,9.899959620753359,0.0,9.899959620753359,7.864399680261698,80.0,-20000.0,-6.245185307179594,-6.0,1000.0,0.0016856809117538638,0.12878743415280924,0.0,9.907823867069109,normal,0.0,"{""progress_diff"": 0.00019660615789407476, ""r_progress"": 0.003932123157881495, ""r_track"": -2.5257956766678554e-05, ""r_dir"": -7.800467904202533e-05, ""r_time"": -1.0, ""r_smooth"": 0.0, ""total"": -0.9961711394779272}"
0.733,-0.0017352254042206502,9.892035375954276,0.0,9.892035375954276,7.924399680261698,60.0,-20000.0,-6.252185307179594,-7.0,-1000.0,0.0017352254042206502,0.08417780003846456,0.0,9.899959620753343,normal,0.0,"{""progress_diff"": 0.00019810611997717054, ""r_progress"": 0.003962122399543411, ""r_track"": -2.6764508475135278e-05, ""r_dir"": -7.817964223061752e-05, ""r_time"": -1.0, ""r_smooth"": 0.0, ""total"": -0.9961428217511623}"
0.734,-0.0017853180937119067,9.884031133019192,0.0,9.884031133019192,8.004399680261697,80.0,20000.0,-6.258185307179594,-6.0,1000.0,0.0017853180937119067,2.360285172146332,0.0,9.892035375954258,normal,0.0,"{""progress_diff"": 0.00020010607337705988, ""r_progress"": 0.004002121467541198, ""r_track"": -2.8332095073201034e-05, ""r_dir"": -7.832976667799969e-05, ""r_time"": -1.0, ""r_smooth"": 0.0, ""total"": -0.99610454039421}"
0.735,-0.0018358265930787558,9.875966891511494,0.0,9.875966891511494,8.064399680261698,60.0,-20000.0,-6.263185307179594,-5.0,1000.0,0.0018358265930787558,0.18454767562785301,0.0,9.884031133019175,normal,0.0,"{""progress_diff"": 0.00020160603769237007, ""r_progress"": 0.004032120753847401, ""r_track"": -2.995786026537913e-05, ""r_dir"": -7.845498038413855e-05, ""r_time"": -1.0, ""r_smooth"": 0.0, ""total"": -0.9960762920868022}"
0.736,-0.001886868720953679,9.867822651776994,0.0,9.867822651776994,8.144399680261698,80.0,20000.0,-6.267185307179593,-4.0,1000.0,0.001886868720953679,1.1720936682233618,0.0,9.875966891511478,normal,0.0,"{""progress_diff"": 0.00020360599336255447, ""r_progress"": 0.004072119867251089, ""r_track"": -3.164687617878554e-05, ""r_dir"": -7.85552233490563e-05, ""r_time"": -1.0, ""r_smooth"": 0.0, ""total"": -0.9960380822322767}"
0.737,-0.0019385787844448678,9.859578414264814,0.0,9.859578414264814,8.244399680261697,100.0,20000.0,-6.272185307179593,-5.0,-1000.0,0.0019385787844448678,0.9193067075713928,0.0,9.867822651776976,normal,0.0,"{""progress_diff"": 0.0002061059378045682, ""r_progress"": 0.004122118756091364, ""r_track"": -3.340522403110881e-05, ""r_dir"": -7.868061705519515e-05, ""r_time"": -1.0, ""r_smooth"": 0.0, ""total"": -0.995989967084995}"
0.738,-0.0019908405648853323,9.851254178639662,0.0,9.851254178639662,8.324399680261697,80.0,-20000.0,-6.278185307179593,-6.0,-1000.0,0.0019908405648853323,0.0840397715180753,0.0,9.859578414264796,normal,0.0,"{""progress_diff"": 0.0002081058906286959, ""r_progress"": 0.004162117812573918, ""r_track"": -3.523063248704843e-05, ""r_dir"": -7.883122150256621e-05, ""r_time"": -1.0, ""r_smooth"": 0.0, ""total"": -0.9959519440414157}"
0.739,-0.0020437722808998252,9.842829945249838,0.0,9.842829945249838,8.424399680261697,100.0,20000.0,-6.283185307179586,-5.0,1000.0,0.0020437722808998252,0.7492965620123855,0.0,9.851254178639646,normal,0.0,"{""progress_diff"": 0.00021060583474563632, ""r_progress"": 0.0042121166949127264, ""r_track"": -3.7128934543773105e-05, ""r_dir"": -7.89568352087162e-05, ""r_time"": -1.0, ""r_smooth"": 0.0, ""total"": -0.9959039690748398}"
0.74,-0.002097457974190185,9.834285714228711,0.0,9.834285714228711,8.544399680261696,120.0,20000.0,-6.283185307179586,-4.0,1000.0,0.002097457974190185,0.9145560031973831,0.0,9.842829945249822,normal,0.0,"{""progress_diff"": 0.0002136057755282028, ""r_progress"": 0.004272115510564056, ""r_track"": -3.910515514216886e-05, ""r_dir"": -7.89568352087162e-05, ""r_time"": -1.0, ""r_smooth"": 0.0, ""total"": -0.9958459464797869}"
0.741,-0.002151771981877101,9.825641485181498,0.0,9.825641485181498,8.644399680261696,100.0,-20000.0,-6.283185307179586,-3.0,1000.0,0.002151771981877101,2.086443996802617,0.0,9.834285714228695,normal,0.0,"{""progress_diff"": 0.00021610572618036006, ""r_progress"": 0.004322114523607201, ""r_track"": -4.115664588436717e-05, ""r_dir"": -7.89568352087162e-05, ""r_time"": -1.0, ""r_smooth"": 0.0, ""total"": -0.9957979989574859}"
0.742,-0.002206839966839884,9.816877258502982,0.0,9.816877258502982,8.764399680261695,120.0,20000.0,-6.283185307179586,-2.0,1000.0,0.002206839966839884,0.9123560031973831,0.0,9.825641485181478,normal,0.0,"{""progress_diff"": 0.00021910566696292655, ""r_progress"": 0.004382113339258531, ""r_track"": -4.3290156793260986e-05, ""r_dir"": -7.89568352087162e-05, ""r_time"": -1.0, ""r_smooth"": 0.0, ""total"": -0.9957401336527435}"
0.743,-0.002262787591957845,9.807973034587947,0.0,9.807973034587947,8.904399680261696,140.0,20000.0,-6.283185307179586,-1.0,1000.0,0.002262787591957845,0.9109560031973831,0.0,9.816877258502963,normal,0.0,"{""progress_diff"": 0.00022260559787579126, ""r_progress"": 0.004452111957515825, ""r_track"": -4.551295721171897e-05, ""r_dir"": -7.89568352087162e-05, ""r_time"": -1.0, ""r_smooth"": 0.0, ""total"": -0.9956723578349046}"
0.744,-0.0023194891943516737,9.798948813041608,0.0,9.798948813041608,9.024399680261695,120.0,-20000.0,-6.283185307179586,0.0,1000.0,0.0023194891943516737,0.06727534693842017,0.0,9.807973034587931,normal,0.0,"{""progress_diff"": 0.00022560553865846877, ""r_progress"": 0.0045121107731693755, ""r_track"": -4.7822489979681575e-05, ""r_dir"": -7.89568352087162e-05, ""r_time"": -1.0, ""r_smooth"": 0.0, ""total"": -0.9956146685520191}"
0.745,-0.0023770612726818673,9.789784594201175,0.0,9.789784594201175,9.164399680261695,140.0,20000.0,-6.282185307179586,1.0,1000.0,0.0023770612726818673,2.101183157782642,0.0,9.79894881304159,normal,0.0,"{""progress_diff"": 0.00022910547101084866, ""r_progress"": 0.004582109420216973, ""r_track"": -5.022595816963501e-05, ""r_dir"": -7.893170446748397e-05, ""r_time"": -1.0, ""r_smooth"": 0.0, ""total"": -0.9955470482424201}"
0.746,-0.002435619845618226,9.780460378400862,0.0,9.780460378400862,9.324399680261696,160.0,20000.0,-6.280185307179586,2.0,1000.0,0.002435619845618226,2.9062785383681073,0.0,9.789784594201159,normal,0.0,"{""progress_diff"": 0.00023310539500775995, ""r_progress"": 0.004662107900155199, ""r_track"": -5.2731058065505346e-05, ""r_dir"": -7.888145498503067e-05, ""r_time"": -1.0, ""r_smooth"": 0.0, ""total"": -0.9954695046128953}"
0.747,-0.002495029246078664,9.77099616518312,0.0,9.77099616518312,9.464399680261696,140.0,-20000.0,-6.277185307179586,3.0,1000.0,0.002495029246078664,0.39029978014913147,0.0,9.780460378400846,normal,0.0,"{""progress_diff"": 0.00023660533044356225, ""r_progress"": 0.004732106608871245, ""r_track"": -5.533485278922549e-05, ""r_dir"": -7.880611076134513e-05, ""r_time"": -1.0, ""r_smooth"": 0.0, ""total"": -0.9954020343546793}"
0.748,-0.0025554237411722705,9.761371954996806,0.0,9.761371954996806,9.624399680261696,160.0,20000.0,-6.275185307179586,2.0,-1000.0,0.0025554237411722705,0.9050292427421183,0.0,9.770996165183103,normal,0.0,"{""progress_diff"": 0.0002406052546578552, ""r_progress"": 0.004812105093157104, ""r_track"": -5.8046137750638966e-05, ""r_dir"": -7.875590127889182e-05, ""r_time"": -1.0, ""r_smooth"": 0.0, ""total"": -0.9953246969458724}"
0.749,-0.00261666746382057,9.751607747383161,0.0,9.751607747383161,9.764399680261697,140.0,-20000.0,-6.272185307179586,3.0,1000.0,0.0026166674638205697,0.3333257722870045,0.0,9.76137195499679,normal,0.0,"{""progress_diff"": 0.0002441051903411262, ""r_progress"": 0.004882103806822524, ""r_track"": -6.086176547748597e-05, ""r_dir"": -7.868061705519515e-05, ""r_time"": -1.0, ""r_smooth"": 0.0, ""total"": -0.9952574385757101}"
0.75,-0.002678894881128981,9.741683542792257,0.0,9.741683542792257,9.924399680261697,160.0,20000.0,-6.270185307179586,2.0,-1000.0,0.002678894881128981,0.843421776776883,0.0,9.751607747383144,normal,0.0,"{""progress_diff"": 0.0002481051147726898, ""r_progress"": 0.004962102295453796, ""r_track"": -6.379091363679163e-05, ""r_dir"": -7.863044757274183e-05, ""r_time"": -1.0, ""r_smooth"": 0.0, ""total"": -0.9951803190657558}"
0.751,-0.0027422206117938444,9.73157934154969,0.0,9.73157934154969,10.104399680261697,180.0,20000.0,-6.267185307179586,3.0,1000.0,0.0027422206117938444,0.8579831844816006,0.0,9.741683542792238,normal,0.0,"{""progress_diff"": 0.0002526050310641681, ""r_progress"": 0.005052100621283362, ""r_track"": -6.68424345221956e-05, ""r_dir"": -7.85552233490563e-05, ""r_time"": -1.0, ""r_smooth"": 0.0, ""total"": -0.9950932970365879}"
0.752,-0.002806758554525047,9.721275143976635,0.0,9.721275143976635,10.304399680261696,200.0,20000.0,-6.263185307179587,4.0,1000.0,0.002806758554525047,0.951265160500096,0.0,9.731579341549672,normal,0.0,"{""progress_diff"": 0.0002576049393262503, ""r_progress"": 0.005152098786525006, ""r_track"": -7.002572074132916e-05, ""r_dir"": -7.845498038413855e-05, ""r_time"": -1.0, ""r_smooth"": 0.0, ""total"": -0.9949963819146005}"
0.753,-0.002872642816435178,9.710750950520891,0.0,9.710750950520891,10.524399680261697,220.0,20000.0,-6.2601853071795865,3.0,-1000.0,0.002872642816435178,0.8984165668884966,0.0,9.72127514397662,normal,0.0,"{""progress_diff"": 0.00026310483639369053, ""r_progress"": 0.005262096727873811, ""r_track"": -7.335179334059229e-05, ""r_dir"": -7.837984016045301e-05, ""r_time"": -1.0, ""r_smooth"": 0.0, ""total"": -0.9948896349056272}"
0.754,-0.002940007984627966,9.69998676163317,0.0,9.69998676163317,10.764399680261697,240.0,20000.0,-6.258185307179587,2.0,-1000.0,0.002940007984627966,0.6924854419220802,0.0,9.710750950520875,normal,0.0,"{""progress_diff"": 0.0002691047221929921, ""r_progress"": 0.005382094443859842, ""r_track"": -7.683241733045506e-05, ""r_dir"": -7.832976667799969e-05, ""r_time"": -1.0, ""r_smooth"": 0.0, ""total"": -0.9947730677401486}"
0.755,-0.0030087389604166958,9.689002576984835,0.0,9.689002576984835,10.984399680261697,220.0,-20000.0,-6.257185307179586,1.0,-1000.0,0.0030087389604166958,0.11398202532300622,0.0,9.699986761633152,normal,0.0,"{""progress_diff"": 0.0002746046162083182, ""r_progress"": 0.005492092324166364, ""r_track"": -8.04667567282608e-05, ""r_dir"": -7.830473593676747e-05, ""r_time"": -1.0, ""r_smooth"": 0.0, ""total"": -0.9946666791684987}"
0.756,-0.0030789492025197814,9.677778396894327,0.0,9.677778396894327,11.224399680261698,240.0,20000.0,-6.255185307179587,2.0,1000.0,0.0030789492025197814,1.2700131695820698,0.0,9.68900257698482,normal,0.0,"{""progress_diff"": 0.000280604502262749, ""r_progress"": 0.0056120900452549805, ""r_track"": -8.426602837064178e-05, ""r_dir"": -7.825468645431415e-05, ""r_time"": -1.0, ""r_smooth"": 0.0, ""total"": -0.9945504306695699}"
0.757,-0.003150774298021935,9.666294221818527,0.0,9.666294221818527,11.484399680261697,260.0,20000.0,-6.254185307179586,1.0,-1000.0,0.003150774298021935,0.8897714965470479,0.0,9.677778396894311,normal,0.0,"{""progress_diff"": 0.0002871043768950532, ""r_progress"": 0.005742087537901064, ""r_track"": -8.824336601844993e-05, ""r_dir"": -7.822966771308194e-05, ""r_time"": -1.0, ""r_smooth"": 0.0, ""total"": -0.9944243854958305}"
0.758,-0.003224327025654641,9.654530052071655,0.0,9.654530052071655,11.764399680261697,280.0,20000.0,-6.2521853071795865,2.0,1000.0,0.003224327025654641,0.9446995718449266,0.0,9.66629422181851,normal,0.0,"{""progress_diff"": 0.0002941042436718222, ""r_progress"": 0.005882084873436444, ""r_track"": -9.241142016326137e-05, ""r_dir"": -7.817964223061752e-05, ""r_time"": -1.0, ""r_smooth"": 0.0, ""total"": -0.9942885061889575}"
0.759,-0.0032997433324957644,9.642465888112815,0.0,9.642465888112815,12.064399680261698,300.0,20000.0,-6.251185307179586,1.0,-1000.0,0.0032997433324957644,0.34785719311155316,0.0,9.654530052071635,normal,0.0,"{""progress_diff"": 0.00030160409897106444, ""r_progress"": 0.006032081979421289, ""r_track"": -9.67849427586689e-05, ""r_dir"": -7.815463548939641e-05, ""r_time"": -1.0, ""r_smooth"": 0.0, ""total"": -0.9941428575988268}"
0.76,-0.0033771600056069677,9.630081730406326,0.0,9.630081730406326,12.384399680261698,320.0,20000.0,-6.251185307179586,0.0,-1000.0,0.0033771600056069677,0.3851064547768975,0.0,9.642465888112795,normal,0.0,"{""progress_diff"": 0.00030960394266210667, ""r_progress"": 0.006192078853242133, ""r_track"": -0.00010137964180863339, ""r_dir"": -7.815463548939641e-05, ""r_time"": -1.0, ""r_smooth"": 0.0, ""total"": -0.9939874554240559}"
0.761,-0.0034564393379444875,9.61739757848213,0.0,9.61739757848213,12.684399680261699,300.0,-20000.0,-6.250185307179586,1.0,1000.0,0.0034564393379444875,0.2598481354925656,0.0,9.63008173040631,normal,0.0,"{""progress_diff"": 0.00031710379810490075, ""r_progress"": 0.006342075962098015, ""r_track"": -0.00010619531463902334, ""r_dir"": -7.81296327481753e-05, ""r_time"": -1.0, ""r_smooth"": 0.0, ""total"": -0.9938422489852892}"
0.762,-0.0035374427824807243,9.604433431864958,0.0,9.604433431864958,12.964399680261698,280.0,-20000.0,-6.248185307179586,2.0,1000.0,0.0035374427824807243,2.114026793684995,0.0,9.617397578482112,normal,0.0,"{""progress_diff"": 0.00032410366542934277, ""r_progress"": 0.006482073308586855, ""r_track"": -0.00011123112390511083, ""r_dir"": -7.807963926571086e-05, ""r_time"": -1.0, ""r_smooth"": 0.0, ""total"": -0.993707237454584}"
0.763,-0.0036202808779900813,9.591169290855166,0.0,9.591169290855166,13.264399680261699,300.0,20000.0,-6.245185307179586,3.0,1000.0,0.0036202808779900813,1.7966796930996065,0.0,9.60443343186494,normal,0.0,"{""progress_diff"": 0.00033160352524475023, ""r_progress"": 0.006632070504895005, ""r_track"": -0.00011650163231591674, ""r_dir"": -7.800467904202533e-05, ""r_time"": -1.0, ""r_smooth"": 0.0, ""total"": -0.993562435806463}"
0.764,-0.0037050630832672383,9.57758515574649,0.0,9.57758515574649,13.584399680261699,320.0,20000.0,-6.241185307179586,4.0,1000.0,0.0037050630832672383,1.7605014738628226,0.0,9.591169290855149,normal,0.0,"{""progress_diff"": 0.00033960337771699045, ""r_progress"": 0.006792067554339809, ""r_track"": -0.00012202215511990873, ""r_dir"": -7.790478807710759e-05, ""r_time"": -1.0, ""r_smooth"": 0.0, ""total"": -0.9934078593888572}"
0.765,-0.0037919255053868294,9.56366102699905,0.0,9.56366102699905,13.924399680261699,340.0,20000.0,-6.238185307179586,3.0,-1000.0,0.0037919255053868294,0.8679179756365183,0.0,9.577585155746473,normal,0.0,"{""progress_diff"": 0.00034810321868594674, ""r_progress"": 0.006962064373718935, ""r_track"": -0.00012781065811913922, ""r_dir"": -7.782991185342205e-05, ""r_time"": -1.0, ""r_smooth"": 0.0, ""total"": -0.9932435761962536}"
0.766,-0.0038809765231638286,9.54937690489996,0.0,9.54937690489996,14.284399680261698,360.0,20000.0,-6.234185307179587,4.0,1000.0,0.0038809765231638286,1.3367485252208047,0.0,9.563661026999032,normal,0.0,"{""progress_diff"": 0.00035710305247727003, ""r_progress"": 0.007142061049545401, ""r_track"": -0.00013388425576310042, ""r_dir"": -7.773013288850431e-05, ""r_time"": -1.0, ""r_smooth"": 0.0, ""total"": -0.9930695533391062}"
0.767,-0.003972352523667866,9.534712789911016,0.0,9.534712789911016,14.664399680261699,380.0,20000.0,-6.231185307179587,3.0,-1000.0,0.003972352523667866,0.8616320602381615,0.0,9.549376904899944,normal,0.0,"{""progress_diff"": 0.000366602874723565, ""r_progress"": 0.0073320574944713, ""r_track"": -0.0001402629739759152, ""r_dir"": -7.765534066481877e-05, ""r_time"": -1.0, ""r_smooth"": 0.0, ""total"": -0.9928858608201694}"
0.768,-0.004066190853950681,9.519648682499874,0.0,9.519648682499874,15.0643996802617,400.0,20000.0,-6.229185307179587,2.0,-1000.0,0.004066190853950681,0.8579503701243453,0.0,9.534712789910998,normal,0.0,"{""progress_diff"": 0.0003766026852786153, ""r_progress"": 0.007532053705572306, ""r_track"": -0.00014696807165113035, ""r_dir"": -7.760549918236543e-05, ""r_time"": -1.0, ""r_smooth"": 0.0, ""total"": -0.9926925198652612}"
0.769,-0.0041625989728446555,9.504164582947988,0.0,9.504164582947988,15.4843996802617,420.0,20000.0,-6.226185307179587,3.0,1000.0,0.0041625989728446555,1.4858319603472423,0.0,9.519648682499856,normal,0.0,"{""progress_diff"": 0.0003871024887970309, ""r_progress"": 0.007742049775940618, ""r_track"": -0.00015401982407757672, ""r_dir"": -7.75307669586799e-05, ""r_time"": -1.0, ""r_smooth"": 0.0, ""total"": -0.9924895008150957}"
0.77,-0.004261682899209167,9.488240491527996,0.0,9.488240491527996,15.924399680261699,440.0,20000.0,-6.222185307179587,4.0,1000.0,0.004261682899209167,1.9125117826830293,0.0,9.504164582947972,normal,0.0,"{""progress_diff"": 0.00039810228549985727, ""r_progress"": 0.007962045709997145, ""r_track"": -0.0001614394767414387, ""r_dir"": -7.743117999376216e-05, ""r_time"": -1.0, ""r_smooth"": 0.0, ""total"": -0.9922768249467381}"
0.771,-0.004363298406122317,9.47189640772997,0.0,9.47189640772997,16.3443996802617,420.0,-20000.0,-6.217185307179587,5.0,1000.0,0.004363298406122317,0.1730274299175304,0.0,9.488240491527979,normal,0.0,"{""progress_diff"": 0.0004086020949507496, ""r_progress"": 0.008172041899014992, ""r_track"": -0.0001692299820521738, ""r_dir"": -7.730678628762328e-05, ""r_time"": -1.0, ""r_smooth"": 0.0, ""total"": -0.9920744948693248}"
0.772,-0.004467582320645527,9.455112332018393,0.0,9.455112332018393,16.7843996802617,440.0,20000.0,-6.213185307179588,4.0,-1000.0,0.004467582320645527,0.8432968492138154,0.0,9.47189640772995,normal,0.0,"{""progress_diff"": 0.00041960189278933413, ""r_progress"": 0.008392037855786683, ""r_track"": -0.00017741592703772864, ""r_dir"": -7.720734332270555e-05, ""r_time"": -1.0, ""r_smooth"": 0.0, ""total"": -0.9918625854145737}"
0.773,-0.004574424144004867,9.437908264092957,0.0,9.437908264092957,17.2043996802617,420.0,-20000.0,-6.210185307179588,3.0,-1000.0,0.004574424144004867,0.18366230764832514,0.0,9.455112332018377,normal,0.0,"{""progress_diff"": 0.000430101698135954, ""r_progress"": 0.00860203396271908, ""r_track"": -0.00018600316666004144, ""r_dir"": -7.713280309902e-05, ""r_time"": -1.0, ""r_smooth"": 0.0, ""total"": -0.9916611020070399}"
0.774,-0.004683679609278417,9.420304203443616,0.0,9.420304203443616,17.6043996802617,400.0,-20000.0,-6.206185307179588,4.0,1000.0,0.004683679609278417,2.0927353824267594,0.0,9.43790826409294,normal,0.0,"{""progress_diff"": 0.0004401015162334154, ""r_progress"": 0.008802030324668308, ""r_track"": -0.00019499426384329268, ""r_dir"": -7.703347213410227e-05, ""r_time"": -1.0, ""r_smooth"": 0.0, ""total"": -0.991469997411309}"
0.775,-0.004795451535383872,9.402280150323678,0.0,9.402280150323678,18.024399680261702,420.0,20000.0,-6.201185307179588,5.0,1000.0,0.004795451535383872,2.642080845272906,0.0,9.4203042034436,normal,0.0,"{""progress_diff"": 0.00045060132799845665, ""r_progress"": 0.009012026559969133, ""r_track"": -0.00020441204825080478, ""r_dir"": -7.690939842795237e-05, ""r_time"": -1.0, ""r_smooth"": 0.0, ""total"": -0.9912692948867097}"
0.776,-0.004909841181267088,9.383816104977077,0.0,9.383816104977077,18.464399680261703,440.0,20000.0,-6.195185307179588,6.0,1000.0,0.004909841181267088,1.5111068617737167,0.0,9.402280150323662,normal,0.0,"{""progress_diff"": 0.0004616011336651127, ""r_progress"": 0.009232022673302254, ""r_track"": -0.00021428035933569948, ""r_dir"": -7.676064198058129e-05, ""r_time"": -1.0, ""r_smooth"": 0.0, ""total"": -0.991059018328014}"
0.777,-0.0050267383681473305,9.364932067105595,0.0,9.364932067105595,18.884399680261705,420.0,-20000.0,-6.190185307179588,5.0,-1000.0,0.005026738368147331,0.20364540651016302,0.0,9.383816104977058,normal,0.0,"{""progress_diff"": 0.0004721009467870685, ""r_progress"": 0.00944201893574137, ""r_track"": -0.00022460532108270666, ""r_dir"": -7.663678827444239e-05, ""r_time"": -1.0, ""r_smooth"": 0.0, ""total"": -0.9908592231736157}"
0.778,-0.005146243274989449,9.345608036946755,0.0,9.345608036946755,19.324399680261706,440.0,20000.0,-6.184185307179588,6.0,1000.0,0.005146243274989448,1.612079126597933,0.0,9.364932067105578,normal,0.0,"{""progress_diff"": 0.0004831007539709553, ""r_progress"": 0.009662015079419106, ""r_track"": -0.00023541173195888105, ""r_dir"": -7.64882958270713e-05, ""r_time"": -1.0, ""r_smooth"": 0.0, ""total"": -0.9906498849483668}"
0.779,-0.005268246802992827,9.325864014208896,0.0,9.325864014208896,19.744399680261708,420.0,-20000.0,-6.179185307179588,5.0,-1000.0,0.005268246802992826,0.21399611088417392,0.0,9.34560803694674,normal,0.0,"{""progress_diff"": 0.000493600568446495, ""r_progress"": 0.0098720113689299, ""r_track"": -0.00024670599446439224, ""r_dir"": -7.636466212093238e-05, ""r_time"": -1.0, ""r_smooth"": 0.0, ""total"": -0.9904510592876554}"
0.78,-0.005392888419171098,9.305679999372396,0.0,9.305679999372396,20.18439968026171,440.0,20000.0,-6.175185307179588,4.0,-1000.0,0.005392888419171098,0.8153447370513073,0.0,9.325864014208879,normal,0.0,"{""progress_diff"": 0.0005046003709124891, ""r_progress"": 0.010092007418249782, ""r_track"": -0.00025851773779226445, ""r_dir"": -7.626582715601468e-05, ""r_time"": -1.0, ""r_smooth"": 0.0, ""total"": -0.9902427761466985}"
0.781,-0.0055200205766592365,9.285075991907863,0.0,9.285075991907863,20.60439968026171,420.0,-20000.0,-6.1701853071795885,5.0,1000.0,0.005520020576659237,2.1880594882332334,0.0,9.30567999937238,normal,0.0,"{""progress_diff"": 0.000515100186613271, ""r_progress"": 0.010302003732265419, ""r_track"": -0.00027085001925992335, ""r_dir"": -7.614237344986479e-05, ""r_time"": -1.0, ""r_smooth"": 0.0, ""total"": -0.9900449886604443}"
0.782,-0.005649741334459238,9.264031992040263,0.0,9.264031992040263,21.044399680261712,440.0,20000.0,-6.164185307179588,6.0,1000.0,0.005649741334459239,1.7002277114194904,0.0,9.285075991907846,normal,0.0,"{""progress_diff"": 0.0005260999966900659, ""r_progress"": 0.010521999933801318, ""r_track"": -0.00028372957463375343, ""r_dir"": -7.59943610024937e-05, ""r_time"": -1.0, ""r_smooth"": 0.0, ""total"": -0.9898377240018349}"
0.783,-0.00578190078574631,9.242567999226402,0.0,9.242567999226402,21.464399680261714,420.0,-20000.0,-6.157185307179589,7.0,1000.0,0.00578190078574631,0.9188867457740335,0.0,9.264031992040245,normal,0.0,"{""progress_diff"": 0.0005365998203464839, ""r_progress"": 0.010731996406929678, ""r_track"": -0.0002971589039663448, ""r_dir"": -7.582186181389045e-05, ""r_time"": -1.0, ""r_smooth"": 0.0, ""total"": -0.9896409843588505}"
0.784,-0.005916594149570665,9.220664013674673,0.0,9.220664013674673,21.904399680261715,440.0,20000.0,-6.1491853071795886,8.0,1000.0,0.005916594149570665,1.3747866364243417,0.0,9.242567999226385,normal,0.0,"{""progress_diff"": 0.0005475996387932502, ""r_progress"": 0.010951992775865005, ""r_track"": -0.00031116521182874505, ""r_dir"": -7.562495988406598e-05, ""r_time"": -1.0, ""r_smooth"": 0.0, ""total"": -0.9894347973958478}"
0.785,-0.006053914845012874,9.198300035582994,0.0,9.198300035582994,22.364399680261716,460.0,20000.0,-6.140185307179588,9.0,1000.0,0.006053914845012874,1.3117430250576239,0.0,9.220664013674657,normal,0.0,"{""progress_diff"": 0.0005590994522920445, ""r_progress"": 0.01118198904584089, ""r_track"": -0.0003257767551170422, ""r_dir"": -7.540375121300934e-05, ""r_time"": -1.0, ""r_smooth"": 0.0, ""total"": -0.9892191914604892}"
0.786,-0.006193754773251008,9.175496064666252,0.0,9.175496064666252,22.804399680261717,440.0,-20000.0,-6.132185307179588,8.0,-1000.0,0.006193754773251008,0.05850375279048671,0.0,9.198300035582974,normal,0.0,"{""progress_diff"": 0.0005700992729185117, ""r_progress"": 0.011401985458370234, ""r_track"": -0.00034100087281039676, ""r_dir"": -7.520739328317396e-05, ""r_time"": -1.0, ""r_smooth"": 0.0, ""total"": -0.9890142228077233}"
0.787,-0.006336252641312321,9.152232101400278,0.0,9.152232101400278,23.264399680261718,460.0,20000.0,-6.1251853071795885,7.0,-1000.0,0.006336252641312321,0.792502484205902,0.0,9.175496064666234,normal,0.0,"{""progress_diff"": 0.0005815990816492311, ""r_progress"": 0.011631981632984623, ""r_track"": -0.00035687197808477645, ""r_dir"": -7.503579009457072e-05, ""r_time"": -1.0, ""r_smooth"": 0.0, ""total"": -0.9887999261351947}"
0.788,-0.006481303350323843,9.128528145517485,0.0,9.128528145517485,23.70439968026172,440.0,-20000.0,-6.119185307179588,6.0,-1000.0,0.006481303350323843,0.26314540746968773,0.0,9.152232101400262,normal,0.0,"{""progress_diff"": 0.0005925988970698626, ""r_progress"": 0.011851977941397251, ""r_track"": -0.00037339816105705836, ""r_dir"": -7.488885764719963e-05, ""r_time"": -1.0, ""r_smooth"": 0.0, ""total"": -0.988596309077307}"
0.789,-0.0066289997193755956,9.104364197212417,0.0,9.104364197212417,24.16439968026172,460.0,20000.0,-6.112185307179589,7.0,1000.0,0.0066289997193755956,1.2030973570268746,0.0,9.128528145517468,normal,0.0,"{""progress_diff"": 0.0006040987076267879, ""r_progress"": 0.012081974152535757, ""r_track"": -0.0003906101091509487, ""r_dir"": -7.47176184585964e-05, ""r_time"": -1.0, ""r_smooth"": 0.0, ""total"": -0.9883833535750738}"
0.79,-0.006779482055468569,9.079720256970099,0.0,9.079720256970099,24.64439968026172,480.0,20000.0,-6.106185307179588,6.0,-1000.0,0.006779482055468569,0.39864290580485423,0.0,9.104364197212398,normal,0.0,"{""progress_diff"": 0.0006160985060579272, ""r_progress"": 0.012321970121158543, ""r_track"": -0.00040854557280373626, ""r_dir"": -7.457099801122531e-05, ""r_time"": -1.0, ""r_smooth"": 0.0, ""total"": -0.9881611464496565}"
0.791,-0.006932841457722282,9.054576324974994,0.0,9.054576324974994,25.14439968026172,500.0,20000.0,-6.099185307179589,7.0,1000.0,0.006932841457722282,1.27580122422687,0.0,9.07972025697008,normal,0.0,"{""progress_diff"": 0.000628598299877603, ""r_progress"": 0.01257196599755206, ""r_track"": -0.0004272381393592251, ""r_dir"": -7.440012282263292e-05, ""r_time"": -1.0, ""r_smooth"": 0.0, ""total"": -0.9879296722646298}"
0.792,-0.007088974707231051,9.028952400970615,0.0,9.028952400970615,25.62439968026172,480.0,-20000.0,-6.0931853071795885,6.0,-1000.0,0.00708897470723105,0.286483435990077,0.0,9.054576324974978,normal,0.0,"{""progress_diff"": 0.000640598100109413, ""r_progress"": 0.01281196200218826, ""r_track"": -0.000446698332442325, ""r_dir"": -7.425381437525099e-05, ""r_time"": -1.0, ""r_smooth"": 0.0, ""total"": -0.9877089901446293}"
0.793,-0.0072480239109660866,9.002828485452362,0.0,9.002828485452362,26.12439968026172,500.0,20000.0,-6.088185307179589,5.0,-1000.0,0.007248023910966087,0.769791217100302,0.0,9.0289524009706,normal,0.0,"{""progress_diff"": 0.000653097887956422, ""r_progress"": 0.01306195775912844, ""r_track"": -0.00046696756101276575, ""r_dir"": -7.413200066911201e-05, ""r_time"": -1.0, ""r_smooth"": 0.0, ""total"": -0.9874791418025535}"
0.794,-0.007409889009967639,8.976224578182247,0.0,8.976224578182247,26.60439968026172,480.0,-20000.0,-6.084185307179589,4.0,-1000.0,0.007409889009967639,0.29771583047790395,0.0,9.002828485452344,normal,0.0,"{""progress_diff"": 0.0006650976817528242, ""r_progress"": 0.013301953635056485, ""r_track"": -0.00048805737902257056, ""r_dir"": -7.403462170420514e-05, ""r_time"": -1.0, ""r_smooth"": 0.0, ""total"": -0.9872601383656703}"
0.795,-0.007574714871159679,8.949120679671832,0.0,8.949120679671832,27.10439968026172,500.0,20000.0,-6.081185307179589,3.0,-1000.0,0.00757471487115968,0.37385535510770695,0.0,8.97622457818223,normal,0.0,"{""progress_diff"": 0.0006775974627604153, ""r_progress"": 0.013551949255208307, ""r_track"": -0.0005100116033721566, ""r_dir"": -7.39616294805088e-05, ""r_time"": -1.0, ""r_smooth"": 0.0, ""total"": -0.9870320239776443}"
0.796,-0.007742647681443137,8.921496790440479,0.0,8.921496790440479,27.62439968026172,520.0,20000.0,-6.079185307179589,2.0,-1000.0,0.007742647681443137,0.756223611588129,0.0,8.949120679671815,normal,0.0,"{""progress_diff"": 0.000690597230783796, ""r_progress"": 0.01381194461567592, ""r_track"": -0.0005328763832796159, ""r_dir"": -7.391298799805535e-05, ""r_time"": -1.0, ""r_smooth"": 0.0, ""total"": -0.9867948447556018}"
0.797,-0.00791383506769329,8.893332911016147,0.0,8.893332911016147,28.16439968026172,540.0,20000.0,-6.078185307179589,1.0,-1000.0,0.00791383506769329,0.750982766531221,0.0,8.921496790440461,normal,0.0,"{""progress_diff"": 0.0007040969856083601, ""r_progress"": 0.014081939712167202, ""r_track"": -0.0005567003153657961, ""r_dir"": -7.388867325683404e-05, ""r_time"": -1.0, ""r_smooth"": 0.0, ""total"": -0.9865486492764555}"
0.798,-0.008088426216757079,8.864609041936196,0.0,8.864609041936196,28.72439968026172,560.0,20000.0,-6.078185307179589,0.0,-1000.0,0.008088426216757079,0.745382766531221,0.0,8.893332911016127,normal,0.0,"{""progress_diff"": 0.0007180967269987404, ""r_progress"": 0.014361934539974808, ""r_track"": -0.0005815345659015397, ""r_dir"": -7.388867325683404e-05, ""r_time"": -1.0, ""r_smooth"": 0.0, ""total"": -0.9862934886991835}"
0.799,-0.00826632882953589,8.835345183009075,0.0,8.835345183009075,29.264399680261718,540.0,-20000.0,-6.079185307179589,-1.0,-1000.0,0.00826632882953589,0.32511160519336335,0.0,8.864609041936177,normal,0.0,"{""progress_diff"": 0.0007315964731779978, ""r_progress"": 0.014631929463559956, ""r_track"": -0.0006073972650490327, ""r_dir"": -7.391298799805535e-05, ""r_time"": -1.0, ""r_smooth"": 0.0, ""total"": -0.9860493807894871}"
0.8,-0.00844769541281479,8.805521334792413,0.0,8.805521334792413,29.824399680261717,560.0,20000.0,-6.081185307179589,-2.0,-1000.0,0.00844769541281479,0.7339053017019452,0.0,8.835345183009057,normal,0.0,"{""progress_diff"": 0.0007455962054165877, ""r_progress"": 0.014911924108331753, ""r_track"": -0.0006343427358905958, ""r_dir"": -7.39616294805088e-05, ""r_time"": -1.0, ""r_smooth"": 0.0, ""total"": -0.9857963802570393}"
0.801,-0.008632680273344441,8.775117497854973,0.0,8.775117497854973,30.404399680261715,580.0,20000.0,-6.084185307179589,-3.0,-1000.0,0.008632680273344441,0.7276278368726695,0.0,8.805521334792395,normal,0.0,"{""progress_diff"": 0.000760095923436066, ""r_progress"": 0.01520191846872132, ""r_track"": -0.0006624281662381355, ""r_dir"": -7.403462170420514e-05, ""r_time"": -1.0, ""r_smooth"": 0.0, ""total"": -0.985534544319221}"
0.802,-0.008821439637838248,8.74411367277748,0.0,8.74411367277748,31.004399680261717,600.0,20000.0,-6.088185307179589,-4.0,-1000.0,0.008821439637838248,0.3986909021970428,0.0,8.775117497854954,normal,0.0,"{""progress_diff"": 0.0007750956269372278, ""r_progress"": 0.015501912538744556, ""r_track"": -0.0006917137536357671, ""r_dir"": -7.413200066911201e-05, ""r_time"": -1.0, ""r_smooth"": 0.0, ""total"": -0.9852639332155603}"
0.803,-0.00901406852534376,8.712489859768157,0.0,8.712489859768157,31.624399680261718,620.0,20000.0,-6.091185307179589,-3.0,1000.0,0.00901406852534376,1.2774124264870206,0.0,8.744113672777463,normal,0.0,"{""progress_diff"": 0.0007905953252331788, ""r_progress"": 0.015811906504663575, ""r_track"": -0.0007222527233741603, ""r_dir"": -7.420507689280838e-05, ""r_time"": -1.0, ""r_smooth"": 0.0, ""total"": -0.9849845512956034}"
0.804,-0.009210724802542382,8.680226059417976,0.0,8.680226059417976,32.26439968026172,640.0,20000.0,-6.095185307179588,-4.0,-1000.0,0.009210724802542382,0.7072771324986589,0.0,8.712489859768137,normal,0.0,"{""progress_diff"": 0.0008065950087544627, ""r_progress"": 0.016131900175089253, ""r_track"": -0.0007541106790059501, ""r_dir"": -7.430256785771523e-05, ""r_time"": -1.0, ""r_smooth"": 0.0, ""total"": -0.9846965130717744}"
0.805,-0.00941150264849832,8.647302271929867,0.0,8.647302271929867,32.924399680261715,660.0,20000.0,-6.098185307179588,-3.0,1000.0,0.00941150264849832,0.8243073600686137,0.0,8.680226059417958,normal,0.0,"{""progress_diff"": 0.0008230946872027634, ""r_progress"": 0.016461893744055267, ""r_track"": -0.0007873456186905857, ""r_dir"": -7.437572808140078e-05, ""r_time"": -1.0, ""r_smooth"": 0.0, ""total"": -0.9843998276027167}"
0.806,-0.009616561649859367,8.61369849790556,0.0,8.61369849790556,33.604399680261714,680.0,20000.0,-6.102185307179588,-4.0,-1000.0,0.009616561649859365,0.6927630478970157,0.0,8.64730227192985,normal,0.0,"{""progress_diff"": 0.000840094350607723, ""r_progress"": 0.01680188701215446, ""r_track"": -0.000822028959693741, ""r_dir"": -7.447333104631847e-05, ""r_time"": -1.0, ""r_smooth"": 0.0, ""total"": -0.9840946152785855}"
0.807,-0.009825819387334513,8.579434737215173,0.0,8.579434737215173,34.26439968026171,660.0,-20000.0,-6.107185307179588,-5.0,-1000.0,0.009825819387334513,0.3706552667867904,0.0,8.613698497905538,normal,0.0,"{""progress_diff"": 0.000856594017259571, ""r_progress"": 0.01713188034519142, ""r_track"": -0.0008581931256223892, ""r_dir"": -7.459542475245744e-05, ""r_time"": -1.0, ""r_smooth"": 0.0, ""total"": -0.9838009082051834}"
0.808,-0.01003936975999339,8.544490990059892,0.0,8.544490990059892,34.94439968026171,680.0,20000.0,-6.111185307179587,-4.0,1000.0,0.01003936975999339,1.5574475029832884,0.0,8.579434737215156,normal,0.0,"{""progress_diff"": 0.0008735936788820675, ""r_progress"": 0.01747187357764135, ""r_track"": -0.0008959017349143976, ""r_dir"": -7.469317171737511e-05, ""r_time"": -1.0, ""r_smooth"": 0.0, ""total"": -0.9834987213289904}"
0.809,-0.01025713150852098,8.508887256317308,0.0,8.508887256317308,35.60439968026171,660.0,-20000.0,-6.116185307179587,-5.0,-1000.0,0.01025713150852098,0.3826228722989634,0.0,8.544490990059874,normal,0.0,"{""progress_diff"": 0.0008900933435646019, ""r_progress"": 0.017801866871292038, ""r_track"": -0.0009351888602941677, ""r_dir"": -7.481544542352495e-05, ""r_time"": -1.0, ""r_smooth"": 0.0, ""total"": -0.9832081374344257}"
0.81,-0.010479197372009991,8.472603536181285,0.0,8.472603536181285,36.28439968026171,680.0,20000.0,-6.120185307179587,-4.0,1000.0,0.010479197372009991,1.3549935259539339,0.0,8.508887256317287,normal,0.0,"{""progress_diff"": 0.0009070930034005276, ""r_progress"": 0.01814186006801055, ""r_track"": -0.0009761206894359209, ""r_dir"": -7.491333638843176e-05, ""r_time"": -1.0, ""r_smooth"": 0.0, ""total"": -0.9829091739578139}"
0.811,-0.010705658289589267,8.435619829834271,0.0,8.435619829834271,36.98439968026171,700.0,20000.0,-6.123185307179587,-3.0,1000.0,0.010705658289589267,2.452452485686774,0.0,8.472603536181268,normal,0.0,"{""progress_diff"": 0.0009245926586753939, ""r_progress"": 0.018491853173507877, ""r_track"": -0.0010187655058973458, ""r_dir"": -7.498679661211731e-05, ""r_time"": -1.0, ""r_smooth"": 0.0, ""total"": -0.9826018991290015}"
0.812,-0.010936358274545257,8.397956136696298,0.0,8.397956136696298,37.66439968026171,680.0,-20000.0,-6.125185307179587,-2.0,1000.0,0.010936358274545258,1.3601261225903625,0.0,8.435619829834252,normal,0.0,"{""progress_diff"": 0.0009415923284493699, ""r_progress"": 0.018831846568987398, ""r_track"": -0.0010631460649707957, ""r_dir"": -7.503579009457072e-05, ""r_time"": -1.0, ""r_smooth"": 0.0, ""total"": -0.9823063352860779}"
0.813,-0.011171384226085743,8.359592456924553,0.0,8.359592456924553,38.36439968026171,700.0,20000.0,-6.126185307179587,-1.0,1000.0,0.011171384226085743,2.4382846374438456,0.0,8.39795613669628,normal,0.0,"{""progress_diff"": 0.0009590919942936704, ""r_progress"": 0.01918183988587341, ""r_track"": -0.0011093317824607766, ""r_dir"": -7.506029283580286e-05, ""r_time"": -1.0, ""r_smooth"": 0.0, ""total"": -0.9820025521894231}"
0.814,-0.011410575957577943,8.320548789913017,0.0,8.320548789913017,39.04439968026171,680.0,-20000.0,-6.126185307179587,0.0,1000.0,0.011410575957577943,2.3654566707371893,0.0,8.359592456924531,normal,0.0,"{""progress_diff"": 0.0009760916752883375, ""r_progress"": 0.01952183350576675, ""r_track"": -0.0011573443882991626, ""r_dir"": -7.506029283580286e-05, ""r_time"": -1.0, ""r_smooth"": 0.0, ""total"": -0.9817105711753682}"
0.815,-0.011654095735615363,8.280805136280492,0.0,8.280805136280492,39.744399680261715,700.0,20000.0,-6.127185307179587,-1.0,-1000.0,0.011654095735615365,0.6273841743197184,0.0,8.320548789912998,normal,0.0,"{""progress_diff"": 0.0009935913408131158, ""r_progress"": 0.019871826816262317, ""r_track"": -0.0012072706436878956, ""r_dir"": -7.508479957703501e-05, ""r_time"": -1.0, ""r_smooth"": 0.0, ""total"": -0.9814105286270026}"
0.816,-0.011902027059470495,8.24034149616319,0.0,8.24034149616319,40.464399680261714,720.0,20000.0,-6.127185307179587,0.0,1000.0,0.011902027059470495,0.6175426645716905,0.0,8.280805136280474,normal,0.0,"{""progress_diff"": 0.001011591002932577, ""r_progress"": 0.02023182005865154, ""r_track"": -0.0012591844277721588, ""r_dir"": -7.508479957703501e-05, ""r_time"": -1.0, ""r_smooth"": 0.0, ""total"": -0.9811024491686977}"
0.817,-0.01215445126845637,8.199137869684087,0.0,8.199137869684087,41.204399680261716,740.0,20000.0,-6.126185307179587,1.0,1000.0,0.01215445126845637,2.562968677131955,0.0,8.240341496163168,normal,0.0,"{""progress_diff"": 0.0010300906619775674, ""r_progress"": 0.020601813239551348, ""r_track"": -0.0013131616501091616, ""r_dir"": -7.506029283580286e-05, ""r_time"": -1.0, ""r_smooth"": 0.0, ""total"": -0.9807864087033936}"
0.818,-0.012411531349152983,8.157174257466394,0.0,8.157174257466394,41.964399680261714,760.0,20000.0,-6.126185307179587,0.0,-1000.0,0.012411531349152983,0.6053433292628103,0.0,8.199137869684066,normal,0.0,"{""progress_diff"": 0.0010490903054423129, ""r_progress"": 0.020981806108846257, ""r_track"": -0.001369298759386731, ""r_dir"": -7.506029283580286e-05, ""r_time"": -1.0, ""r_smooth"": 0.0, ""total"": -0.9804625529433763}"
0.819,-0.012673347080902371,8.114430659623576,0.0,8.114430659623576,42.744399680261715,780.0,20000.0,-6.125185307179587,1.0,1000.0,0.012673347080902371,0.5929742332827661,0.0,8.157174257466373,normal,0.0,"{""progress_diff"": 0.0010685899460703974, ""r_progress"": 0.021371798921407947, ""r_track"": -0.0014276775665157033, ""r_dir"": -7.503579009457072e-05, ""r_time"": -1.0, ""r_smooth"": 0.0, ""total"": -0.9801309144352023}"
0.82,-0.012940062930257021,8.07088707678787,0.0,8.07088707678787,43.54439968026171,800.0,20000.0,-6.125185307179587,0.0,-1000.0,0.012940062930257021,0.5897024842059022,0.0,8.114430659623558,normal,0.0,"{""progress_diff"": 0.0010885895708926396, ""r_progress"": 0.021771791417852793, ""r_track"": -0.0014884020323467724, ""r_dir"": -7.503579009457072e-05, ""r_time"": -1.0, ""r_smooth"": 0.0, ""total"": -0.9797916464045886}"
0.821,-0.013211600717844873,8.026563508855611,0.0,8.026563508855611,44.32439968026171,780.0,-20000.0,-6.126185307179587,-1.0,-1000.0,0.013211600717844873,0.46823132286804453,0.0,8.070887076787852,normal,0.0,"{""progress_diff"": 0.0011080891983065166, ""r_progress"": 0.022161783966130333, ""r_track"": -0.0015515234980245257, ""r_dir"": -7.506029283580286e-05, ""r_time"": -1.0, ""r_smooth"": 0.0, ""total"": -0.97946479982473}"
0.822,-0.013488039423022975,7.981439955935365,0.0,7.981439955935365,45.12439968026171,800.0,20000.0,-6.126185307179587,0.0,1000.0,0.013488039423022975,0.8214910167620825,0.0,8.026563508855592,normal,0.0,"{""progress_diff"": 0.0011280888230061903, ""r_progress"": 0.022561776460123806, ""r_track"": -0.0016171307331290835, ""r_dir"": -7.506029283580286e-05, ""r_time"": -1.0, ""r_smooth"": 0.0, ""total"": -0.979130414565841}"
0.823,-0.01376954751226847,7.935496418683915,0.0,7.935496418683915,45.94439968026171,820.0,20000.0,-6.127185307179587,-1.0,-1000.0,0.01376954751226847,0.5653841743197183,0.0,7.981439955935343,normal,0.0,"{""progress_diff"": 0.0011485884312861794, ""r_progress"": 0.022971768625723588, ""r_track"": -0.0016853372328232783, ""r_dir"": -7.508479957703501e-05, ""r_time"": -1.0, ""r_smooth"": 0.0, ""total"": -0.9787886534066768}"
0.824,-0.014055957319089204,7.888752896449378,0.0,7.888752896449378,46.74439968026171,800.0,-20000.0,-6.127185307179587,0.0,1000.0,0.014055957319089204,0.8895425982747334,0.0,7.935496418683897,normal,0.0,"{""progress_diff"": 0.0011685880558633954, ""r_progress"": 0.02337176111726791, ""r_track"": -0.0017561772102760655, ""r_dir"": -7.508479957703501e-05, ""r_time"": -1.0, ""r_smooth"": 0.0, ""total"": -0.9784595008925852}"
0.825,-0.014347438949931245,7.841189389898635,0.0,7.841189389898635,47.56439968026171,820.0,20000.0,-6.128185307179588,-1.0,-1000.0,0.014347438949931245,0.5490250193766265,0.0,7.888752896449361,normal,0.0,"{""progress_diff"": 0.0011890876637686842, ""r_progress"": 0.023781753275373685, ""r_track"": -0.0018297689281955927, ""r_dir"": -7.510931031826715e-05, ""r_time"": -1.0, ""r_smooth"": 0.0, ""total"": -0.9781231249631401}"
0.826,-0.014644068224211515,7.792785899120798,0.0,7.792785899120798,48.40439968026171,840.0,20000.0,-6.128185307179588,0.0,1000.0,0.014644068224211515,2.0904377042765927,0.0,7.8411893898986165,normal,0.0,"{""progress_diff"": 0.0012100872694459364, ""r_progress"": 0.024201745388918727, ""r_track"": -0.0019062109702698794, ""r_dir"": -7.510931031826715e-05, ""r_time"": -1.0, ""r_smooth"": 0.0, ""total"": -0.9777795748916694}"
0.827,-0.014945771802466243,7.743562424042,0.0,7.743562424042,49.22439968026171,820.0,-20000.0,-6.129185307179588,-1.0,-1000.0,0.014945771802466243,0.3530533966511344,0.0,7.79278589912078,normal,0.0,"{""progress_diff"": 0.0012305868769698636, ""r_progress"": 0.02461173753939727, ""r_track"": -0.001985565286856845, ""r_dir"": -7.513382505949929e-05, ""r_time"": -1.0, ""r_smooth"": 0.0, ""total"": -0.977448961572519}"
0.828,-0.015252723991061402,7.69349896535506,0.0,7.69349896535506,50.064399680261715,840.0,20000.0,-6.131185307179588,-2.0,-1000.0,0.015252723991061402,0.5235475545473507,0.0,7.743562424041983,normal,0.0,"{""progress_diff"": 0.0012515864671733823, ""r_progress"": 0.025031729343467646, ""r_track"": -0.0020679607924222227, ""r_dir"": -7.518286654194181e-05, ""r_time"": -1.0, ""r_smooth"": 0.0, ""total"": -0.9771114143154965}"
0.829,-0.015564999889427698,7.642575523144636,0.0,7.642575523144636,50.924399680261715,860.0,20000.0,-6.132185307179588,-1.0,1000.0,0.015564999889427698,0.7154704787387491,0.0,7.693498965355047,normal,0.0,"{""progress_diff"": 0.0012730860552606638, ""r_progress"": 0.025461721105213275, ""r_track"": -0.0021535041916256378, ""r_dir"": -7.520739328317396e-05, ""r_time"": -1.0, ""r_smooth"": 0.0, ""total"": -0.9767669904796955}"
0.83,-0.015882672077044094,7.590772097479787,0.0,7.590772097479787,51.80439968026172,880.0,20000.0,-6.132185307179588,0.0,1000.0,0.015882672077044094,0.5871120847835184,0.0,7.642575523144622,normal,0.0,"{""progress_diff"": 0.0012950856416212853, ""r_progress"": 0.025901712832425705, ""r_track"": -0.0022423046427281434, ""r_dir"": -7.520739328317396e-05, ""r_time"": -1.0, ""r_smooth"": 0.0, ""total"": -0.9764157992035856}"
0.831,-0.016205670574382415,7.5381086883074495,0.0,7.5381086883074495,52.66439968026172,860.0,-20000.0,-6.1331853071795885,-1.0,-1000.0,0.016205670574382415,0.5505172382664011,0.0,7.590772097479771,normal,0.0,"{""progress_diff"": 0.0013165852293084424, ""r_progress"": 0.026331704586168847, ""r_track"": -0.0023344334112480364, ""r_dir"": -7.52319240244061e-05, ""r_time"": -1.0, ""r_smooth"": 0.0, ""total"": -0.9760779607491036}"
0.832,-0.016533820915080034,7.4846052949337665,0.0,7.4846052949337665,53.50439968026172,840.0,-20000.0,-6.1331853071795885,0.0,1000.0,0.016533820915080034,0.6780504092694973,0.0,7.538108688307432,normal,0.0,"{""progress_diff"": 0.0013375848343420982, ""r_progress"": 0.026751696686841964, ""r_track"": -0.0024299309693505597, ""r_dir"": -7.52319240244061e-05, ""r_time"": -1.0, ""r_smooth"": 0.0, ""total"": -0.975753466206533}"
0.833,-0.01686705475957762,7.430281917315786,0.0,7.430281917315786,54.32439968026172,820.0,-20000.0,-6.134185307179589,-1.0,-1000.0,0.01686705475957762,0.24421538274652696,0.0,7.4846052949337505,normal,0.0,"{""progress_diff"": 0.0013580844404494918, ""r_progress"": 0.027161688808989837, ""r_track"": -0.0025288669890008004, ""r_dir"": -7.525645876563824e-05, ""r_time"": -1.0, ""r_smooth"": 0.0, ""total"": -0.9754424346387766}"
0.834,-0.0172051959215452,7.37515855474905,0.0,7.37515855474905,55.12439968026172,800.0,-20000.0,-6.134185307179589,0.0,1000.0,0.0172051959215452,1.6684161574399758,0.0,7.430281917315767,normal,0.0,"{""progress_diff"": 0.0013780840641683945, ""r_progress"": 0.02756168128336789, ""r_track"": -0.0026312779262111607, ""r_dir"": -7.525645876563824e-05, ""r_time"": -1.0, ""r_smooth"": 0.0, ""total"": -0.9751448531016089}"
0.835,-0.01754806581469796,7.31925520651438,0.0,7.31925520651438,55.90439968026172,780.0,-20000.0,-6.1331853071795885,1.0,1000.0,0.01754806581469796,0.6002758359433864,0.0,7.375158554749035,normal,0.0,"{""progress_diff"": 0.001397583705866956, ""r_progress"": 0.02795167411733912, ""r_track"": -0.0027371965674397435, ""r_dir"": -7.52319240244061e-05, ""r_time"": -1.0, ""r_smooth"": 0.0, ""total"": -0.974860754374125}"
0.836,-0.017895728818668688,7.262551872630608,0.0,7.262551872630608,56.704399680261716,800.0,20000.0,-6.131185307179589,2.0,1000.0,0.017895728818668688,2.0050730408290436,0.0,7.319255206514356,normal,0.0,"{""progress_diff"": 0.0014175833470941868, ""r_progress"": 0.028351666941883735, ""r_track"": -0.0028467298662340356, ""r_dir"": -7.518286654194181e-05, ""r_time"": -1.0, ""r_smooth"": 0.0, ""total"": -0.9745702457908922}"
0.837,-0.01824836183977378,7.2050285538066134,0.0,7.2050285538066134,57.524399680261716,820.0,20000.0,-6.130185307179588,1.0,-1000.0,0.01824836183977378,0.44910670949044246,0.0,7.262551872630588,normal,0.0,"{""progress_diff"": 0.0014380829705998854, ""r_progress"": 0.02876165941199771, ""r_track"": -0.0029600240874249947, ""r_dir"": -7.515834380072055e-05, ""r_time"": -1.0, ""r_smooth"": 0.0, ""total"": -0.974273523019228}"
0.838,-0.018606027457678743,7.146665250050374,0.0,7.142857142857143,58.36439968026172,840.0,20000.0,-6.128185307179589,2.0,1000.0,0.018606027457678743,0.7747700325007749,0.0,7.205028553806592,normal,0.0,"{""progress_diff"": 0.0014590825939059249, ""r_progress"": 0.029181651878118497, ""r_track"": -0.003077193402274625, ""r_dir"": -7.510931031826715e-05, ""r_time"": -1.0, ""r_smooth"": 0.0, ""total"": -0.9739706508344744}"
0.839,-0.018968540606216222,7.0874819606036885,0.0,7.0874819606036885,59.18439968026172,820.0,-20000.0,-6.1251853071795885,3.0,1000.0,0.018968540606216222,0.6922068374837038,0.0,7.146665250050354,normal,0.0,"{""progress_diff"": 0.0014795822361671762, ""r_progress"": 0.029591644723343524, ""r_track"": -0.003198271402041544, ""r_dir"": -7.503579009457072e-05, ""r_time"": -1.0, ""r_smooth"": 0.0, ""total"": -0.9736816624687926}"
0.84,-0.019336078831691104,7.027458686179274,0.0,7.027458686179274,60.02439968026172,840.0,20000.0,-6.123185307179589,2.0,-1000.0,0.019336078831691104,0.4252207940920856,0.0,7.087481960603668,normal,0.0,"{""progress_diff"": 0.001500581860610306, ""r_progress"": 0.03001163721220612, ""r_track"": -0.003323412840758869, ""r_dir"": -7.498679661211731e-05, ""r_time"": -1.0, ""r_smooth"": 0.0, ""total"": -0.9733867624251649}"
0.841,-0.0197085771944829,6.966615426754575,0.0,6.966615426754575,60.84439968026172,820.0,-20000.0,-6.122185307179588,1.0,-1000.0,0.0197085771944829,0.634067942640412,0.0,7.0274586861792585,normal,0.0,"{""progress_diff"": 0.0015210814856174704, ""r_progress"": 0.030421629712349407, ""r_track"": -0.003452693466941257, ""r_dir"": -7.496230587089605e-05, ""r_time"": -1.0, ""r_smooth"": 0.0, ""total"": -0.9731060260604627}"
0.842,-0.020086218160807467,6.904932183071911,0.0,6.904932183071911,61.68439968026173,840.0,20000.0,-6.122185307179588,0.0,-1000.0,0.020086218160807467,0.28850123294783625,0.0,6.966615426754558,normal,0.0,"{""progress_diff"": 0.0015420810920666606, ""r_progress"": 0.03084162184133321, ""r_track"": -0.0035862769778093485, ""r_dir"": -7.496230587089605e-05, ""r_time"": -1.0, ""r_smooth"": 0.0, ""total"": -0.972819617442347}"
0.843,-0.020469186716833433,6.842388955889031,0.0,6.842388955889031,62.544399680261726,860.0,20000.0,-6.123185307179589,-1.0,-1000.0,0.020469186716833433,0.4000207940920856,0.0,6.904932183071892,normal,0.0,"{""progress_diff"": 0.0015635806795719631, ""r_progress"": 0.03127161359143926, ""r_track"": -0.003724334265320802, ""r_dir"": -7.498679661211731e-05, ""r_time"": -1.0, ""r_smooth"": 0.0, ""total"": -0.9725277074704937}"
0.844,-0.02085754364225819,6.778965745203194,0.0,6.778965745203194,63.42439968026173,880.0,20000.0,-6.123185307179589,0.0,1000.0,0.02085754364225819,0.6606533629717779,0.0,6.842388955889014,normal,0.0,"{""progress_diff"": 0.0015855802671458363, ""r_progress"": 0.03171160534291673, ""r_track"": -0.0038669966825662675, ""r_dir"": -7.498679661211731e-05, ""r_time"": -1.0, ""r_smooth"": 0.0, ""total"": -0.9722303781362617}"
0.845,-0.021251347076828613,6.714642550995498,0.0,6.714642550995498,64.32439968026173,900.0,20000.0,-6.122185307179588,1.0,1000.0,0.02125134707682861,1.0419719249514459,0.0,6.77896574520318,normal,0.0,"{""progress_diff"": 0.0016080798551925124, ""r_progress"": 0.03216159710385025, ""r_track"": -0.004014397800709617, ""r_dir"": -7.496230587089605e-05, ""r_time"": -1.0, ""r_smooth"": 0.0, ""total"": -0.9719277630027303}"
0.846,-0.021650407594458087,6.649439372481206,0.0,6.649439372481206,65.20439968026173,880.0,-20000.0,-6.120185307179589,2.0,1000.0,0.021650407594458087,1.128295490029597,0.0,6.714642550995478,normal,0.0,"{""progress_diff"": 0.0016300794628572035, ""r_progress"": 0.03260158925714407, ""r_track"": -0.004166579102277053, ""r_dir"": -7.491333638843176e-05, ""r_time"": -1.0, ""r_smooth"": 0.0, ""total"": -0.9716399031815214}"
0.847,-0.022054533249104773,6.583376208860557,0.0,6.583376208860557,66.06439968026173,860.0,-20000.0,-6.1171853071795885,3.0,1000.0,0.022054533249104773,1.4974208280491372,0.0,6.64943937248119,normal,0.0,"{""progress_diff"": 0.0016515790905161642, ""r_progress"": 0.033031581810323285, ""r_track"": -0.004323577216318826, ""r_dir"": -7.483991216474622e-05, ""r_time"": -1.0, ""r_smooth"": 0.0, ""total"": -0.9713668353181603}"
0.848,-0.022463529694767993,6.516473059319719,0.0,6.516473059319719,66.90439968026173,840.0,-20000.0,-6.113185307179589,4.0,1000.0,0.022463529694767993,1.3588220227985592,0.0,6.5833762088605425,normal,0.0,"{""progress_diff"": 0.0016725787385211133, ""r_progress"": 0.033451574770422265, ""r_track"": -0.004485423700868653, ""r_dir"": -7.474206919982854e-05, ""r_time"": -1.0, ""r_smooth"": 0.0, ""total"": -0.9711085909996462}"
0.849,-0.022877444631377544,6.4487099237779555,0.0,6.4487099237779555,67.76439968026173,860.0,20000.0,-6.108185307179589,5.0,1000.0,0.022877444631377544,0.8228464033864803,0.0,6.516473059319701,normal,0.0,"{""progress_diff"": 0.0016940783885441846, ""r_progress"": 0.03388156777088369, ""r_track"": -0.004652244203215514, ""r_dir"": -7.461985549368957e-05, ""r_time"": -1.0, ""r_smooth"": 0.0, ""total"": -0.9708452962878256}"
0.85,-0.023296215999256905,6.380106802230678,0.0,6.380106802230678,68.60439968026174,840.0,-20000.0,-6.1041853071795895,4.0,-1000.0,0.023296215999256905,0.2104324684973222,0.0,6.448709923777933,normal,0.0,"{""progress_diff"": 0.001715078038681872, ""r_progress"": 0.03430156077363744, ""r_track"": -0.004824121598969186, ""r_dir"": -7.45221565287719e-05, ""r_time"": -1.0, ""r_smooth"": 0.0, ""total"": -0.9705970829818605}"
0.851,-0.023719889618366633,6.3106436945863775,0.0,6.3106436945863775,69.46439968026174,860.0,20000.0,-6.09918530717959,5.0,1000.0,0.023719889618366633,1.5755492496918815,0.0,6.380106802230657,normal,0.0,"{""progress_diff"": 0.001736577691107466, ""r_progress"": 0.03473155382214932, ""r_track"": -0.005001183675622197, ""r_dir"": -7.440012282263292e-05, ""r_time"": -1.0, ""r_smooth"": 0.0, ""total"": -0.9703440299762955}"
0.852,-0.02414864911490099,6.240300601594453,0.0,6.240300601594453,70.34439968026173,880.0,20000.0,-6.09518530717959,4.0,-1000.0,0.02414864911490099,0.3264771324986584,0.0,6.310643694586361,normal,0.0,"{""progress_diff"": 0.0017585773247981162, ""r_progress"": 0.035171546495962325, ""r_track"": -0.005183620036218741, ""r_dir"": -7.430256785771523e-05, ""r_time"": -1.0, ""r_smooth"": 0.0, ""total"": -0.9700863761081141}"
0.853,-0.0245822944229521,6.169097522408414,0.0,6.169097522408414,71.20439968026173,860.0,-20000.0,-6.09018530717959,5.0,1000.0,0.0245822944229521,1.3586077572298518,0.0,6.240300601594434,normal,0.0,"{""progress_diff"": 0.0017800769796511018, ""r_progress"": 0.035601539593022036, ""r_track"": -0.00537145954752624, ""r_dir"": -7.418071415157625e-05, ""r_time"": -1.0, ""r_smooth"": 0.0, ""total"": -0.9698441006686558}"
0.854,-0.02502062319664756,6.097054456169008,0.0,6.097054456169008,72.04439968026173,840.0,-20000.0,-6.08418530717959,6.0,1000.0,0.02502062319664756,0.6189190957292595,0.0,6.169097522408393,normal,0.0,"{""progress_diff"": 0.0018010766559850566, ""r_progress"": 0.03602153311970113, ""r_track"": -0.0055647252013210505, ""r_dir"": -7.403462170420514e-05, ""r_time"": -1.0, ""r_smooth"": 0.0, ""total"": -0.9696172267033242}"
0.855,-0.025463430930146573,6.024191402005213,0.0,6.024191402005213,72.86439968026173,820.0,-20000.0,-6.07718530717959,7.0,1000.0,0.025463430930146573,1.2429232471448435,0.0,6.0970544561689906,normal,0.0,"{""progress_diff"": 0.001821576354094745, ""r_progress"": 0.0364315270818949, ""r_track"": -0.005763433908749735, ""r_dir"": -7.386436251560192e-05, ""r_time"": -1.0, ""r_smooth"": 0.0, ""total"": -0.9694057711893704}"
0.856,-0.02591075384355801,5.950488359771945,0.0,5.950488359771945,73.70439968026173,840.0,20000.0,-6.06918530717959,8.0,1000.0,0.02591075384355801,1.1584091375224004,0.0,6.024191402005201,normal,0.0,"{""progress_diff"": 0.0018425760558317128, ""r_progress"": 0.036851521116634256, ""r_track"": -0.005967708131035167, ""r_dir"": -7.367002058576659e-05, ""r_time"": -1.0, ""r_smooth"": 0.0, ""total"": -0.9691898570349867}"
0.857,-0.02636262515703443,5.875925329307821,0.0,5.875925329307821,74.56439968026173,860.0,20000.0,-6.06018530717959,9.0,1000.0,0.02636262515703443,1.4088698129217345,0.0,5.950488359771931,normal,0.0,"{""progress_diff"": 0.001864075761602968, ""r_progress"": 0.03728151523205936, ""r_track"": -0.006177671157069374, ""r_dir"": -7.345169191470992e-05, ""r_time"": -1.0, ""r_smooth"": 0.0, ""total"": -0.9689696076169247}"
0.858,-0.026819074970772402,5.80048231043475,0.0,5.80048231043475,75.44439968026172,880.0,20000.0,-6.05018530717959,10.0,1000.0,0.0268190749707724,1.0238260565930801,0.0,5.875925329307812,normal,0.0,"{""progress_diff"": 0.0018860754718268424, ""r_progress"": 0.03772150943653685, ""r_track"": -0.006393446953670315, ""r_dir"": -7.320948450242116e-05, ""r_time"": -1.0, ""r_smooth"": 0.0, ""total"": -0.9687451470016359}"
0.859,-0.02728028283102677,5.7241393038798,0.0,5.7241393038798,76.34439968026173,900.0,20000.0,-6.04118530717959,9.0,-1000.0,0.02728028283102677,0.2750714994256208,0.0,5.800482310434738,normal,0.0,"{""progress_diff"": 0.0019085751638737714, ""r_progress"": 0.03817150327747543, ""r_track"": -0.006615234056362791, ""r_dir"": -7.299183983136449e-05, ""r_time"": -1.0, ""r_smooth"": 0.0, ""total"": -0.9685167226187187}"
0.86,-0.02774618911807576,5.6469163096532835,0.0,5.6469163096532835,77.22439968026173,880.0,-20000.0,-6.03318530717959,8.0,-1000.0,0.027746189118075762,0.8120327325755905,0.0,5.724139303879788,normal,0.0,"{""progress_diff"": 0.0019305748556629476, ""r_progress"": 0.03861149711325895, ""r_track"": -0.006843120094009119, ""r_dir"": -7.279864990153991e-05, ""r_time"": -1.0, ""r_smooth"": 0.0, ""total"": -0.9683044216306517}"
0.861,-0.028216822132140988,5.568793327567553,0.0,5.568793327567553,78.12439968026173,900.0,20000.0,-6.024185307179589,9.0,1000.0,0.028216822132140988,1.5508981293910502,0.0,5.646916309653271,normal,0.0,"{""progress_diff"": 0.0019530745521432191, ""r_progress"": 0.03906149104286438, ""r_track"": -0.007077236010994503, ""r_dir"": -7.258161723047252e-05, ""r_time"": -1.0, ""r_smooth"": 0.0, ""total"": -0.9680883265853606}"
0.862,-0.028691966367526987,5.489790356694337,0.0,5.489790356694337,79.00439968026173,880.0,-20000.0,-6.01418530717959,10.0,1000.0,0.028691966367526987,0.5976433878620881,0.0,5.5687933275675405,normal,0.0,"{""progress_diff"": 0.0019750742718305236, ""r_progress"": 0.03950148543661047, ""r_track"": -0.007317590524758221, ""r_dir"": -7.234084981819445e-05, ""r_time"": -1.0, ""r_smooth"": 0.0, ""total"": -0.967888445937966}"
0.863,-0.029171644404529545,5.409887396816472,0.0,5.409887396816472,79.90439968026173,900.0,20000.0,-6.0031853071795895,11.0,1000.0,0.029171644404529545,1.8141814918504635,0.0,5.489790356694321,normal,0.0,"{""progress_diff"": 0.0019975739969465556, ""r_progress"": 0.03995147993893111, ""r_track"": -0.007564309664571733, ""r_dir"": -7.207646766467361e-05, ""r_time"": -1.0, ""r_smooth"": 0.0, ""total"": -0.9676849061933053}"
0.864,-0.029656037109384734,5.329064448668175,0.0,5.329064448668175,80.82439968026173,920.0,20000.0,-5.99318530717959,10.0,-1000.0,0.029656037109384734,0.23791093669403174,0.0,5.409887396816458,normal,0.0,"{""progress_diff"": 0.002020573703707562, ""r_progress"": 0.040411474074151243, ""r_track"": -0.007817604773628485, ""r_dir"": -7.183654025238486e-05, ""r_time"": -1.0, ""r_smooth"": 0.0, ""total"": -0.9674779672397297}"
0.865,-0.030144924696445266,5.247341511300345,0.0,5.247341511300345,81.72439968026174,900.0,-20000.0,-5.98218530717959,11.0,1000.0,0.030144924696445266,2.27307676225227,0.0,5.329064448668156,normal,0.0,"{""progress_diff"": 0.0020430734341955192, ""r_progress"": 0.040861468683910385, ""r_track"": -0.00807747986626094, ""r_dir"": -7.157308209887467e-05, ""r_time"": -1.0, ""r_smooth"": 0.0, ""total"": -0.9672875842644494}"
0.866,-0.030638489431928845,5.164698585454494,0.0,5.164698585454494,82.64439968026174,920.0,20000.0,-5.97218530717959,10.0,-1000.0,0.030638489431928845,0.22305319049896144,0.0,5.247341511300334,normal,0.0,"{""progress_diff"": 0.0020660731461463744, ""r_progress"": 0.04132146292292749, ""r_track"": -0.008344151419292583, ""r_dir"": -7.133399468658592e-05, ""r_time"": -1.0, ""r_smooth"": 0.0, ""total"": -0.9670940224910517}"
0.867,-0.031136677216029085,5.081155671171671,0.0,5.081155671171671,83.54439968026175,900.0,-20000.0,-5.9631853071795895,9.0,-1000.0,0.031136677216029085,0.8863735785920235,0.0,5.164698585454481,normal,0.0,"{""progress_diff"": 0.0020885728570705364, ""r_progress"": 0.04177145714141073, ""r_track"": -0.008617712604934977, ""r_dir"": -7.111915801552922e-05, ""r_time"": -1.0, ""r_smooth"": 0.0, ""total"": -0.9669173746215398}"
0.868,-0.03163926834308776,4.996732767504884,0.0,4.996732767504884,84.42439968026174,880.0,-20000.0,-5.95318530717959,10.0,1000.0,0.03163926834308776,0.9757955985077075,0.0,5.081155671171658,normal,0.0,"{""progress_diff"": 0.0021105725916698015, ""r_progress"": 0.04221145183339603, ""r_track"": -0.008898162678097024, ""r_dir"": -7.088083060324047e-05, ""r_time"": -1.0, ""r_smooth"": 0.0, ""total"": -0.9667575916753043}"
0.869,-0.032146278753479814,4.911409874203961,0.0,4.911409874203961,85.32439968026175,900.0,20000.0,-5.94218530717959,11.0,1000.0,0.032146278753479814,1.6784997496877025,0.0,4.9967327675048665,normal,0.0,"{""progress_diff"": 0.0021330723325230228, ""r_progress"": 0.042661446650460455, ""r_track"": -0.009185628779523803, ""r_dir"": -7.061913244971969e-05, ""r_time"": -1.0, ""r_smooth"": 0.0, ""total"": -0.9665948012615131}"
0.87,-0.032657483821599206,4.825206990298533,0.0,4.825206990298533,86.20439968026174,880.0,-20000.0,-5.93018530717959,12.0,1000.0,0.032657483821599206,0.6982394996336412,0.0,4.911409874203947,normal,0.0,"{""progress_diff"": 0.0021550720976358795, ""r_progress"": 0.04310144195271759, ""r_track"": -0.009480099996071235, ""r_dir"": -7.033419555497742e-05, ""r_time"": -1.0, ""r_smooth"": 0.0, ""total"": -0.9664489922389086}"
0.871,-0.03317265700185324,4.7381441148103045,0.0,4.7381441148103045,87.06439968026174,860.0,-20000.0,-5.91718530717959,13.0,1000.0,0.03317265700185324,2.1402591266355007,0.0,4.825206990298511,normal,0.0,"{""progress_diff"": 0.0021765718872057693, ""r_progress"": 0.04353143774411539, ""r_track"": -0.00978155708944536, ""r_dir"": -7.002616391900311e-05, ""r_time"": -1.0, ""r_smooth"": 0.0, ""total"": -0.9663201455092489}"
0.872,-0.0336917457543935,4.650241247792134,0.0,4.650241247792134,87.90439968026175,840.0,-20000.0,-5.905185307179591,12.0,-1000.0,0.0336917457543935,0.4405505275773487,0.0,4.738144114810282,normal,0.0,"{""progress_diff"": 0.002197571675454091, ""r_progress"": 0.043951433509081816, ""r_track"": -0.010090077617588377, ""r_dir"": -6.974242702426084e-05, ""r_time"": -1.0, ""r_smooth"": 0.0, ""total"": -0.9662083865355309}"
0.873,-0.03421470077933156,4.561518389313246,0.0,4.561518389313246,88.72439968026174,820.0,-20000.0,-5.89418530717959,11.0,-1000.0,0.03421470077933156,0.3628365383573806,0.0,4.650241247792117,normal,0.0,"{""progress_diff"": 0.002218071461972282, ""r_progress"": 0.04436142923944564, ""r_track"": -0.01040573999483726, ""r_dir"": -6.948284087075056e-05, ""r_time"": -1.0, ""r_smooth"": 0.0, ""total"": -0.9661137935962624}"
0.874,-0.03474129685103946,4.471995538405288,0.0,4.471995538405288,89.52439968026174,800.0,-20000.0,-5.882185307179591,12.0,1000.0,0.03474129685103946,1.860430090851482,0.0,4.561518389313228,normal,0.0,"{""progress_diff"": 0.002238071272698816, ""r_progress"": 0.04476142545397632, ""r_track"": -0.010728512950151505, ""r_dir"": -6.920020797599781e-05, ""r_time"": -1.0, ""r_smooth"": 0.0, ""total"": -0.9660362877041512}"
0.875,-0.035271541829962054,4.381652694782513,0.0,4.381652694782513,90.34439968026173,820.0,20000.0,-5.869185307179591,13.0,1000.0,0.035271541829962054,1.8415049137260275,0.0,4.471995538405274,normal,0.0,"{""progress_diff"": 0.0022585710905692613, ""r_progress"": 0.045171421811385226, ""r_track"": -0.011058503671669004, ""r_dir"": -6.889467234002352e-05, ""r_time"": -1.0, ""r_smooth"": 0.0, ""total"": -0.9659559765326238}"
0.876,-0.03580562270224948,4.290469859212042,0.0,4.290469859212042,91.18439968026173,840.0,20000.0,-5.857185307179591,12.0,-1000.0,0.03580562270224948,0.15595600895452927,0.0,4.3816526947825025,normal,0.0,"{""progress_diff"": 0.002279570889261784, ""r_progress"": 0.04559141778523568, ""r_track"": -0.011395934374185276, ""r_dir"": -6.861323944528122e-05, ""r_time"": -1.0, ""r_smooth"": 0.0, ""total"": -0.9658731298283949}"
0.877,-0.036343544168383535,4.198427031392618,0.0,4.198427031392618,92.04439968026173,860.0,20000.0,-5.8441853071795915,13.0,1000.0,0.036343544168383535,0.5567208891630127,0.0,4.290469859212031,normal,0.0,"{""progress_diff"": 0.002301070695485463, ""r_progress"": 0.04602141390970926, ""r_track"": -0.0117409173575044, ""r_dir"": -6.830900380930693e-05, ""r_time"": -1.0, ""r_smooth"": 0.0, ""total"": -0.9657878124516044}"
0.878,-0.03688549341451996,4.105504212091051,0.0,4.105504212091051,92.92439968026173,880.0,20000.0,-5.832185307179592,12.0,-1000.0,0.03688549341451996,0.13564595650262123,0.0,4.198427031392612,normal,0.0,"{""progress_diff"": 0.0023230704825393245, ""r_progress"": 0.04646140965078649, ""r_track"": -0.012093685550511957, ""r_dir"": -6.802877091456461e-05, ""r_time"": -1.0, ""r_smooth"": 0.0, ""total"": -0.96570030467064}"
0.879,-0.037431426700701896,4.011721401404689,0.0,4.011721401404689,93.78439968026173,860.0,-20000.0,-5.821185307179592,11.0,-1000.0,0.037431426700701896,1.0113735805110722,0.0,4.105504212091041,normal,0.0,"{""progress_diff"": 0.002344570267159063, ""r_progress"": 0.04689140534318126, ""r_track"": -0.012454326265333503, ""r_dir"": -6.777239676104393e-05, ""r_time"": -1.0, ""r_smooth"": 0.0, ""total"": -0.9656306933189133}"
0.88,-0.03798134664743407,3.917058599022356,0.0,3.917058599022356,94.66439968026172,880.0,20000.0,-5.809185307179592,12.0,1000.0,0.03798134664743407,1.6689794874179193,0.0,4.011721401404678,normal,0.0,"{""progress_diff"": 0.002366570059558315, ""r_progress"": 0.0473314011911663, ""r_track"": -0.012822957272467125, ""r_dir"": -6.749326786630162e-05, ""r_time"": -1.0, ""r_smooth"": 0.0, ""total"": -0.9655590493491671}"
0.881,-0.038535211714731205,3.8215358050527404,0.0,3.8215358050527404,95.52439968026172,860.0,-20000.0,-5.798185307179592,11.0,-1000.0,0.038535211714731205,1.0324341442021854,0.0,3.917058599022347,normal,0.0,"{""progress_diff"": 0.0023880698492403374, ""r_progress"": 0.04776139698480675, ""r_track"": -0.01319966703910362, ""r_dir"": -6.723790571279126e-05, ""r_time"": -1.0, ""r_smooth"": 0.0, ""total"": -0.9655055079600097}"
0.882,-0.039093022323118794,3.7251330191747543,0.0,3.7251330191747543,96.40439968026172,880.0,20000.0,-5.786185307179593,12.0,1000.0,0.039093022323118794,0.9055687924535358,0.0,3.821535805052733,normal,0.0,"{""progress_diff"": 0.002410069646949564, ""r_progress"": 0.04820139293899128, ""r_track"": -0.013584572394274349, ""r_dir"": -6.695988081804892e-05, ""r_time"": -1.0, ""r_smooth"": 0.0, ""total"": -0.9654501393361011}"
0.883,-0.03965497013871175,3.6278302421753867,0.0,3.6278302421753867,97.30439968026172,900.0,20000.0,-5.775185307179592,11.0,-1000.0,0.03965497013871175,0.1078067142880646,0.0,3.7251330191747485,normal,0.0,"{""progress_diff"": 0.0024325694249842655, ""r_progress"": 0.04865138849968531, ""r_track"": -0.013977925837352181, ""r_dir"": -6.670553066452826e-05, ""r_time"": -1.0, ""r_smooth"": 0.0, ""total"": -0.9653932428683314}"
0.884,-0.040221018261472785,3.5296474741858046,0.0,3.5296474741858046,98.18439968026172,880.0,-20000.0,-5.765185307179593,10.0,-1000.0,0.040221018261472785,1.064286257324218,0.0,3.627830242175378,normal,0.0,"{""progress_diff"": 0.0024545691997396313, ""r_progress"": 0.049091383994792626, ""r_track"": -0.014379824977686464, ""r_dir"": -6.647472325223957e-05, ""r_time"": -1.0, ""r_smooth"": 0.0, ""total"": -0.9653549157061461}"
0.885,-0.0407911651119495,3.430564714875384,0.0,3.430564714875384,99.08439968026173,900.0,20000.0,-5.7541853071795925,11.0,1000.0,0.040791165111949496,1.255985896921461,0.0,3.5296474741857935,normal,0.0,"{""progress_diff"": 0.0024770689827605663, ""r_progress"": 0.049541379655211326, ""r_track"": -0.01479039245502512, ""r_dir"": -6.622129709872915e-05, ""r_time"": -1.0, ""r_smooth"": 0.0, ""total"": -0.9653152340969126}"
0.886,-0.04136517606457465,3.33060196323828,0.0,3.33060196323828,99.96439968026172,880.0,-20000.0,-5.742185307179593,12.0,1000.0,0.04136517606457465,2.6312749133964823,0.0,3.4305647148753735,normal,0.0,"{""progress_diff"": 0.002499068790927539, ""r_progress"": 0.04998137581855078, ""r_track"": -0.015209580363140083, ""r_dir"": -6.59453842039766e-05, ""r_time"": -1.0, ""r_smooth"": 0.0, ""total"": -0.9652941499287933}"
0.887,-0.04193809146109305,3.2306036044120052,0.0,3.2306036044120052,100.0,860.0,-20000.0,-5.729185307179593,13.0,1000.0,0.04193809146109305,2.3799400938047706,0.0,3.330601963238273,normal,0.0,"{""progress_diff"": 0.0024999589706569125, ""r_progress"": 0.04999917941313825, ""r_track"": -0.01563380902576894, ""r_dir"": -6.564712856801251e-05, ""r_time"": -1.0, ""r_smooth"": 0.0, ""total"": -0.9657002767411987}"
0.888,-0.042509606880531764,3.1306052375747146,0.0,3.1306052375747146,100.0,840.0,-20000.0,-5.715185307179593,14.0,1000.0,0.042509606880531764,1.9095999923238043,0.0,3.2306036044119963,normal,0.0,"{""progress_diff"": 0.0024999591709322644, ""r_progress"": 0.04999918341864529, ""r_track"": -0.016062814907887586, ""r_dir"": -6.53266861908063e-05, ""r_time"": -1.0, ""r_smooth"": 0.0, ""total"": -0.9661289581754331}"
0.889,-0.04307982232115336,3.0306068633161733,0.0,3.0306068633161733,100.0,820.0,-20000.0,-5.702185307179593,13.0,-1000.0,0.04307982232115335,1.058396563192341,0.0,3.1306052375747058,normal,0.0,"{""progress_diff"": 0.0024999593564636324, ""r_progress"": 0.04999918712927265, ""r_track"": -0.016496631921974602, ""r_dir"": -6.502983455483202e-05, ""r_time"": -1.0, ""r_smooth"": 0.0, ""total"": -0.9665624746272568}"
0.89,-0.04364883778124281,2.930608482222247,0.0,2.930608482222247,100.0,800.0,-20000.0,-5.690185307179593,12.0,-1000.0,0.0436488377812428,0.05171858529020543,0.0,3.0306068633161587,normal,0.0,"{""progress_diff"": 0.002499959527348161, ""r_progress"": 0.049999190546963224, ""r_track"": -0.016935298130251103, ""r_dir"": -6.475641766008966e-05, ""r_time"": -1.0, ""r_smooth"": 0.0, ""total"": -0.967000864000948}"
0.891,-0.04421655326232999,2.830610093739569,0.0,2.830610093739569,100.0,780.0,-20000.0,-5.6771853071795935,13.0,1000.0,0.04421655326232999,1.9104577794206998,0.0,2.930608482222233,normal,0.0,"{""progress_diff"": 0.002499959712066846, ""r_progress"": 0.04999919424133692, ""r_track"": -0.017378698510226352, ""r_dir"": -6.446086602411538e-05, ""r_time"": -1.0, ""r_smooth"": 0.0, ""total"": -0.9674439651349136}"
0.892,-0.04478286876592283,2.7306116973186745,0.0,2.7306116973186745,100.0,760.0,-20000.0,-5.663185307179593,14.0,1000.0,0.04478286876592282,1.2495838611253112,0.0,2.8306100937395584,normal,0.0,"{""progress_diff"": 0.0024999599105223202, ""r_progress"": 0.049999198210446405, ""r_track"": -0.017826714088052142, ""r_dir"": -6.414333564690922e-05, ""r_time"": -1.0, ""r_smooth"": 0.0, ""total"": -0.9678916592132526}"
0.893,-0.04534768429350571,2.630613292414297,0.0,2.630613292414297,100.0,740.0,-20000.0,-5.6481853071795936,15.0,1000.0,0.04534768429350572,0.7868770104853834,0.0,2.7306116973186647,normal,0.0,"{""progress_diff"": 0.002499960122609446, ""r_progress"": 0.04999920245218892, ""r_track"": -0.01827922196251969, ""r_dir"": -6.380399452848124e-05, ""r_time"": -1.0, ""r_smooth"": 0.0, ""total"": -0.9683438235048593}"
0.894,-0.04591089984653789,2.5306148784856712,0.0,2.5306148784856712,100.0,720.0,-20000.0,-5.6321853071795935,16.0,1000.0,0.04591089984653789,0.9671251097693452,0.0,2.6306132924142887,normal,0.0,"{""progress_diff"": 0.0024999603482156463, ""r_progress"": 0.049999206964312926, ""r_track"": -0.018736095330834073, ""r_dir"": -6.344302266882139e-05, ""r_time"": -1.0, ""r_smooth"": 0.0, ""total"": -0.96880033138919}"
0.895,-0.046472415426451974,2.4306164549968305,0.0,2.4489795918367356,100.0,700.0,-20000.0,-5.615185307179593,17.0,1000.0,0.046472415426451974,0.6013702666188935,0.0,2.5306148784856646,normal,0.0,"{""progress_diff"": 0.0024999605872207953, ""r_progress"": 0.049999211744415906, ""r_track"": -0.0191972035161665, ""r_dir"": -6.306061206792967e-05, ""r_time"": -1.0, ""r_smooth"": 0.0, ""total"": -0.9692610523838185}"
0.896,-0.0470251367181312,2.3319028948545117,0.0,2.3319028948545117,98.71510754082897,680.0,-20000.0,-5.599185307179593,16.0,-1000.0,0.0470251367181312,0.10886198107485531,0.0,2.43061645499683,normal,0.0,"{""progress_diff"": 0.00246783900355807, ""r_progress"": 0.0493567800711614, ""r_track"": -0.019656564296523835, ""r_dir"": -6.270175220826981e-05, ""r_time"": -1.0, ""r_smooth"": 0.0, ""total"": -0.9703624859775707}"
0.897,-0.047565093683752724,2.2352099444253133,0.0,2.2448979591836737,96.69445804299303,660.0,-20000.0,-5.5841853071795935,15.0,-1000.0,0.04756509368375273,0.11124930522123369,0.0,2.331902894854508,normal,0.0,"{""progress_diff"": 0.0024173237607300058, ""r_progress"": 0.048346475214600115, ""r_track"": -0.020110561219059322, ""r_dir"": -6.236625108984181e-05, ""r_time"": -1.0, ""r_smooth"": 0.0, ""total"": -0.9718264522555491}"
0.898,-0.04809224981066622,2.140538045104928,0.0,2.140538045104928,94.67336697567767,640.0,-20000.0,-5.5681853071795935,16.0,1000.0,0.04809224981066622,0.9271824536758606,0.0,2.235209944425307,normal,0.0,"{""progress_diff"": 0.0023667974830097194, ""r_progress"": 0.04733594966019439, ""r_track"": -0.02055879548312467, ""r_dir"": -6.200937523018196e-05, ""r_time"": -1.0, ""r_smooth"": 0.0, ""total"": -0.9732848551981604}"
0.899,-0.04860657456305891,2.047887657694627,0.0,2.047887657694627,92.6518149699712,620.0,-20000.0,-5.551185307179593,17.0,1000.0,0.04860657456305891,1.8834985816567338,0.0,2.1405380451049183,normal,0.0,"{""progress_diff"": 0.0023162596852573936, ""r_progress"": 0.04632519370514787, ""r_track"": -0.02100088080670405, ""r_dir"": -6.163131662930015e-05, ""r_time"": -1.0, ""r_smooth"": 0.0, ""total"": -0.9747373184181854}"
0.9,-0.049108224635556794,1.9572592647110076,0.0,1.9572592647110076,90.62978135021953,600.0,-20000.0,-5.535185307179593,16.0,-1000.0,0.049108224635556794,0.11904789743273662,0.0,2.0478876576946234,normal,0.0,"{""progress_diff"": 0.0022657098245905116, ""r_progress"": 0.04531419649181023, ""r_track"": -0.0214366020165005, ""r_dir"": -6.127655276963044e-05, ""r_time"": -1.0, ""r_smooth"": 0.0, ""total"": -0.9761836820774599}"
0.901,-0.04959717334625228,1.868653369733233,0.0,1.868653369733233,88.60724403599363,580.0,-20000.0,-5.518185307179593,17.0,1000.0,0.04959717334625228,0.42548177861236836,0.0,1.9572592647110056,normal,0.0,"{""progress_diff"": 0.0022151473744442818, ""r_progress"": 0.044302947488885636, ""r_track"": -0.02186559647945064, ""r_dir"": -6.090073816874861e-05, ""r_time"": -1.0, ""r_smooth"": 0.0, ""total"": -0.9776235497287338}"
0.902,-0.05007357314200405,1.7820705009947948,0.0,1.7820705009947948,86.58417936172306,560.0,-20000.0,-5.502185307179593,16.0,-1000.0,0.050073573142004044,0.12430001055476922,0.0,1.8686533697332308,normal,0.0,"{""progress_diff"": 0.0021645717184611835, ""r_progress"": 0.04329143436922367, ""r_track"": -0.022287668686290035, ""r_dir"": -6.054808630907898e-05, ""r_time"": -1.0, ""r_smooth"": 0.0, ""total"": -0.9790567824033755}"
0.903,-0.0505375702867773,1.6975112120465137,0.0,1.6975112120465137,84.56056197063289,540.0,-20000.0,-5.487185307179593,15.0,-1000.0,0.0505375702867773,0.1266873347011476,0.0,1.7820705009947844,normal,0.0,"{""progress_diff"": 0.002113982223706956, ""r_progress"": 0.04227964447413912, ""r_track"": -0.02270263120436405, ""r_dir"": -6.0218405190660685e-05, ""r_time"": -1.0, ""r_smooth"": 0.0, ""total"": -0.9804832051354155}"
0.904,-0.05098930484958409,1.6149760836412044,0.0,1.6326530612244898,82.53636462188128,520.0,-20000.0,-5.473185307179593,14.0,-1000.0,0.0509893048495841,0.12891550390443418,0.0,1.697511212046507,normal,0.0,"{""progress_diff"": 0.0020633782101328046, ""r_progress"": 0.04126756420265609, ""r_track"": -0.023110304080389513, ""r_dir"": -5.9911514813454666e-05, ""r_time"": -1.0, ""r_smooth"": 0.0, ""total"": -0.9819026513925468}"
0.905,-0.05142874967052863,1.5344657249311338,0.0,1.5344657249311338,80.51155799868047,500.0,-20000.0,-5.458185307179593,15.0,1000.0,0.05142874967052863,0.7888458420505857,0.0,1.6149760836411957,normal,0.0,"{""progress_diff"": 0.002012758967751771, ""r_progress"": 0.04025517935503542, ""r_track"": -0.023510367045990205, ""r_dir"": -5.958357369501689e-05, ""r_time"": -1.0, ""r_smooth"": 0.0, ""total"": -0.9833147712646498}"
0.906,-0.05185588351930181,1.4559807767358917,0.0,1.4559807767358917,78.48611046888871,480.0,-20000.0,-5.442185307179593,16.0,1000.0,0.051855883519301815,1.9898654547942403,0.0,1.534465724931124,normal,0.0,"{""progress_diff"": 0.0019621237048810247, ""r_progress"": 0.039242474097620494, ""r_track"": -0.023902512493932423, ""r_dir"": -5.923476183536673e-05, ""r_time"": -1.0, ""r_smooth"": 0.0, ""total"": -0.9847192731581473}"
0.907,-0.052270844004938345,1.379521914911058,0.0,1.379521914911058,76.4599878613229,460.0,-20000.0,-5.4271853071795935,15.0,-1000.0,0.05227084400493834,0.13623663128666127,1.0,1.4559807767358848,corner,1.0,"{""progress_diff"": 0.0019114715456209908, ""r_progress"": 0.038229430912419815, ""r_track"": 0.0, ""r_dir"": -2.9454340358464495e-05, ""r_time"": -1.0, ""r_smooth"": -0.24112499999999998, ""total"": -1.2029250234279387}"
0.908,-0.05267361362435874,1.3050898514364508,0.0,1.3050898514364508,74.43315320778966,440.0,-20000.0,-5.4111853071795935,16.0,1000.0,0.05267361362435874,0.26940010667251346,1.0,1.3795219149110451,corner,1.0,"{""progress_diff"": 0.0018608015868651906, ""r_progress"": 0.03721603173730381, ""r_track"": 0.0, ""r_dir"": -2.9280926428639387e-05, ""r_time"": -1.0, ""r_smooth"": -0.24128, ""total"": -1.2040932491891247}"
0.909,-0.053064180772597204,1.2326853384565366,0.0,1.2326853384565366,72.40556637825469,420.0,-20000.0,-5.394185307179593,17.0,1000.0,0.053064180772597204,0.7462822223180364,1.0,1.3050898514364349,corner,1.0,"{""progress_diff"": 0.0018101128244977227, ""r_progress"": 0.036202256489954454, ""r_track"": 0.0, ""r_dir"": -2.90972351281888e-05, ""r_time"": -1.0, ""r_smooth"": -0.241445, ""total"": -1.2052718407451737}"
0.91,-0.05344253973111279,1.162309171786742,0.0,1.162309171786742,70.37718373618125,400.0,-20000.0,-5.376185307179593,18.0,1000.0,0.05344253973111279,0.7717526161699046,1.0,1.2326853384565268,corner,1.0,"{""progress_diff"": 0.0017594041667449156, ""r_progress"": 0.03518808333489831, ""r_track"": 0.0, ""r_dir"": -2.8903368457131943e-05, ""r_time"": -1.0, ""r_smooth"": -0.24162, ""total"": -1.206460820033559}"
0.911,-0.053808690654571764,1.093962194842196,0.0,1.093962194842196,68.34795771606515,380.0,-20000.0,-5.357185307179593,19.0,1000.0,0.05380869065457176,1.493605031356269,1.0,1.162309171786731,corner,1.0,"{""progress_diff"": 0.0017086744236136653, ""r_progress"": 0.034173488472273306, ""r_track"": 0.0, ""r_dir"": -2.869943441545922e-05, ""r_time"": -1.0, ""r_smooth"": -0.241805, ""total"": -1.2076602109621422}"
0.912,-0.05416263955585352,1.0276453030547026,0.0,1.0276453030547026,66.3178363351734,360.0,-20000.0,-5.337185307179594,20.0,1000.0,0.05416263955585352,2.1426958645030862,1.0,1.0939621948421845,corner,1.0,"{""progress_diff"": 0.0016579222946873085, ""r_progress"": 0.03315844589374617, ""r_track"": 0.0, ""r_dir"": -2.8485547003170643e-05, ""r_time"": -1.0, ""r_smooth"": -0.242, ""total"": -1.208870039653257}"
0.913,-0.054504526860690766,0.96335944954011,0.0,0.96335944954011,64.28676262675597,340.0,-20000.0,-5.3181853071795935,19.0,-1000.0,0.054504526860690766,0.027998546820891004,1.0,1.0276453030546904,corner,1.0,"{""progress_diff"": 0.001607146337864629, ""r_progress"": 0.03214292675729258, ""r_track"": 0.0, ""r_dir"": -2.828309496149792e-05, ""r_time"": -1.0, ""r_smooth"": -0.241805, ""total"": -1.2096903563376689}"
0.914,-0.05483436211665959,0.9011056493053095,0.0,0.9011056493053095,62.25467400099799,320.0,-20000.0,-5.298185307179594,20.0,1000.0,0.05483436211665959,0.8757027116504544,1.0,0.963359449540107,corner,1.0,"{""progress_diff"": 0.0015563450058699857, ""r_progress"": 0.031126900117399714, ""r_track"": 0.0, ""r_dir"": -2.8070767549214068e-05, ""r_time"": -1.0, ""r_smooth"": -0.242, ""total"": -1.2109011706501493}"
0.915,-0.055152281105437545,0.8408849870576397,0.0,0.8408849870576397,60.22150142624591,300.0,-20000.0,-5.279185307179594,19.0,-1000.0,0.055152281105437545,0.7620065771267208,1.0,0.9011056493053076,corner,1.0,"{""progress_diff"": 0.0015055165561917994, ""r_progress"": 0.030110331123835987, ""r_track"": 0.0, ""r_dir"": -2.7869797507541333e-05, ""r_time"": -1.0, ""r_smooth"": -0.241805, ""total"": -1.2117225386736716}"
0.916,-0.05545829679670774,0.7826986231960154,0.0,0.8163265306122458,58.187168560092736,280.0,-20000.0,-5.259185307179594,20.0,1000.0,0.05545829679670774,1.35699718580808,1.0,0.8408849870576347,corner,1.0,"{""progress_diff"": 0.0014546590965406336, ""r_progress"": 0.029093181930812673, ""r_track"": 0.0, ""r_dir"": -2.765903009525277e-05, ""r_time"": -1.0, ""r_smooth"": -0.242, ""total"": -1.2129344770992825}"
0.917,-0.055752427888594136,0.7265478029304578,0.0,0.7265478029304578,56.151590623900894,260.0,-20000.0,-5.238185307179594,21.0,1000.0,0.055752427888594136,1.8336830844689709,1.0,0.782698623196012,corner,1.0,"{""progress_diff"": 0.0014037705066388684, ""r_progress"": 0.028075410132777368, ""r_track"": 0.0, ""r_dir"": -2.7438585312353046e-05, ""r_time"": -1.0, ""r_smooth"": -0.242205, ""total"": -1.2141570284525351}"
0.918,-0.05603469877146876,0.6724338659855209,0.0,0.6724338659855209,54.11467313522207,240.0,-20000.0,-5.216185307179594,22.0,1000.0,0.05603469877146876,1.8301816757209488,1.0,0.7265478029304546,corner,1.0,"{""progress_diff"": 0.0013528484236234872, ""r_progress"": 0.027056968472469745, ""r_track"": 0.0, ""r_dir"": -2.7208589158832856e-05, ""r_time"": -1.0, ""r_smooth"": -0.24242, ""total"": -1.2153902401166892}"
0.919,-0.0563051394856869,0.6203582578510759,0.0,0.6203582578510759,52.07631036039494,220.0,-20000.0,-5.193185307179594,23.0,1000.0,0.0563051394856869,1.1535792081998935,1.0,0.6724338659855178,corner,1.0,"{""progress_diff"": 0.0013018902033611335, ""r_progress"": 0.02603780406722267, ""r_track"": 0.0, ""r_dir"": -2.696917363470612e-05, ""r_time"": -1.0, ""r_smooth"": -0.242645, ""total"": -1.216634165106412}"
0.92,-0.056563785671951264,0.5703225429030038,0.0,0.6122448979591848,50.0363834445936,200.0,-20000.0,-5.169185307179594,24.0,1000.0,0.05656378567195126,0.6399492013752137,1.0,0.6203582578510733,corner,1.0,"{""progress_diff"": 0.0012508928737016145, ""r_progress"": 0.02501785747403229, ""r_track"": 0.0, ""r_dir"": -2.6720476739963545e-05, ""r_time"": -1.0, ""r_smooth"": -0.24287999999999998, ""total"": -1.2178888630027078}"
0.921,-0.05681067851266064,0.5223284198008223,0.0,0.5223284198008223,47.99475813484358,180.0,-20000.0,-5.144185307179594,25.0,1000.0,0.056810678512660646,1.6233904242525532,1.0,0.570322542903007,corner,1.0,"{""progress_diff"": 0.0011998530775546579, ""r_progress"": 0.023997061551093157, ""r_track"": 0.0, ""r_dir"": -2.6462642474605155e-05, ""r_time"": -1.0, ""r_smooth"": -0.24312499999999998, ""total"": -1.2191544010913815}"
0.922,-0.05704595656350038,0.4763777401513091,0.0,0.47637774015130907,45.951281984438616,160.0,-20000.0,-5.120185307179594,24.0,-1000.0,0.05704595656350038,0.4690882872836112,1.0,0.5223284198008216,corner,1.0,"{""progress_diff"": 0.0011487669912376708, ""r_progress"": 0.022975339824753416, ""r_track"": 0.0, ""r_dir"": -2.6216297579858004e-05, ""r_time"": -1.0, ""r_smooth"": -0.24287999999999998, ""total"": -1.2199308764728265}"
0.923,-0.05726975149577738,0.43247252960354327,0.0,0.43247252960354327,43.90578091112105,140.0,-20000.0,-5.097185307179594,23.0,-1000.0,0.05726975149577738,0.10331825931408499,1.0,0.47637774015131384,corner,1.0,"{""progress_diff"": 0.011909443503782868, ""r_progress"": 0.23818887007565737, ""r_track"": 0.0, ""r_dir"": -2.5981298055726656e-05, ""r_time"": -1.0, ""r_smooth"": -0.242645, ""total"": -1.0044821112223983}"
