{
  "config": "PPO_project\\configs\\train_square.yaml",
  "episodes": 1,
  "seed": 42,
  "dt": 0.01,
  "tests": {
    "t1_line_cap_open": true,
    "t2_square_cap_early_drop": true,
    "t3_adaptive_preview": false,
    "t4_inner_cut_coupling": false
  },
  "metrics": {
    "t1_line_v_ratio_cap_p50_last_half_median": 1.0,
    "t2_corner_progress": 0.3333333333333327,
    "t2_drop_step": 10,
    "t2_drop_progress": 0.280919578859678,
    "t3_d_target_median_low": 4.666666666666676,
    "t3_d_target_median_high": 6.3333333333333455,
    "t3_drop_step_low": 10,
    "t3_drop_step_high": 10,
    "t4_mean_cap_early": 0.07241233987842911,
    "t4_mean_cap_late": 0.0656828520157302,
    "t4_cap_gain": 0.0067294878626989185,
    "t4_corner_progress": 0.3333333333333327,
    "t4_late_progress_gate": 0.3233333333333327,
    "t4_window_start": 0.2133333333333327,
    "t4_window_end": 0.3533333333333327
  },
  "redlines": {
    "nan_count": 0,
    "cap_violation_count": 0,
    "omega_violation_count": 0
  }
}