x,y
20.0,0.0
20.0000625,-5.000000000143245e-11
20.000249999999998,-6.199994354851906e-10
20.00062499999999,-3.3319884265058514e-09
20.00112499999994,-1.022466484146975e-08
20.001812499999758,-2.6056193922731075e-08
20.0026249999993,-5.337313364704511e-08
20.003624999998237,-9.946586001572942e-08
20.00487499999604,-1.7355018428868343e-07
20.006312499992294,-2.7734380449852066e-07
20.00799999998632,-4.1933938077096745e-07
20.009874999977665,-5.995042410807559e-07
20.011999999965447,-8.273813393807344e-07
20.01443749994878,-1.1124158548999173e-06
20.017249999926356,-1.4675671620946613e-06
20.020499999896238,-1.910023981113244e-06
20.02424999985656,-2.4555373142965844e-06
20.0284374998071,-3.0991544119910843e-06
20.03312499974689,-3.850485766677852e-06
20.038374999674286,-4.723608128559147e-06
20.04412499959015,-5.707262252506493e-06
20.05043749949278,-6.815990613375354e-06
20.057374999381267,-8.059880388586013e-06
20.064999999253992,-9.453055474763672e-06
20.073374999107468,-1.1019665086697197e-05
20.082437498938816,-1.2768038345373958e-05
20.09212499874723,-1.4694686881227007e-05
20.102374998530113,-1.6804409963331156e-05
20.11324999828506,-1.9113069715967172e-05
20.124812498005046,-2.1657735539422734e-05
20.137124997682584,-2.447564725542055e-05
20.150124997306744,-2.7601641975633493e-05
20.16374999687128,-3.1046399804377654e-05
20.177937496375584,-3.479679087496496e-05
20.1926249958133,-3.8860914339278624e-05
20.207874995178752,-4.3260204114675814e-05
20.22362499445445,-4.8036767145216796e-05
20.239812493628346,-5.320833518406571e-05
20.256499992685793,-5.881705083826895e-05
20.273749991597583,-6.494429953142486e-05
20.291499990335314,-7.163836351683974e-05
20.30981248886487,-7.897696132351273e-05
20.328624987149553,-8.701056710187624e-05
20.347874985167895,-9.574519904199e-05
20.367624982855183,-0.00010530303156205411
20.387937480103123,-0.00011587669851607963
20.40887497681468,-0.00012761141106168428
20.430374972898168,-0.00014058869869150185
20.452499968339158,-0.0001547920843804308
20.475187463012222,-0.0001703390991051923
20.498374956868837,-0.00018721806569568474
20.52199994981592,-0.00020547320544795118
20.545999941751024,-0.00022514844211135517
20.57031243260734,-0.000246234252444389
20.594999922703625,-0.0002683475022464484
20.62012491210807,-0.000291421870292858
20.645749900231298,-0.00031609340371139714
20.671812386955384,-0.00034239942641074565
20.698249872062277,-0.0003704613711516968
20.72499985566723,-0.0004000778314204749
20.752124837491028,-0.00043147940433132815
20.779562318429456,-0.0004638213793665661
20.807249797711908,-0.0004976922188407526
20.83512477483526,-0.0005334045772287563
20.863124749536876,-0.0005710437705719519
20.891187221989007,-0.0006103645450081997
20.919249691824085,-0.0006515106924177073
20.94724965934431,-0.0006941588634202242
20.975124624338036,-0.0007383357622772101
21.00293708636623,-0.0007842942234192518
21.03062454566399,-0.0008317693217778501
21.058124502549354,-0.0008804653490154164
21.085499457268853,-0.0009302559641796275
21.112811910957006,-0.0009805529065501032
21.139999362356328,-0.0010319597105351943
21.16712431087766,-0.001084805856251737
21.194249256090462,-0.001139323765938673
21.221311697989428,-0.001195401524361738
21.24837413667645,-0.001253008478891329
21.275499072209612,-0.001312146637976532
21.302624004343887,-0.001372823742332274
21.3296864340784,-0.001434493139705576
21.35662386079922,-0.0014973255391895427
21.383498785647387,-0.001560881856875002
21.410248709010606,-0.0016249135819342766
21.436811130586687,-0.001689460189976706
21.463248549891986,-0.001754780368259378
21.489498466070657,-0.0018211174831929652
21.515623383009963,-0.001886995510124099
21.541560799654498,-0.0019527530782117873
21.56724821381524,-0.002019160791739459
21.592623125296793,-0.0020861854389385083
21.617623037933328,-0.002152277538296027
21.642185451510862,-0.002217435009758156
21.66624786389011,-0.002282371447958527
21.689747773820628,-0.0023474349372079512
21.712747680374534,-0.002412997972587883
21.73518509524099,-0.0024748070378752857
21.757122509366507,-0.0025361889210735833
21.778622421026128,-0.0025978219353617296
21.799747329688785,-0.0026599427399438083
21.82043473495802,-0.002722548461853508
21.84062213677963,-0.002785508313754326
21.860372036616763,-0.0028484084183628897
21.879621936246345,-0.0029105715181399396
21.898309336747545,-0.0029715531358812434
21.916496738008355,-0.0030314833311987444
21.93412163941842,-0.0030904348827159546
21.95112154078458,-0.003148344647372785
21.96743394265495,-0.0032049261774259757
21.983121345075904,-0.003260257298587483
21.998121251538947,-0.003313229933014701
22.01249616801901,-0.003362231884321515
22.026308587045133,-0.003409527726966873
22.039496009252737,-0.0034548241774726217
22.05199593440485,-0.0034980814497083076
22.063745861437386,-0.0035394907492261457
22.07480829073881,-0.0035790407294257697
22.085245724086256,-0.003616341770145858
22.09512066460271,-0.0036506170747397327
22.10449561248824,-0.0036818763714443867
22.113433062976327,-0.003711625707643999
22.121995515138003,-0.003740247884794392
22.130120468896756,-0.003767659892239051
22.13787042332049,-0.003794238644349506
22.14530787981762,-0.0038196768692680587
22.152495336015175,-0.0038447698601845994
22.159495290372092,-0.0038700483308371832
22.166370245901504,-0.0038947762218215884
22.173057702344586,-0.003918912747513046
22.17962016019005,-0.003942434578078263
22.186120116564112,-0.003966249180898137
22.19262007029277,-0.003990775193804876
22.19918251995243,-0.004016479559855257
22.205869968075188,-0.004042820695466758
22.212619918131967,-0.0040687866538380996
22.21936986841311,-0.004094694222449891
22.226182315191053,-0.004121622789329338
22.232994761509865,-0.004148667258328321
22.239744705115776,-0.004176259232062737
22.246494648244617,-0.004203967667296804
22.253182088827334,-0.00423215813833333
22.259744528325676,-0.004260337573784394
22.266119466368117,-0.004288443712443867
22.27224440362858,-0.004316166544403952
22.278056844155984,-0.004342460372167828
22.283494287479574,-0.004367286824563224
22.288619232099304,-0.00439111211958363
22.293494177310837,-0.004414224552690188
22.29805662510764,-0.00443605002983672
22.30236907464159,-0.004456913086538738
22.30649402971563,-0.004476165025398554
22.310493987119376,-0.004494624933947904
22.314431443636686,-0.004513129644144417
22.318368899253297,-0.0045318250237965305
22.322368852774463,-0.0045511078792266355
22.326493802706363,-0.0045714317401787455
22.3308062478267,-0.004593187982248432
22.335243696291105,-0.004614574326950965
22.33986864191614,-0.004637001218765968
22.344618585603875,-0.004660130493746125
22.34943102573054,-0.004684136269864847
22.35436846130647,-0.004709358948360633
22.35949339048127,-0.004736302469191745
22.36486831332209,-0.00476510273294647
22.370430729747422,-0.0047955947187039326
22.376118141783348,-0.004827226721706433
22.381993052219908,-0.004859666857064307
22.388117955930255,-0.004894011274074586
22.394555350152537,-0.004930914890931139
22.401367737332933,-0.004970121451016267
22.408617615504447,-0.005012151181126764
22.41624248224491,-0.00505723100083748
22.424179838043354,-0.005105076365554846
22.432367187671172,-0.005154698154018404
22.44086703534451,-0.005205585579439868
22.449741877916146,-0.005258446989656175
22.459054206356814,-0.005314973648013684
22.468866531361673,-0.005373576114180954
22.479116352543272,-0.0054341215122948785
22.48974116724311,-0.0054968717643344
22.50067847863595,-0.005561103734825647
22.51186577518177,-0.005628574068146556
22.523365557818863,-0.005699279794028186
22.535115322821238,-0.005773592571930529
22.547177569201697,-0.005851813458225005
22.559614793410287,-0.005934639995324432
22.57236450861343,-0.006019858765540048
22.585489207250387,-0.006108800820156034
22.59905142382696,-0.006196480807045983
22.61298862911348,-0.006287117727458715
22.62723833144272,-0.006379223797610502
22.641863016970415,-0.006475131127884106
22.656800175476366,-0.006576136167914608
22.672112300848394,-0.006683247517895539
22.687736905356445,-0.006794418408942634
22.70361148684974,-0.00690968944885781
22.719798538320457,-0.0070301922884549095
22.736360576488618,-0.007153877236692938
22.753360085496674,-0.007283080507061477
22.7707345622761,-0.0074179198232199196
22.788546536488173,-0.007554780768830883
22.80685848307067,-0.007697148636727768
22.825607927788777,-0.00784144958127227
22.844857387247664,-0.007985708170781258
22.864544408391946,-0.008123020641308522
22.884731411283642,-0.008264691035816597
22.905355869133476,-0.008414235010610591
22.926480270818836,-0.00857322694627965
22.94804215146968,-0.008736655979220981
22.96997905599551,-0.008898291602338354
22.992228445154748,-0.00906316137121417
23.014852808696237,-0.009232865061437768
23.03778964994356,-0.009406703622202046
23.0609764506459,-0.009586785381339257
23.08435072710332,-0.00977070137300012
23.107974995295105,-0.009956651373224967
23.13178672719969,-0.0101479102401048
23.1557234563553,-0.010340013287908484
23.179847795024145,-0.01051864360707363
23.20409713836565,-0.01069710230181071
23.22840893672419,-0.01088180970202033
23.252720675987682,-0.011074138155397097
23.277094855836225,-0.011274092427278363
23.301469005495758,-0.011477693445712272
23.325780784468588,-0.011664935070890756
23.3500926688758,-0.011837946112051804
23.374342081384643,-0.01200674473744227
23.398466555898207,-0.01216597552705622
23.422528528328556,-0.012325314822576648
23.44646558216478,-0.012471465059319188
23.470215094480007,-0.012623664891310395
23.493839522855755,-0.012788008796654494
23.517401353574147,-0.012965602286772326
23.540838194240944,-0.013141402768149206
23.56421252871186,-0.013317791661802763
23.587461801240106,-0.013501712588726154
23.610648493132253,-0.013695298096291803
23.633710125465235,-0.01389534906071293
23.656584398033022,-0.0140777757434145
23.67920884301515,-0.014236250506841007
23.701520845956743,-0.0143851833252761
23.723582796169108,-0.014540936582567804
23.745332166147286,-0.014706482806699155
23.76683162592246,-0.014858894668512179
23.788018576610018,-0.015011462073276435
23.80883049280195,-0.015167348795164322
23.82920483877349,-0.015330600845790356
23.84907910793455,-0.015501042371602979
23.868390809431023,-0.01567666002778596
23.88707745881747,-0.01585496021845717
23.905076573221677,-0.016033511791582716
23.922325870920258,-0.01618916816225883
23.938887697467276,-0.01633852570790822
23.954824509984373,-0.016486556261667475
23.97007387026349,-0.016626238320854733
23.984698280791203,-0.01675754603926283
23.998635311505534,-0.016871918753701653
24.011822479521722,-0.016965492055367504
24.024322249477205,-0.01704132779895987
24.036072010608006,-0.017116250219825494
24.047134250296537,-0.01719214042670387
24.057446536614822,-0.017258526718094462
24.066946307287722,-0.017324535522922145
24.075696054262963,-0.017391077759636758
24.083633274659892,-0.017457700732776835
24.09082055458695,-0.017513945733249395
24.097320344327937,-0.017566226924800053
24.103195186179466,-0.017609333995319686
24.108382534608992,-0.017648989016288655
24.11294488614909,-0.017685794920408796
24.11681977845967,-0.017714684042958458
24.120069676944617,-0.017740371346393374
24.12275710452324,-0.017760101010658565
24.124944541222067,-0.017776742483652543
24.126694485384213,-0.017790722089205294
24.127944444012574,-0.017800892014717042
24.128756921220777,-0.017806977747859953
24.129069412228528,-0.01780934841739462
24.129069412228528,-0.01780934841739462
24.129069412228528,-0.01780934841739462
24.129069412228528,-0.01780934841739462
24.129069412228528,-0.01780934841739462
24.129069412228528,-0.01780934841739462
24.129069412228528,-0.01780934841739462
24.129069412228528,-0.01780934841739462
24.129069412228528,-0.01780934841739462
24.129131909392274,-0.01780994383646011
24.129319400029924,-0.01781181754780083
24.129694380409767,-0.017815653526478455
24.130319345548333,-0.0178222547064541
24.131256786808862,-0.017832749136324384
24.1325691944335,-0.017848320802509924
24.134319086051537,-0.017867797073302286
24.13644394887689,-0.017891941916065992
24.1390062699519,-0.01792222323988536
24.142068583419405,-0.017956023783166856
24.145568360177712,-0.017995554050082043
24.149568080577335,-0.018042848075642798
24.154130226768356,-0.01809966692614546
24.159317284666145,-0.018167391478439668
24.16519176033742,-0.01824588088894096
24.171691163046436,-0.01833399686952333
24.17887796732636,-0.0184339993296743
24.186689669384332,-0.018545655979710453
24.195063788571815,-0.018667117223756437
24.203937884004525,-0.018793826541455966
24.213374450813717,-0.018926540917680732
24.22331097529167,-0.019065780096807577
24.233684993410307,-0.01920851437507555
24.24455898263297,-0.019356782326410263
24.25599537283836,-0.019516110039318156
24.26793169623282,-0.01968371097252032
24.280430403865598,-0.019863453873348313
24.293554177822042,-0.020042847686482
24.30736563878607,-0.02021226518599167
24.321802044575648,-0.02039001255900587
24.336925979062418,-0.020569541497837726
24.352674788509052,-0.02076319328232172
24.3689859167925,-0.02097473611703083
24.38592190605322,-0.021200952851067715
24.40342021622389,-0.021444142429450048
24.421418342634436,-0.0217038455483711
24.439853895093137,-0.021971822772165937
24.458789332634712,-0.022251306866664163
24.47828733213032,-0.02253061971841852
24.49841022584353,-0.02282177879331859
24.51909545922729,-0.02312800764447026
24.54040561382243,-0.023444183831589478
24.56240310898751,-0.023776157418280215
24.585150414864913,-0.024126265001632053
24.60871002274252,-0.024495430145373403
24.633019487024143,-0.02487962097107349
24.658016369740277,-0.02527440505865169
24.683638530401552,-0.02565586022998888
24.70994885459512,-0.025994234400801064
24.73700981692216,-0.02628272042203849
24.764883244907608,-0.026578756467221108
24.793507005892447,-0.026845087244179937
24.822818121647305,-0.02712995467894059
24.852754170968215,-0.027424670314799768
24.88325243093456,-0.02775046016278384
24.91437531510809,-0.02811337299135496
24.946060817759882,-0.028469150946200224
24.97824623116032,-0.028835648549050463
25.01086886507619,-0.02922856252314738
25.04386627344087,-0.029642133816400917
25.07717611654113,-0.030062858056338404
25.110735733981816,-0.030502725632717186
25.14448356724388,-0.030885152247546604
25.178356419285894,-0.03126662248204677
25.212417404566214,-0.03158785134740657
25.24660378538522,-0.031864478800863585
25.28085253603483,-0.03215701758619903
25.315101671894297,-0.03240031345482362
25.349288375050616,-0.032633730574687714
25.383474854316002,-0.03289791173838303
25.417723485146805,-0.033204157089856204
25.451972495542957,-0.03346451623460032
25.486158886606304,-0.033739874753659235
25.520220070114878,-0.03403934803350511
25.554094187828348,-0.03428383552586399
25.587718214777063,-0.034539641608928376
25.62102948046223,-0.03482640754525196
25.653965433993488,-0.035145580283617174
25.686464278575112,-0.03541962564390652
25.718588074314955,-0.03569778434844417
25.750274366959832,-0.0359743972064642
25.781586016257762,-0.03620520988712927
25.81246016078531,-0.03643504611587985
25.842834144950416,-0.036683462978865176
25.872645926342308,-0.036890456921013094
25.901832723303947,-0.03709303868242751
25.93045736618974,-0.03723602351011405
25.958581953977575,-0.03738829551743722
25.9861438744728,-0.03756702678192339
26.013080568607027,-0.03777539033205997
26.039329815639885,-0.03797421238309281
26.06482902687991,-0.03817477692780636
26.08951561323586,-0.03838716887705292
26.11332736129038,-0.03857640639459773
26.136326550549178,-0.038769521484558304
26.15857561747542,-0.03897328829128442
26.180137054756244,-0.03918736452791066
26.201073389359667,-0.03940827089602806
26.22132272265356,-0.03957259117130625
26.240947253929797,-0.0397082274055456
26.260009439152853,-0.03981777543995674
26.27857173752066,-0.03990429453881502
26.2965715205683,-0.039992670089255486
26.314071436167648,-0.04004702094658518
26.331008837921225,-0.04010471052909327
26.347446317089826,-0.04013087981909596
26.363446287445765,-0.04016167931815296
26.37907122469931,-0.04020596049623843
26.394258623215443,-0.04026148132219821
26.408946095094635,-0.0402902223720196
26.423196054926365,-0.0403240571783098
26.4369459599518,-0.04037516286769319
26.450258298607352,-0.04044070499088211
26.46307064912996,-0.040502594698014246
26.475445537197423,-0.040555228506294366
26.487445503233744,-0.04058377893871457
26.4990079957482,-0.0405969358061241
26.51019548958462,-0.0405851922962592
26.521070430011157,-0.040549196194978265
26.531695278775185,-0.040492506323407056
26.542132664288246,-0.04044361970210002
26.552320112797325,-0.04041122950463249
26.56232010875531,-0.04040223838049742
26.572070099563785,-0.04041562623465286
26.581507545910107,-0.04044744934420903
26.59069496924288,-0.040484982721502014
26.599569932585975,-0.040510490734025774
26.608194903726865,-0.040532802587747725
26.616632369922954,-0.04055668647044266
26.624819817983735,-0.040585849838490465
26.632819806922427,-0.04059915325190631
26.640569800161916,-0.040609389847607175
26.6480072902337,-0.040621542300496104
26.655069761473516,-0.04064169761662491
26.661694742035124,-0.04065774624064316
26.667819741906808,-0.04065899998272283
26.67350723644624,-0.040651118743351485
26.67869473481442,-0.04064700412151165
26.68344472200976,-0.040635974883212043
26.687819709762966,-0.040625623105330626
26.691882185356405,-0.04061154110587529
26.695569676296618,-0.04060336700974368
26.69894467611474,-0.04060225900026243
26.702069674188827,-0.040605728429894176
26.704882170863126,-0.04061005359530154
26.707444665997944,-0.04061504699464899
26.709819660314906,-0.04062024260801054
26.71206964966024,-0.04062716690468572
26.714257148346476,-0.04062956434283585
26.716444646472798,-0.04063242744252455
26.71869464417495,-0.04063564307758379
26.720944639240187,-0.04064035544499096
26.723257139227115,-0.04064060131711023
26.725694638991726,-0.04063953009008189
26.72831963865234,-0.04064086492052937
26.731194634906398,-0.040645505950806585
26.734382121809382,-0.040654643417357215
26.73794459495047,-0.04066847703669385
26.741944548381166,-0.0406877786498692
26.746444527988395,-0.040701326141074544
26.75138202798839,-0.040701332548141955
26.756819502295308,-0.040684616937921664
26.762694470125425,-0.04066517484254991
26.769069456673485,-0.04065207858156494
26.775881954543262,-0.04064669116142307
26.783069452733688,-0.04065179141868624
26.79056943713788,-0.04066708641408538
26.798444418255936,-0.040684331420628286
26.806756918183822,-0.04068323648906605
26.815444416889143,-0.04067849359601193
26.824569416622378,-0.040680700059402476
26.834194407024068,-0.040694292976790794
26.844256877911988,-0.040718497929756334
26.854819317614606,-0.04075418796470437
26.865944283965646,-0.04078155013275477
26.877569263485018,-0.040803371549101373
26.889756749853376,-0.04082159985323913
26.90244423381119,-0.04084177583230113
26.91556920155479,-0.040870874450668594
26.929194139237186,-0.040912083075629574
26.94325659766876,-0.04094627533013253
26.957694042040146,-0.040986353668501986
26.97244395750834,-0.04103629044033879
26.9874438403388,-0.04109557848754281
27.002756204533267,-0.041160068998357946
27.018443596026593,-0.0412184161076206
27.034568539991792,-0.04126092633213821
27.051068496131386,-0.041298970930603224
27.068005936466,-0.04134392825861531
27.085318349011345,-0.04139895652264595
27.103068228295427,-0.04146441949303111
27.121318219430545,-0.041482407491918706
27.140005715734123,-0.041494161376820535
27.15906820814524,-0.04151117096651769
27.17844318576493,-0.04154061984541949
27.198068139021768,-0.0415834528572688
27.218005589369398,-0.0416279487648762
27.23831802148283,-0.041680464354683186
27.258943021202107,-0.04167706144977529
27.279817987109585,-0.04163933398480165
27.30088046005828,-0.041605576978734196
27.322192953065517,-0.04158831237740339
27.34369295088852,-0.041578637103460395
27.36531790691411,-0.041535026424344576
27.387130343893084,-0.041482592767584654
27.409192796326135,-0.04143677913108205
27.431442582391927,-0.04133920850838274
27.45381698254617,-0.04117537097315061
27.476253741628224,-0.04099303023742487
27.498690434596433,-0.04080272810827267
27.52118982132196,-0.040636604735055766
27.543814449673643,-0.040506924558502674
27.56662675848904,-0.04041352883628556
27.589689134124743,-0.040337790552204024
27.613064075668103,-0.04028551393684066
27.63668905743846,-0.04025616516571666
27.660501542916474,-0.040229866697906895
27.684564033586653,-0.04020867713716231
27.7088140315347,-0.04019870118092259
27.733189031353902,-0.04020166999610531
27.75775150699959,-0.04016708090710576
27.782563980452625,-0.040130785006170344
27.80768896722703,-0.04010500544006652
27.833063964223918,-0.04009266007939213
27.85862646422237,-0.040092941354366245
27.884438962243117,-0.04008283298686621
27.910438947502275,-0.040055146825135175
27.936688911032306,-0.04001138985988661
27.96325129318347,-0.039932265239409945
27.990188661578443,-0.03984806189362558
28.017438487161726,-0.03975056481367628
28.04493802188236,-0.039590595602225255
28.07262495549648,-0.03941349874377461
28.100436982071262,-0.03925122103835518
28.128311584514982,-0.03910234657926355
28.156185826147016,-0.03889672936449561
28.18399719477884,-0.03864586869653574
28.21180860250705,-0.03839938051154204
28.2395576771384,-0.038172759454006236
28.267182024098492,-0.03798281201820861
28.294619075800068,-0.037825967588883805
28.321806136586382,-0.03767142940192332
28.34868081067363,-0.037539074938216226
28.375305578096846,-0.03742778855214496
28.401617926937494,-0.037338599213423695
28.427680290245625,-0.037254189232223414
28.453430191984584,-0.037183052504678356
28.478930127875817,-0.0371258725870992
28.504117363072826,-0.03701037635127286
28.529054572254466,-0.036889941800043055
28.55380427252933,-0.036768137430543746
28.57830401791833,-0.03665644197819258
28.602491293597517,-0.03655227159301437
28.626428626062456,-0.0364627131594955
28.6501783560961,-0.03634947302039801
28.673803103936137,-0.03624031948378478
28.697240408750922,-0.03614466767284916
28.720552763798246,-0.036062458199333035
28.743677660082177,-0.03599319885072003
28.766552551011277,-0.035922559047131535
28.789239959160845,-0.03585800128329054
28.811677387533404,-0.03580130669543548
28.833802310039605,-0.03574274822390025
28.855677231625695,-0.03568417687884157
28.87736466391919,-0.0356299849519554
28.898802084191686,-0.03557151863289166
28.919926991241443,-0.03550885174291307
28.940676809206288,-0.03542193554336859
28.961114108983757,-0.035331469771941675
28.98130142367674,-0.03524497274017695
29.00117627125995,-0.03516713608983728
29.020801149556466,-0.03509802135212368
29.040238319875822,-0.034984812579205764
29.05942538464842,-0.03485557766868778
29.078299948578533,-0.03472727549340676
29.096799571119252,-0.03460909829208291
29.114861742345948,-0.034500117433597495
29.132423855609947,-0.03438356721936597
29.149548516259575,-0.03427575889397707
29.166173184136206,-0.034170673254226874
29.182235247818543,-0.03405228189265437
29.19767235547809,-0.03394222119340922
29.212547016515398,-0.03384180194635917
29.226921657156915,-0.033740158317921376
29.240858662092528,-0.03362268630141139
29.25429571367379,-0.03351290901568738
29.26717030338726,-0.033410124241504226
29.279544938046694,-0.03331503457022681
29.29148207115014,-0.03322144225947492
29.302919270070724,-0.03313845370043867
29.313919038202364,-0.03306703206378755
29.324418823449005,-0.03299987720973648
29.33435613568877,-0.03293878957256235
29.343668477349304,-0.032884484439698415
29.352293318458837,-0.03283213145204978
29.360168161055384,-0.03278234109520117
29.367230509661123,-0.032736098030781174
29.373417882596712,-0.03269644445636084
29.378792762071637,-0.03266044959491962
29.383292670767084,-0.032631783715768636
29.38698010738879,-0.03261016402795162
29.389792567590444,-0.03259520193883411
29.39166754171108,-0.03258535069814371
29.392542531047894,-0.0325810309228074
29.392542531047894,-0.0325810309228074
29.392542531047894,-0.0325810309228074
29.392542531047894,-0.0325810309228074
29.392542531047894,-0.0325810309228074
29.392542531047894,-0.0325810309228074
29.392542531047894,-0.0325810309228074
29.392542531047894,-0.0325810309228074
29.392542531047894,-0.0325810309228074
29.392542531047894,-0.0325810309228074
29.392542531047894,-0.0325810309228074
29.392542531047894,-0.0325810309228074
29.392542531047894,-0.0325810309228074
29.392542531047894,-0.0325810309228074
29.392542531047894,-0.0325810309228074
29.392542531047894,-0.0325810309228074
29.392542531047894,-0.0325810309228074
29.392542531047894,-0.0325810309228074
29.392605028655392,-0.03258048406189402
29.392667526114685,-0.0325799205176708
29.392792521000587,-0.03257878981064128
29.39304251212472,-0.03257668318882655
29.393355002805578,-0.03257426981452783
29.39379248913417,-0.03257081115968182
29.394417471858194,-0.03256616415301001
29.395292447926163,-0.032559692640153355
29.396479914887518,-0.03255083455391279
29.398042367517434,-0.03253866782585077
29.399917307413816,-0.03252365499952711
29.402042246579768,-0.03250757578927332
29.404354678147342,-0.03248978547492225
29.406792112962442,-0.03247195931067084
29.409417047057286,-0.03245335829657043
29.41229198123159,-0.03243390338919897
29.415479395789518,-0.03241056488209755
29.419041794028416,-0.0323836383618775
29.422916681140816,-0.032354060225422566
29.427166572014308,-0.03232360429992375
29.431853959219886,-0.032291086074392746
29.437041308716296,-0.03225157086080238
29.44266603904135,-0.03219649118721927
29.448790744106187,-0.032136384043300985
29.45535281027118,-0.03206092613268761
29.46241482460332,-0.03197810208638969
29.469914352548102,-0.03189395575274666
29.477913942749744,-0.03181298288194763
29.48635108231661,-0.03173499455428106
29.49528827908429,-0.031661372643108046
29.50466302934441,-0.03159294340697961
29.514537747144203,-0.03151828837051837
29.52484998592204,-0.0314448878329465
29.535537236409755,-0.031371858641743314
29.546536966558882,-0.031294809005934975
29.5579116895875,-0.031215430027129717
29.569598794793688,-0.031119366769385655
29.581660864544915,-0.031017486611658682
29.594160439172043,-0.03091436464092677
29.607160071266197,-0.0308165616927013
29.620597189844965,-0.03071531669203703
29.634409283931916,-0.03060942437289373
29.64853385687993,-0.030499587966293703
29.66290821073425,-0.03036329317270571
29.67747009255192,-0.03022911352372079
29.692157086551358,-0.0301071975258492
29.70703166322244,-0.029994975174619763
29.722156324041844,-0.029893683032912108
29.737593514191893,-0.029795874437908175
29.753405746494426,-0.029703864326102926
29.769530483270707,-0.02961172912308506
29.78590526149445,-0.02952650516400577
29.802467579453282,-0.029448851570554047
29.81915493559048,-0.02937955943283009
29.835904824239407,-0.029318483672260448
29.852654704423443,-0.029255128953333615
29.86934207969235,-0.029190608532466494
29.88590445335687,-0.02912591814082683
29.90227934739676,-0.029067009887171886
29.918404265653894,-0.029015665941977548
29.93434168519813,-0.02896502484213153
29.95015411804758,-0.028918941963568263
29.96577903780918,-0.02886886758439593
29.981278962103453,-0.02882042306109523
29.99659139369219,-0.028774650905080613
30.011653832361592,-0.028731667415121554
30.026528771680802,-0.02868917918315893
30.04127872392719,-0.028651646140500673
30.05584117566762,-0.028614155373144656
30.07015363153008,-0.028578610540195053
30.084153599176332,-0.028548512303310774
30.0977784945212,-0.02849510966838751
30.111090855966722,-0.028434372581070108
30.12402821472131,-0.028373918424134757
30.136528091409716,-0.028318395684393715
30.148653005093237,-0.028272644540556818
30.160465451138236,-0.028236941823922043
30.17202791376524,-0.02820754370979773
30.183277888577624,-0.028183737812149758
30.194152874622677,-0.028166315989433848
30.204590363283522,-0.028150930777000076
30.2145278534166,-0.02813692702934761
30.224027829793478,-0.028115741213728614
30.233152802691468,-0.028093501362524836
30.241840278193994,-0.02807287024474274
30.25002776353336,-0.028057376127090992
30.257652742719923,-0.02803956027806232
30.264777723281004,-0.02802291683482978
30.27146520718588,-0.028008244683249153
30.277652698624397,-0.02799795156468665
30.28327769517861,-0.02799172540326904
30.288277687678125,-0.027983064871185036
30.292715178627642,-0.027974102563666888
30.296652665492,-0.027963931870489882
30.300152656700213,-0.0279560869714271
30.303277650973858,-0.02795010452292203
30.30609014869548,-0.02794652459638934
30.308652647977162,-0.027944605907234486
30.311027647950098,-0.027944247369049578
30.313152647853286,-0.02794360592751939
30.315090147812228,-0.027943207059957245
30.31690264779616,-0.02794296572019938
30.318527647456808,-0.02794191553594748
30.32002764725849,-0.02794114420588081
30.321465147249196,-0.02794098072010824
30.322777647111604,-0.02794158170408017
30.324027646753574,-0.027940635622444046
30.325152646469,-0.02793983543953177
30.326215146035803,-0.02793887598820871
30.3271526459671,-0.027938517074804946
30.32802764593445,-0.027938756099502342
30.328902645366547,-0.0279377591895502
30.329715144637525,-0.027936670768421032
30.33052764442856,-0.02793608804422764
30.33140264442171,-0.02793597855506751
30.33240264420841,-0.027936631702217163
30.33346514314066,-0.027938138010902818
30.334652642396144,-0.027939467757941237
30.336027641142106,-0.027941324798485784
30.337527639785563,-0.027943342130688078
30.339090139338,-0.027944524768626345
30.340777638293357,-0.02794640244729038
30.342527636898176,-0.02794861222840197
30.344402636110125,-0.027950331292895217
30.34646513414912,-0.02795317543397786
30.34877763056731,-0.027957245551752698
30.35140262301665,-0.027963541653267563
30.35440260892643,-0.027972736277712608
30.357840104725344,-0.02797811051779259
30.361777600310777,-0.027984006677939672
30.36627759064523,-0.027993333512220598
30.37127757229049,-0.028006881465612005
30.37671504707896,-0.02802343968880812
30.382527521452353,-0.028040699719178906
30.388777490022534,-0.028060520712034093
30.39552745329388,-0.028082788075738736
30.40283990218109,-0.028110128923967907
30.410713589217277,-0.028132629362137496
30.419085992663458,-0.028156812281878104
30.427894642454902,-0.028168508614797284
30.437202011214215,-0.028180698874422816
30.447070586031906,-0.02820111104859021
30.45743788124542,-0.028221424082996834
30.468241403706635,-0.028237417287838813
30.479418650648594,-0.028249511101415388
30.49103212244606,-0.02825401372209494
30.503144307198973,-0.02826713110296929
30.51569269067962,-0.028293431083517298
30.528739806437308,-0.02831286219652408
30.542348126644033,-0.02834105596935736
30.556455172213262,-0.028366546045576032
30.570998412747866,-0.028403617825146794
30.585915339675605,-0.028452484574691638
30.601143533593113,-0.028483818899370413
30.616745444611237,-0.028516544953948307
30.632783550651812,-0.028559857786409786
30.649195344354396,-0.028614212491286935
30.66604329713801,-0.02868533381522721
30.683265041965626,-0.028736918221084404
30.700923058856983,-0.02876625944974313
30.718954815867004,-0.028777404329651382
30.737422791796345,-0.02878911109052404
30.756389462082396,-0.02882201385739854
30.775917300062456,-0.028877921521592465
30.7960689000261,-0.02891665918142917
30.816906754738937,-0.02892499998480478
30.83836832542944,-0.028939468767704712
30.86039111861679,-0.028947773814836358
30.882912612171086,-0.028978075364437663
30.905870341453056,-0.02899135811015638
30.929201766981667,-0.029026709217185136
30.952844432063166,-0.02904412462539268
30.976735789441676,-0.02908401569334104
31.000938283896467,-0.029158758807091872
31.025514377886562,-0.029266247802720795
31.050526553339644,-0.02940280718368395
31.076037285025354,-0.029568138426200333
31.10198406070509,-0.029760214352026405
31.128304383748784,-0.0299757819013438
31.15493586941601,-0.030199459108630148
31.18181602420633,-0.030430088944722312
31.208882291976746,-0.030673620845717304
31.236072235296017,-0.03092252210773165
31.263323461948186,-0.031164586439755792
31.29057340304102,-0.03140717865879211
31.317759838569817,-0.03161633688704951
31.34481998071145,-0.03182663287725079
31.37181669321023,-0.03198524982488335
31.398687326336056,-0.032104480579368794
31.425369154497304,-0.032228596815319525
31.45179971530497,-0.03234921277126546
31.478041653849417,-0.032427462004246614
31.504157347623607,-0.032492353013107926
31.53008432776877,-0.0325187458327709
31.55588499585138,-0.03256676286094012
31.581496788661294,-0.03265118599720055
31.606857366056026,-0.03271234333078723
31.632029097363738,-0.03279599995861773
31.656949417333628,-0.032911904902327704
31.681555844772113,-0.03304888201686304
31.705910838878243,-0.03321012809285354
31.729952111677417,-0.03336113821196672
31.7536170842788,-0.0335139929070314
31.776968145852848,-0.03368468561529207
31.79994286300633,-0.033862419062070444
31.82260369609069,-0.034051726844538784
31.845013166397546,-0.03424949831920533
31.867109022494326,-0.034426143131902794
31.888953578599708,-0.03460414978072204
31.910609235066094,-0.03479535386207168
31.932013655402237,-0.034980345543951866
31.953104236121984,-0.03517061007208175
31.97381845873053,-0.0353674781356145
31.994093979309824,-0.035553868223431734
32.01386855406325,-0.035697513478071104
32.0332043441171,-0.035840084025644536
32.05203893577582,-0.03596929217900829
32.070434978634374,-0.036057437442513995
32.088454853084095,-0.036117099907349966
32.10603594381197,-0.03617689259751683
32.12324066636872,-0.0362575433984161
32.14000647052342,-0.036362196243917344
32.15627111969872,-0.03644301364097339
32.17197199956438,-0.03652010958245582
32.18717159847412,-0.0365959931777446
32.20193242210779,-0.03666967214265577
32.21619188429623,-0.03675652688045058
32.23001244887927,-0.036859190729402684
32.2433316107768,-0.03697496654812981
32.25608688480373,-0.03709973734138247
32.268340804566236,-0.037229182546838435
32.280031209683465,-0.03732798531690535
32.29122042945842,-0.03741287875394721
32.301970893512966,-0.03749278332543829
32.31234512890389,-0.037564051990722554
32.322405717459866,-0.03761127265376772
32.33209001200268,-0.037660283217156434
32.34133559638574,-0.03769169533730402
32.35020494653425,-0.037702663449160775
32.35876052127702,-0.03770751059668947
32.36706480133218,-0.03772342345219944
32.37518025746706,-0.03775419863708444
32.38316946037578,-0.037776369766270176
32.39109490579484,-0.03778722873977362
32.398894055825274,-0.03780575902767208
32.4066293927157,-0.03783475322177203
32.41436347671553,-0.03785496694685809
32.42215880438367,-0.03786045583593644
32.42995285297942,-0.03785873298996511
32.437683116030485,-0.03786745516883008
32.44541206628149,-0.03789134022507199
32.45320217399656,-0.037930540393697844
32.46099104105367,-0.0379607207774711
32.46884117305441,-0.03797484888746584
32.476815036473766,-0.037972081140150625
32.4848500988438,-0.03795383566555712
32.49300889012338,-0.03794044343839309
32.50122891094533,-0.03794367325412383
32.509572651417905,-0.03794199146209609
32.51810260704334,-0.037950458435497665
32.52688128604891,-0.037950825690755786
32.53597117604198,-0.0379630395823069
32.545434743296696,-0.03799384241434912
32.5552095545197,-0.03801610281329029
32.565358054863715,-0.03804963924620126
32.57594277063052,-0.038085032634703926
32.587026148125055,-0.038135879192234726
32.59867072812038,-0.03819160046447064
32.61093894635654,-0.03826410748067222
32.62389347700077,-0.03832010775086037
32.637596683945965,-0.03838713457378605
32.65198611182953,-0.03845545095219656
32.66699919604366,-0.0385376502552838
32.682573502930545,-0.03862072060699998
32.69864643756355,-0.038721025464608594
32.715155475536285,-0.03884001764851429
32.732163418293545,-0.03893097691392556
32.749607542183305,-0.03903003949140824
32.76742526586743,-0.039149530941362594
32.78555407457284,-0.03928878644344514
32.80405655854063,-0.03943513270981098
32.82287044103705,-0.03955772644869353
32.84205799419202,-0.039688837068666334
32.86168176841737,-0.03982115041917572
32.8816791515176,-0.039970321748831195
32.9021127094779,-0.040127002762686804
32.92291992850331,-0.04029258227571091
32.944163233220145,-0.04047605729175899
32.96578012709919,-0.04067574881051262
32.987833091561775,-0.04089308641087455
33.01038462758651,-0.041127526413433604
33.0334977062208,-0.04133094550459931
33.05710971601041,-0.04151056217459454
33.081157903579964,-0.04169724272654833
33.105579742284434,-0.04189400412694407
33.13031282817734,-0.04208848603371813
33.15541965803044,-0.042281231182616445
33.18096287900667,-0.04245156177638421
33.20700475923252,-0.042632394999560466
33.23360773318926,-0.04283259569372775
33.2607098431258,-0.04296765068788505
33.28837317582103,-0.04310337049160288
33.316535302257186,-0.04322400494421792
33.34513363759382,-0.0433479660642516
33.37410590808151,-0.043403221749000936
33.40338938008808,-0.04346741422269697
33.43292164156719,-0.043469466598935795
33.46264001985653,-0.04339143385791102
33.492482108187296,-0.04330982368797899
33.522385498990914,-0.043268680680394266
33.552287634780754,-0.043280915351326485
33.58212597944525,-0.0433085683820949
33.61196304941859,-0.043328549812702684
33.64173629845723,-0.04338134591597652
33.67138323118174,-0.043451206654289136
33.700966322151665,-0.043543269810427346
33.730423091112904,-0.04364751158246663
33.759816240833395,-0.04368417938214869
33.78908309002649,-0.04363425318273426
33.81816090118311,-0.04350220954481347
33.846987532686626,-0.04339519280597463
33.875500409892965,-0.04329611830958445
33.90363710975904,-0.04323396215542708
33.931459923472055,-0.04313556525798495
33.958906528057206,-0.043060625882701174
33.985914429635166,-0.04302424845888379
34.012420976279685,-0.042951943272074945
34.0383638059806,-0.042909483081306744
34.0636802735496,-0.04283282347066659
34.088307956723256,-0.042756056354216546
34.11218443641291,-0.04271110453718084
34.13537217663271,-0.042704396140651996
34.15780860360399,-0.04266567978053401
34.17955610717051,-0.04257818733308753
34.200552385720876,-0.04250714243826373
34.22073489046814,-0.042439549994229865
34.24016619477514,-0.04240384106318192
34.25878366001802,-0.04234561174680577
34.27652488842024,-0.042304736712156205
34.29332737497033,-0.04228821294734825
34.30925357274977,-0.04226558064435403
34.324365916592676,-0.042213656212968485
34.33860199896527,-0.04216905750536822
34.35202431748092,-0.042131372920704915
34.36469539842262,-0.04211572571293256
34.376677708133755,-0.042114364425309615
34.387908736802,-0.04211698535335177
34.39845097677386,-0.04213012442691314
34.40836693696113,-0.0421420389665648
34.417719105093724,-0.04216058962949832
34.42644496884531,-0.04218765179028029
34.43460705547989,-0.04221264550304561
34.44226784542459,-0.04224144754676869
34.449489837050855,-0.04227361697506209
34.45633560548514,-0.04228747400196613
34.46274259428775,-0.04230030186958186
34.468773295075856,-0.04231584964184941
34.47436520533187,-0.04233409316674644
34.479580830191274,-0.042353020090624985
34.48448266808995,-0.04237294327942268
34.48913321413091,-0.04239483621651689
34.49359497753056,-0.04241665700397905
34.49780547017602,-0.04243575187602275
34.50182718089323,-0.042454652285667874
34.50572261106253,-0.042473197703123494
34.509429286101295,-0.04248489650783099
34.513009698782746,-0.04248471860088995
34.51640133019708,-0.042482957684488835
34.51954168113885,-0.04248380859108266
34.52249325092039,-0.04248545842564243
34.52519353895695,-0.04248271691598505
34.52770504637194,-0.04248026299052356
34.53009026966538,-0.04247562666106426
34.53241171461839,-0.042472555124286646
34.534731880766884,-0.042472234879109914
34.537113265641544,-0.042473749281831404
34.53949336705227,-0.04247760990782229
34.5419346837448,-0.04248347067555605
34.544499713833005,-0.04249158189653937
34.54712596785717,-0.04249809425745288
34.54975094881638,-0.04249678816726331
34.55243714545716,-0.04249225267836054
34.555122058365534,-0.04248623354114045
34.5578681924546,-0.04248112487846603
34.560738049475425,-0.04247872231368469
34.56379412668365,-0.04247887611950513
34.56709892176528,-0.04247592677993163
34.57058993382953,-0.04247096997339419
34.57432966457538,-0.04246548453776524
34.578255613252026,-0.04245904707902662
34.58243028403938,-0.04245461498799181
34.58691617616117,-0.04245326261507124
34.59177578639433,-0.04244973814892183
34.59694661157256,-0.042442183593605715
34.60249115741907,-0.042435493710365105
34.608346925958024,-0.04243300455134676
34.614576413630914,-0.04243569434843049
34.621242117136546,-0.042442935881735123
34.62828154170904,-0.0424483111679123
34.63563218333655,-0.04245615294659211
34.643356546101735,-0.04246202342369405
34.65151712586677,-0.04247051357774051
34.66017642508125,-0.04247899404444577
34.66927194009253,-0.042490706719992326
34.67874116861892,-0.042506524865969286
34.68864662271556,-0.04249489496715237
34.6990507605809,-0.042465246528641046
34.710016099836714,-0.04242896008808147
34.721605015858,-0.04236045745493037
34.73388007111877,-0.04227719181849619
34.74690388455746,-0.04219756522259817
34.760738977059034,-0.04212630158874514
34.77544783436959,-0.04206260630279722
34.79096791304568,-0.04199769730500845
34.80723674195207,-0.0419393337202727
34.82419160558864,-0.04184031426692291
34.84189519630654,-0.04174052318218392
34.86041004309866,-0.04164539908449885
34.879673641617465,-0.04155506199117893
34.89962334771611,-0.04144146395629592
34.92032182439977,-0.04133534589305078
34.94170635468668,-0.04119853869849964
34.96371440182114,-0.041030704653484316
34.9864087323418,-0.040869048922191155
35.00972695050328,-0.04073122781521586
35.03360654203259,-0.040621281374491475
35.05810990031838,-0.040520918714160276
35.08317454286201,-0.0404370060031448
35.10873792660236,-0.04035918512301733
35.13473756360613,-0.04029294759413753
35.16123591448957,-0.04022400729468742
35.18817027739025,-0.04009755199130622
35.21547835488214,-0.039969240857425294
35.24309773199746,-0.039858750600047545
35.27096590930529,-0.03977041595489471
35.2990203664845,-0.03970370658472393
35.327198581589265,-0.039655889007718076
35.35543781497472,-0.03953910574943543
35.38367557448981,-0.03938245108612872
35.411849424274756,-0.03920426754325048
35.43989707032272,-0.039039090684490046
35.46775601522077,-0.038888554880787816
35.49536380292568,-0.03876353156736815
35.522657895270704,-0.03865966446584542
35.54970078063992,-0.038577838793039845
35.57655492879749,-0.03851221202259882
35.60328281163481,-0.03845340413061022
35.62982187924433,-0.038380874540959425
35.656109680526,-0.0383141730142986
35.68220865977022,-0.0382331242399497
35.708056375848315,-0.03815833571854755
35.73371530545815,-0.03808189871563067
35.7591229722865,-0.03801212014240811
35.7843418410559,-0.037936604263577214
35.80930945034064,-0.03786892323546768
35.83396328181707,-0.037802779983070474
35.85824065548534,-0.03768919268016663
35.88207910857999,-0.03755015241512176
35.90541626084564,-0.037409227456552265
35.92831469825748,-0.037280908862872865
35.95083679181023,-0.03714294187234256
35.97304515916495,-0.037015098928126426
35.994877333583794,-0.036904510716616934
36.0163957858202,-0.036806885680839826
36.03753781475571,-0.03668283360025696
36.05824091641448,-0.03653745818770437
36.0784423535014,-0.036347386217824976
36.09807975941915,-0.036135367741405675
36.11709080739527,-0.035919843251183074
36.13541328822474,-0.03572765032588568
36.15310963822794,-0.035553388711159276
36.170117417354504,-0.035404916229235736
36.186499114378435,-0.03528358228083514
36.20231686212556,-0.03514377994017439
36.21750841436718,-0.03501658354176819
36.23213623649577,-0.03489786028536722
36.24613772320146,-0.0347753003115364
36.25957536785909,-0.034648565137612726
36.27238651442499,-0.034504064521232586
36.28450891264929,-0.034366330905341795
36.295880151803715,-0.03424374976091411
36.30643764844443,-0.03412911072839123
36.31611898271674,-0.03403032855584036
36.324861613343565,-0.03394394324260938
36.33272807223838,-0.03387324456132326
36.33965583038448,-0.03381586447292763
36.34570737391928,-0.033770314893005096
36.35094519500417,-0.03373590032744176
36.355306767209406,-0.0337092986047692
36.358854583609954,-0.03368934465012
36.36152612884714,-0.033673588619631864
36.363258902393355,-0.033662213220485154
36.363990416753516,-0.033657418990512125
36.363990416753516,-0.033657418990512125
36.363990416753516,-0.033657418990512125
36.363990416753516,-0.033657418990512125
36.363990416753516,-0.033657418990512125
36.363990416753516,-0.033657418990512125
36.363990416753516,-0.033657418990512125
36.363990416753516,-0.033657418990512125
36.363990416753516,-0.033657418990512125
36.363990416753516,-0.033657418990512125
36.363990416753516,-0.033657418990512125
36.363990416753516,-0.033657418990512125
36.363990416753516,-0.033657418990512125
36.363990416753516,-0.033657418990512125
36.363990416753516,-0.033657418990512125
36.363990416753516,-0.033657418990512125
36.363990416753516,-0.033657418990512125
36.363990416753516,-0.033657418990512125
36.363990416753516,-0.033657418990512125
36.36405291570891,-0.033657057639694066
36.364115414458325,-0.03365666226411486
36.364115414458325,-0.03365666226411486
36.364115414458325,-0.03365666226411486
36.36417791273226,-0.03365619776929755
36.36424040967085,-0.03365557916856352
36.36436540262667,-0.03365425214344142
36.364615385824884,-0.03365135376283385
36.3650528578902,-0.033646409870691917
36.365740313093156,-0.03363856169057106
36.36674025547684,-0.033627827199164226
36.3679901839519,-0.033614455317324946
36.36942760405952,-0.03359929998058125
36.371114976688474,-0.03357856689019383
36.373114832237306,-0.03355452975599035
36.375489675251124,-0.03352722298533456
36.378301936578865,-0.03349058319134142
36.38161416803257,-0.03344840443999194
36.38536390618084,-0.03340408943781325
36.38961365241388,-0.03335764641018278
36.39442585759458,-0.03330437776202312
36.39986302561403,-0.03324429300356486
36.40586269402944,-0.03318121444012702
36.41248735428944,-0.0331141216718685
36.4197995106342,-0.033043228514034705
36.427861629405726,-0.03296482466373865
36.43673625228511,-0.03288300933053146
36.44648580899178,-0.03279003609046165
36.45717280219459,-0.03268595663518123
36.46885970353446,-0.032567663262336025
36.48160876866866,-0.0324132670058119
36.49535733524859,-0.032214729862981746
36.510168304320885,-0.03200177120614194
36.52597924646986,-0.031779814877493394
36.542852793692724,-0.03155838968100709
36.56085147561305,-0.03134056146689128
36.57991277094889,-0.03112625708045911
36.59997417434998,-0.03091649571931218
36.62097313030252,-0.030707094421613464
36.64284702859168,-0.030487552545590584
36.665533459559335,-0.0302673113145935
36.68896991346149,-0.030045873417584277
36.71309395752203,-0.02983111037330651
36.737968088982115,-0.02962324237144546
36.7635296523704,-0.029404419619843542
36.78984124078719,-0.029185396252191027
36.81684035314326,-0.028966462508250263
36.844589327319895,-0.028727857929900163
36.87302581940431,-0.028488433238797257
36.9022123546738,-0.028251124973018946
36.932086357216185,-0.028006999805584472
36.96258507969219,-0.027727845131824705
36.993646175992986,-0.027432543857599738
37.0252072518594,-0.027132716566184732
37.05720552560969,-0.026800335758431007
37.089578794894564,-0.026465580909341598
37.122264597466675,-0.026132464613180376
37.15520040767289,-0.025798829617824662
37.188323842993476,-0.025476870671758654
37.22169736841297,-0.02516314137053097
37.25525843591535,-0.02485305372121483
37.28894459025862,-0.02455195272268474
37.32281828992811,-0.02425514352195451
37.356817104547574,-0.023971234255826406
37.39100340061881,-0.023684324548844476
37.425314537160624,-0.023378439834057217
37.459688152215094,-0.02306987365472931
37.49406174675741,-0.022759030864116514
37.528372824772305,-0.022446650157625078
37.56255891553088,-0.022136239306279105
37.596682578586275,-0.021834171960259587
37.63068124306021,-0.02153281836546561
37.66461753224947,-0.021246143789074516
37.69842890815191,-0.020970434097155433
37.732177822267076,-0.020699701669718833
37.76580162832354,-0.020416344514578723
37.79923800788434,-0.020142614509594772
37.83254933021781,-0.019862506234044435
37.8656728016147,-0.019544280497742376
37.89854632085113,-0.019232258043580995
37.931232496669104,-0.018938035939625984
37.96366861936466,-0.018639120016942862
37.995917348939074,-0.018352866918349944
38.02791624324928,-0.01808685390328656
38.05960272000014,-0.017832202441166414
38.0909143186168,-0.017594613889870304
38.12178851572532,-0.017371952927584693
38.15216272234635,-0.017152414449529613
38.181974496826115,-0.016944427388359527
38.2111613252323,-0.016746427797526584
38.23978565051164,-0.016549889500571274
38.267785024260355,-0.01636262049622798
38.29522191978088,-0.016180492941826604
38.322158864604084,-0.016007548321652104
38.348658322128536,-0.01583798738883623
38.37478280490276,-0.01567359523806772
38.40059482582591,-0.015516330771324537
38.42603181403504,-0.0153549706190415
38.45103126854065,-0.015189820923757986
38.47553074124023,-0.015029080627293717
38.49959272400477,-0.014871309626075883
38.523279739848945,-0.014719861127588945
38.54665425625569,-0.014569502387992527
38.56965378860027,-0.014422832927436093
38.592340838210724,-0.014279877609685295
38.61465289379861,-0.014139052566069525
38.63652746402907,-0.014001931332266494
38.657902066427994,-0.013871557684124533
38.67871417879272,-0.013744533402358292
38.69890128842195,-0.013618990313286509
38.71852592158297,-0.01349899741627449
38.737650553269326,-0.01338030511976167
38.75633768479285,-0.013262952350201869
38.77464980766646,-0.013145427409417557
38.7925244359775,-0.013030154940785892
38.80989904734321,-0.012913944396334191
38.826711144029,-0.0127974914973701
38.842898249238544,-0.012684437593668168
38.85839789437772,-0.012579554040129509
38.87314756752147,-0.01248135957790286
38.88708474654795,-0.012386770815620781
38.900146903862705,-0.012292152981658772
38.91239657607421,-0.0122025387492121
38.923896274224006,-0.012119217302330114
38.93458351212492,-0.012044368792706456
38.9445207835848,-0.011976973076367681
38.95377057449655,-0.011914779114280469
38.962270386277794,-0.01185821336974993
38.97008271591465,-0.011806619812906151
38.977270059883985,-0.01175926037376494
38.98376992194368,-0.011716914123275232
38.98951979412656,-0.011678575101043821
38.994582180105475,-0.011644597896261521
38.99889458554266,-0.011616039266186163
39.00251950557173,-0.011591960586389689
39.005519442506255,-0.01157250836616598
39.00795689475408,-0.011557250923049968
39.00989435844768,-0.011545389811468666
39.011394329148786,-0.011536014533475546
39.012519306501225,-0.011528876151599789
39.013331787252696,-0.011523283434289952
39.01376927580086,-0.01152011796078395
39.0138942724866,-0.011519207711827205
39.0138942724866,-0.011519207711827205
39.0138942724866,-0.011519207711827205
39.0138942724866,-0.011519207711827205
39.0138942724866,-0.011519207711827205
39.0138942724866,-0.011519207711827205
39.01395677074525,-0.011518741164806135
39.014144265630286,-0.011517356214485462
39.014519255697785,-0.011514626878416834
39.01501924315995,-0.011511086019838697
39.015581728993254,-0.011507093861561393
39.01626921181739,-0.01150223417876108
39.01714418949304,-0.011495983809863025
39.018269161286604,-0.011488017399806576
39.019581629901616,-0.011478940803028422
39.021144091610154,-0.011468001910951445
39.02289404653375,-0.011455441441784975
39.02476899493918,-0.011441531841508144
39.026831436491186,-0.011426004621544172
39.029018871206205,-0.011409104398294895
39.031268804559986,-0.01139178667460159
39.03351874186575,-0.011374990242103799
39.0358311813157,-0.011358255837055607
39.03814361829191,-0.011341183020737508
39.040518553891935,-0.01132369314527656
39.04301849047204,-0.011305885971343984
39.04558092914076,-0.011288156926213601
39.04814337067405,-0.01127084685747329
39.05076831130861,-0.011253192820303392
39.05339323952588,-0.011233780088593987
39.05595566129697,-0.0112137571756532
39.05851807942022,-0.011193272750648912
39.06114299255898,-0.011171918267557503
39.063767903157995,-0.01115025384594697
39.06645531464027,-0.011128441580303265
39.06914272916641,-0.01110700761882036
39.07176764930804,-0.01108653202295458
39.07426757880483,-0.011067756743571485
39.076580017540316,-0.011050923900183448
39.078767459742195,-0.011035022220012968
39.080892405511,-0.011019840664127013
39.0830173534889,-0.011004971526929159
39.08507980490795,-0.010990815466408786
39.08714225784848,-0.010976882838969353
39.08914220358712,-0.010962150477922313
39.091017150725875,-0.010948071170486837
39.09282960037556,-0.010934561271940459
39.09464205368169,-0.010921551157126648
39.096517006966465,-0.01090831560277587
39.098516959739946,-0.01089457137366824
39.10070440923433,-0.010879706667287645
39.10301684937365,-0.010863067795445705
39.10551678375406,-0.010844954440033201
39.10826671405059,-0.010825374750882247
39.111204140946406,-0.010804650808944487
39.114266570039646,-0.010783810970124647
39.117516499423374,-0.010762386666379974
39.121016426434025,-0.010739783123921987
39.12470384842289,-0.010715797169124401
39.12851626976414,-0.01069130703289185
39.13251617782472,-0.010664186801625496
39.136766080124914,-0.010635369466908032
39.141328474820924,-0.010604371275755226
39.14626586482157,-0.010571413249653681
39.15164075210972,-0.010536604634826145
39.15739062875324,-0.010498940536476915
39.16357800269236,-0.010459443859668948
39.170140373109646,-0.010418203632169937
39.177140243870795,-0.010375667445037661
39.18451511539772,-0.010332136291085339
39.19220248975379,-0.01028818450309553
39.20013986477305,-0.010243641785942142
39.20838973291865,-0.010196998670524293
39.21701459825788,-0.01014880240431492
39.22607694613679,-0.01009629362770709
39.2355142791628,-0.010040154459147733
39.24538910905032,-0.00998219160462771
39.25576393551385,-0.009922184507277448
39.26657626703043,-0.009861823713159188
39.277888601185424,-0.009800568380738993
39.28976344275409,-0.009739227373725136
39.302138292768234,-0.009678300143673072
39.31507565121376,-0.009617779882193828
39.32851299313339,-0.009552600244851103
39.34238783718751,-0.009486816707941817
39.3566376910069,-0.009422271173959709
39.371325036987336,-0.009355008248661152
39.38651238884067,-0.00928792670929172
39.40226224363053,-0.009220294628529068
39.41863710635014,-0.009153243050798
39.435699470528384,-0.00908516295768616
39.453386829402646,-0.009014506726367276
39.47176164350039,-0.008931851580693241
39.49088645259037,-0.008846398248303734
39.51082377642288,-0.008762585077705689
39.531511064016904,-0.008668839399937163
39.55288582128765,-0.008566973721478145
39.57488558530241,-0.008465075267430483
39.59744786960252,-0.008366417216351557
39.620510168054736,-0.008269999631057902
39.644134937028255,-0.008165520218215714
39.66838470179116,-0.008058707561816945
39.69319697654876,-0.00795298337681136
39.71863427626017,-0.007852039619948157
39.74463411520375,-0.007760525097074775
39.77125899153277,-0.007679374222636608
39.79857138964718,-0.007604772010226111
39.826569457726976,-0.007532516412522623
39.85531569239162,-0.007461400601294483
39.884747606836775,-0.007397438160648585
39.914802688207075,-0.007335465223741014
39.94541844405395,-0.0072797297449599205
39.97653237348288,-0.007230804354466115
40.00808196980736,-0.0071852506373528535
40.040129734632075,-0.007144662167525916
40.07261316644261,-0.007108586356695265
40.10559476313324,-0.007075627013908096
40.13901202840137,-0.007050820897604777
40.17292745919378,-0.007032407322853323
40.20727854500618,-0.00700455128033964
40.242127795838776,-0.006981550637067851
40.27741271255188,-0.006966938278962936
40.313070792597415,-0.006958454844856241
40.34903953494203,-0.006959822289842752
40.38525643856727,-0.006957715343184337
40.42165900347714,-0.006955119298480446
40.458184729320905,-0.006961007395487763
40.49477111630647,-0.00696789712172311
40.531355662815955,-0.0069812606642134754
40.567875870349205,-0.006995388978297249
40.60426923891103,-0.007010215672767845
40.64047326989806,-0.007021978583321297
40.67655045967811,-0.007039864865042189
40.7125633041302,-0.007068111615063554
40.74844929958476,-0.007107294328827618
40.784270941583365,-0.007158194612266409
40.81996572756536,-0.007219992885816551
40.85547119027125,-0.007271998989976458
40.890724808519025,-0.00732760980117894
40.92578907724192,-0.007389546882012357
40.96060149160268,-0.007459548540419722
40.995224557282306,-0.0075341530815766205
41.0295958077186,-0.007596714874315566
41.06365271293019,-0.007662469643978723
41.09745776080199,-0.007736988318547324
41.13094844643437,-0.00782112610246944
41.16406228386951,-0.007908473372174808
41.19673679254046,-0.00799141953374863
41.229034448961976,-0.008079037887742717
41.26089275864838,-0.008168957474308815
41.292374245554214,-0.008252555080202586
41.323416385484634,-0.00833861199438574
41.35408167030502,-0.008429844130643132
41.3844325911516,-0.008528703209371024
41.41440664600283,-0.008634953073364515
41.44406634603465,-0.008745079292054491
41.473349204975236,-0.0088551459657642
41.502192746781276,-0.008958537377276792
41.53053447461933,-0.009053945991992845
41.55843686161847,-0.009149245242497618
41.58596238720778,-0.009250291604583193
41.61317354780273,-0.00935764910580533
41.64000784269678,-0.009470856766107262
41.666527780910805,-0.009587563026072386
41.69267085768326,-0.00970846262627345
41.718374624267916,-0.009822067889604233
41.74370157579245,-0.009929400533622179
41.76858919830669,-0.010033510779466482
41.79309998394265,-0.010136400534380438
41.81717141022153,-0.01024313294750828
41.84086598466069,-0.010351930488331327
41.864121196574594,-0.010464741359386081
41.88699962870956,-0.010563861283781745
41.909438726356996,-0.010661060872659214
41.9315009702135,-0.010760839021884676
41.95312388725944,-0.010856984467498495
41.97424494704999,-0.010956049595546085
41.99492665327032,-0.011057170829062928
42.01510649571997,-0.011162003423727966
42.034847056749726,-0.011254143322636759
42.05421077812861,-0.011345604446487856
42.073135157220456,-0.011436773034177427
42.09168272285304,-0.011521687608379716
42.10979099608201,-0.011594924027975807
42.12752243524716,-0.011666255007590918
42.14481451744978,-0.011741049286831513
42.16172973027387,-0.011821738073964867
42.17833056612836,-0.011909264279139523
42.19467953970181,-0.012000457442918378
42.21071419686505,-0.012086724431629569
42.22637201321545,-0.012172361804460437
42.24171546844817,-0.012261102721090465
42.25680706898968,-0.012351815691876288
42.27158430506612,-0.01244572731199841
42.2859846767241,-0.012542348524909899
42.300070699815386,-0.012639355178544849
42.31377986846269,-0.012737287063105352
42.32704969713776,-0.012833814223461717
42.339942700892394,-0.012927077224577161
42.35252139148278,-0.01301564311339658
42.36472323958214,-0.013103403191206897
42.37661074953453,-0.013189951748810406
42.38812142195051,-0.013274962208431933
42.39931779995255,-0.013352667422148006
42.41026233791089,-0.013429687213964155
42.42101753498365,-0.01350634738323293
42.43164591019581,-0.013580170575058531
42.44220993754783,-0.01365507548640818
42.452772131844696,-0.01372917583421789
42.46326996894317,-0.013805635860392303
42.473765943719776,-0.013885268237837726
42.48432261119531,-0.013960868274116411
42.49500243006796,-0.014038288594904481
42.50574290075828,-0.014117231502037295
42.516606502401075,-0.0142006770371488
42.527655726830915,-0.014289747724950928
42.538953071683245,-0.014384804264704907
42.55056110349583,-0.014478018276255559
42.56254228907738,-0.014573668730767922
42.57495909663304,-0.014675936429506835
42.58787403162065,-0.014784349971817821
42.60134958714043,-0.014899947970711615
42.61532330183065,-0.015017917651479805
42.62973263747776,-0.015142472142357545
42.644640076368255,-0.015275819754615548
42.65998326984576,-0.015400073880759094
42.675824604768046,-0.015528798103685692
42.69222653769997,-0.01566748140583347
42.70912659369221,-0.015812775045774646
42.726462244885575,-0.015967522311804445
42.744296019185434,-0.01612876026938531
42.76269038363904,-0.016300320616957544
42.78158293129698,-0.016471793622036164
42.80091109117047,-0.016650620496768524
42.82073734795744,-0.01683865501433562
42.84099942246511,-0.017011269466165296
42.86163465972996,-0.017185295320644396
42.88270553081919,-0.01736441237858013
42.9041495041045,-0.017551993360160566
42.92602915473259,-0.017739610384342307
42.94828213671689,-0.017907636284462375
42.97084574424371,-0.018081536236779917
42.99365764250071,-0.018238601310078408
43.016780156701145,-0.018403233156360027
43.04027570812273,-0.01858591434140406
43.06408176956822,-0.018788440932037923
43.08813612826624,-0.01897526937670875
43.112376344791656,-0.019135417280581594
43.13686471243601,-0.019297926756887938
43.16153864305143,-0.019475303956259953
43.186460577837984,-0.019674331178810095
43.211568301396575,-0.01985737947313243
43.23692415585819,-0.02004547556465557
43.262465582265385,-0.020245986156502527
43.28813001901697,-0.020465411730676578
43.313979985322966,-0.020700588181802256
43.3400779549527,-0.02095373929760262
43.366361507601226,-0.021215764565462144
43.39276810417661,-0.021489951831273182
43.419235351104014,-0.021765508942152838
43.44570067880621,-0.02204868653203316
43.47222701615714,-0.022297470532568604
43.49875152547442,-0.022545107755252876
43.52521161465702,-0.02280100975665774
43.55154516534388,-0.023023185294454178
43.57768936036878,-0.02324655675428349
43.60358159991421,-0.023482061316832708
43.62928443908088,-0.023723366715829874
43.65473532194686,-0.02397564570630803
43.67987210023996,-0.024201674681286384
43.70463201992021,-0.024428191963804618
43.7290778901787,-0.02461928417443171
43.75327189661513,-0.02481256228961643
43.77715146058939,-0.0250170798913382
43.800779215539535,-0.02521704173842242
43.824092536082084,-0.025426603367691834
43.84702918369069,-0.025615290277347998
43.86952671543186,-0.025773072439777032
43.891522400759975,-0.02593017082838478
43.91307892504875,-0.026058732806574503
43.934133556211734,-0.02619451171021657
43.9546239802814,-0.026306534405633363
43.97448770462634,-0.026388049475874174
43.993787038147296,-0.02648007371999777
44.01245946142481,-0.026584312808634627
44.03044247428493,-0.026698525857467268
44.0476736866332,-0.026804279092451935
44.06421548041134,-0.026919947869699444
44.08013036443316,-0.027042970197101564
44.09548095687014,-0.027157651645022176
44.11032964158591,-0.02727919221005714
44.12473890632712,-0.027408334465923372
44.13877126195639,-0.027543308939806308
44.15236445273314,-0.027656983522382248
44.16545581295112,-0.02776758243759151
44.177982984364114,-0.02785674370208011
44.18988329333289,-0.02794684060097364
44.20109419154441,-0.028043086436013345
44.21167823445415,-0.028138465133015243
44.221697926742344,-0.028232546321711603
44.23121572733648,-0.028329587763632272
44.24029421090248,-0.028422265480470506
44.248995819699786,-0.028516396405174463
44.25738312888138,-0.028605195062476014
44.26551870819139,-0.028681862867164044
44.27346493177485,-0.028759399986603092
44.281284282625805,-0.028839702646495456
44.28903923001256,-0.028925727039839925
44.29679226346635,-0.029018275738727638
44.30448089050574,-0.02911592662780707
44.312042674202885,-0.029213131775980377
44.319540081046355,-0.029312835321817606
44.32703580943242,-0.029399647496536
44.33459237256766,-0.029470190057936635
44.34227209270449,-0.029541769544061104
44.35013740917593,-0.029620950904416857
44.35825079447326,-0.029710216367886736
44.36667477945674,-0.02980671383314913
44.3754718287248,-0.02991363166691464
44.38470446448884,-0.030029299740320422
44.39443541480457,-0.03013474512719197
44.40460221917536,-0.03022248031291379
44.41514215725081,-0.030315011535219122
44.42611786123635,-0.03039637459604429
44.43746666664828,-0.030486952562294386
44.449251020074094,-0.030592733986781327
44.46153346135662,-0.03070878245199211
44.47425143790697,-0.030839744628367863
44.48746741129374,-0.030988641975712473
44.50124419824173,-0.031126177597311327
44.515644129435536,-0.0312685266986087
44.5307299178441,-0.031392290796669754
44.54643880227361,-0.03152646122093905
44.56283341586909,-0.03165515729938315
44.579976068777526,-0.0318017909374813
44.59792917545508,-0.031974910699288414
44.61663020145266,-0.03217558602297514
44.636142109040016,-0.03235839829429649
44.656527115411485,-0.03255195780848456
44.67772274119599,-0.03275377820160039
44.69966635641323,-0.03297674160868461
44.722295430455304,-0.03322256756512012
44.74554743584157,-0.033492362208603244
44.769484945995345,-0.03377946895887576
44.7940454246808,-0.03408613797691213
44.819166365922044,-0.03441198883972272
44.84478609162582,-0.03468831287793698
44.87096656270897,-0.03495965075043403
44.89764505763057,-0.03524663598798445
44.924759113111925,-0.03554524822123115
44.9523718917714,-0.03578974498724259
44.980420326416,-0.03603676897410776
45.00884173582856,-0.036305909482311445
45.03757356112878,-0.036601428738043805
45.06655329867027,-0.03692161962730433
45.09571847214364,-0.037262685285770786
45.12500661720102,-0.03762035947366149
45.15435591865391,-0.037935217454945505
45.183703418352565,-0.03824660425978263
45.21298647375509,-0.03856743829281055
45.24226755268125,-0.03890060108420236
45.27160933344399,-0.03923052455289876
45.30095006830022,-0.03948016819976045
45.330226590949486,-0.03971421880951702
45.359376777818994,-0.039873036645278755
45.388337620294855,-0.040032378990000506
45.41704689689951,-0.040129871303572116
45.445441879016016,-0.04021288214577013
45.47358512669287,-0.040243900566640387
45.50141403485002,-0.04027549018914371
45.52899103370826,-0.04034537272916746
45.5563785374847,-0.040461203426097395
45.5836390691247,-0.040604836974423214
45.61071006642053,-0.04078113437261948
45.6375291120511,-0.040973102447926464
45.66415873633423,-0.0411755726240429
45.69066145362187,-0.04138633267135211
45.71697481341689,-0.04159868213387898
45.74303632660424,-0.04181098789285274
45.768783397386215,-0.04203430636810011
45.79415412516762,-0.042189192696881275
45.8190858915756,-0.04225818874121273
45.84351583597408,-0.042320236424918466
45.86738143611559,-0.04238369492949832
45.89062011373813,-0.04247211236490003
45.91316938637053,-0.042574952323170434
45.93496698799299,-0.04262893075310268
45.95595024854759,-0.04268282749235093
45.97605660291087,-0.042756976832753806
45.9953487240276,-0.04279172200586236
46.013888989028636,-0.04283422557524778
46.031739849766154,-0.04289810583648416
46.04883889167833,-0.042954936183820014
46.06512354365294,-0.043023821366756754
46.080531276372135,-0.04310732297075523
46.094999817697925,-0.04315512776171348
46.10846651359845,-0.043203175878052884
46.12099382390752,-0.04326081994150842
46.13251926052013,-0.04332298240027327
46.14310534793492,-0.04338439768455462
46.15281459627776,-0.04344327852113088
46.16170962832258,-0.0434748844154935
46.16985287737547,-0.043477618046602794
46.17730678714659,-0.04348158671378611
46.18413385212317,-0.04349147908074422
46.190396559119485,-0.043509685198404036
46.196032416534194,-0.04353020641429858
46.201103925336604,-0.043552107426736056
46.205673582535255,-0.04357556523397309
46.2096789069339,-0.043596426140765525
46.21318243486515,-0.04360563701770526
46.216246635750316,-0.04360394019289451
46.218808994783565,-0.043599622559341196
46.220932014904946,-0.04359557128532714
46.22267820000269,-0.04359472517404484
46.22411004535688,-0.0435966280748916
46.22529004980363,-0.043599497098069075
46.22615571332835,-0.04360264562322349
46.22676953654979,-0.04360564846931419
46.22719402075041,-0.04360820220800357
46.22736667278753,-0.04360883540698695
46.22736667278753,-0.04360883540698695
46.22736667278753,-0.04360883540698695
46.22736667278753,-0.04360883540698695
46.22736667278753,-0.04360883540698695
46.22742733408582,-0.04360878915091963
46.22761115665817,-0.043608937034342064
46.22785564051834,-0.04360914397726972
46.22809828568219,-0.04360936408265163
46.22840159177524,-0.043609907350323066
46.22882805838246,-0.043610955596839245
46.229440184337086,-0.04361295238301691
46.230300466573084,-0.04361672940043238
46.2314714020409,-0.04362292209298478
46.2330154885358,-0.043631996487103225
46.23499525207673,-0.04363857632397795
46.23747318786774,-0.04363857799127338
46.24051178490455,-0.043637925152541356
46.24417354324184,-0.043638716728763925
46.248395962973866,-0.04363847802850188
46.253241541251164,-0.04364366610190716
46.25877276579047,-0.04365771096577943
46.26505212332479,-0.04368178614904279
46.27214209847214,-0.04371748137056676
46.28010523248243,-0.04375582366591831
46.28887899304098,-0.043803045272121005
46.29852600322502,-0.043830394065727946
46.30910869537617,-0.04384997493621821
46.3206895666786,-0.043852519707025396
46.333331060377056,-0.04382103825409024
46.34697056638151,-0.0437493849055143
46.36167077657526,-0.0436840170109614
46.37749411180671,-0.04360820461489818
46.394377935928276,-0.04349886466160663
46.41238468816825,-0.04335343829712254
46.431452122777195,-0.0432064971760038
46.45164297732763,-0.04309505279475663
46.47301938597305,-0.0429618868077764
46.49551913449003,-0.042858784783364176
46.5192044132865,-0.04272688528732607
46.54401275751375,-0.042575293811598545
46.56988159513963,-0.042394600327774326
46.5967482514756,-0.0421658659758203
46.62455088460273,-0.04197455610262085
46.653227063835104,-0.04184933446306437
46.68271408283341,-0.04177450232145325
46.71307435485024,-0.04176045077547415
46.74424528513256,-0.04178027218664386
46.77628931337671,-0.04184708639170225
46.809143874075716,-0.04196129863722008
46.84274643434163,-0.042116900278328345
46.87703491529582,-0.042200080867898164
46.91194654802069,-0.04228789452063297
46.947418752149225,-0.042407116392244315
46.98338929415914,-0.042448482926657045
47.01979551182846,-0.0424747037363034
47.05657486957797,-0.04242719950824163
47.09366489252172,-0.04238261230297374
47.13100310355095,-0.04238411751922714
47.16852697381017,-0.04237151508288539
47.20617399984008,-0.04239553308582452
47.24388162318362,-0.04246904871170332
47.28171247950613,-0.042469283808347386
47.319603977870905,-0.042431065075643315
47.35749343749771,-0.042302144526844956
47.395318631440624,-0.04219693142163488
47.43301676736002,-0.04203088895388507
47.47065059802873,-0.04187275421525319
47.508157780750615,-0.041769728404686214
47.54547572581483,-0.041714768875325624
47.58254187221295,-0.041720560485440907
47.61929364123839,-0.041774198232370816
47.65579360764669,-0.041759217891431444
47.691979236136106,-0.0417462911810339
47.72778801932376,-0.04177157559454844
47.76328244827998,-0.04172989372018612
47.798399805089346,-0.04159529736547017
47.83307741561012,-0.041380450437243706
47.86725335234458,-0.04119546349201845
47.900865223956984,-0.0410719106040783
47.93385041843486,-0.04100615979512531
47.96614633581207,-0.0409901898520553
47.99781540080057,-0.04102362807577986
48.02879509508314,-0.041079106285799985
48.05914788105128,-0.04116420922737942
48.08893638329012,-0.04122612703716263
48.11822310649088,-0.04120952704769758
48.14707049283298,-0.04119663874653053
48.1754160360842,-0.04117631523597841
48.203322247694814,-0.041179993498567304
48.23072661133696,-0.04120284413635341
48.25769161856989,-0.041241180775237224
48.284154740062704,-0.04130389319184961
48.31005354177551,-0.04135746363138193
48.33532549592079,-0.041414466589728534
48.35990806895243,-0.04148690113368706
48.38373874518918,-0.041575534865853775
48.406755032267405,-0.04167508866091119
48.428894459500405,-0.04177741353240356
48.450219559006754,-0.041875484529869424
48.47066779973189,-0.0419757060761355
48.490301674722645,-0.04207917856271312
48.50905880940513,-0.042160035983793684
48.52687663784787,-0.042231129846311236
48.54381771927974,-0.04227235519642294
48.559944500791225,-0.042291527285283875
48.575194454630946,-0.042288105404183006
48.589630070077746,-0.0422897417915503
48.603188846834925,-0.04229137441652744
48.61593328119052,-0.04228151236071928
48.627800880304164,-0.042278534271773624
48.6388541410718,-0.04227942115616326
48.649030558663846,-0.042289020078925425
48.658392641087936,-0.042293370891590444
48.66700288154037,-0.04230197455475232
48.674923774657586,-0.04231629747997813
48.68221782264683,-0.0423331175754978
48.68882255112457,-0.04233140900775248
48.694800403113334,-0.04231008700845991
48.70021392034784,-0.04229087346145048
48.70512561868055,-0.04227901554571401
48.70959799024013,-0.04227437953214148
48.71369352544033,-0.042275179452521516
48.717349721883224,-0.04227412745938669
48.720504079792576,-0.042274056335380714
48.72321909822291,-0.042276135006973775
48.72555727730422,-0.042278748563970445
48.72758111714825,-0.04228160365749419
48.729228116931964,-0.04228494537089783
48.73056077663344,-0.0422885178051958
48.731641596680014,-0.04229204613409475
48.73253307752386,-0.04229539172806392
48.733172720456956,-0.0422980453554595
48.733623025723894,-0.042300055477360515
48.733946495452294,-0.04230098687683854
48.73420562691628,-0.04230167786121128
48.73446291984427,-0.0423023086284058
48.73478087383079,-0.0423031181634049
48.73522198834227,-0.04230438584315384
48.73584876259039,-0.04230645056540911
48.73672370144686,-0.04230688603713951
48.7379093017035,-0.04230664686522673
48.7393430569345,-0.04230237442969093
48.74108746055853,-0.04229417110911099
48.74320498814829,-0.04227868332517402
48.74575815450073,-0.04225857395002393
48.74868448820745,-0.042237882184084384
48.75204650796624,-0.04221983880901205
48.755906713000584,-0.04220609744150218
48.760327582543624,-0.04219238538088099
48.765371623002295,-0.04218153728639953
48.77110133216153,-0.04217453339650564
48.77757920645681,-0.04217209061738172
48.7848677169672,-0.04215278752173898
48.79290438863391,-0.042132454717933476
48.80175173484798,-0.04211758869203846
48.8114722502124,-0.04210807552483124
48.822003381737055,-0.04207568524179627
48.8334076440338,-0.04203287429761511
48.845622568833996,-0.04198889650344748
48.85858569100778,-0.041955464973807685
48.8722344903896,-0.041928207538260764
48.88650647082513,-0.04191359607670198
48.90133912004645,-0.04191306143605807
48.91666993018818,-0.0419165859925775
48.93243640182632,-0.041919247546451086
48.94870103158405,-0.041929796582415274
48.96552631298268,-0.041950789151536806
48.98284975279094,-0.041927242821202124
49.00060884763372,-0.041899109625979654
49.01874111732024,-0.04188129032749866
49.03730900961762,-0.04183930818156066
49.05624986346162,-0.04174253233733917
49.07550125629032,-0.04162324578591437
49.09500081471425,-0.04150388995708918
49.114811101175725,-0.041395127706767766
49.13486966928115,-0.041310568805274554
49.15511371823367,-0.04119005630946601
49.17548086719157,-0.04105925469075044
49.195908667048045,-0.04092664388043558
49.21645960281363,-0.040789764664711556
49.23719589342834,-0.04061195790274149
49.25805546100736,-0.04044770724110437
49.27897542645136,-0.04025256736392105
49.30001859478134,-0.04006137578090769
49.321122699976996,-0.039903169559707734
49.342225149485245,-0.039771626011775134
49.363263444823126,-0.03967422336934392
49.384300026034026,-0.0396090624156612
49.4053972671663,-0.039543358264419355
49.42649271571134,-0.039494657194540976
49.447648863367206,-0.039466738985808415
49.468803070829495,-0.03939550644604489
49.49001765164239,-0.03926395100210224
49.511230389447,-0.03913170580866791
49.53250386523423,-0.03901221993463677
49.55377564025132,-0.0389205230930358
49.57498311727779,-0.0388389334545738
49.59618875432981,-0.03875701265008641
49.617330117235085,-0.038694069451290655
49.63834469763638,-0.03865435952746224
49.659294941127484,-0.038615659101867775
49.68011829639649,-0.03855606251430224
49.70087724828396,-0.03847715189205648
49.72163417619252,-0.03835917447065316
49.742451785888385,-0.03824468858529227
49.76339232137004,-0.038092870039855474
49.78439324511305,-0.03790690093159049
49.805392493988414,-0.03774046336310165
49.82645247764102,-0.037583341430259584
49.84751083133561,-0.03745726869154743
49.868629680828,-0.037305838005188934
49.88974681804603,-0.03717320901349333
49.91092478255148,-0.03707019867730053
49.93222575471419,-0.03693897741366446
49.95358743129466,-0.03681477353743592
49.97494705464231,-0.03665795937506682
49.996367456772035,-0.03651785874366377
50.01791116097556,-0.0364009135853042
50.039515675140514,-0.03631552112547283
50.061118417634006,-0.0362492192145946
50.08265688252121,-0.03620736457392281
50.10406853096127,-0.03617927122483381
50.12541585673402,-0.036169120650053996
50.146636343668135,-0.03615868121939101
50.16766749380664,-0.03615333560564323
50.188446805542775,-0.036149270403389354
50.20891177801225,-0.03615560451273936
50.22899990890649,-0.03616807600193635
50.248773678977344,-0.03613600328141744
50.268170596233404,-0.03609654139365672
50.28725314154462,-0.036043613086249544
50.30595887412284,-0.03600147976799922
50.3243502978611,-0.03597603111519564
50.34248988452418,-0.035951939691847644
50.36044004295549,-0.035890383727831994
50.378138221289596,-0.03579688771169954
50.395647101153514,-0.03571180076509876
50.413029197969685,-0.03563932185263399
50.430222028812736,-0.035587401124000155
50.44716301121454,-0.03553274888815581
50.463914649347466,-0.035476707888168924
50.4804144879159,-0.03543425265632789
50.49660000403191,-0.03539900108852711
50.5124087049365,-0.03537728480854391
50.527903078121895,-0.03536621993507652
50.543020607280056,-0.035349456752359815
50.557823722369456,-0.03529938656827874
50.572249995332974,-0.03524896328436669
50.58623681410966,-0.035173490617722784
50.599721618404715,-0.035072332456903145
50.61264212778247,-0.034979199468551804
50.625060823564,-0.03489137151773789
50.636915269764025,-0.03481890977227349
50.6481429580786,-0.03476270742901315
50.658806364557776,-0.03472042811789003
50.66884296441176,-0.034688195554026746
50.67831517142627,-0.034643401962194315
50.68728555967383,-0.03460412302046412
50.69581654219047,-0.034553022841541166
50.70397071730999,-0.034508462256369526
50.71181060364083,-0.03447489508614877
50.7193986870772,-0.034451498234914106
50.72679745378895,-0.03443704803171118
50.73394438765677,-0.03442617501542267
50.74090196249198,-0.034406218969853054
50.747732703496375,-0.03438820006544987
50.754374062449656,-0.03435833846623255
50.76076350010646,-0.03431459372845235
50.766838615931135,-0.03427441033011664
50.77266193887593,-0.03424256214647272
50.7782958911294,-0.034205929052658506
50.78380302469422,-0.034172890637778064
50.7891208492874,-0.03414572449528656
50.7943118655455,-0.034125592096191544
50.7994385543842,-0.034108716401790556
50.80456339915297,-0.03409028028975159
50.80962390656144,-0.03407232966063129
50.814557587812175,-0.03405852578541678
50.81930190214782,-0.034037286465050276
50.8239193636086,-0.03401340971114221
50.82847249081297,-0.033990565972959116
50.832898795923,-0.03397158079037584
50.8372607712311,-0.03395491613787284
50.84162091865209,-0.03394137210014281
50.84591673367915,-0.033930116368600056
50.85008568883035,-0.0339128060733896
50.85419030092565,-0.033894615108157354
50.858168086933695,-0.03387976684735864
50.861956540352054,-0.03386696840928072
50.8654931602034,-0.033856164836272
50.868715446637836,-0.033847656100018546
50.8716858818894,-0.03383578200554537
50.87434198244696,-0.03382554102105378
50.876746252487244,-0.033818080229213565
50.878961187477884,-0.033812148969682175
50.88104928766569,-0.03380803115657009
50.88307305138529,-0.033805298919146284
50.88509497022151,-0.03379959564588855
50.88717754748641,-0.03379284812688072
50.889258287610936,-0.03378659794956483
50.89139968274518,-0.033778399671356346
50.893539216606065,-0.03376560062428427
50.89573941324608,-0.033752871859656725
50.8980627791938,-0.033741297954271283
50.900446810412646,-0.03373040786311806
50.90295401090345,-0.03372119775945919
50.90564687706622,-0.033712972981677324
50.90858790951947,-0.033706293138902846
50.91171460722865,-0.033701518350900066
50.91508946237353,-0.0336943910426984
50.918774979688855,-0.03368737849282884
50.92270866109378,-0.033681840849967906
50.926953003538905,-0.03367588872880433
50.931445497135336,-0.033664538478622455
50.9362486451951,-0.033650270863228866
50.941299953892,-0.03363540682146597
50.946661925901715,-0.033620808426522764
50.952272064755185,-0.03360812171989613
50.9580678639647,-0.033594802351950975
50.9641118273838,-0.033582553957947604
50.97034145588211,-0.03357217398233662
50.97681920918734,-0.03354798659571466
50.98360761671179,-0.03352135133261538
50.990769112351984,-0.03347896164225126
50.998241253284114,-0.03343298012196893
51.00596157932501,-0.03339035217105561
51.01399258794534,-0.033350998291579705
51.022271788672896,-0.0333180327037636
51.03086165462637,-0.03328546992458127
51.039824689212935,-0.03325424126219631
51.04909840200829,-0.03322786490850638
51.05862029126154,-0.03320722589718641
51.068452836038205,-0.03318369344030696
51.07865854851294,-0.03316260969182145
51.089174930745266,-0.033145861436754236
51.099939480793815,-0.03313372975486498
51.111014694029905,-0.03312324319897887
51.12233806551453,-0.0331097562362869
51.13397208984222,-0.033090159408457144
51.14597927764043,-0.03307159568424084
51.15829706655029,-0.033028738962232324
51.17086293621427,-0.03296630206379284
51.18373946053333,-0.03290175533344871
51.196988999313334,-0.032811319933993804
51.2105491710429,-0.032715718533970234
51.22435757587041,-0.03263013522782287
51.238351698515146,-0.032553704778458474
51.25259400721166,-0.03248131270108942
51.26702198327712,-0.032409658930531875
51.28169816714749,-0.032347546035624807
51.29656004754492,-0.03229406509529575
51.311670115236865,-0.032247990219867836
51.3269658665276,-0.03220968470378585
51.3425097716208,-0.03216815524967251
51.35836435100979,-0.03213144579017335
51.37459207957241,-0.032089334206487706
51.39113046911808,-0.032046692149944406
51.40804189914153,-0.03196957873326898
51.425263747096096,-0.0318494169842218
51.442733428399144,-0.03168784352261182
51.460513517644856,-0.03149921617690846
51.47854190626943,-0.03132286771776705
51.496756106061376,-0.031161745997538917
51.515218460092896,-0.030998727006231488
51.53386665470148,-0.03085675281551132
51.55276309180847,-0.030725007648449813
51.57184502927623,-0.030571157009154918
51.59117520034331,-0.030425612005489773
51.610815862363,-0.030257636076656002
51.630704689327324,-0.030089029805907334
51.650904259432274,-0.029929134624666506
51.6713518282578,-0.029748774026109696
51.691985163471635,-0.029579986198770038
51.71274183128458,-0.02943319084863552
51.733684350944806,-0.02931588252586898
51.75475017726628,-0.02922802723101418
51.775876758569794,-0.02916652033790269
51.797001535882124,-0.029118385002274986
51.818187005687676,-0.029086720301240158
51.83949565197746,-0.0290676926900363
51.86098996730063,-0.029061909874964244
51.882607443509656,-0.02905468309336926
51.90428558195923,-0.029051178195993545
51.92608688040936,-0.02904282908929497
51.947948841331836,-0.02903843161643275
51.969808963670545,-0.029042298171856315
51.99172972068508,-0.02900790435745353
52.01364860901898,-0.028957926179447094
52.03550317183074,-0.02891416329980508
52.05735591784652,-0.02888320528319272
52.07926934041299,-0.028866077307818948
52.101180930780075,-0.0288630502602089
52.123028180335005,-0.028873155755727464
52.144748577907826,-0.028847094189095247
52.166404546904644,-0.028779488016090964
52.187933550946745,-0.028679584047857944
52.20927301116015,-0.028543024833700286
52.230485565578434,-0.02839678949501616
52.25150891821881,-0.02827254189667985
52.272280590059694,-0.028179302885784734
52.292863015596595,-0.028109938155377004
52.31331863242103,-0.028050308964865895
52.33358495686104,-0.0280097370095535
52.35359947223479,-0.027988759483853216
52.373424659623325,-0.027985341919082054
52.39312300533277,-0.02799672606179278
52.41263201507599,-0.028001449107149537
52.43201418386644,-0.028011942273646683
52.45133200670778,-0.02803170158356214
52.47052298307867,-0.02805790697668841
52.48964961207628,-0.02808979444944573
52.508649393769716,-0.028126368036974946
52.52745982998386,-0.028166116486646235
52.54614342054198,-0.028208892738788037
52.5646376618608,-0.028255814868917876
52.582880058357645,-0.028304760200343528
52.600808176981225,-0.028317948156176536
52.61835946142779,-0.0283144758625065
52.63559640752472,-0.028313918142028237
52.652456514897416,-0.0283152059024856
52.66900228363513,-0.028315154485843846
52.68517121256448,-0.02832118436437887
52.70102580369607,-0.02832393172831854
52.7166285561065,-0.028326861754651073
52.731916967275104,-0.028336168738423748
52.746953540506865,-0.028344088416826934
52.76180077071934,-0.028330280336358944
52.77652113131102,-0.02829711658646319
52.791177162699235,-0.028268531086019018
52.80583136834798,-0.028247611178296286
52.82042122646448,-0.028221269046024698
52.83488425175765,-0.028198501808182688
52.84928294544446,-0.02818083201997012
52.86367980976026,-0.028174197004614564
52.87813733688257,-0.028175249802853197
52.8927180211393,-0.02818634285787444
52.90748436459563,-0.028200022170309168
52.92237386112665,-0.028220857233898805
52.93732401420585,-0.028244907707786468
52.9522723246708,-0.02827128672900705
52.96715628536185,-0.028303270769397197
52.981913413865364,-0.028331950390768083
52.996481197596154,-0.028363404538961072
53.01079717552828,-0.02836894413542492
53.024923791747035,-0.02834284942888292
53.03892355484355,-0.028310000052047878
53.05285899814883,-0.02828660000013408
53.06679261909829,-0.02827698403447534
53.08078690456022,-0.028278828578907875
53.094904341844206,-0.028262351607798723
53.10908244385696,-0.028249089576543658
53.12338371319133,-0.02824671653667132
53.13787064391696,-0.028248593048220028
53.15248073133358,-0.02826036982855776
53.16715148218604,-0.028251591060852146
53.181846303634224,-0.028241644014203336
53.19662769978147,-0.028241329718343398
53.21155816235405,-0.02825344296263394
53.226700187942036,-0.02827346257948167
53.241991268855784,-0.028303368301168037
53.25736890572272,-0.028340415731728425
53.27277059367426,-0.02838511993784058
53.28825883067231,-0.028437082837212888
53.30377112799395,-0.028492273314403172
53.319370028895065,-0.028537628102448375
53.33499303828827,-0.028567615538299566
53.35070261655698,-0.02859894490506737
53.36643625126863,-0.028637045702809057
53.382256479543265,-0.028664548071613852
53.39810077432233,-0.028694724724410228
53.414031630432056,-0.028729858564771244
53.430111563668184,-0.0287624117838054
53.44627807432056,-0.02879188750119647
53.46246866438282,-0.028816558596287352
53.47862081652651,-0.02884666132152125
53.49479704393781,-0.0288745955421297
53.510934856644,-0.02889270433615265
53.52697175022339,-0.02889717389781179
53.54284521495162,-0.028892103538322667
53.55849275179064,-0.02889105995997082
53.57397685941682,-0.028895310580399885
53.58936003507246,-0.028906250124749698
53.60470477332841,-0.028925934188873532
53.61994857565066,-0.02895056228540325
53.6351539505493,-0.028974380068016503
53.65025840622883,-0.028991059254721518
53.66519942506028,-0.029013856976893182
53.67991450944157,-0.029039975139123084
53.69446615571638,-0.029070787211121704
53.70891685616893,-0.029108717288709805
53.72332912996541,-0.029145824990090975
53.73764045865094,-0.02918869792152384
53.75191333390813,-0.0292390969684904
53.76621034533934,-0.029265371788839766
53.780593928916495,-0.029291280101737458
53.79512660644994,-0.029295832587057508
53.8097458549137,-0.029301551345939314
53.82438916636522,-0.029318201979627045
53.839119036203854,-0.02934389921360009
53.85387295279052,-0.02938114111202007
53.868588439587334,-0.02941877720087853
53.88332804070399,-0.029431092186095346
53.89815421533464,-0.029440470904150435
53.9131294576947,-0.029426440293569178
53.92831627238343,-0.029413421769564088
53.94377716396657,-0.029414232954060322
53.959574618152786,-0.02939760219674493
53.97577115054939,-0.0293897996561597
53.99230425434974,-0.02938206029088453
54.0092364297571,-0.029389282402983382
54.02650516932565,-0.029406631423800997
54.04417296496588,-0.029435740028285914
54.06217729861864,-0.029481164464357557
54.08058067195931,-0.029538383093069203
54.09944556906321,-0.029610153494869184
54.11870957614217,-0.029671564095440358
54.1384351335408,-0.029740053016923607
54.15855979622353,-0.029798527250764578
54.17902101325579,-0.029863114707787533
54.199756258047174,-0.02994079716217232
54.22082801701964,-0.030033215878609455
54.24229897165257,-0.030091218071371544
54.264106496416396,-0.03015012089907612
54.28618808109319,-0.030213505563870032
54.30860620598251,-0.030287494103606823
54.33129846960634,-0.030337317542816187
54.3542022939663,-0.030392008173716664
54.3772551530257,-0.03046056238460545
54.4003945230891,-0.030547219246740556
54.423682995679336,-0.030625353789100817
54.44705802067629,-0.03070909527762023
54.47045722627736,-0.03075275631223448
54.493942996371516,-0.030800029472890674
54.51745279744284,-0.030864331027520096
54.54092420397692,-0.030914589531224067
54.56429473441888,-0.030922191052079377
54.587501833648595,-0.03093544413718698
54.61060798448763,-0.030968406033417144
54.63355067741172,-0.031017609530645248
54.656267382440554,-0.031088941257071432
54.67882059237339,-0.031178652540596354
54.70114797483158,-0.031237379931494714
54.72318700261288,-0.031249344081615962
54.74487510488667,-0.03125132818178793
54.76614975828574,-0.031221937624999824
54.78707340819289,-0.0311588432521866
54.80770851592879,-0.031066050488682644
54.828117786685056,-0.03099695778943345
54.848238722752555,-0.030966550589777708
54.86800875175593,-0.03097392650201637
54.88736532478099,-0.03100725339920495
54.906245969856734,-0.0310397553662063
54.92471321327144,-0.03104574694590631
54.94282952772621,-0.03105252425852641
54.96065739623762,-0.0310782400502146
54.978259335465346,-0.03110421560600805
54.99557282657707,-0.03114078376951852
55.01253533919592,-0.031195561202190965
55.02920938669423,-0.031260100312880866
55.04565755935627,-0.03130845440930087
55.061942318177096,-0.03135125756106323
55.078126195170604,-0.03136871471387117
55.094146630553645,-0.03139548193899688
55.10994109181668,-0.03144176672909811
55.12544705018945,-0.03150813734545177
55.140601991438146,-0.031591723113181966
55.15542154305023,-0.03168922878234273
55.169968428495096,-0.03176309971208275
55.18418006066581,-0.03182651002028917
55.198118856836814,-0.031896971072993184
55.2118473078642,-0.031975371237882584
55.225427966737506,-0.03205208073066606
55.23879839324641,-0.03211533713540608
55.25202101541525,-0.03217927855365344
55.265033290446794,-0.0322518494495213
55.27789769174478,-0.03233622917133336
55.29067682879854,-0.032414809748790456
55.303433131476545,-0.03249881517342804
55.31622906349871,-0.03259317166903695
55.32912719564615,-0.03268797255231246
55.34219018368356,-0.032759004956669585
55.35548041176823,-0.032822923346193314
55.3690602994964,-0.03289564012602807
55.382867303525984,-0.03298341700392152
55.39683904225655,-0.03306614881541499
55.41103803184351,-0.03314050910521724
55.42552673031023,-0.033214015123399186
55.44036773088347,-0.03326423843959687
55.455623401484004,-0.03332362289178187
55.47123118914265,-0.0334024682839632
55.4871285846092,-0.03349881747058662
55.5032530559146,-0.03361474912671679
55.51966708932455,-0.03374976420878877
55.536433516625465,-0.03385994391756891
55.55348962029991,-0.03397473360386567
55.570897819814185,-0.03410548946490605
55.58872090736915,-0.03420952717303332
55.60689622933025,-0.03430857186792116
55.62548616393898,-0.034423918128092285
55.64455319468472,-0.034556699673097886
55.66403511195921,-0.034660483112272586
55.68386918565326,-0.03477326327384669
55.703993035790056,-0.03487252935245378
55.724469007262634,-0.034987739419395134
55.74523482815865,-0.03507307070985846
55.76622795199397,-0.0351284368561969
55.787385820466554,-0.03516346753773324
55.80864591854905,-0.03516432317477293
55.82994570519203,-0.03518701184219994
55.85122261756276,-0.03524785174544881
55.87241427234801,-0.03529161904747071
55.89358309096094,-0.03535053871710487
55.91479166354253,-0.03538540207068023
55.93610238841744,-0.03544268539019003
55.95745268829075,-0.03553570118386245
55.978905136945265,-0.03564018950017355
56.00052227856784,-0.03574664499313075
56.02224158719505,-0.035859989048472166
56.04400045139201,-0.03599849159154419
56.065736317129925,-0.036165277452324895
56.08738711332121,-0.036298531262568094
56.10889005281373,-0.03644030829377641
56.13018265374219,-0.03658718619285766
56.151202310440944,-0.036752674677384724
56.17188648829813,-0.036938076808248226
56.192297687194305,-0.03714118236449625
56.21249860739078,-0.03734116143387243
56.23242714695813,-0.03749203178529736
56.252020478094614,-0.03762920029723344
56.27121607273476,-0.037755767712868614
56.28995129583342,-0.03789119069442241
56.308288943621285,-0.037989844172681524
56.32616629216382,-0.03808722825063043
56.34364579249724,-0.03819201331243758
56.36066489178009,-0.038310974287392566
56.3771610704244,-0.038444082748338805
56.3931968765595,-0.0385839723257571
56.408709964457856,-0.03871208861422796
56.4237627380642,-0.03884005705684542
56.43829278784198,-0.038956726954880304
56.45223749784131,-0.039075850656313756
56.465659644774895,-0.039161378526589886
56.47862166263255,-0.0392128509270448
56.49106086874017,-0.039266240799955464
56.503039745161374,-0.039325158117644685
56.51462078236468,-0.03939057123490734
56.525866474227705,-0.03946260504815605
56.536839485316754,-0.03951220589229011
56.547602197397424,-0.03956124925545234
56.55821705417824,-0.03962091115736824
56.56874652816594,-0.03969362768025114
56.57925310800071,-0.03977887957167995
56.58967449624969,-0.03984932326589834
56.599948081309655,-0.03991982399628505
56.61013630927637,-0.03999795996547995
56.620176745260174,-0.04007456460212247
56.630131959960536,-0.040139861100730735
56.63993934951916,-0.04020845985365232
56.64953638128291,-0.040284131823007156
56.65898556773586,-0.040364792959503196
56.668349403422155,-0.040450874197896336
56.67769038888894,-0.040542207979891144
56.68707127023011,-0.04061086780872077
56.69655436263269,-0.040678452095182616
56.706202127239074,-0.04075053130386518
56.71607713811119,-0.040816987325668005
56.72624183834214,-0.04088608903390583
56.736633870405036,-0.04093250916239804
56.74731561062503,-0.04097783064208978
56.758349546405924,-0.041025091276943086
56.769798163008794,-0.04107773158536024
56.781723908645134,-0.041145511579355386
56.7940644587669,-0.04119231498809815
56.80688218402631,-0.04124643251081598
56.820114690111,-0.0412764496228187
56.833824390116696,-0.04130987721193341
56.84807375658535,-0.041356083642370804
56.862925331962025,-0.04140057298007667
56.87844157665346,-0.04145570550238746
56.894560048436,-0.04150371022758955
56.911218221642564,-0.04155223930413573
56.92847857005235,-0.041609840230144655
56.94627852848128,-0.04169137097287104
56.96468075566158,-0.0417574382447689
56.98374768166987,-0.04182519636125686
57.003541718235596,-0.04191647597164326
57.02412558815716,-0.04197304682509185
57.04556162120175,-0.04204333654710794
57.06778735361589,-0.04211529880889766
57.0907401894806,-0.0422143390907658
57.114357708934314,-0.04231873183160735
57.13857730485812,-0.04244984174107945
57.16333681482851,-0.042533535166888486
57.188573488006924,-0.042628552379942564
57.21422473027453,-0.04275474618871229
57.24022836908593,-0.04283191150667267
57.26652166935248,-0.042921804540896065
57.29304204000715,-0.04304451796226195
57.3198519211385,-0.04320395116855043
57.347013933717626,-0.0433757387952502
57.37446598395237,-0.04348214188736014
57.402145383677805,-0.04353848408690277
57.430114446743914,-0.04361123994526593
57.458435597484,-0.04371967436233076
57.48704626699984,-0.04386895302820388
57.51588391845073,-0.04405623428924378
57.545011615726445,-0.044179996654433874
57.574366544083276,-0.04429682414129413
57.60388615779347,-0.04441776628841112
57.633632840899445,-0.044567922887214596
57.663544486591725,-0.04465159284146763
57.69355830694106,-0.044744240106540545
57.72361170637089,-0.04487033798478254
57.75364220078518,-0.04501944746995742
57.783587226353546,-0.04519922587902411
57.813384800242176,-0.04530618411374326
57.842972064559255,-0.04541555887664645
57.87228641652189,-0.045551487266911175
57.901265707463374,-0.045618201082110045
57.92997226470063,-0.04559293034420614
57.958343510974274,-0.04555702978254088
57.98644196834404,-0.045530797293420425
58.01420513055574,-0.0455096807026737
58.041570494723,-0.045528833401310774
58.06847549452326,-0.04559094623898831
58.09485773858531,-0.04562942598223083
58.12065466641635,-0.04567756772891047
58.14580377472314,-0.04573477801938233
58.17024250355574,-0.04581901424066151
58.19390831265394,-0.045931122628955025
58.21673901984722,-0.045986872693052946
58.2386719672334,-0.04602223184512088
58.25976962551376,-0.04604997064571732
58.27996946305787,-0.04608996789950831
58.29933401238289,-0.04612315913213183
58.31792578484357,-0.04610830132094161
58.3356822627609,-0.04610202975148432
58.35266593954719,-0.04611189625433995
58.36881429471715,-0.04614037356818276
58.38406487498862,-0.04613597125125701
58.39848015515096,-0.04612968228595095
58.4121226358773,-0.04613593999839299
58.42492979479636,-0.04616066668486565
58.436964109446905,-0.04620134959554325
58.448288100759704,-0.04624717722869167
58.4589643238084,-0.04628345100766454
58.46893025601779,-0.046315980392700996
58.47812339785679,-0.04634445122903998
58.48648128387323,-0.046347445520050524
58.49406634775541,-0.04632864568925641
58.500941121953815,-0.04631496655921896
58.50716810707529,-0.04630854285590262
58.51268479611176,-0.04630801093115598
58.517553674751234,-0.04629763778740969
58.52183722268631,-0.04627858287085737
58.52559798284621,-0.04626336627105943
58.52889844806545,-0.0462501772732928
58.5318011310424,-0.04624286044332304
58.53436852250886,-0.04624021822054539
58.536663115687944,-0.04624134024037063
58.53862240649547,-0.04624492163017645
58.54018389352127,-0.04624981974930698
58.54141008114557,-0.046254168373915314
58.54223847279669,-0.0462568410886257
58.542731568932915,-0.046257510080651085
58.54282686597857,-0.04625732917192656
58.54282686597857,-0.04625732917192656
58.54282686597857,-0.04625732917192656
58.54282686597857,-0.04625732917192656
58.54282686597857,-0.04625732917192656
58.54282686597857,-0.04625732917192656
58.54282686597857,-0.04625732917192656
58.542866566408584,-0.04625720400539246
58.54300846713236,-0.04625681584967461
58.54331506793228,-0.0462560012801639
58.54384886984706,-0.04625520458906096
58.544672372411405,-0.04625423373005822
58.54584807617478,-0.046254196410592335
58.54743847931791,-0.04625618893174295
58.549506082664614,-0.04625881832514604
58.552113383079366,-0.04626404121539147
58.55519788876785,-0.046262141864443364
58.55882207687589,-0.04625047070851751
58.5630484278642,-0.04622860942583097
58.56781447410231,-0.04620431531676997
58.573057648419336,-0.04616676440814863
58.57871545760313,-0.04611916480375439
58.5847255173037,-0.046076654955363464
58.59115019570862,-0.04602202491848648
58.59792691829754,-0.04594944106755894
58.604993139594775,-0.04585807761778592
58.61241160178719,-0.0457677124396131
58.620244725809236,-0.04567163879278906
58.628555170626214,-0.045583348618972556
58.6374054892246,-0.045510985165254564
58.646732973714784,-0.04543245618083379
58.656600085700774,-0.0453431991721146
58.6670694924581,-0.04526268971893158
58.67820371599375,-0.04519706347826914
58.690065229480815,-0.04514737385969058
58.70271633093268,-0.04507331940611866
58.71609437028178,-0.044960054292478284
58.730137173460975,-0.04485192792707101
58.74478233312453,-0.044764591872695346
58.76009227501322,-0.04469059681613415
58.77612924466827,-0.044584390900876236
58.79295596254752,-0.04448323095522942
58.81063500780259,-0.04440404739677308
58.82910385334466,-0.0443504850921876
58.848424957768266,-0.04432309472993371
58.86853577551446,-0.04430665478426106
58.8894988005546,-0.04430516498075112
58.91125145398687,-0.04424908537241325
58.93373130677856,-0.04419157829931562
58.95687590041351,-0.04415229359527767
58.98062267496144,-0.044102096512959536
59.005034174654035,-0.044064770004201684
59.03004789855179,-0.044049018802689036
59.05560132689537,-0.04404138322612173
59.081631946303325,-0.04401777708518509
59.1082022732108,-0.044003507859472886
59.13524980437302,-0.044006830876396924
59.16271194822968,-0.0439372545126832
59.19052625630093,-0.043854016625207506
59.218754934904524,-0.04369380349542208
59.24733551762493,-0.04348658990107126
59.276205847953285,-0.04328494664150531
59.305303616188795,-0.043120109111349635
59.33456624965236,-0.04298709808653503
59.36393122122151,-0.04288871287273304
59.39333589062437,-0.042789430306460464
59.42271768901881,-0.0426708598025158
59.452013782985084,-0.04247656260489051
59.4811619614299,-0.04226601092215201
59.51010003790417,-0.04208549130991802
59.538764960945784,-0.041856191371345185
59.56721961558803,-0.041631624990565226
59.59540166445613,-0.04143405318831965
59.62324805608536,-0.04119218360225414
59.65078919943068,-0.04097220189024467
59.6779627281432,-0.04079573355634448
59.704706051219006,-0.0406572643817769
59.73095661888637,-0.04055641458296029
59.75665182354363,-0.04047263798312778
59.781729134467085,-0.04039831216358519
59.80625106390837,-0.04033910869813669
59.83015503683144,-0.04026731088020933
59.8535036186158,-0.04020664849280656
59.87623431733255,-0.040163102517505926
59.898284436978656,-0.04006904136889108
59.91971652904341,-0.039954132315166785
59.94046825122714,-0.03985070053090805
59.96060214331501,-0.039768524547508725
59.98005549755688,-0.0396631516000458
59.99876564371217,-0.0395166804731241
60.01679522528626,-0.039355803737225574
60.034081979323645,-0.03920879157664119
60.05068830958089,-0.039064285079609185
60.066551742773505,-0.03892566622878322
60.08173479256759,-0.03879423295027314
60.096299989791504,-0.03867339110773252
60.11030991569073,-0.03857401515994875
60.12370194006669,-0.03847945915245236
60.13641360823349,-0.038396629615842476
60.14850739808174,-0.0383223653340326
60.15992081932415,-0.03825889826498209
60.1707163807765,-0.038208832964695946
60.1809565675917,-0.03817081655597848
60.19070384906029,-0.03813784849069007
60.199895702691386,-0.038103700347537676
60.2085946475633,-0.03807361367512017
60.216863188959486,-0.03804943713652116
60.22463879433322,-0.03802121770172229
60.2318589887005,-0.03799657488422705
60.23858623983695,-0.037966973974968427
60.24488297846377,-0.03792244128756353
60.250686773939314,-0.03787667244161501
60.256060188816896,-0.037837758840536646
60.260940638377896,-0.03779514276901583
60.265265692347704,-0.037757767324117036
60.26909786726136,-0.03772739156613293
60.27249965036665,-0.0377023683560324
60.27540854693193,-0.03768393370155709
60.27776203649699,-0.037669339002015384
60.279497621313574,-0.03765916140775923
60.28055280098585,-0.037653568024111406
60.28099007017173,-0.03765144559278511
60.28099007017173,-0.03765144559278511
60.28099007017173,-0.03765144559278511
60.28099007017173,-0.03765144559278511
60.28099007017173,-0.03765144559278511
60.28099007017173,-0.03765144559278511
60.28099007017173,-0.03765144559278511
60.28099007017173,-0.03765144559278511
60.28099007017173,-0.03765144559278511
60.28099007017173,-0.03765144559278511
60.28099007017173,-0.03765144559278511
60.28105256850778,-0.037650989531962116
60.28124005946714,-0.03764914829338069
60.28161504184379,-0.037645512746821756
60.282115014941205,-0.037640326046335354
60.282802480963696,-0.03763349099552845
60.283614938230606,-0.037625157962144176
60.284614880945576,-0.037614454374739516
60.2858648192602,-0.037602036257593945
60.28742725210404,-0.03758754976408315
60.289364664722484,-0.03756914878898725
60.29173954221573,-0.03754502634978889
60.29461440286058,-0.037516719589356644
60.29805176354705,-0.03748577187347907
60.30198913895343,-0.037454448411978196
60.30648900922962,-0.037420279750306075
60.311488871683466,-0.037383192790054955
60.317051243968464,-0.037345499116283286
60.3232386002998,-0.037303334213062325
60.33011343343932,-0.03725543532217863
60.33773826600857,-0.03720490522290329
60.34617556949637,-0.03714731959240347
60.355487881101844,-0.03708808436187753
60.36573761202884,-0.03701381509391828
60.37698731942713,-0.036932676614970114
60.38929953997767,-0.03684972262288412
60.402736767108145,-0.03676408796889581
60.41736152311659,-0.03667960901629768
60.433111312518264,-0.03659816085561911
60.45004863072443,-0.036519686446054946
60.46811096032759,-0.03644122908960357
60.48723563885629,-0.03633034097449263
60.50736023475795,-0.03620280746843092
60.528422273221935,-0.03606337292653858
60.55035932329749,-0.03592287298879639
60.57310893546008,-0.03579003304024896
60.596608608246434,-0.035666021209866824
60.6207958249495,-0.03554895537816163
60.64573308660152,-0.03543992534198588
60.67135785000453,-0.0353298093140951
60.69773256866502,-0.03520798739395887
60.72479480400122,-0.035088300894546405
60.752481963643284,-0.03495101577163107
60.78085663520299,-0.03481449149158306
60.80985632521261,-0.034680404407631864
60.83941840758445,-0.03452326723739267
60.86948023567404,-0.03432227429643316
60.89997920385883,-0.034071396510592565
60.93097816450374,-0.03381754825876792
60.96241480149788,-0.03358460889171349
60.99422657782184,-0.03337003171677334
61.02635101780823,-0.03318034629120179
61.05872559751348,-0.03301537990559095
61.09141272123543,-0.032858539106668215
61.12434988971649,-0.03271075987965218
61.15759953932404,-0.03255811331046105
61.191099131478516,-0.0323928090947284
61.22478627486403,-0.032237803373167416
61.25872349365482,-0.032099647677435166
61.29284820228176,-0.031958629499568375
61.327222883410464,-0.03181056768780576
61.36190995774398,-0.03163872348261069
61.39684707379637,-0.031474930344592915
61.431971629826776,-0.03129832721075611
61.46722123447767,-0.031131378249416385
61.502533425970356,-0.030983769868667063
61.537845653695236,-0.030845099913897594
61.573095338114385,-0.030695941104998306
61.60822003267839,-0.03054945975590236
61.64315703188486,-0.030362396405682675
61.677844052609466,-0.03018005194865766
61.712218681521364,-0.030020326655591043
61.746218419195046,-0.029886767227983717
61.77978055403194,-0.02973020592962118
61.81296742180223,-0.02952535513662508
61.84584179103521,-0.029321707073730573
61.87846621972539,-0.02912863289173523
61.91077829455932,-0.02896287349863056
61.94284049901246,-0.02882520776218159
61.97459030543545,-0.028714338005661925
62.00609018275883,-0.02862642548145425
62.03740243603864,-0.028502124269297865
62.06846468668983,-0.02837766249739834
62.09933949579729,-0.028269091884108595
62.12996436694063,-0.028180252400913423
62.160276786062504,-0.028110229334916775
62.190214149165996,-0.02801969392991822
62.21971394106361,-0.027908887804930435
62.24871371621676,-0.027794690316326896
62.277150961750536,-0.027674387773074852
62.30496325849773,-0.027568058585954184
62.33208812257673,-0.02748218835845113
62.35858804008553,-0.02741606705436478
62.38440048896228,-0.02736469356649249
62.409462914610565,-0.027303645436118337
62.43371282812494,-0.027238880124987548
62.457087761535874,-0.027183085551264686
62.479650220489475,-0.027140048158142433
62.50146269218417,-0.02710490817991372
62.52258767673067,-0.02707935607888666
62.543087669925946,-0.02706265296980393
62.5630251071621,-0.02701262593274539
62.5823375158749,-0.026953246139424892
62.601087298825036,-0.026863027944927252
62.61921207801812,-0.02677356174041551
62.63664940308077,-0.02669545342030979
62.653336781416385,-0.026631731101542797
62.669211640728676,-0.026564896866418643
62.68421153862896,-0.026509552660991087
62.69827392701637,-0.026453525065006384
62.71146134863611,-0.026408057787547623
62.72371129425234,-0.026371555742792905
62.734961190930136,-0.0263233401962182
62.745273606700614,-0.02628166014301912
62.754711036428084,-0.02624524051816673
62.763335983180085,-0.026214933337521153
62.771085901734416,-0.02617940305134105
62.77802334015119,-0.02615017184386333
62.78421080299331,-0.026128728257214448
62.789710762904654,-0.026107728886865668
62.79458573053858,-0.026089964648369247
62.79889821177909,-0.02607724457634592
62.80271070262223,-0.026068888679599767
62.805960699004615,-0.026064039508532852
62.80858569790413,-0.026061635854315996
62.810648197737464,-0.026060806699818327
62.81221069773707,-0.026060841607520358
62.81333569771132,-0.026061082331441554
62.813960697711224,-0.02606109329071976
62.81414819770979,-0.02606107008561717
62.81414819770979,-0.02606107008561717
62.81414819770979,-0.02606107008561717
62.81414819770979,-0.02606107008561717
62.81414819770979,-0.02606107008561717
62.81414819770979,-0.02606107008561717
62.81414819770979,-0.02606107008561717
62.81414819770979,-0.02606107008561717
62.814210697435264,-0.026060884841051644
62.814273197273444,-0.02606074261735837
62.814273197273444,-0.02606074261735837
62.814273197273444,-0.02606074261735837
62.81433569721317,-0.026060655814582494
62.814523197119485,-0.02606046838573203
62.81477319693827,-0.026060167376080877
62.81514819647826,-0.026059580003035262
62.81558569610256,-0.026059006643488317
62.81602319592771,-0.02605861549937803
62.81639819560213,-0.0260581213467659
62.816773195225814,-0.026057590086470905
62.81721069467845,-0.026056898030840075
62.81777319201198,-0.0260551660439029
62.818523188900116,-0.02605300553922088
62.81952318634906,-0.026050746753374286
62.82083568500305,-0.026048867051378745
62.8225231821589,-0.02604576883057133
62.82452318020404,-0.026042972501718522
62.826898179455185,-0.02604108648681342
62.829585677724225,-0.02603803625478807
62.83264817625077,-0.02603503211014004
62.83614817590969,-0.026033486936493624
62.840148174839136,-0.026030560431768983
62.844585667964196,-0.02602274922031949
62.84939815956866,-0.02601375994802011
62.8546481507411,-0.02600413242018599
62.860273145819775,-0.025996691663804496
62.8662106423011,-0.025990227588280145
62.872398123770424,-0.025975084380678106
62.87877310809598,-0.025960947585783517
62.88527310105773,-0.025951382170748775
62.891960578572665,-0.025934040393009436
62.898898060026845,-0.025917999104801373
62.906148050259844,-0.025906098626636384
62.91364804347204,-0.025896008182416167
62.92146054005195,-0.02588869799900868
62.92964803892004,-0.025884392771313876
62.93814803799387,-0.02588042477425108
62.947023037923515,-0.025879307282087528
62.95633553689206,-0.02588369029280706
62.96614803490745,-0.02588993112945107
62.97652303490397,-0.025889662512330547
62.98739803459513,-0.025892254284901904
62.99871053458445,-0.025891762619129576
63.010523034533705,-0.02589285753745654
63.02277303449478,-0.02589188100730186
63.03539803263061,-0.025885020217181882
63.048335531205666,-0.02587894811030177
63.061648031204086,-0.025878743000573076
63.07539803087712,-0.02588174161786903
63.08964802825221,-0.025890390879463876
63.10446052390524,-0.025901738970777854
63.119773018593015,-0.025914493840953717
63.13564801531645,-0.025904294282209108
63.15214800176781,-0.025883149428936627
63.169210489160605,-0.025862407666341247
63.186897986471905,-0.025852655084137345
63.205147986357076,-0.02585470235570654
63.22389798143896,-0.025868282835850517
63.243085479022,-0.025858652107993763
63.26277297844017,-0.025853865721965113
63.2828979759518,-0.0258638735689456
63.303397963719846,-0.02588626798722733
63.324335450621234,-0.02590968815428162
63.345647947762565,-0.025920726762153068
63.36727293937876,-0.025939768809980293
63.38927291606125,-0.025971799571977344
63.41171041563757,-0.0259761599167839
63.434522913529634,-0.02598596678329134
63.457647898167274,-0.026012622157950267
63.48102285301186,-0.026058567925255533
63.50458526560078,-0.02612274922640907
63.52827274210773,-0.02615611062068214
63.55214771429998,-0.02619254987612321
63.57614766522321,-0.02624108524748999
63.60033508109495,-0.026304879428997032
63.6246474838186,-0.02637365481016775
63.64902236311792,-0.02645036297998884
63.67339720045135,-0.026539413352695683
63.69783453035002,-0.026630592700724542
63.722271958773455,-0.026689739126232636
63.74677188342029,-0.02675050342153585
63.77139683832514,-0.026797630207481684
63.796084337405276,-0.02680436951181612
63.820771808421675,-0.026766540101510552
63.84539679217991,-0.02673825748077978
63.869896749179745,-0.026692355341323536
63.89433413312175,-0.026617040528823948
63.91877155539613,-0.026555405846923844
63.94327143070949,-0.026477241726075098
63.96777131620916,-0.026402338434612305
63.992333772528674,-0.02635601563478467
64.0168962679748,-0.02634105872354998
64.04139626023647,-0.026360531220069875
64.06577126012478,-0.02636286461884168
64.08995874198001,-0.02633323772953453
64.11402123765836,-0.02631881624654402
64.1380212366218,-0.026325870002770164
64.16189620943578,-0.0263618995980461
64.18558362658713,-0.02642454900063443
64.20902100025405,-0.02650150253841843
64.23227080566966,-0.026596624231054494
64.25539563433954,-0.026685641020543934
64.27833293272177,-0.026781813649243823
64.30114519587406,-0.02688576614226978
64.32376989601805,-0.027002249594265143
64.34614457152769,-0.027122752036186835
64.36820691232238,-0.027206566765617866
64.38989432879919,-0.02726675656225038
64.41126927389216,-0.0273152052195222
64.43226920993924,-0.027367032032261932
64.45283162456053,-0.02742628734506675
64.47301906950756,-0.027473433506758224
64.49289406225319,-0.02749041471173206
64.5125190565471,-0.027475449304778313
64.53183155632829,-0.027472542105084225
64.55076905192006,-0.027485463462382988
64.56939402574615,-0.027516688092236816
64.58776894731854,-0.027570374298154048
64.6059563212774,-0.027638084934006112
64.62389362436359,-0.027722133993894824
64.64164351311035,-0.027784978862049687
64.65914338095124,-0.027852990271392424
64.67645582243786,-0.02789800162964879
64.69351826904634,-0.027940686319765283
64.71026822201698,-0.027980378653646668
64.7266431586801,-0.028025922901722504
64.74270557403571,-0.0280780687939277
64.75839302883145,-0.028115728871958855
64.77376799550024,-0.028147743455028715
64.7888929903687,-0.02816020255803164
64.80383048713432,-0.028170032460808393
64.81864296411312,-0.02819614763448602
64.83339288952256,-0.028243056226056284
64.84814277751464,-0.028300538579757485
64.8628300970646,-0.02837334439892754
64.87751737018893,-0.02845498030712143
64.89214219942122,-0.028525655099157454
64.90676701963251,-0.028598172596122583
64.9213292801514,-0.028681688043783432
64.93576646130435,-0.028777639106994067
64.95014105571737,-0.028885622723244804
64.96439056811124,-0.02900350629688177
64.97857758109957,-0.029121059344778016
64.9926396161387,-0.02923541321680596
65.00663910985296,-0.029354475152926295
65.02051362471865,-0.029470502053872184
65.03432582011008,-0.029562233829947052
65.04813801169918,-0.029654536355764687
65.06188765350126,-0.02975378510723171
65.07563721698318,-0.029863348132728552
65.08944920289827,-0.029982517472291963
65.1033861030892,-0.03011182067287332
65.11751052764866,-0.030239319160151414
65.13175990602339,-0.03037242037645561
65.14619671007564,-0.030514177234995294
65.16088343812238,-0.03066476120173701
65.17588267685868,-0.030815881457456985
65.19113191785723,-0.03096802930679715
65.20669381898246,-0.031104556295771496
65.2225057616384,-0.031237318094147155
65.23863042720264,-0.03134117107496049
65.25513010100168,-0.03144492330334209
65.27206721353173,-0.03155948941717013
65.28937923597374,-0.03168807875206703
65.3071286887803,-0.031827452594490185
65.32525318495168,-0.03196259523694024
65.34381508745744,-0.03211153017781484
65.36275184410279,-0.03227932172991808
65.38200133678602,-0.03241907665134566
65.4015009466077,-0.03254243305564289
65.42131319240232,-0.03264279651182168
65.44150058919276,-0.03270734940201231
65.46212557046788,-0.03273514150739209
65.48312554851174,-0.03276550855551573
65.50443795514566,-0.032828593581618305
65.52600023781997,-0.03292540330774848
65.54787501750137,-0.03302358115728425
65.57012466386432,-0.033149027256462245
65.59268660259514,-0.03330817170846561
65.61549841407688,-0.03348540932025903
65.63862251520919,-0.033689301014239316
65.66199637875677,-0.033919795828354395
65.68568250033407,-0.03417533618842768
65.70961848058045,-0.03444506919536786
65.73374244958853,-0.03466810349080403
65.75799192209651,-0.034828050621748444
65.78242922325624,-0.03492663194965543
65.8071164802828,-0.03503616164856325
65.83199120058904,-0.035154122176323854
65.8569908504859,-0.03528642876879446
65.88205280635434,-0.035451578090403495
65.90711450756842,-0.03565167433142465
65.93211365186625,-0.03585851817661163
65.95698800722754,-0.03603760016958567
65.98167490212144,-0.03621044908430451
66.00611179890079,-0.03638215244876945
66.03023612547695,-0.03656240850746846
66.05398533352368,-0.03675635992615458
66.07742190312082,-0.03696519423546594
66.10060833823512,-0.03718741696243123
66.12348268571492,-0.03736019535609803
66.14610706256913,-0.037528114857048725
66.16841881828697,-0.037710359301143366
66.19048040114598,-0.037911525911401255
66.21222984426282,-0.0380671668676956
66.23360429017357,-0.03822107271112132
66.25454151576936,-0.03832826693181617
66.27497878923256,-0.03842449395626631
66.29497858395585,-0.03851510867019648
66.31447828233219,-0.03862356710302876
66.33341533431322,-0.038753830365933134
66.35185224997805,-0.03890061939002481
66.36972671745667,-0.039038595315437574
66.38710111332483,-0.03918348567516522
66.40391290578283,-0.03933772768990025
66.420224686164,-0.03949094990237106
66.43609929995321,-0.03960168401448777
66.45147398105308,-0.03970070965440983
66.46628613947092,-0.03980130416134478
66.48047321992969,-0.03991041101910004
66.4940978219297,-0.04001455198858076
66.50722245847281,-0.04011222804152673
66.51990956296704,-0.04021240689400456
66.53209660323705,-0.04031826390646261
66.54372111723754,-0.040424561848971106
66.55484558468518,-0.04053341498973345
66.56553250555373,-0.04064467414306137
66.57584468508672,-0.040725973154559586
66.58571939605028,-0.040801527016727665
66.59521927084137,-0.04085030153375281
66.60440665311465,-0.04089681190492283
66.61334406171727,-0.04093723120438559
66.62209395359228,-0.040980730347806
66.6307187947316,-0.04103307842800685
66.63915608352542,-0.04109277817442371
66.6474683097708,-0.04116023998285234
66.65571797233642,-0.04123485602351493
66.6639675741778,-0.041315908220371136
66.6722797180087,-0.04139285745437136
66.68059184304632,-0.04147181066227573
66.68896664669501,-0.04152915912153322
66.69734146120706,-0.041584898592898954
66.70577876372055,-0.041642626800297365
66.71434108353674,-0.04169817511479259
66.7230908626092,-0.04176035375385808
66.73209075789802,-0.04180376792591129
66.74140314256275,-0.04185011559241159
66.75096547431434,-0.04190684056486583
66.76084031997175,-0.0419620514555017
66.7709651270211,-0.042024559162144745
66.78140236237816,-0.042098885142291084
66.79221473283187,-0.042151813601316056
66.8034646477478,-0.04219556727858717
66.81521457418299,-0.04223714573011883
66.82740195320241,-0.04229144938374013
66.83996441277291,-0.04232332083649393
66.85296438425068,-0.04235055275066995
66.86646438422304,-0.042349688830403985
66.880401881327,-0.0423586736357695
66.89471434744762,-0.04238981518623497
66.90946431566556,-0.04242043494842146
66.92471425495233,-0.04246346690806713
66.94052669978197,-0.04250523723176206
66.95696415207922,-0.04254483806057383
66.97396406752357,-0.042598456013893865
66.99146389399739,-0.04267638794501578
67.00940133513555,-0.04272234080426151
67.02771375090381,-0.0427778834027074
67.0463385837478,-0.04285679178934697
67.06521353319611,-0.042900476153734914
67.08440095841974,-0.04295404422049008
67.10396330031192,-0.043032694989211445
67.12396302521928,-0.04313759317761421
67.14446292205167,-0.043202630561645805
67.16540042156882,-0.04320712718467196
67.18671291823178,-0.0432190536783462
67.20833787600517,-0.043261788898567584
67.23021277627923,-0.043327841906775154
67.25240008345395,-0.0434203437169412
67.27496241653986,-0.04350713064148239
67.29783717093291,-0.043613132801069106
67.32096191631511,-0.04372165011883329
67.344399228508,-0.043815476679059814
67.36808647511491,-0.04392504142361092
67.39196127489467,-0.04402281911202805
67.4159610154188,-0.044134420073433905
67.4401481494697,-0.04426747139235596
67.4645855323011,-0.04434314570557016
67.48921040548684,-0.04442217472714891
67.51396019203384,-0.044524965185498304
67.53877239414649,-0.04464654878201561
67.5637098178721,-0.04470822681563555
67.5888347315348,-0.04477409366024409
67.61408457884039,-0.04486190621498608
67.63952205998484,-0.044892878387922754
67.66520952917564,-0.04493266307685891
67.69108443523672,-0.045002386321246673
67.71708439826446,-0.04504623327792203
67.74327183186197,-0.04510520637222016
67.76970918716465,-0.0451926755112187
67.79633417201849,-0.04522107503862496
67.82308414670753,-0.04525787362455365
67.85002161945195,-0.04529619324768989
67.87708403832929,-0.04536245603831627
67.90433385405251,-0.04546267105705726
67.93183362281306,-0.04557544568268514
67.95952078812569,-0.04571158238371365
67.98733304549339,-0.04582775623205415
68.01520775401316,-0.0459552314744054
68.04308236265193,-0.046102941445892553
68.07101973995469,-0.04618574055622044
68.0989571350551,-0.046262299379219655
68.12683197000388,-0.04635822423586987
68.15470670751931,-0.046479193016857635
68.18251882922122,-0.04662425399727752
68.21020583531165,-0.04678963234728258
68.23770523767314,-0.0469709325426034
68.26507962569198,-0.04715397787552356
68.29239147189693,-0.04734295704578254
68.31970335464653,-0.04752657872725972
68.34707770606937,-0.047715017521656265
68.37445231881586,-0.04786062651754579
68.40188950359922,-0.04799214614925741
68.42932690105734,-0.048067159317796385
68.45670188857326,-0.04804101543360459
68.48395187070565,-0.04800980991044543
68.51101437045172,-0.04800610263357993
68.53782687023623,-0.048009502001276086
68.56445186305582,-0.047989948055278994
68.59082679806424,-0.04793139635515705
68.61688921586641,-0.047865939838349504
68.64270138886637,-0.047736011896413626
68.66820114116187,-0.04762361586348024
68.6933256275005,-0.047462957156101195
68.71813776024673,-0.04732795777286047
68.74257510107253,-0.04723975565276631
68.76670005942562,-0.04719492863007118
68.79057505610113,-0.047182329272430254
68.8141375477018,-0.04716243409209512
68.83744989947691,-0.047079301883528206
68.8604497509752,-0.04699665167781977
68.8830746391167,-0.04692550686109222
68.90526182255704,-0.04680698583058183
68.92707406866566,-0.046701743505849186
68.94844892452953,-0.04662324638077254
68.96944869954827,-0.04652603957711395
68.99013598558399,-0.04643195064982131
69.01044838240338,-0.046367207297893155
69.03032334742228,-0.046329917921850865
69.04982334571092,-0.04632174826514809
69.06888583356923,-0.04630023310794103
69.08744833165038,-0.04629179289234768
69.10557332939918,-0.04630082649439975
69.12319830870193,-0.04632783718511192
69.14038575638779,-0.046370243504639475
69.1571981755353,-0.04642238425857044
69.17369806243731,-0.04648347616436562
69.18982304004767,-0.046510347437964936
69.20563552192475,-0.04653428771547805
69.22119801754236,-0.04654596682481609
69.23657301354072,-0.04655705963191243
69.25169797759197,-0.046524083153103746
69.2665104397151,-0.046490585378651264
69.2809479269492,-0.04647138601386641
69.29507291353589,-0.046451919999074096
69.30894786864616,-0.04641662569317766
69.32263516403833,-0.04634178521311539
69.33607248611993,-0.04627263663760223
69.34919736563673,-0.04621639902036786
69.36194731470842,-0.04618036196568951
69.37438480282849,-0.04616317146961326
69.38644730275584,-0.046161847562312223
69.39807229704205,-0.04617337343403422
69.4091972768942,-0.0461945462710994
69.4198847730446,-0.046185475143575246
69.43019726753094,-0.046174811223603715
69.4400721953725,-0.046137060405517426
69.44957212777474,-0.04610122253835224
69.4587595594843,-0.046065798928742345
69.46757202487578,-0.04604110127399942
69.47607191994265,-0.04599886560089179
69.48419682346444,-0.04595927063278673
69.49200912515563,-0.045903606139528604
69.4995714505662,-0.04585221903291082
69.50694634290144,-0.045812368768480854
69.51419615745067,-0.045760513181675684
69.52125842199133,-0.04570284336616272
69.5281956849368,-0.04564549290560315
69.53494533510688,-0.04557677186439611
69.54157004197107,-0.045514450411003514
69.5481323222245,-0.045460746356470835
69.55469451667126,-0.04539741948308282
69.56119428605255,-0.04534266557930172
69.56769400748061,-0.045282487861270634
69.57413117687653,-0.04521724663005651
69.58056831444591,-0.04514893731190412
69.58706781824166,-0.04506862287337293
69.59369242338863,-0.04499629274929143
69.60037967780985,-0.04493898170515235
69.60719204304331,-0.04489613108012274
69.61419198144046,-0.04486676381584308
69.62144196042038,-0.04484930556308883
69.62900438974602,-0.04481661084108945
69.63694177231626,-0.04477343465005889
69.64519168499717,-0.044735477341130384
69.65381659636309,-0.044696375803563206
69.66287904390477,-0.04466554068830354
69.6724415239015,-0.044645981495244284
69.68256650274955,-0.044625285443033444
69.69319149468853,-0.04461219741374125
69.70425399436145,-0.04460950731340751
69.71569149064999,-0.044600293207507614
69.7274414899792,-0.044596322866171254
69.73944148965136,-0.0445991278773343
69.75162898638092,-0.04460805629473294
69.76406647474437,-0.0446250697981403
69.77681644999836,-0.044650189959653516
69.78981640980005,-0.04468251880724094
69.80312885349122,-0.04472123856501348
69.81681628153981,-0.04476561946879761
69.83094119500008,-0.04481506378199293
69.845441162335,-0.044845841793321566
69.86037863489818,-0.044874471750800525
69.87581610010886,-0.044907245504411726
69.89181609281947,-0.044891972639364695
69.90831590353434,-0.044812938637751716
69.92525316420164,-0.04472289788029505
69.94256531409101,-0.044612795847798946
69.96031504574758,-0.044515194004167515
69.97843986514536,-0.04443428171989423
69.99687727498274,-0.044376621175263725
70.01556474311305,-0.04434210844199677
70.03443958541277,-0.04426495171574293
70.05343943988139,-0.0441905865923547
70.07250169048388,-0.044093076499842496
70.091592575271,-0.04400671364681758
70.11077462798437,-0.04394248066492003
70.12998532545178,-0.04390187217660905
70.1491619668213,-0.04381898122133957
70.16824214115249,-0.04372604956489908
70.18728843597965,-0.043641887431311525
70.20623835463395,-0.04356846221795156
70.22502940564752,-0.043510297504155256
70.24372408791382,-0.04347216223554774
70.26225987964975,-0.04345334100084044
70.28069925975424,-0.043446374179037364
70.298979721264,-0.043445164930399786
70.31703876093316,-0.04345368481810373
70.33481387345851,-0.04347185077660096
70.3523675554029,-0.043498344082023147
70.3697623055826,-0.04353165056282599
70.38706062435018,-0.04357041215647586
70.4043250127973,-0.0436135436735639
70.4214929727837,-0.043659856512756695
70.43850200636501,-0.04370830551802345
70.45541464781465,-0.04374566479518706
70.47229337273276,-0.043781444524648154
70.48920070572828,-0.04376307889100929
70.50619910506164,-0.043734654010776496
70.52335106588848,-0.04369651543941343
70.54059411165072,-0.04366050813784315
70.55786575723161,-0.04363563777598817
70.57522849279404,-0.04361891450454103
70.59261980530798,-0.043599149519174644
70.60997715168489,-0.0435544727806898
70.62736307046013,-0.043506848080743156
70.64471487916771,-0.04341269798458885
70.66196987775955,-0.04326342478979139
70.67906599818996,-0.043119719778421675
70.69594088739323,-0.0430013262648429
70.71265664649796,-0.042856711966499324
70.72927558540066,-0.042672052862887874
70.74573539657443,-0.042470519806392514
70.76197406086516,-0.04229387500399564
70.7780538547386,-0.042122680321983665
70.79391249724273,-0.04197989378674342
70.80948725526919,-0.04184234192999784
70.82484069799688,-0.0417180822775953
70.83991039776038,-0.04161897068576464
70.8547588186114,-0.04154485740086661
70.86944841195363,-0.04149269920339634
70.88404159921508,-0.041444739441305195
70.89847589445152,-0.04140638294191168
70.91281364497293,-0.04133538027647175
70.92711732411524,-0.041238613934552304
70.94134162431426,-0.041142762863282056
70.9554238238802,-0.0410194076635434
70.9694267141557,-0.04090513755992004
70.98328787382181,-0.04081190634154552
70.99706973452379,-0.040732424889886876
71.0107098032986,-0.04067111226416433
71.02414547826919,-0.04060798695219142
71.03731428959469,-0.040549783604185034
71.05015376533093,-0.04050420524302116
71.0626012402476,-0.04043392509414527
71.07471935046425,-0.040367913929595815
71.08657041935565,-0.04027843351332386
71.09809209148371,-0.04018846608400207
71.10922196368975,-0.0401112484091844
71.12002250893572,-0.040043655389624185
71.1305562471804,-0.039990286689452426
71.1408854939552,-0.03991938315372795
71.15107288916764,-0.039853722422170446
71.16105596950132,-0.039800257858757286
71.17089722524327,-0.03975948969771785
71.18053413782482,-0.03973027291517437
71.18990419096932,-0.03971071451012024
71.19906979598419,-0.03967118798251715
71.20796850740744,-0.039629959645377785
71.216537816164,-0.0395855913679862
71.22471512324658,-0.039523831570482976
71.23256307207652,-0.03946667143811002
71.24014419122041,-0.03941826626435516
71.24739588865715,-0.039365369209944025
71.25438057742086,-0.03929868840397397
71.26116091453432,-0.039236343797914644
71.26779940709386,-0.03917897738272757
71.27435857642506,-0.03912934535950424
71.28077592367426,-0.039089044398950945
71.2869889246141,-0.039055688344959705
71.29293497653936,-0.03901272138152758
71.29855159501824,-0.038964689644699485
71.3037763745488,-0.03892367151617962
71.3085467215885,-0.03887889032048087
71.31280022123072,-0.03884038661137689
71.31647440018097,-0.0388117433577435
71.31963172283314,-0.03878862570676767
71.32233469535893,-0.038771949139925314
71.32464578838156,-0.0387571108521782
71.32662749567545,-0.03874302656631123
71.32834232769488,-0.038731023190616456
71.32972779332849,-0.03872268647378962
71.33084638754386,-0.038717255009992915
71.33163560063342,-0.03871308839868023
71.33203293549745,-0.03871092115713126
71.33203293549745,-0.03871092115713126
71.33203293549745,-0.03871092115713126
71.33203293549745,-0.03871092115713126
71.33203293549745,-0.03871092115713126
71.33203293549745,-0.03871092115713126
71.33203293549745,-0.03871092115713126
71.33203293549745,-0.03871092115713126
71.33207309459019,-0.0387108179040664
71.33221591255288,-0.038710444467152556
71.33239888780192,-0.03870950197081661
71.33268451981792,-0.03870783130212644
71.33313530761649,-0.038705091034000244
71.33381375322975,-0.038701455712962976
71.33478235456069,-0.03869638985736064
71.33597861477737,-0.03869068832954319
71.33746502745396,-0.038682909826143815
71.33930409033648,-0.038672515828926855
71.3415582700723,-0.03865453099743013
71.34416508040184,-0.03863165453339319
71.34718697645123,-0.03859923640966387
71.35056149698094,-0.03856171209446767
71.35422619155298,-0.038524021964363185
71.35811853598923,-0.038484251805026834
71.3623010418048,-0.03844324506549096
71.3668361757269,-0.03839735833798711
71.37178648891211,-0.03835153308300493
71.37721447264273,-0.03830484596729303
71.38305759217602,-0.03825365883835094
71.38937829275267,-0.03819183131049087
71.39623918185211,-0.038130616089969496
71.40370279187057,-0.03807444181064748
71.41183162072643,-0.038024766642145956
71.42068815633465,-0.037981793782976246
71.4303347765621,-0.03792305008409976
71.44083406265551,-0.03786291361353769
71.45224833935963,-0.03777470436840056
71.46463996054382,-0.03764723742796167
71.47807130923385,-0.03747633109242692
71.49260509946937,-0.03728156380975621
71.50817910604636,-0.037084408996331725
71.52485603896191,-0.036903542269223114
71.54257290718543,-0.036696933145844796
71.56139260628753,-0.03649974512584349
71.58125240994171,-0.03629189007458651
71.60221508706915,-0.03610052641094463
71.62421817945419,-0.035935692693862945
71.64719914364022,-0.035799285043205765
71.67109529747133,-0.03566551584830535
71.6958438102116,-0.03548276589905043
71.72150735694562,-0.03528013246350838
71.74814871107274,-0.03509377330401468
71.77570529376989,-0.03491460597245893
71.8042396983221,-0.03475981981870803
71.8336893843234,-0.03462742541999992
71.8639918437463,-0.034521998018315195
71.89508454083929,-0.03444121025505631
71.92690492604095,-0.034371631110455186
71.95939047687001,-0.034304351733342724
71.99247861046055,-0.03420601254206231
72.02610686486052,-0.03409460250190946
72.0602127069964,-0.033962447559084036
72.09473376390025,-0.03384479232719428
72.12960752455264,-0.0337404908629738
72.16489649131057,-0.03365274346430886
72.2006631680378,-0.03358813734389421
72.23684503878258,-0.03354684913410271
72.27337958670212,-0.03352660579712777
72.31020429939056,-0.03352442039889646
72.34725666910626,-0.03353737044812696
72.38447419159118,-0.033562846342243054
72.42179433553322,-0.03350394088299394
72.45915461322683,-0.03343061277539372
72.49649254291234,-0.03335371044094846
72.53374565116171,-0.03328692945374899
72.57085145028681,-0.033241177444539256
72.60787242939129,-0.03321768702452762
72.64487103020754,-0.03316000360766677
72.68190979816009,-0.03310761112286151
72.71892620136225,-0.03304039269026567
72.75585775387302,-0.032968001727811454
72.79276674432538,-0.03282112743155514
72.82959080103797,-0.03265269585762269
72.86626761815538,-0.03250835659751743
72.90273470350382,-0.032395376927730896
72.9389292433789,-0.03222958463998241
72.97491400207677,-0.032077800136014696
73.01062645494467,-0.0319350827058838
73.04612918045291,-0.03182464936127272
73.0813596595753,-0.03175081668615365
73.1163803521398,-0.03171055021997687
73.15112872516622,-0.031699021287422635
73.18554225932205,-0.03169979072083826
73.21955844825834,-0.031717197289335544
73.25323979066263,-0.031743424075306656
73.28664878021095,-0.03178201864295616
73.31972293172538,-0.031817981439163194
73.35239974976564,-0.03184627772864221
73.38474172191326,-0.0318797968919575
73.41681136124389,-0.03190436682574773
73.44854615435942,-0.031935070067020406
73.47988362041995,-0.03194349712739903
73.51076124613479,-0.03195009181604823
73.54111652706999,-0.03196700058601677
73.57088696122727,-0.03199225616804454
73.60001004425874,-0.03202728326275046
73.62842327255413,-0.032071896913911
73.65606414523214,-0.03212440228226261
73.68287022543778,-0.0321335656524261
73.7087789390511,-0.03209589644977578
73.73385273519114,-0.03202365027661968
73.7580292102128,-0.03195975754098332
73.78124587230597,-0.03190850107435214
73.8034401609349,-0.031845551990093736
73.82467462829216,-0.031791118993305986
73.8450117870986,-0.03175204132604069
73.86438904554142,-0.031690687093444275
73.88286898743125,-0.031638775684300686
73.90051407736314,-0.03158429889677989
73.91738679542397,-0.03152195157794229
73.93354971130921,-0.0314721930483547
73.94894032947808,-0.03144006487695659
73.96362112454618,-0.031418485206193
73.97752959133501,-0.0314088103327336
73.99060318635608,-0.03137883748350057
74.0027794398451,-0.03134959441701331
74.01399585911858,-0.03132428415740712
74.02431495089235,-0.03130652490677348
74.03379917827202,-0.0312793605554258
74.04251107709148,-0.03125779688379982
74.05051311638151,-0.03123082913177542
74.05786782881756,-0.03120929628244192
74.0646377137645,-0.031193582838245443
74.07088527013666,-0.031184898136009512
74.07667299082378,-0.031181587619355085
74.08206336818127,-0.031175443269409103
74.0869939056215,-0.031170336540059206
74.09140210435976,-0.03116809080932444
74.09522546287023,-0.031167651025555583
74.09840148063145,-0.031167643837770532
74.10099265726993,-0.03116898718152319
74.10293649260956,-0.031170828947907726
74.1041704867075,-0.031172647273871954
74.10475714132798,-0.031172423686829744
74.1047589552162,-0.031172422594355653
74.1047589552162,-0.031172422594355653
74.1047589552162,-0.031172422594355653
74.1047589552162,-0.031172422594355653
74.1047589552162,-0.031172422594355653
74.1047589552162,-0.031172422594355653
74.1047589552162,-0.031172422594355653
74.1047589552162,-0.031172422594355653
74.1047589552162,-0.031172422594355653
74.1047589552162,-0.031172422594355653
74.1047991144193,-0.031172464977464454
74.1049419328217,-0.031172582704030234
74.10524991029975,-0.031172932241585752
74.10578554645953,-0.031173823849074647
74.10661134193637,-0.03117486034388182
74.10778979647924,-0.031176241975834535
74.10938340906452,-0.031178762296571703
74.11145467967636,-0.031182398566049315
74.11406610642946,-0.031188123862286785
74.11728018721954,-0.03119670851208334
74.12103443763499,-0.031199535859841386
74.12526634831607,-0.03119999111396906
74.13003841771966,-0.03120223477322089
74.1354131434193,-0.03120833062303195
74.1413280285679,-0.031214515276513786
74.14784557375886,-0.0312089028890569
74.15490327643585,-0.031201243765030636
74.1625636128854,-0.031179945232303486
74.17088911072933,-0.031158569961746357
74.17981728420412,-0.031144533015749654
74.1892856271018,-0.031140551640612024
74.19935662635416,-0.031131909690019104
74.21009278817468,-0.031129109564634775
74.22143160332018,-0.031117189435118202
74.23331057331426,-0.031101288346338647
74.24579220593081,-0.03108783950349854
74.25893900477726,-0.03108532180419088
74.27268845926386,-0.031095579559318097
74.28710305690045,-0.031119532749519407
74.30212028783808,-0.031156632211953063
74.31767769604063,-0.031186035997590615
74.33383775637265,-0.03121961305424258
74.350537953958,-0.03126319035816689
74.3677157960118,-0.03131279160164897
74.38530886013439,-0.03133035675366203
74.40337957454372,-0.03130505912761289
74.42186544739334,-0.0312789114391335
74.4408289954275,-0.031269109023998376
74.46020767485041,-0.031234800587036645
74.47993902796054,-0.03120974485046845
74.49996053471708,-0.03118041186414363
74.52020971869992,-0.031168528976358828
74.54074904798662,-0.031141787478925088
74.56151604555282,-0.031123159970121175
74.58257315933729,-0.03107665138324185
74.60385781876697,-0.030992857105885896
74.62543266406168,-0.030915606139077203
74.64736025309585,-0.03086703774538611
74.66957805037889,-0.03085248707668048
74.69202348534225,-0.030818120349004607
74.71475907423866,-0.030780212667677064
74.7377223473786,-0.030762823337404165
74.76097578343038,-0.030774432262233073
74.78445684519315,-0.030815784401407635
74.80810300408383,-0.030884039566632885
74.83197681196884,-0.030956096029065735
74.85614072807986,-0.03104395918246957
74.88065724276134,-0.03114791448164875
74.90546385890036,-0.031265390694744884
74.93062309226958,-0.031392315841544886
74.95607241744263,-0.03153277032564451
74.98187438575358,-0.03167709984650321
75.00796650403551,-0.03182389291692883
75.0344112248231,-0.03198149789380772
75.06127103086924,-0.0321523860484647
75.08848346885765,-0.032328655908877735
75.11598628859319,-0.03246708446647849
75.14371702901806,-0.03253651054359297
75.17161293775604,-0.032602401901016334
75.19961145315229,-0.03268784930268737
75.22765003928215,-0.032798637891296466
75.2557911758628,-0.0329344360852429
75.28409744150571,-0.03307676315598367
75.31250634829671,-0.033222905476808264
75.34095565121788,-0.03331183397484526
75.3693826556418,-0.03338598541567058
75.39772481059941,-0.03346328168808046
75.42591955467535,-0.03356276517462616
75.4539043754216,-0.03368294792838889
75.48174201905317,-0.033755446647361305
75.50936980537968,-0.033833739995747
75.53672522118197,-0.033921472852994176
75.56374576809372,-0.034016983370723834
75.59036888922384,-0.03413323495831454
75.61665705691695,-0.03427204365025992
75.64254779065887,-0.03442632086060132
75.66797858097496,-0.03459543545249598
75.69288732280455,-0.034711415419310734
75.71721123561807,-0.03482350244872257
75.74101274014346,-0.03494803182188834
75.76422959728778,-0.035026431966220274
75.78692410308008,-0.03510698254958645
75.80915869605863,-0.035204760146629606
75.8309958464735,-0.03532238323050071
75.85237320901432,-0.035428600515168725
75.8733532595959,-0.03552791476605371
75.89387363187731,-0.035582495853416725
75.9138716934651,-0.03562372865335085
75.93340995643035,-0.03562745665662811
75.95242587272992,-0.035642870227134506
75.97085695238106,-0.03563402862554451
75.98876564799875,-0.035593712604385375
76.00608947975081,-0.03554500577983233
76.02289101729271,-0.0355178742304271
76.03923273511745,-0.03552314175198088
76.05517707083509,-0.035559817563152823
76.07066147926302,-0.035622949178293575
76.08562344157954,-0.03570663464780386
76.10000050286611,-0.03579862436682244
76.11373015790113,-0.03589801780601364
76.12687492553187,-0.03600138182556946
76.13937230723948,-0.03610761951966033
76.15128497955595,-0.03619495821381893
76.16267549974143,-0.0362496950455465
76.17360618163553,-0.0363028070110224
76.18401447730463,-0.03636307480845525
76.1938378955793,-0.036427476531888145
76.20301392763587,-0.036496093252654696
76.21148007429784,-0.036567504451889235
76.21917401678859,-0.036617826745263406
76.22615812743801,-0.03666445208489996
76.2324949822631,-0.0366943820327675
76.2382469969902,-0.036722760618326515
76.24335171437978,-0.03673923011308351
76.24787161408332,-0.03674483845829067
76.25186917348215,-0.0367497437966862
76.25540688823834,-0.036756719675089145
76.25842226485256,-0.03676177947159621
76.26097779342909,-0.03676944887362783
76.26313598764389,-0.03677413867143574
76.26495934533799,-0.036775890624339225
76.26651036275186,-0.036774852595400184
76.26785153637243,-0.03677184774743784
76.26904537197514,-0.03677064143962518
76.27015436662101,-0.036771966615650006
76.27124102102073,-0.036772723187871406
76.27236783466466,-0.036771980713509525
76.27347230757334,-0.036772654188238704
76.27449193923412,-0.036773830644532636
76.27536423079486,-0.03677391623627226
76.27615168092514,-0.03677493586889558
76.27691678803274,-0.03677704543782734
76.2775970561395,-0.03677828786857275
76.27825498173414,-0.036780231920820125
76.27895306818229,-0.03678154986946825
76.27975381302092,-0.03678337460227479
76.28071971211592,-0.03678706454922129
76.2819132589539,-0.03679371547421724
76.28339695028662,-0.03680365028310999
76.2852332797685,-0.036817777092905526
76.28748478187752,-0.03683135416038082
76.29021393260432,-0.03684812746508479
76.2934832143965,-0.036870956276962276
76.29735511265145,-0.036901751903253906
76.30189210755562,-0.03694272884815964
76.30715668243924,-0.03699548115254178
76.31308647544293,-0.03704483631114271
76.31974402671206,-0.0370824677865577
76.32706681154754,-0.03710412081716006
76.33511728635226,-0.03710864190319214
76.34395791362938,-0.03712055194146285
76.35365118134152,-0.037143351328460535
76.36425959437913,-0.03717274183861703
76.37584560289545,-0.03722194096762867
76.38834681531107,-0.03726060356668505
76.40182563930325,-0.0373144199344886
76.41621967910433,-0.03735268109466489
76.43146633357011,-0.03740662032935279
76.44750320273944,-0.037442409103218506
76.46426768741883,-0.03749536840650025
76.48182238089085,-0.03752996045489389
76.50022968708593,-0.03758442788339214
76.5194271084246,-0.03765361292218725
76.53947707349968,-0.03775174691864124
76.56031724416243,-0.037841621350613065
76.58188502902362,-0.037943118705898345
76.60411811075396,-0.03801019294236081
76.62695379827504,-0.03809422473963141
76.6503295011302,-0.038212358214131
76.67430784837518,-0.03833494197271099
76.69882640805895,-0.03844788380685268
76.7239475135561,-0.03858487825125326
76.74960858407425,-0.03875557694336747
76.7757471698218,-0.0389484710743443
76.80230071316453,-0.039168714467321605
76.82920683374817,-0.039400151599988734
76.85640321923093,-0.03962013545630287
76.88382717083901,-0.03985230853834848
76.9114161488184,-0.040100420626598396
76.93910830594758,-0.04028206116836971
76.9668410595012,-0.040375826093928036
76.99467652141357,-0.04045385887091943
77.02255208058837,-0.04055159530718173
77.0505302026033,-0.04067399204293785
77.07854831570813,-0.04083027439692129
77.10654433644913,-0.04093272311024786
77.13445569279732,-0.04095757983535069
77.16234467155137,-0.04090589728745957
77.1901488380959,-0.04087311760228122
77.21780567871932,-0.04088884072335342
77.24537767775489,-0.04087177299086397
77.27280234064327,-0.040877768339784945
77.30014211698669,-0.04092815227431661
77.32745948291112,-0.04100778567014796
77.3546918730403,-0.0411247287117006
77.38177674747449,-0.041276640231852645
77.40877682400571,-0.04142047956815321
77.43562946925381,-0.04157997141283923
77.46227213635211,-0.041760412463541646
77.4886428163341,-0.04187691940988393
77.51467866299089,-0.04199099664850249
77.54031736879467,-0.04204162859155794
77.56549622221603,-0.042097325650455694
77.59027766083854,-0.042179313885157374
77.61459937138548,-0.04221270978829263
77.63839872475815,-0.042255975723369796
77.66161327629736,-0.042251739914064425
77.68418048555684,-0.04226097995760319
77.70603782039875,-0.042300392997780836
77.72724773765346,-0.04236942754234727
77.74787282137376,-0.04243527358132534
77.76797555398952,-0.042503400084587736
77.78749345286664,-0.042568450399340756
77.80648896652976,-0.042644651463241874
77.82502461813716,-0.04272499421897175
77.84303786659979,-0.042817298290380716
77.86059122800702,-0.04291693420447232
77.87762244800973,-0.04297023447346815
77.89419386963127,-0.043007101522830965
77.91024294931773,-0.043043892665096437
77.92570717221894,-0.043086312585739764
77.94064900935982,-0.04314183746112794
77.95500607580365,-0.043172661643753336
77.96871579485169,-0.04320565923852287
77.9817156406541,-0.0432489801857984
77.99394321044795,-0.043262446821337654
78.0054609250865,-0.04324003946421312
78.01620628550543,-0.04321251918593106
78.02611673341964,-0.04316647262900607
78.03512988496229,-0.043132888614507425
78.04330814938147,-0.04309068049070212
78.05058908968168,-0.04305402646694298
78.0569102208532,-0.0430263438082461
78.06233403905127,-0.04300747670522009
78.06679804272649,-0.04299982175049105
78.0703646948505,-0.042988700035181904
78.07309651700898,-0.04298272645605863
78.0750560031685,-0.04298010351210192
78.07630564426239,-0.0429762160674081
78.07678294322227,-0.04297355714161988
78.07678294322227,-0.04297355714161988
78.07678294322227,-0.04297355714161988
78.07678294322227,-0.04297355714161988
78.07678294322227,-0.04297355714161988
78.07678294322227,-0.04297355714161988
78.07678294322227,-0.04297355714161988
78.07678294322227,-0.04297355714161988
78.07678294322227,-0.04297355714161988
78.07678294322227,-0.04297355714161988
78.07678294322227,-0.04297355714161988
78.07678294322227,-0.04297355714161988
78.07678294322227,-0.04297355714161988
78.07678294322227,-0.04297355714161988
78.07684544321243,-0.042973522066241165
78.07690794320628,-0.04297354980160751
78.0770329431342,-0.042973684034070495
78.0772829425997,-0.042974200998223036
78.0777204414154,-0.04297521896625976
78.07840794128592,-0.04297564090170082
78.07940794013284,-0.04297412229659666
78.08065793640134,-0.042971067995458835
78.08222043328225,-0.04296794594928102
78.08403293236547,-0.04296612295194275
78.08603292998706,-0.04296303852896891
78.08815792950263,-0.042961603673492485
78.0904704211808,-0.042955399771484604
78.09303291505833,-0.042949798198053425
78.09590790363451,-0.042941693457016136
78.09915789585942,-0.042934584448902795
78.1028453944799,-0.04293139478001048
78.10703289387838,-0.04293363926614576
78.11178288626421,-0.04294214424386579
78.11715787157401,-0.042954710846680504
78.12309534754131,-0.04297160427070833
78.12965782148271,-0.04299009800891472
78.13690778166902,-0.0430141250113438
78.14490777985716,-0.043019509233668145
78.15359527971452,-0.04301793495882322
78.16303277583403,-0.043009376661072206
78.17328277555019,-0.043006964499784785
78.18428277366307,-0.043013407852254784
78.19609526469384,-0.04302796457482057
78.20865775255061,-0.04304543164955518
78.22190773182375,-0.043068867973354304
78.23578268915757,-0.04310327704864932
78.25034511381938,-0.04315011954496888
78.26565753094053,-0.043200499676989475
78.28178252626797,-0.04321277525579139
78.29865746553047,-0.04316749957403795
78.31621989773937,-0.04311870246829169
78.33453236891435,-0.04308621069182892
78.35353236672081,-0.04307708083308184
78.37315736112154,-0.043091905528317986
78.39346984022268,-0.043062767647291514
78.41440732311376,-0.04303600133106818
78.435907321782,-0.04302843389122028
78.45803228370062,-0.042987383924774004
78.48084476020351,-0.04295464167533204
78.5042822581519,-0.042944835104966696
78.52840717855094,-0.04288286139748622
78.5531570411921,-0.04280040387161518
78.57846937796667,-0.04270950139221832
78.6042817711784,-0.042635252267532654
78.63053173678568,-0.042592759718243486
78.65715671908607,-0.042562059490909195
78.68409421670093,-0.04255072370358195
78.71128171272905,-0.0425654196589488
78.73865670913908,-0.04257943932720878
78.7661566471358,-0.042521042609090065
78.79371875450288,-0.04237392450859857
78.82128088660905,-0.04223151660227841
78.8489055665505,-0.042098538664264135
78.87665539617454,-0.042001297539663356
78.90446783905327,-0.04194492939377787
78.93228031435582,-0.041907864651667896
78.96003031287499,-0.04189879901552963
78.98778022588279,-0.041829314772389325
79.01546764983246,-0.041764420386680066
79.04315511781842,-0.04172231602771233
79.07090493569693,-0.0416217789226178
79.09877968529136,-0.041503626278067675
79.12671672818047,-0.04134381119000189
79.15465388238624,-0.04120481071207933
79.18252870569702,-0.04110556156858399
79.21027864541952,-0.041047722158256
79.2378409398522,-0.040941270966740474
79.26527785510758,-0.04076214107270039
79.29265234704995,-0.040595360085885775
79.31990153418043,-0.04038488270406466
79.3469634091184,-0.04020095040240854
79.3737755106677,-0.04005477667061868
79.40040032055086,-0.039954160142687906
79.42690025694073,-0.039896096961613677
79.45321274699057,-0.03987321406522107
79.47940015575124,-0.03980408627007842
79.50539991618041,-0.0396924725360008
79.53114932463868,-0.039517933000588965
79.55671132435764,-0.03935800608533375
79.58202351843921,-0.039233559204337264
79.60702302581826,-0.03907661716091968
79.6316476631887,-0.03894297818976185
79.65583497695638,-0.03884806268310089
79.67964734642969,-0.03876921906177097
79.70314704540658,-0.03865027371623727
79.72627170361055,-0.03852454404865427
79.74908360312361,-0.03835902409142194
79.77152063817844,-0.03821457964443859
79.79352031678897,-0.038095663566278706
79.81501983211652,-0.037951300548833354
79.83608190448689,-0.03781708536711034
79.8567690429899,-0.037694787340679964
79.87714383903817,-0.037603622702655375
79.89714351227629,-0.03748929698942053
79.91670559890026,-0.037362123226255525
79.9358928172352,-0.037258157762917
79.95464266651497,-0.03718297807320052
79.97289254244234,-0.037115682932877536
79.99070498421055,-0.037070136208949556
80.00801746992354,-0.03704789464330055
80.02476746739268,-0.03703868681990413
80.04101745849695,-0.037021683555732314
80.05682995619287,-0.037013147356843114
80.07226740725652,-0.03697427696255273
80.08739236534386,-0.03693866999523853
80.10226733683471,-0.03690954704503386
80.11682982929285,-0.03689472623163325
80.13114232779606,-0.03688818054942493
80.14514232502498,-0.03687937202684933
80.15889232374535,-0.03687343994128851
80.17245482329805,-0.036876923149833075
80.18589231619313,-0.0368907414300006
80.19914229621271,-0.0369137518793602
80.2121422606311,-0.03694416767510352
80.22495471504466,-0.036978345887422326
80.23764218230384,-0.037007169437812924
80.25026714496444,-0.037037874790835874
80.26289214495422,-0.037037366849853724
80.27557964113011,-0.03702751611159098
80.28826714019162,-0.037022636144926124
80.30101713945092,-0.03702698217964324
80.31376713229429,-0.03704049121107962
80.32657961801365,-0.03705962079491753
80.33951709182821,-0.03708565053736441
80.35264205698425,-0.03711589376421885
80.36589200938465,-0.037151409778897915
80.37932945348314,-0.03719016993760912
80.39301688504894,-0.03723345251684599
80.40701680814466,-0.03727985633014281
80.42126671975917,-0.037330045756355804
80.43582911889189,-0.037384246766699096
80.45076650558829,-0.03744242693596848
80.4661413802509,-0.037504508407933373
80.48189124450212,-0.03756990006169635
80.4980787286168,-0.03759257795699308
80.51464121696966,-0.03757293588136202
80.53151618159299,-0.03753838213096468
80.54876615649431,-0.03750895588363568
80.56632863918144,-0.03748429591106655
80.58414113592531,-0.037473525602561404
80.60214113551828,-0.03747735354337545
80.6202661264423,-0.03749549200768962
80.63857860034359,-0.037526409066278334
80.65714105288426,-0.037568384360940656
80.67589105277055,-0.03756631944978802
80.69476604793869,-0.037552813782349696
80.71370354709535,-0.03754716209706278
80.73264103912314,-0.037529785461248265
80.75164093465531,-0.03746677938062494
80.77064075257437,-0.03738359859713134
80.78957810665385,-0.03730925669616942
80.80839052391615,-0.037253462435965876
80.82701549571956,-0.03722105377001428
80.84539049280507,-0.037210704484224276
80.86357794268042,-0.03716800458194481
80.8816404024001,-0.03712985847656621
80.89964037081089,-0.037096135920823586
80.91751536187188,-0.03707825941014908
80.9352028618459,-0.037077300673143854
80.95264032880057,-0.03704335285319178
80.96976529574152,-0.03700970361665118
80.98664026881698,-0.036979558924331996
81.00332773073626,-0.03694390863753307
81.01976508544848,-0.0368747977528698
81.03601473108525,-0.03676748195879814
81.05201443859836,-0.03667073747827797
81.06770170548683,-0.036585216603143546
81.08301392761054,-0.03649296756997894
81.09801374735859,-0.036419431687302065
81.11276351759265,-0.036337102820724256
81.1273258677626,-0.03627104392185481
81.14176312776938,-0.03618779882427273
81.15601293601024,-0.036113872519355515
81.17013783681922,-0.03606093730876054
81.1842003034514,-0.03603030287294286
81.19813779673292,-0.03601661792796772
81.21188779647827,-0.03601926427407099
81.22551278121352,-0.035998869079287926
81.23895609248274,-0.03594571394965352
81.25228033467343,-0.035896598580437665
81.26554804222069,-0.03586340438204082
81.27882169898209,-0.03584823601083928
81.29216373602023,-0.035813681187837634
81.30563668468454,-0.035777167772190775
81.31930307792567,-0.035753062892966606
81.33310040366884,-0.03574118452629948
81.34696612103698,-0.03571241559057311
81.3608377607914,-0.03568671083556283
81.37477783526609,-0.03567438105086848
81.38884883119478,-0.03567754535166541
81.40311323397754,-0.03569431613010606
81.41763353275083,-0.035723943158185466
81.43247225334284,-0.03575105258082639
81.44756687774456,-0.03578461431340541
81.46297994122261,-0.03580582289448086
81.47877392357519,-0.035825352311920876
81.49488631629616,-0.03584947843828378
81.51137960950595,-0.035882933922643905
81.5281912936981,-0.03592758883085129
81.5452588636924,-0.035982973052029715
81.56264493060667,-0.03600095358625073
81.58028689240275,-0.03596800227278141
81.59824726735411,-0.035933068100926495
81.61646355352613,-0.035895320025146914
81.6348732803711,-0.03587198017477003
81.65341393815993,-0.03586920101407338
81.67202298362271,-0.035836409501488496
81.6906379562272,-0.03581044582502903
81.70919636183449,-0.035803081966639484
81.72763568071825,-0.035790140361077666
81.74601842050043,-0.03579006488043112
81.76428207647,-0.03578757431678872
81.78248914607609,-0.035797833386757016
81.80057711761981,-0.035822857297757485
81.81848347793915,-0.03586295313847399
81.83627071885931,-0.03591651613897411
81.85387634460157,-0.03597936589655741
81.87123787390075,-0.03604524296482072
81.88829282951463,-0.036107880799029844
81.90510368441358,-0.036174524147623704
81.92173296562538,-0.03623825990615428
81.93824314577417,-0.036306144908277355
81.95469672056953,-0.036378994136704784
81.97103127632222,-0.03643519173894449
81.98730933399813,-0.03645420583436877
82.00359329555516,-0.03642649335598125
82.01982067295174,-0.036398527151336624
82.03605396745932,-0.03637099690163311
82.05235560598592,-0.036315143782627
82.06866317883778,-0.0362647983041982
82.08503921965722,-0.03623555875345329
82.1015462018665,-0.03622961277262429
82.11812159571065,-0.03621575474255244
82.13482790986343,-0.036207910734624836
82.15160264197492,-0.036210747266533665
82.16838327799276,-0.03623138483946794
82.18510734157852,-0.03622434986150868
82.20183732297816,-0.036223476910674964
82.21851071304195,-0.03623951727513768
82.2351899976538,-0.0362709004099634
82.25193766274751,-0.03631770418509017
82.26869125391273,-0.036360899818347614
82.28538828759869,-0.03639229805919647
82.30196622194687,-0.03643101748874475
82.31848753677919,-0.03648278053687714
82.33488972058889,-0.036547698658126085
82.35111027011475,-0.036623925657122906
82.36721170939492,-0.03670531719148985
82.38313157580461,-0.03678410095370939
82.39893233427681,-0.03686733674964406
82.41455148477264,-0.036954564688259126
82.43005158654707,-0.03703498937063112
82.44549511301697,-0.03711364665173396
82.46094457598963,-0.037188258028695256
82.4764624927207,-0.03725482174360772
82.49198632759604,-0.037320980101891575
82.50745354908834,-0.03739365037393758
82.52280164660412,-0.037474138870428976
82.53796813402985,-0.0375590150885252
82.55301550315181,-0.0376495165714745
82.5678812556161,-0.03774477022396916
82.58250289662527,-0.037843449522598424
82.596818162277,-0.0379032002424478
82.61088936878372,-0.03795630245478792
82.62465397280987,-0.03801354746307558
82.63817446998871,-0.03807556641605702
82.6513883702448,-0.038139676391448954
82.66435815702285,-0.038209016706364785
82.67702143132806,-0.038262793437591154
82.68931562976876,-0.03831394409137714
82.70130322264157,-0.0383694129909022
82.71292170134198,-0.03843017054468135
82.72410856635669,-0.038495182278834666
82.73480137745663,-0.03855352695871247
82.74506266620735,-0.038598346650038695
82.75482987066111,-0.03864221983161254
82.76404055333339,-0.03866821213632472
82.77263217994582,-0.038680711078430456
82.78054223033509,-0.03868585386472501
82.78770819480579,-0.038693375445610315
82.7940675773868,-0.03868809274916476
82.79968286809459,-0.03867727275595875
82.80461658296494,-0.03867218926919096
82.80893121533843,-0.038668624285086016
82.81268926524604,-0.0386701151554252
82.81595322765268,-0.03867532238098039
82.81878560371705,-0.038681553017655704
82.8211239006372,-0.03868487115430317
82.82303061547708,-0.03868660860406868
82.82444324535486,-0.0386890506166434
82.82542429267725,-0.03869046749763874
82.82591125609994,-0.0386915839891071
82.82596663683277,-0.038691774248724116
82.82596663683277,-0.038691774248724116
82.82596663683277,-0.038691774248724116
82.82596663683277,-0.038691774248724116
82.82596663683277,-0.038691774248724116
82.82596663683277,-0.038691774248724116
82.82596663683277,-0.038691774248724116
82.82597255318062,-0.038691763819594126
82.82604688542095,-0.038691498431738885
82.82625213348001,-0.03869085387982226
82.82665079796051,-0.038689984625608714
82.82730537616858,-0.03868782059093759
82.82827836216337,-0.038682958622053426
82.82963226713431,-0.038677879149945735
82.83142958825717,-0.03867196404838349
82.83373283251322,-0.03866827314262703
82.8366044871027,-0.03866109120120884
82.8401070633273,-0.03865599816158923
82.84417805952127,-0.0386551397432147
82.84887996974145,-0.03865036795483626
82.85427529842038,-0.038648510773417036
82.86042653912715,-0.03865607332342491
82.8673961934825,-0.03866620029758127
82.87524675362538,-0.03868297740660595
82.88404069922912,-0.038712280915590806
82.89384052689168,-0.0387526436954163
82.90458370613685,-0.03880901532372915
82.91633271156294,-0.03888381017172792
82.92915002850435,-0.03897756826095056
82.94297314659546,-0.03909010948158063
82.95786460770846,-0.039215921223144164
82.97388718850348,-0.03931846447396935
82.99110323376473,-0.03941665721617547
83.00957527787877,-0.03950208238150026
83.0292408921486,-0.039543553465567864
83.05016240676908,-0.039593547887076835
83.07240239352538,-0.03960681115333644
83.09589826726612,-0.03956723693165678
83.12058758148365,-0.03954591400406995
83.1464077659511,-0.03949246791767243
83.17329641297401,-0.03947032613059909
83.20119096809793,-0.03950145804068618
83.23002882091629,-0.03959003534595106
83.25974738211569,-0.03973302886969631
83.29028428203137,-0.039893503351844266
83.32157694077051,-0.0400838946325042
83.35356301637607,-0.0402762991201715
83.38617984727682,-0.04049597242120773
83.41936486663913,-0.04074939460210134
83.45318058592736,-0.04103238115292415
83.48756495363287,-0.04128825033033803
83.5224558241759,-0.04144795950103409
83.55779011726582,-0.04160731367014699
83.59350516588444,-0.04180007132387809
83.6295385084971,-0.04201525747518433
83.66582754387714,-0.042265979835898054
83.7023101993347,-0.04248582581858413
83.73904896825914,-0.0426707262929439
83.77598151910097,-0.04275655259150061
83.81304496310189,-0.04285200863592178
83.85017673635227,-0.04297689899768357
83.88731422914621,-0.04315073352935007
83.92439487230789,-0.04337411343622693
83.96135645910807,-0.04359256618608966
83.99813662867543,-0.04378030537601099
84.03467274115171,-0.043962162181270505
84.0709026119141,-0.044051707754989976
84.10676337205786,-0.04415106298096913
84.14219240590782,-0.04429199076701644
84.17725224273723,-0.044458134549801874
84.21188078088893,-0.044544899623363804
84.24614026862173,-0.04461681251597299
84.27996824772598,-0.044611231297617945
84.31342714334048,-0.04460669725314886
84.34645444680375,-0.044582566304492754
84.37911267024045,-0.04460099417647258
84.41133922641279,-0.044676656349211974
84.44307152260957,-0.04480637875568792
84.47437218304974,-0.04494730929902728
84.50530360551515,-0.045118115181987176
84.53580354547256,-0.04526844272922654
84.56580931061741,-0.04543488649424832
84.59525853810665,-0.04559135077253691
84.62408857929913,-0.0457642249115381
84.65236191899832,-0.04595388927777842
84.68001624809551,-0.04613036907861609
84.70698908522458,-0.046289843390681026
84.73321784708456,-0.04644569976817965
84.75864004139834,-0.04659645051349284
84.78331848341092,-0.04667199350259343
84.80731545495972,-0.0466611662154983
84.83056834457771,-0.04665533783192985
84.85301463566279,-0.04668181877789732
84.87459185388919,-0.046667372329467445
84.89536248287588,-0.04664655420666577
84.91538899459513,-0.04660454668588669
84.93473377762967,-0.04651901190983999
84.95345951112803,-0.04644282323903437
84.97162872932428,-0.04638670919103252
84.98930376539184,-0.0463058101957569
85.00654728289985,-0.046241464925910594
85.02342181285793,-0.046213028092421636
85.0399897808107,-0.04622180183442964
85.05631366581463,-0.04622909451071124
85.0723309686851,-0.04622713800243035
85.08810418803068,-0.04622734920272828
85.10369582372796,-0.04622689005751672
85.11916836813036,-0.046211495291348305
85.13445929897358,-0.04617759673767381
85.14963102743116,-0.04610872555002833
85.16474611328354,-0.046028053421309924
85.17974194850669,-0.04592097893901973
85.19455635048058,-0.04583809253967353
85.20925183035676,-0.04579262840778477
85.22389079463821,-0.04578446006199058
85.2385356548163,-0.04575865252935389
85.25324883103652,-0.04569847734945984
85.2680929761337,-0.04565271658114197
85.28300553096288,-0.0456047447988126
85.29804906106688,-0.045581317563183225
85.31316096105417,-0.045537091472593196
85.3284036394512,-0.045458489415030195
85.3438397069229,-0.04537423417722582
85.35953164426601,-0.045281091597119925
85.37541714291562,-0.04521645952282908
85.39155863139081,-0.045173183392946306
85.40789359171663,-0.04516411166633236
85.42435945103206,-0.04513852074011472
85.44101872012291,-0.045108824304349815
85.45793393124835,-0.045103652818400175
85.47504254644664,-0.04512480419795608
85.4922820155791,-0.04517582461387674
85.50971494789138,-0.04520744379591653
85.52740376752787,-0.045252627459792104
85.5452859802224,-0.04530645275625534
85.56342403436172,-0.045381660170871155
85.58188039406231,-0.04548088332521124
85.60071784908473,-0.0455383809455481
85.6198737085279,-0.045600180283517214
85.63928545595957,-0.04567068948915223
85.65889053578834,-0.045761866091917035
85.67862664219152,-0.04582525516406474
85.69855613467097,-0.04589781213772261
85.71861655237396,-0.04596812120516318
85.73887050227587,-0.04598539920978025
85.75925537310582,-0.04599608103853502
85.77970863638149,-0.046029135747625315
85.80029274654834,-0.04609205949307421
85.82107027233302,-0.04615552065795095
85.84210364775606,-0.046238487918303164
85.86345538509644,-0.04633498942523022
85.88518808076077,-0.046422479827261415
85.90723934184565,-0.04645701481967449
85.92967151132115,-0.04649664658731376
85.9524220565661,-0.0465552959891882
85.97542843162292,-0.04664167095962991
85.9987531038698,-0.04675622648077794
86.02233390653973,-0.04681254078127236
86.0462331783905,-0.046786287677959795
86.07038836955117,-0.04676275150554909
86.09473698850577,-0.04676155043339452
86.11921647021757,-0.04671030937505461
86.14376412705886,-0.04658999235779913
86.16844227603963,-0.046401600807595804
86.19318897368125,-0.04623118478189845
86.21794186908905,-0.04610823250580725
86.24263803386644,-0.04595875749461394
86.26721509006592,-0.04580558863242723
86.29173580336881,-0.04569788440896273
86.31613729578864,-0.045562822905279736
86.34048237367304,-0.045462995721493
86.3648334921856,-0.04540042078085713
86.38912803590834,-0.04534146012964338
86.41342855719095,-0.04531903944273669
86.43779750282434,-0.04530833873484857
86.46217235630027,-0.045331352037072004
86.48661556257387,-0.045391670295619066
86.51118957675973,-0.045486473448514225
86.53583187778312,-0.04561055404385034
86.56047996421381,-0.04575838850755428
86.58519639925893,-0.04591733632167838
86.61004365930883,-0.04609036216087716
86.63495924509914,-0.04627620056869192
86.6598812015563,-0.04638528651002979
86.68487161994858,-0.04648354322239715
86.7099929794213,-0.04657553662764901
86.73518269791103,-0.046682188381738154
86.7603785305548,-0.04671973816728122
86.78551778055427,-0.04675657034745798
86.81053791004109,-0.04681309603611106
86.83537640006908,-0.04689019812261332
86.85997074397662,-0.04698485277582995
86.88438341648131,-0.047099649416772936
86.90855223037829,-0.04714622077228022
86.93241446754317,-0.047188783210898186
86.95590765896998,-0.04718719283147179
