episode_idx,env_step,reward,contour_error,velocity,acceleration,jerk,omega,angular_acc,angular_jerk,kcm_intervention,cornerness,lookahead_dist_active,lookahead_dist_norm,lookahead_region_weight,lookahead_u_policy,lookahead_u_exec,r_lookahead,r_teacher,r_track,r_smooth
0,10,-0.006513864967318331,4.193393807709675e-07,1.6875,250.0,62500.0,-0.033,-2.0,1000.0,1.7207067797365652,0.0,2.3251489942073817,0.4013549984756268,0.0,0.5288842916488647,0.5288842916488647,-0.024326301246671796,0.04186823440808549,-6.752467824590533e-13,0.0
0,20,-0.020334136338951717,5.707262252506493e-06,5.75,500.0,-62500.0,-0.048000000000000015,0.0,1000.0,1.065139437268411,0.0,2.2498339276313777,0.38153524411352047,0.0,0.4974243640899658,0.4974243640899658,-0.01977302691321328,0.03920150147593594,-1.2507971488852027e-10,0.0
0,30,0.019950851149289222,2.447564725542055e-05,12.3125,750.0,62500.0,-0.06900000000000003,-4.0,-1000.0,0.9974563167582327,0.0,1.5099133769273756,0.18681930971773042,0.0,0.18835145235061646,0.18835145235061646,-0.00010423835779026963,0.03689023732658641,-2.3003800649156185e-09,0.0
0,40,-0.06659429524801022,7.163836351683974e-05,17.75,500.0,-62500.0,-0.12200000000000008,-8.0,-1000.0,0.6586430825804536,0.0,2.918324242830276,0.5574537481132306,0.0,0.7766600847244263,0.7766600847244263,-0.07666390922411813,0.034962566792206745,-1.9707091689104162e-08,0.0
0,50,-0.028612536260647692,0.00018721806569568474,23.1875,500.0,-62500.0,-0.2410000000000002,-12.0,1000.0,1.0798314561075346,0.0,2.3930758184194563,0.41923047853143586,0.0,0.5572580695152283,0.5572580695152283,-0.02883720163027341,0.03336302128250712,-1.3459431983168152e-07,0.0
0,60,-0.11225092957063534,0.00043147940433132815,27.125,375.0,62500.0,-0.3740000000000003,-14.0,-1000.0,1.2831823834903573,0.0,3.1671957249641416,0.6229462434116163,0.0,0.8806164264678955,0.8806164264678955,-0.1073301148895989,0.032056443806853276,-7.149099892305322e-07,0.0
0,70,-0.05933234693425153,0.00083176932177785,27.6875,-125.0,-62500.0,-0.5550000000000004,-18.0,1000.0,0.9601133964082504,0.0,2.808458651661873,0.528541750437335,0.0,0.7307680249214172,0.7307680249214172,-0.06476380906825685,0.030904552899038668,-2.656666385859013e-06,0.0
0,80,-0.09777611202487971,0.001372823742332274,27.125,0.0,-62500.0,-0.7200000000000005,-18.0,-1000.0,1.0442054273153116,0.0,3.1841146101951594,0.6273985816303052,0.0,0.887683629989624,0.887683629989624,-0.10960172854775796,0.02971203537221289,-7.23703690564297e-06,0.0
0,90,-0.1125390408397689,0.002019160791739459,25.6875,-250.0,-62500.0,-0.8730000000000007,-16.0,-1000.0,0.48940267939627513,0.0,3.198179339647293,0.6310998262229719,0.0,0.8935586214065552,0.8935586214065552,-0.11150823610168593,0.02847342261663313,-1.5655719563128007e-05,0.0
0,100,-0.04993085282634535,0.0026599427399438083,21.125,-375.0,62500.0,-1.0520000000000007,-16.0,1000.0,0.887983749766463,0.0,2.738974327683449,0.5102564020219603,0.0,0.7017436623573303,0.7017436623573303,-0.05775542099736735,0.027034027773421846,-2.716913425835433e-05,0.0
0,110,-0.14144342820925646,0.003260257298587483,15.6875,-625.0,62500.0,-1.1730000000000003,-10.0,1000.0,1.1916522052351277,0.0,3.4529999999999994,0.698157894736842,0.0,1.0,1.0,-0.1488967728531855,0.025287601488730643,-4.081642618749295e-05,0.0
0,120,0.0054399638203859735,0.0036818763714443867,9.375,-500.0,62500.0,-1.2939999999999998,-14.0,-1000.0,1.6328238335913274,0.0,1.3892650786042213,0.15506975752742666,0.0,0.13795533776283264,0.13795533776283264,-0.0012112360131865405,0.02315367632795952,-5.2055860280065855e-05,0.0
0,130,-0.011353798396818299,0.003942434578078263,6.5625,-125.0,62500.0,-1.4229999999999994,-12.0,1000.0,1.6487402241549598,0.0,1.6535379717350005,0.22461525571973698,0.0,0.2483450174331665,0.2483450174331665,-0.00036354648848882607,0.0207306907589389,-5.968431514532019e-05,0.0
0,140,-0.02508123468153827,0.004203967667296804,6.75,0.0,62500.0,-1.537999999999999,-12.0,1000.0,1.5705400065883413,0.0,1.8197493810653687,0.2683551002803602,0.0,0.31777334213256836,0.31777334213256836,-0.002803451840602858,0.01825614135142148,-6.786564152707943e-05,0.0
0,150,-0.08259119097193271,0.004456913086538738,4.3125,-250.0,62500.0,-1.6489999999999985,-14.0,-1000.0,0.9513655854236487,0.0,2.9390918576717375,0.5629189099136153,0.0,0.7853349447250366,0.7853349447250366,-0.07902608110373208,0.01571284287559916,-7.62780451620874e-05,0.0
0,160,-0.013904907661612282,0.004660130493746125,4.75,125.0,-62500.0,-1.791999999999998,-16.0,-1000.0,0.7622943419793239,0.0,2.036515320718288,0.3253987686100758,0.0,0.4083188474178314,0.4083188474178314,-0.009434910701353992,0.013084387756013656,-8.339257427997121e-05,0.0
0,170,-0.028362991785363046,0.004970121451016267,6.8125,375.0,62500.0,-1.9709999999999976,-20.0,-1000.0,0.2954489334483759,0.0,2.0700730551481246,0.3342297513547696,0.0,0.42233628034591675,0.42233628034591675,-0.010810575689257964,0.010546556143704328,-9.485609179335184e-05,0.0
0,180,-0.03667396056088277,0.0054968717643344,10.625,375.0,-62500.0,-2.183999999999997,-20.0,1000.0,1.453844395712699,0.0,2.009143921136856,0.31819576872022526,0.0,0.3968855142593384,0.3968855142593384,-0.008382143846018986,0.00820637562894599,-0.00011602790090318123,0.0
0,190,-0.1208232645349632,0.006287117727458715,13.9375,375.0,-62500.0,-2.4009999999999967,-24.0,-1000.0,0.7572439816363599,0.0,3.1511780920028682,0.6187310768428601,0.0,0.8739256858825684,0.8739256858825684,-0.10520142882838872,0.006084158357091002,-0.00015178694138467445,0.0
0,200,-0.17323978904105033,0.0074179198232199196,17.375,375.0,-62500.0,-2.659999999999996,-24.0,1000.0,0.4571993706546038,0.0,3.4529999999999994,0.698157894736842,0.0,1.0,1.0,-0.1488967728531855,0.004177556231098117,-0.00021129805249428112,0.0
0,210,-0.035202510206436985,0.008898291602338354,21.9375,375.0,-62500.0,-2.8769999999999953,-22.0,1000.0,1.5680850344694663,0.0,1.461475919008255,0.17407261026533025,0.0,0.16811859607696533,0.16811859607696533,-0.00040333772307207544,0.0025303204572163333,-0.0003040496388105418,0.0
0,220,-0.08635286624260223,0.01069710230181071,24.25,125.0,-62500.0,-3.115999999999995,-26.0,-1000.0,0.7465731973256549,0.0,2.8347871756553653,0.5354703093829909,0.0,0.7417657375335693,0.7417657375335693,-0.06752419708651176,0.0011010444337782466,-0.00043940351099675136,0.0
0,230,-0.030389266685496956,0.012471465059319188,23.9375,-125.0,-62500.0,-3.4084159265358926,-31.41592653589793,-415.92653589793116,0.6969087571786703,0.0,1.059,0.06815789473684208,0.0,0.0,0.0,-0.010429404432132968,-3.1842470552946953e-07,-0.0005972637723871462,0.0
0,240,-0.044125525250432264,0.014236250506841009,22.625,-250.0,-62500.0,-3.705575191894872,-30.41592653589793,-1000.0,0.6033426224028676,0.0,1.059,0.06815789473684208,0.0,0.0,0.0,-0.010429404432132968,-1.2228881728699663e-05,-0.0007782559814151586,0.0
0,250,-0.17583807286284894,0.01585496021845717,18.6875,-625.0,-62500.0,-3.9807344572538517,-24.41592653589793,1000.0,1.8204285660081836,0.0,3.4529999999999994,0.698157894736842,0.0,1.0,1.0,-0.1488967728531855,-4.5518787825649593e-05,-0.0009652982919508204,0.0
0,260,-0.14395846037180507,0.017116250219825494,11.75,-750.0,-62500.0,-4.229893722612831,-26.41592653589793,1000.0,0.06763713560925272,0.0,3.252420285701752,0.6453737593951979,0.0,0.9162156581878662,0.9162156581878662,-0.11901467133468698,-0.00011549889935027795,-0.0011249895228966772,0.0
0,270,-0.05777195893177166,0.017685794920408796,4.5625,-625.0,62500.0,-4.50705298797181,-28.41592653589793,1000.0,1.424278265535955,0.0,2.290429520487785,0.39221829486520654,0.0,0.5143815875053406,0.5143815875053406,-0.02216872372853249,-0.00024544534581131747,-0.001201103393152349,0.0
0,280,-0.06594624296216962,0.01780934841739462,0.0,-375.0,62500.0,-4.788212253330789,-26.41592653589793,-1000.0,0.51975747652666,0.0,2.3301090209484094,0.4026602686706341,0.0,0.5309561491012573,0.5309561491012573,-0.02464271069859215,-0.0004562812763799183,-0.0012179439016402802,0.0
0,290,-0.04353702980283314,0.0178222547064541,0.625,250.0,62500.0,-5.0153715186897685,-22.41592653589793,-1000.0,0.42074548828151126,0.0,2.311026759266853,0.39763862085969814,0.0,0.5229852795600891,0.5229852795600891,-0.023436614673194103,-0.0007422572703616771,-0.001219709809235425,0.0
0,300,-0.16968157817603868,0.018167391478439668,5.1875,625.0,62500.0,-5.246530784048748,-26.41592653589793,-1000.0,0.4795327089497554,0.0,3.4529999999999994,0.698157894736842,0.0,1.0,1.0,-0.1488967728531855,-0.0010741576432685312,-0.001267407794422588,0.0
0,310,-0.059251172429173285,0.019356782326410263,10.875,500.0,62500.0,-5.501690049407726,-24.41592653589793,1000.0,2.0420172636675424,0.0,2.2211098648309706,0.37397628021867646,0.0,0.48542600870132446,0.48542600870132446,-0.018160647647236457,-0.0014128063078781544,-0.0014387904846029902,0.0
0,320,-0.05365378808537734,0.021200952851067715,16.9375,625.0,62500.0,-5.726849314766706,-20.41592653589793,1000.0,2.0448592035735964,0.0,2.436154421210289,0.4305669529500761,0.0,0.5752524733543396,0.5752524733543396,-0.03189667187560955,-0.0017376292619109977,-0.0017260047428858732,0.0
0,330,-0.18139530420628602,0.024126265001632053,22.75,750.0,62500.0,-5.940008580125686,-22.41592653589793,-1000.0,0.10686751691624924,0.0,3.4529999999999994,0.698157894736842,0.0,1.0,1.0,-0.1488967728531855,-0.0020290339743304804,-0.0022351743856472667,0.0
0,340,-0.044868705776228576,0.027424670314799768,29.9375,625.0,-62500.0,-6.133167845484666,-18.41592653589793,1000.0,2.0762129953818476,0.0,1.809904527068138,0.2657643492284574,0.0,0.31366103887557983,0.31366103887557983,-0.0025949697776655,-0.002259395515878501,-0.0028881121608017647,0.0
0,350,-0.1551075397876925,0.03126662248204677,33.875,125.0,-62500.0,-6.283185307179586,-16.41592653589793,1000.0,0.10939532041549682,0.0,3.351974985837936,0.6715723646941938,0.0,0.9578007459640503,0.9578007459640503,-0.1334282970859642,-0.0024287216874243436,-0.0037539904567097573,0.0
0,360,-0.1083781120213348,0.03403934803350511,34.0625,-125.0,-62500.0,-6.283185307179586,-6.415926535897931,1000.0,0.2346730649471283,0.0,2.80747278213501,0.5282823110881606,0.0,0.7303562164306641,0.7303562164306641,-0.0646615654640303,-0.0025830520025748142,-0.004449320503856978,0.0
0,370,-0.12949468286864113,0.036683462978865176,30.375,-500.0,-62500.0,-6.283185307179586,0.0,0.0,0.26635105073452,0.0,3.155935065865516,0.6199829120698728,0.0,0.8759127259254456,0.8759127259254456,-0.10583138785841427,-0.0027678955547380066,-0.005167397591507605,0.0
0,380,-0.03207424886412177,0.03857640639459773,23.8125,-875.0,-62500.0,-6.246185307179587,7.0,1000.0,0.7674810747065751,0.0,1.5857787410616873,0.2067838792267598,0.0,0.22004124522209167,0.22004124522209167,-2.761261041795787e-05,-0.003031852555900898,-0.005714454260433257,0.0
0,390,-0.0547980187795392,0.04004702094658518,17.5,-500.0,62500.0,-6.1831853071795875,5.0,-1000.0,0.04467585002017262,0.0,1.1056477957963944,0.08043363047273536,0.0,0.019485294818878174,0.019485294818878174,-0.00857767003315824,-0.0034108942449185596,-0.0061584533249135305,0.0
0,400,-0.03856551422965903,0.040502594698014246,12.8125,-500.0,-62500.0,-6.0981853071795875,11.0,-1000.0,0.1575686644720004,0.0,1.7008137617111205,0.23705625308187384,0.0,0.26809263229370117,0.26809263229370117,-0.0008238995354807299,-0.0038941438032948565,-0.006299367080722989,0.0
0,410,-0.18237040399651014,0.04041562623465286,9.75,-250.0,-62500.0,-5.961185307179588,15.0,1000.0,0.4234502680190816,0.0,3.4529999999999994,0.698157894736842,0.0,1.0,1.0,-0.1488967728531855,-0.004477376268567146,-0.0062723437207263776,0.0
0,420,-0.18402964769946228,0.04064169761662491,7.0625,-375.0,-62500.0,-5.776185307179588,21.0,1000.0,1.9899334438524094,0.0,3.4529999999999994,0.698157894736842,0.0,1.0,1.0,-0.1488967728531855,-0.00514874475447125,-0.006342710727018912,0.0
0,430,-0.08122060893262904,0.040605728429894176,3.125,-250.0,62500.0,-5.551185307179588,25.0,1000.0,1.276927279838839,0.0,2.6139885030984873,0.4773653955522335,0.0,0.6495357155799866,0.6495357155799866,-0.04615893758990817,-0.005937505014969103,-0.006331488696277695,0.0
0,440,-0.04040835261616325,0.04063953009008189,2.4375,125.0,62500.0,-5.318185307179588,21.0,-1000.0,0.24426064805389736,0.0,2.0304767450094223,0.3238096697393217,0.0,0.40579646825790405,0.40579646825790405,-0.009197300592575942,-0.006831624310577526,-0.00634203419881986,0.0
0,450,-0.1678151719098679,0.04065207858156494,6.375,500.0,62500.0,-5.121185307179589,21.0,-1000.0,0.4068146937293493,0.0,3.3388563144207,0.6681200827422895,0.0,0.95232093334198,0.95232093334198,-0.13148184711998878,-0.007744056164719236,-0.006345951333126647,0.0
0,460,-0.20526766593141463,0.04075418796470437,10.5625,500.0,62500.0,-4.942185307179589,17.0,1000.0,2.206299328434283,0.0,3.4529999999999994,0.698157894736842,0.0,1.0,1.0,-0.1488967728531855,-0.00861310369682336,-0.006377870732783826,0.0
0,470,-0.182772619395761,0.04109557848754281,15.0,250.0,-62500.0,-4.721185307179589,25.0,1000.0,1.9013999788904599,0.0,3.33590255856514,0.6673427785697738,0.0,0.9510871171951294,0.9510871171951294,-0.13104556360878994,-0.009412059875716609,-0.006485170833507039,0.0
0,480,-0.12361763509118363,0.04151117096651769,19.0625,375.0,-62500.0,-4.44618530717959,29.0,1000.0,1.898257369540189,0.0,3.0181887305974957,0.5837338764730252,0.0,0.8183745741844177,0.8183745741844177,-0.08835101277180897,-0.010146043230553502,-0.006617000889644012,0.0
0,490,-0.039757215460613095,0.041535026424344576,21.625,125.0,-62500.0,-4.136857894892406,31.41592653589793,0.0,0.36816507128595016,0.0,1.3185399631261825,0.1364578850332059,0.0,0.10841268301010132,0.10841268301010132,-0.002422560224671967,-0.010815582344380768,-0.00662460833307265,0.0
0,500,-0.08232826956510045,0.040337790552204024,23.0625,250.0,62500.0,-3.8286986295334278,30.41592653589793,-1000.0,0.43004116918050606,0.0,2.3632417427301404,0.41137940598161593,0.0,0.5447960495948792,0.5447960495948792,-0.02680875196388448,-0.011457005639785113,-0.006248207411072564,0.0
0,510,-0.19632226840638958,0.04009266007939213,25.375,250.0,-62500.0,-3.51753936417445,30.41592653589793,-1000.0,0.6939162226713137,0.0,3.4529999999999994,0.698157894736842,0.0,1.0,1.0,-0.1488967728531855,-0.012063632009413551,-0.006172498146208063,0.0
0,520,-0.15838317731259963,0.03925122103835518,27.8125,125.0,-62500.0,-3.205380098815472,31.41592653589793,1000.0,1.663990823033733,0.0,3.135684144258499,0.6146537221732893,0.0,0.8674536943435669,0.8674536943435669,-0.10316262558729802,-0.012617087671023115,-0.005916128075526975,0.0
0,530,-0.14283781578192184,0.03742778855214496,26.625,-250.0,62500.0,-2.918220833456493,27.41592653589793,1000.0,0.8391346022613747,0.0,3.0545384777784346,0.5932995994153776,0.0,0.8335582613945007,0.8335582613945007,-0.09281074494017788,-0.013161022138731548,-0.005379223126671641,0.0
0,540,-0.207515396862356,0.0364627131594955,23.9375,-250.0,62500.0,-2.6290615680975136,27.41592653589793,-1000.0,0.7302418090906035,0.0,3.4529999999999994,0.698157894736842,0.0,1.0,1.0,-0.1488967728531855,-0.013787429629517864,-0.005105393091654321,0.0
0,550,-0.14018508147476155,0.03568417687884157,21.875,-250.0,62500.0,-2.3659023027385344,25.41592653589793,1000.0,1.3146989689111663,0.0,2.990392461061478,0.576419068700389,0.0,0.806763768196106,0.806763768196106,-0.08501478916876087,-0.01449546777341866,-0.004889704241358532,0.0
0,560,-0.06462862358662272,0.03485557766868778,19.1875,-250.0,-62500.0,-2.124743037379555,21.41592653589793,-1000.0,0.8537116428009561,0.0,2.269910049676895,0.38681843412549866,0.0,0.5058103799819946,0.5058103799819946,-0.020940676397461964,-0.015301549373847657,-0.004665259371332837,0.0
0,570,-0.0627570319508336,0.033740158317921376,14.375,-500.0,62500.0,-1.929583772020576,19.41592653589793,1000.0,1.8348928769279866,0.0,1.8500005499124528,0.27631593418748757,0.0,0.33040958642959595,0.33040958642959595,-0.003494473086545359,-0.01624703464561185,-0.004371449407942652,0.0
0,580,-0.13675291086948121,0.032884484439698415,9.3125,-625.0,-62500.0,-1.778424506661597,13.415926535897931,-1000.0,0.8100799488490414,0.0,2.936897802114487,0.5623415268722335,0.0,0.7844184637069702,0.7844184637069702,-0.0787748292576609,-0.017391072136885233,-0.004152534976760706,0.0
0,590,-0.20855364737059662,0.0325810309228074,0.875,-1000.0,-62500.0,-1.689265241302618,7.415926535897931,-1000.0,0.7398950866533651,0.0,3.4529999999999994,0.698157894736842,0.0,1.0,1.0,-0.1488967728531855,-0.01881061363328745,-0.004076250531812858,0.0
0,600,-0.19524593173778315,0.0325810309228074,0.0,-375.0,62500.0,-1.622105975943639,5.415926535897931,-1000.0,1.2410556174674792,0.0,3.4529999999999994,0.698157894736842,0.0,1.0,1.0,-0.1488967728531855,-0.020463698741951874,-0.004076250531812858,0.0
0,610,-0.06504508549826775,0.03257878981064128,0.125,62.5,62500.0,-1.55694671058466,5.415926535897931,-1000.0,1.1577362957413724,0.0,2.216428375840187,0.3727443094316282,0.0,0.48347049951553345,0.48347049951553345,-0.017904357864606056,-0.022185443621753603,-0.0040756897748196255,0.0
0,620,-0.074051370570872,0.03248978547492225,2.3125,187.5,-62500.0,-1.509787445225681,3.415926535897931,-1000.0,0.7828348650742486,0.0,2.0342698241472243,0.3248078484597959,0.0,0.4073808789253235,0.4073808789253235,-0.00934619942229802,-0.02393208937390465,-0.004053450855192839,0.0
0,630,-0.0592944370947615,0.03219649118721927,5.625,437.5,-62500.0,-1.498628179866702,1.4159265358979312,1000.0,0.25845871473597093,0.0,1.059,0.06815789473684208,0.0,0.0,0.0,-0.010429404432132968,-0.025635600554918862,-0.003980597931911762,0.0
0,640,-0.2195831588304275,0.0314448878329465,10.3125,437.5,-62500.0,-1.5354689145077232,-6.584073464102069,-1000.0,0.6139184512932515,0.0,3.4529999999999994,0.698157894736842,0.0,1.0,1.0,-0.1488967728531855,-0.027212846712414984,-0.0037969189279740937,0.0
0,650,-0.06637835548037335,0.030499587966293703,14.125,312.5,-62500.0,-1.6263096491487443,-8.584073464102069,1000.0,1.387576536753441,0.0,2.0736685037612914,0.3351759220424451,0.0,0.42383813858032227,0.42383813858032227,-0.010963517940015117,-0.028657781292100646,-0.0035720634858765607,0.0
0,660,-0.1618723518213,0.029448851570554047,16.5625,187.5,-62500.0,-1.7511503837897655,-14.584073464102069,1000.0,0.28972233111761164,0.0,3.183469920873642,0.6272289265456953,0.0,0.8874143362045288,0.8874143362045288,-0.10951473340643225,-0.030006350863616527,-0.0033301818578861703,0.0
0,670,-0.06793045210583695,0.02886886758439593,15.625,-187.5,-62500.0,-1.9199911184307863,-20.58407346410207,-1000.0,0.47019980988129,0.0,2.0745199559926983,0.33539998841913116,0.0,0.424193799495697,0.424193799495697,-0.010999894118340509,-0.031343581603683855,-0.003200300219924683,0.0
0,680,-0.07529530371744869,0.028434372581070108,13.3125,-312.5,62500.0,-2.132831853071808,-22.58407346410207,-1000.0,1.1559832611393133,0.0,2.207934544086456,0.37050909054906744,0.0,0.4799225330352783,0.4799225330352783,-0.017444009975922044,-0.032793013420994145,-0.0031046920092637886,0.0
0,690,-0.06843451741762178,0.028115741213728614,9.5,-437.5,62500.0,-2.3596725877128284,-20.58407346410207,1000.0,0.6960643598740155,0.0,1.545364868402481,0.19614864957960026,0.0,0.20315992832183838,0.20315992832183838,-8.899740036427982e-06,-0.03442818382615564,-0.0030355004313498534,0.0
0,700,-0.09352748386604529,0.027974102563666888,4.4375,-562.5,62500.0,-2.57451332235385,-22.58407346410207,-1000.0,0.6362502140854476,0.0,2.1935409060716626,0.36672129107149015,0.0,0.4739101529121399,0.4739101529121399,-0.016677593337926722,-0.03631781589716459,-0.003004993590691409,0.0
0,710,-0.06924157957800933,0.027941915535947482,1.625,-187.5,-62500.0,-2.8313540569948707,-26.58407346410207,-1000.0,0.5656260061859744,0.0,1.7256073315143583,0.2435808767143048,0.0,0.2784491777420044,0.2784491777420044,-0.0011395756891124605,-0.038472031579003536,-0.0029980824722612093,0.0
0,720,-0.10534833801989077,0.027936670768421035,0.8125,-62.5,-62500.0,-3.132185910066666,-29.41592653589793,1000.0,1.5066278702698965,0.0,2.4603847796916964,0.43694336307676224,0.0,0.5853737592697144,0.5853737592697144,-0.03368529438367582,-0.04076355475303765,-0.002996957082712897,0.0
0,730,-0.09018705062681436,0.02794861222840197,1.75,62.5,-62500.0,-3.4213451754256456,-29.41592653589793,-1000.0,0.4563346770587549,0.0,2.2534416478872297,0.38248464418084993,0.0,0.498931348323822,0.498931348323822,-0.01998038721708684,-0.043112760961640906,-0.0029995197138953473,0.0
0,740,-0.10048197713367416,0.02802343968880812,5.4375,437.5,-62500.0,-3.7335044407846234,-31.41592653589793,0.0,0.46016931319358473,0.0,2.483934062004089,0.443140542632655,0.0,0.5952105522155762,0.5952105522155762,-0.03547039408302115,-0.04541157612336799,-0.0030156025804503016,0.0
0,750,-0.07779778882970262,0.02822142408299683,10.367315113544464,498.719185590744,-62500.0,-4.0296637061436025,-27.41592653589793,1000.0,0.5612281112397081,0.0,1.6304408138394355,0.21853705627353565,0.0,0.2386970818042755,0.2386970818042755,-0.00020617347317293611,-0.04751113477148011,-0.003058363304725837,0.0
0,760,-0.12543917979491798,0.028452484574691638,14.917006969451904,373.719185590744,-62500.0,-4.312822971502582,-29.41592653589793,1000.0,0.4576722127170132,0.0,2.662620594978332,0.4901633144679821,0.0,0.6698498725891113,0.6698498725891113,-0.05051684943782704,-0.04938720290010022,-0.003108648493336572,0.0
0,770,-0.22853061304562108,0.02882201385739854,18.966698825359344,498.719185590744,62500.0,-4.593982236861562,-27.41592653589793,-1000.0,0.4437897751542029,0.0,3.4529999999999994,0.698157894736842,0.0,1.0,1.0,-0.1488967728531855,-0.05105737021115355,-0.003189920573936922,0.0
0,780,-0.24019195571191249,0.029084015693341035,23.891390681266785,248.71918559074402,-62500.0,-4.86514150222054,-25.41592653589793,1000.0,1.8158256392934633,0.0,3.440605355501175,0.6948961461845198,0.0,0.99482262134552,0.99482262134552,-0.14695331730497374,-0.05246367654049951,-0.003248179080385949,0.0
0,790,-0.12679161321768623,0.030922522107731654,27.191082537174225,123.71918559074402,-62500.0,-5.1283007675795185,-29.41592653589793,-1000.0,0.4557164085495008,0.0,2.6744000877141954,0.49326318097741984,0.0,0.6747702956199646,0.6747702956199646,-0.05160197599019694,-0.05365856856187952,-0.0036718171142521073,0.0
0,800,-0.09627611950453832,0.032492353013107926,26.115774393081665,-126.28081440925598,62500.0,-5.425460032938497,-31.41592653589793,-1000.0,0.1752891121840757,0.0,1.7538520867824554,0.25101370704801457,0.0,0.2902473211288452,0.2902473211288452,-0.00156143898406839,-0.054814682501461674,-0.004054091536621148,0.0
0,810,-0.11923456718394393,0.0335139929070314,23.665466248989105,-376.280814409256,-62500.0,-5.706619298297476,-25.41592653589793,1000.0,0.4653221473774168,0.0,2.3680640702247615,0.412648439532832,0.0,0.5468103885650635,0.5468103885650635,-0.027131615301449096,-0.0560955315331869,-0.004313040846998596,0.0
0,820,-0.184262170422826,0.0353674781356145,20.715158104896545,-376.280814409256,-62500.0,-5.955778563656455,-23.41592653589793,1000.0,2.155043179415639,0.0,2.980519924521446,0.5738210327688017,0.0,0.802639901638031,0.802639901638031,-0.0838452987242001,-0.057570014423454496,-0.0048032966771449715,0.0
0,830,-0.09867649274072357,0.03644301364097339,16.264849960803986,-501.280814409256,-62500.0,-6.2269378290154345,-29.41592653589793,1000.0,0.8725130138099758,0.0,1.059,0.06815789473684208,0.0,0.0,0.0,-0.010429404432132968,-0.05929774858145352,-0.005099878054026903,0.0
0,840,-0.11941303232880822,0.03741287875394721,11.189541816711426,-501.280814409256,62500.0,-6.283185307179586,-19.41592653589793,1000.0,2.5001641154289245,0.0,2.07515287309885,0.335566545552329,0.0,0.42445817589759827,0.42445817589759827,-0.011026972963795017,-0.061350638808378204,-0.005374938227165008,0.0
0,850,-0.09984802425106723,0.037776369766270176,7.989233672618866,-126.28081440925598,62500.0,-6.283185307179586,-9.415926535897931,1000.0,0.4977013623714447,0.0,1.059,0.06815789473684208,0.0,0.0,0.0,-0.010429404432132968,-0.06371488703136662,-0.005479887792837011,0.0
0,860,-0.1080711824580395,0.0379607207774711,7.788925528526306,-1.2808144092559814,-62500.0,-6.283185307179586,0.0,415.92653589793116,0.05727992117404938,0.0,1.059,0.06815789473684208,0.0,0.0,0.0,-0.010429404432132968,-0.0662164867135548,-0.005533502676269283,0.0
0,870,-0.2546685786422132,0.03799384241434912,9.463617384433746,373.719185590744,62500.0,-6.270185307179585,2.0,1000.0,1.68798402970133,0.0,3.4529999999999994,0.698157894736842,0.0,1.0,1.0,-0.1488967728531855,-0.06872198394401578,-0.005543163115800553,0.0
0,880,-0.16160186496589374,0.0385376502552838,15.013309240341187,623.719185590744,-62500.0,-6.247185307179586,0.0,-1000.0,0.13585255663859466,0.0,2.843698814034462,0.53781547737749,0.0,0.7454882264137268,0.7454882264137268,-0.06847157805346889,-0.07102157720061202,-0.005702977870842531,0.0
0,890,-0.2483366537166735,0.039688837068666334,19.188001096248627,373.719185590744,62500.0,-6.2041853071795865,8.0,1000.0,1.9452345751667075,0.0,3.4529999999999994,0.698157894736842,0.0,1.0,1.0,-0.1488967728531855,-0.07299007878692593,-0.006048782545394468,0.0
0,900,-0.11420846595718553,0.04151056217459454,23.612692952156067,498.719185590744,-62500.0,-6.133185307179588,8.0,1000.0,1.0837861580456458,0.0,1.9329146885275839,0.2981354443493642,0.0,0.3650437295436859,0.3650437295436859,-0.005778339262588291,-0.07470653858269485,-0.006616806804675376,0.0
0,910,-0.10478865603356688,0.04322400494421792,28.162384808063507,498.719185590744,-62500.0,-6.046185307179587,10.0,1000.0,2.1842433640194097,0.0,1.7651784562468529,0.2539943305912771,0.0,0.29497846961021423,0.29497846961021423,-0.0017492326416000707,-0.07613047492271577,-0.007174328077124258,0.0
0,920,-0.10196788723640915,0.043328549812702684,29.837076663970947,-1.2808144092559814,62500.0,-5.955185307179586,8.0,-1000.0,0.21650548036887074,0.0,1.6270807381868362,0.2176528258386411,0.0,0.237293541431427,0.237293541431427,-0.00018697335605363658,-0.07731243282367017,-0.007209074798867935,0.0
0,930,-0.1521281622038803,0.04323396215542708,28.136768519878387,-376.280814409256,-62500.0,-5.868185307179586,10.0,-1000.0,0.28118625735962277,0.0,2.5992121610641483,0.47347688449056535,0.0,0.6433634757995605,0.6433634757995605,-0.04487376381039961,-0.07853031092210057,-0.0071776338572425,0.0
0,940,-0.137575852881007,0.04266567978053401,22.436460375785828,-751.280814409256,-62500.0,-5.739185307179587,14.0,-1000.0,0.2956675666928241,0.0,1.059,0.06815789473684208,0.0,0.0,0.0,-0.010429404432132968,-0.08002795431470766,-0.006990183287558663,0.0
0,950,-0.15615632155005676,0.04216905750536822,14.236152231693268,-876.280814409256,-62500.0,-5.570185307179587,20.0,1000.0,2.0288840478924115,0.0,2.462960968494415,0.4376213074985303,0.0,0.5864498615264893,0.5864498615264893,-0.03387833146638665,-0.08207483223042461,-0.006828400937821639,0.0
0,960,-0.2578370144869281,0.04224144754676869,7.660844087600708,-501.280814409256,62500.0,-5.373185307179589,18.0,-1000.0,0.1769450429395193,0.0,3.4529999999999994,0.698157894736842,0.0,1.0,1.0,-0.1488967728531855,-0.084718928953676,-0.006851865180850215,0.0
0,970,-0.14522432428728138,0.04243575187602275,4.210535943508148,-251.28081440925598,-62500.0,-5.15218530717959,24.0,1000.0,1.2159049993108628,0.0,2.2018422442674637,0.3689058537545957,0.0,0.477377712726593,0.477377712726593,-0.017117512459541323,-0.08776808108587326,-0.006915045263168135,0.0
0,980,-0.11884688367333333,0.04247562666106426,2.3852277994155884,-126.28081440925598,62500.0,-4.92518530717959,24.0,1000.0,1.563048720789889,0.0,1.4599421063661575,0.17366897535951514,0.0,0.16747790575027466,0.16747790575027466,-0.00041599371517069277,-0.09104993884469494,-0.006928046823360434,0.0
0,990,-0.14978033546250846,0.04248623354114045,2.6849196553230286,-1.2808144092559814,-62500.0,-4.670185307179589,26.0,1000.0,1.7701322733460036,0.0,1.9669850494265553,0.3071013287964619,0.0,0.37927529215812683,0.37927529215812683,-0.006882416777980702,-0.0944488615469528,-0.00693150735556734,0.0
0,1000,-0.1339857589377474,0.04244973814892183,4.859611511230469,373.719185590744,62500.0,-4.38318530717959,30.0,1000.0,1.1288420528370848,0.0,1.795475501060486,0.26196723712118053,0.0,0.3076338768005371,0.3076338768005371,-0.0023039630858595677,-0.09781736792014135,-0.006919604232622191,0.0
0,1010,-0.1703420740543788,0.04247899404444577,8.659303367137909,498.719185590744,62500.0,-4.086769380643694,31.41592653589793,415.92653589793116,1.610982551755623,0.0,2.5638274501562117,0.46416511846216096,0.0,0.6285828948020935,0.6285828948020935,-0.04186992588727652,-0.10098751874657466,-0.006929145350507747,0.0
0,1020,-0.19133488751661634,0.04206260630279722,14.70899522304535,873.719185590744,62500.0,-3.796610115284715,29.41592653589793,1000.0,1.668963406540189,0.0,2.638397941946983,0.4837889320913113,0.0,0.6597318053245544,0.6597318053245544,-0.048321694786516135,-0.10382283313313354,-0.006793969340099008,0.0
0,1030,-0.13030956812016609,0.041030704653484316,22.00868707895279,623.719185590744,-62500.0,-3.5054508499257353,27.41592653589793,-1000.0,0.6621770402581614,0.0,1.5111128586530684,0.18713496280343905,0.0,0.1888524889945984,0.1888524889945984,-9.930550924133821e-05,-0.10609036288459311,-0.006464711901548006,0.0
0,1040,-0.283239990888578,0.039969240857425294,27.30837893486023,373.719185590744,-62500.0,-3.2682915845667564,21.41592653589793,-1000.0,0.2150868574742909,0.0,3.4529999999999994,0.698157894736842,0.0,1.0,1.0,-0.1488967728531855,-0.10785009093069095,-0.006134554424520482,0.0
0,1050,-0.2764885974444855,0.03876353156736815,27.60807079076767,-251.28081440925598,-62500.0,-3.0691323192077773,21.41592653589793,1000.0,1.219608411909965,0.0,3.3922730627059936,0.6821771217647352,0.0,0.9746336936950684,0.9746336936950684,-0.13949686605199457,-0.10938703986551215,-0.005770027697565492,0.0
0,1060,-0.2427225265750375,0.03801212014240811,25.40776264667511,-251.28081440925598,-62500.0,-2.841973053848798,19.41592653589793,-1000.0,0.8017635668127456,0.0,3.1665175026655197,0.6227677638593474,0.0,0.8803331255912781,0.8803331255912781,-0.10723954929517975,-0.11107185396611285,-0.005548497706448134,0.0
0,1070,-0.2631102837430494,0.036904510716616934,21.83245450258255,-376.280814409256,-62500.0,-2.640813788489819,21.41592653589793,1000.0,0.2763638593896952,0.0,3.2599362387657163,0.6473516417804517,0.0,0.9193551540374756,0.9193551540374756,-0.12007409484219933,-0.11300942718371891,-0.005229860779134314,0.0
0,1080,-0.30075225140557427,0.03528358228083514,16.38214635848999,-626.280814409256,62500.0,-2.44365452313084,19.41592653589793,-1000.0,0.6094051697297194,0.0,3.4493673083782195,0.6972019232574262,0.0,0.9984825849533081,0.9984825849533081,-0.14832585149453012,-0.11534556133408877,-0.0047805357257028995,0.0
0,1090,-0.19230376896565296,0.03403032855584036,9.68183821439743,-876.280814409256,-62500.0,-2.2524952577718613,19.41592653589793,1000.0,1.4553141367094191,0.0,2.4535273572206497,0.4351387782159605,0.0,0.5825093388557434,0.5825093388557434,-0.033174147012536785,-0.11824856190664143,-0.004446962924614824,0.0
0,1100,-0.19663408305343116,0.033657418990512125,0.7315300703048706,-1001.280814409256,-62500.0,-2.0633359924128825,17.41592653589793,-1000.0,0.678925178251117,0.0,2.646337123990059,0.48587819052369974,0.0,0.6630480885505676,0.6630480885505676,-0.04903580389026285,-0.12191426763720903,-0.004350035915915084,0.0
0,1110,-0.31607356481836335,0.033657418990512125,0.0,-376.280814409256,62500.0,-1.8821767270539032,19.41592653589793,1000.0,0.6394863121938303,0.0,3.4529999999999994,0.698157894736842,0.0,1.0,1.0,-0.1488967728531855,-0.12606890406616525,-0.004350035915915084,0.0
0,1120,-0.16293643771833122,0.03365666226411486,0.0625,0.0,-62500.0,-1.679017461694924,23.41592653589793,1000.0,0.7936752635196623,0.0,1.8505934414863587,0.2764719582858839,0.0,0.3306572437286377,0.3306572437286377,-0.0035087762424467783,-0.1302919990222986,-0.004349840312681061,0.0
0,1130,-0.17708293058664448,0.033614455317324946,1.25,250.0,-62500.0,-1.463858196335945,21.41592653589793,1000.0,1.072509257724322,0.0,1.847443482041359,0.27564302158983134,0.0,0.32934147119522095,0.32934147119522095,-0.0034331200291438132,-0.13454960312551287,-0.004338937368116871,0.0
0,1140,-0.17460077544876768,0.03324429300356486,5.4375,625.0,62500.0,-1.2666989309769658,19.41592653589793,1000.0,1.4938811988350098,0.0,2.147943834006786,0.35472206158073316,0.0,0.4548637568950653,0.4548637568950653,-0.014363349803875308,-0.1386097630208394,-0.004243902786458385,0.0
0,1150,-0.17535929568435188,0.032214729862981746,13.75,1000.0,-62500.0,-1.0495396656179867,21.41592653589793,-1000.0,0.9704605742458825,0.0,1.059,0.06815789473684208,0.0,0.0,0.0,-0.010429404432132968,-0.14211814272392695,-0.003985109069356369,0.0
0,1160,-0.22068217405714832,0.030045873417584277,23.4375,750.0,-62500.0,-0.8403804002590072,21.41592653589793,-1000.0,0.4201243343083001,0.0,2.5822703021764752,0.4690185005727567,0.0,0.6362866759300232,0.6362866759300232,-0.043422572190248566,-0.1447171796252167,-0.0034665773161939102,0.0
0,1170,-0.1669524913998358,0.027727845131824705,30.5,625.0,-62500.0,-0.6312211349000275,19.41592653589793,-1000.0,1.2045380361965845,0.0,1.47280307328701,0.17705344033868686,0.0,0.17285007238388062,0.17285007238388062,-0.0003159267601741223,-0.14655787866949466,-0.0029523202393131067,0.0
0,1180,-0.24777759967917234,0.024551952722684744,33.6875,125.0,-62500.0,-0.45006186954104804,19.41592653589793,-1000.0,1.2383592934256256,0.0,2.8090332784652707,0.5286929680171766,0.0,0.7310080528259277,0.7310080528259277,-0.0648234403343644,-0.14789262261690858,-0.002314745788788276,0.0
0,1190,-0.18824521666934113,0.02153281836546561,34.0,-125.0,-62500.0,-0.28090260418206897,15.415926535897931,-1000.0,0.7514169101142666,0.0,2.0410184428095817,0.3265838007393636,0.0,0.4101998507976532,0.4101998507976532,-0.009614075165773745,-0.14908199835472793,-0.0017804631043589112,0.0
0,1200,-0.18193494625278464,0.018639120016942862,32.4375,-250.0,-62500.0,-0.12174333882308966,15.415926535897931,1000.0,1.177184175605001,0.0,1.4874801006317138,0.18091581595571415,0.0,0.17898082733154297,0.17898082733154297,-0.00021852364838170492,-0.15036262841292108,-0.0013340804928230405,0.0
0,1210,-0.3107001848617774,0.01636262049622798,28.0,-625.0,-62500.0,0.021415926535889668,11.415926535897931,-1000.0,0.5232682699813112,0.0,3.3320036008358,0.6663167370620527,0.0,0.9494584798812866,0.9494584798812866,-0.13047077955851977,-0.15193551152402582,-0.0010281037420937472,0.0
0,1220,-0.30739012145278083,0.014719861127588945,23.6875,-375.0,62500.0,0.12257519189486896,9.415926535897931,-1000.0,0.9213946700530244,0.0,3.2059133284091947,0.6331350864234724,0.0,0.8967891931533813,0.8967891931533813,-0.11256360185464132,-0.15400265160655413,-0.0008320293566035355,0.0
0,1230,-0.1894798825412881,0.01338030511976167,19.125,-500.0,62500.0,0.20373445725384823,11.415926535897931,1000.0,1.5607487801981295,0.0,2.1200553844571113,0.3473829959097661,0.0,0.44321444630622864,0.44321444630622864,-0.013033048490002879,-0.15649827088862048,-0.0006874850499760143,0.0
0,1240,-0.17824483025400278,0.012292152981658772,13.0625,-875.0,-62500.0,0.29289372261282764,5.415926535897931,-1000.0,1.177240483754418,0.0,1.3498744611740112,0.1447038055721082,0.0,0.12150144577026367,0.12150144577026367,-0.0018346014709243273,-0.15954175053729044,-0.0005802125757100901,0.0
0,1250,-0.18268458730412998,0.011678575101043821,5.75,-750.0,-62500.0,0.3680529879718072,9.415926535897931,1000.0,0.8166046946706069,0.0,1.787177302122116,0.25978350055845156,0.0,0.30416762828826904,0.30416762828826904,-0.002144440163413426,-0.16336720303048063,-0.0005237342069403675,0.0
0,1260,-0.18860817520826495,0.01152011796078395,0.4375,-375.0,-62500.0,0.43921225333078673,7.415926535897931,1000.0,0.9344721988158755,0.0,1.7517750399112701,0.25046711576612374,0.0,0.28937971591949463,0.28937971591949463,-0.0015281578642508005,-0.16791764348546454,-0.0005096183724686476,0.0
0,1270,-0.27435182624601584,0.011511086019838697,0.5,125.0,-62500.0,0.49837151868976626,3.415926535897931,-1000.0,1.0843182906956912,0.0,2.960099625706672,0.5684472699228085,0.0,0.794110119342804,0.794110119342804,-0.08145203442814251,-0.17277425817727396,-0.0005088195892075235,0.0
0,1280,-0.19701356787197655,0.011409104398294895,2.1875,125.0,-62500.0,0.5235307840487458,-0.5840734641020688,-1000.0,1.1051975121421336,0.0,1.6743294877409933,0.2300867073002614,0.0,0.25702986121177673,0.25702986121177673,-0.0005431259737029611,-0.1775630962200694,-0.0004998438265773769,0.0
0,1290,-0.2376087299382186,0.011233780088593987,2.625,0.0,-62500.0,0.5166900494077252,1.4159265358979312,1000.0,0.9440162245903648,0.0,1.067369117617607,0.07036029410989657,0.0,0.0034958720207214355,0.0034958720207214355,-0.01008387200596351,-0.18230443325717194,-0.0004845996099029403,0.0
0,1300,-0.21754821753663536,0.011035022220012968,2.1875,-125.0,62500.0,0.5118493147667047,-0.5840734641020688,-1000.0,0.3296350222784351,0.0,1.8970138551592828,0.2886878566208639,0.0,0.3500475585460663,0.3500475585460663,-0.004719321547201744,-0.18709723109555568,-0.000467603387121331,0.0
0,1310,-0.28416665221984916,0.01089457137366824,2.0,125.0,62500.0,0.48300858012568415,-4.584073464102069,-1000.0,0.6569128044087892,0.0,2.817960185050964,0.5310421539607801,0.0,0.7347369194030762,0.7347369194030762,-0.0657533446193957,-0.1920150375126849,-0.0004557760719972536,0.0
0,1320,-0.26614303900489156,0.01069130703289185,3.8125,125.0,-62500.0,0.4221678454846636,-6.584073464102069,-1000.0,1.1053150994233396,0.0,2.680489961743355,0.494865779406146,0.0,0.6773141026496887,0.6773141026496887,-0.05216749671887637,-0.1968806809101742,-0.0004389275369148008,0.0
0,1330,-0.2929612723808894,0.010332136291085339,7.375,375.0,-62500.0,0.341327110843643,-8.584073464102069,1000.0,1.019426103097959,0.0,2.704135562181473,0.5010883058372297,0.0,0.6871911287307739,0.6871911287307739,-0.054392500747159914,-0.2015095359733395,-0.00040993167489624066,0.0
0,1340,-0.2678543075126569,0.009800568380738993,11.3125,500.0,62500.0,0.23848637620262236,-14.584073464102069,-1000.0,1.0602859552274855,0.0,2.5892520107030874,0.4708557922902862,0.0,0.6392030119895935,0.6392030119895935,-0.04401771613031919,-0.20575971384678962,-0.0003688363798484772,0.0
0,1350,-0.3636378965738204,0.009153243050798,16.375,625.0,62500.0,0.04964564156160167,-22.58407346410207,-1000.0,0.2901600911131187,0.0,3.2988521862030025,0.6575926805797375,0.0,0.9356107711791992,0.9356107711791992,-0.1256346367920898,-0.20950103972781403,-0.00032172233605241043,0.0
0,1360,-0.2357498261769471,0.008269999631057902,23.0625,500.0,-62500.0,-0.19919509307941904,-24.58407346410207,1000.0,0.6465251933164675,0.0,1.9287518191337585,0.29703995240362063,0.0,0.36330485343933105,0.36330485343933105,-0.005650051417498174,-0.21255701196073007,-0.00026262871256715973,0.0
0,1370,-0.38874259445553794,0.007397438160648585,29.431983947753906,685.6613159179688,-62500.0,-0.4720358277204398,-30.58407346410207,-1000.0,0.6331344769481404,0.0,3.4529999999999994,0.698157894736842,0.0,1.0,1.0,-0.1488967728531855,-0.2148973922994212,-0.00021013283074798044,0.0
0,1380,-0.25915199981672693,0.007004551280339639,34.351097106933594,435.66131591796875,-62500.0,-0.7761950930794195,-30.41592653589793,1000.0,0.5801742335925595,0.0,1.059,0.06815789473684208,0.0,0.0,0.0,-0.010429404432132968,-0.2165584214482375,-0.00018840475637340546,0.0
0,1390,-0.2485503017176431,0.00699538897829725,36.52021026611328,-64.33868408203125,-62500.0,-1.067354358438399,-30.41592653589793,-1000.0,0.5644546540445532,0.0,1.6144756920933723,0.21433570844562427,0.0,0.2320282757282257,0.2320282757282257,-0.00012330752198276568,-0.21777271075084342,-0.00018791219311750133,0.0
0,1400,-0.31482065444533774,0.007389546882012357,35.06432342529297,-189.33868408203125,62500.0,-1.3715136237973784,-29.41592653589793,1000.0,1.2442350183911355,0.0,2.725310995101929,0.5066607881847183,0.0,0.6960363388061523,0.6960363388061523,-0.05642450340604358,-0.21902243253331222,-0.0002096847479864008,0.0
0,1410,-0.2758910752526454,0.008168957474308815,31.858436584472656,-439.33868408203125,-62500.0,-1.6716728891563577,-29.41592653589793,-1000.0,1.0525293623027823,0.0,2.2313663896322247,0.3766753656926907,0.0,0.48971027135849,0.48971027135849,-0.018728510905587595,-0.2205487259464152,-0.00025625036627353285,0.0
0,1420,-0.27775998552304226,0.009149245242497618,27.902549743652344,-439.33868408203125,62500.0,-1.9808321545153371,-31.41592653589793,0.0,0.7173572946777722,0.0,2.525208019852638,0.4540021104875363,0.0,0.6124511361122131,0.6124511361122131,-0.03871024327927356,-0.22253183545768285,-0.00032144136386828273,0.0
0,1430,-0.39898634956228607,0.01024313294750828,24.07166290283203,-439.33868408203125,-62500.0,-2.2639914198743165,-27.41592653589793,-1000.0,0.447153889213441,0.0,3.4529999999999994,0.698157894736842,0.0,1.0,1.0,-0.1488967728531855,-0.22499289594026578,-0.000402899606708466,0.0
0,1440,-0.2572361788609384,0.011254143322636759,19.74077606201172,-439.33868408203125,62500.0,-2.547150685233296,-29.41592653589793,-1000.0,0.6310579208828987,0.0,1.059,0.06815789473684208,0.0,0.0,0.0,-0.010429404432132968,-0.22796701800678618,-0.00048635804899756625,0.0
0,1450,-0.25051675642745636,0.012086724431629569,16.034889221191406,-314.33868408203125,-62500.0,-2.844309950592275,-27.41592653589793,1000.0,0.4198881749066979,0.0,1.4139718194007873,0.16157153142125982,0.0,0.14827561378479004,0.14827561378479004,-0.0008860483183843332,-0.23147322658134994,-0.0005609814047468204,0.0
0,1460,-0.2765737915171704,0.01301564311339658,12.579002380371094,-314.33868408203125,62500.0,-3.1254692159512545,-27.41592653589793,1000.0,1.7163524728984043,0.0,1.874023003935814,0.2826376326146879,0.0,0.34044402837753296,0.34044402837753296,-0.004097386994496075,-0.23542733661224882,-0.0006505227481163822,0.0
0,1470,-0.4190595330519521,0.013805635860392303,10.498115539550781,-64.33868408203125,-62500.0,-3.366628481310234,-21.41592653589793,1000.0,0.6639897811017682,0.0,3.4529999999999994,0.698157894736842,0.0,1.0,1.0,-0.1488967728531855,-0.23980253805322596,-0.0007318870329974396,0.0
0,1480,-0.42201983446770763,0.014675936429506835,12.417228698730469,435.66131591796875,62500.0,-3.613787746669213,-25.41592653589793,1000.0,0.8454908507984766,0.0,3.4529999999999994,0.698157894736842,0.0,1.0,1.0,-0.1488967728531855,-0.2442061553525937,-0.0008270711427184351,0.0
0,1490,-0.41584891822626496,0.015967522311804445,17.336341857910156,435.66131591796875,-62500.0,-3.8829470120281924,-27.41592653589793,1000.0,1.6207294998331307,0.0,3.4529999999999994,0.698157894736842,0.0,1.0,1.0,-0.1488967728531855,-0.24814395127535097,-0.0009790531921074154,0.0
0,1500,-0.2718608227738718,0.017739610384342307,21.880455017089844,435.66131591796875,62500.0,-4.1861062773871724,-31.41592653589793,-1000.0,0.3954955157138424,0.0,1.7031937469244003,0.23768256498010534,0.0,0.2690867781639099,0.2690867781639099,-0.0008519854220879164,-0.2514983390304526,-0.0012084241020989394,0.0
0,1510,-0.35489811888398093,0.019475303956259953,24.67456817626953,185.66131591796875,-62500.0,-4.484265542746152,-26.41592653589793,1000.0,1.8406262428232398,0.0,2.888929948568344,0.5497184075179853,0.0,0.7643817663192749,0.7643817663192749,-0.07338177873414937,-0.2544128438047364,-0.001456463862484664,0.0
0,1520,-0.3150961445530325,0.021765508942152838,26.46868133544922,60.66131591796875,-62500.0,-4.73542480810513,-26.41592653589793,-1000.0,0.370523161049035,0.0,2.237126427590847,0.37819116515548606,0.0,0.4921163022518158,0.4921163022518158,-0.019051254803681823,-0.2570572348310488,-0.0018191515373219907,0.0
0,1530,-0.297461722641848,0.024201674681286384,25.137794494628906,-314.33868408203125,-62500.0,-4.990584073464108,-24.41592653589793,1000.0,1.6195954638404872,0.0,1.2216153899431228,0.11095141840608494,0.0,0.06792622804641724,0.06792622804641724,-0.00475778993033289,-0.25967711962641465,-0.002249168860334662,0.0
0,1540,-0.312772444006633,0.026058732806574503,21.556907653808594,-439.33868408203125,62500.0,-5.2417433388230865,-26.41592653589793,1000.0,1.846970680203179,0.0,1.059,0.06815789473684208,0.0,0.0,0.0,-0.010429404432132968,-0.26266856185671367,-0.002607581013060258,0.0
0,1550,-0.28820423732766864,0.027157651645022176,15.351020812988281,-564.3386840820312,62500.0,-5.518902604182066,-28.41592653589793,-1000.0,0.3782899419248104,0.0,1.4359142299890517,0.16734584999711888,0.0,0.15744119882583618,0.15744119882583618,-0.0006397761074463972,-0.2663451989066683,-0.0028321460846299227,0.0
0,1560,-0.3222578275813236,0.028232546321711603,10.020133972167969,-564.3386840820312,62500.0,-5.812061869541046,-26.41592653589793,1000.0,0.9306637096218988,0.0,2.2895620865821837,0.3919900227847852,0.0,0.514019250869751,0.514019250869751,-0.022116101309341395,-0.27079230333963106,-0.0030607744197411507,0.0
0,1570,-0.46073508057390655,0.02911592662780707,7.689247131347656,-64.33868408203125,-62500.0,-6.099221134900025,-28.41592653589793,1000.0,1.3209577634650125,0.0,3.4529999999999994,0.698157894736842,0.0,1.0,1.0,-0.1488967728531855,-0.2758575054387782,-0.0032553107842400444,0.0
0,1580,-0.3446113254809118,0.030029299740320422,9.233360290527344,435.66131591796875,62500.0,-6.283185307179586,-22.41592653589793,1000.0,0.2530712604522705,0.0,2.538498351573944,0.45749956620366944,0.0,0.6180026531219482,0.6180026531219482,-0.03978361595704676,-0.2810042395627261,-0.0034627539567129917,0.0
0,1590,-0.32622930947843515,0.031126177597311327,13.777473449707031,560.6613159179688,62500.0,-6.283185307179586,-12.415926535897931,1000.0,1.3297925305366516,0.0,1.1139277299642563,0.08261256051690953,0.0,0.02294391393661499,0.02294391393661499,-0.008267886569037737,-0.28570341913293823,-0.003720341498186364,0.0
0,1600,-0.3252366286349752,0.03275377820160039,21.19658660888672,810.6613159179688,-62500.0,-6.283185307179586,-2.415926535897931,1000.0,0.44520475685596467,0.0,2.0632152045965193,0.3324250538411893,0.0,0.4194716811180115,0.4194716811180115,-0.01052183693090513,-0.2896186167756808,-0.00411959034808179,0.0
0,1610,-0.3838024646103593,0.03554524822123115,27.115699768066406,435.66131591796875,-62500.0,-6.280185307179586,0.0,1000.0,2.19961778011482,0.0,2.6504170171022414,0.486951846605853,0.0,0.6647523045539856,0.6647523045539856,-0.049404817362305384,-0.29258658344591365,-0.004851704337058315,0.0
0,1620,-0.48542067013997814,0.03856743829281055,29.284812927246094,-64.33868408203125,-62500.0,-6.259185307179587,4.0,-1000.0,0.16875349370153475,0.0,3.4529999999999994,0.698157894736842,0.0,1.0,1.0,-0.1488967728531855,-0.2949990554190717,-0.005711797618443838,0.0
0,1630,-0.33905823757246256,0.04027549018914371,27.82892608642578,-314.33868408203125,-62500.0,-6.212185307179588,4.0,-1000.0,0.12103915792096528,0.0,2.220769398093223,0.3738866837087429,0.0,0.4852837920188904,0.4852837920188904,-0.01814194726273463,-0.2974185939510311,-0.006228922022307115,0.0
0,1640,-0.49225783101686693,0.04203430636810011,25.74803924560547,-314.33868408203125,-62500.0,-6.153185307179589,6.0,1000.0,2.0618422876892297,0.0,3.4529999999999994,0.698157894736842,0.0,1.0,1.0,-0.1488967728531855,-0.3001421169862965,-0.006784830381493638,0.0
0,1650,-0.3515950256231212,0.04279172200586236,19.292152404785156,-814.3386840820312,62500.0,-6.110185307179591,4.0,-1000.0,0.12421456077013157,0.0,1.059,0.06815789473684208,0.0,0.0,0.0,-0.010429404432132968,-0.30345082420212105,-0.007031544853351701,0.0
0,1660,-0.3764794775771513,0.04338439768455462,10.586265563964844,-939.3386840820312,62500.0,-6.053185307179592,8.0,1000.0,1.2599646259978003,0.0,2.4639114500284194,0.4378714342180051,0.0,0.5868468880653381,0.5868468880653381,-0.033949691530158435,-0.30789155163532295,-0.0072276708958140985,0.0
0,1670,-0.3520305139039789,0.043596426140765525,4.005378723144531,-564.3386840820312,-62500.0,-5.966185307179591,10.0,1000.0,1.9896016702713153,0.0,2.1317479768395424,0.35045999390514276,0.0,0.4480985701084137,0.4480985701084137,-0.013582925859561357,-0.31352241393067254,-0.007298489749429338,0.0
0,1680,-0.5135421919487797,0.04360820220800357,0.42449188232421875,-189.33868408203125,62500.0,-5.899185307179591,6.0,-1000.0,0.3396464880326172,0.0,3.4529999999999994,0.698157894736842,0.0,1.0,1.0,-0.1488967728531855,-0.31991133030323565,-0.007302433151286249,0.0
0,1690,-0.4317634495508866,0.043609907350323066,0.30330657958984375,60.66131591796875,62500.0,-5.8501853071795935,4.0,-1000.0,0.3016251283522206,0.0,2.9060290557146073,0.5542181725564757,0.0,0.7715242505073547,0.7715242505073547,-0.07528230826154948,-0.3266022535231637,-0.007303004233358444,0.0
0,1700,-0.37809456153709264,0.04363847802850188,4.222419738769531,560.6613159179688,-62500.0,-5.793185307179595,4.0,-1000.0,0.12021011950272265,0.0,1.6421863455176353,0.2216279856625356,0.0,0.24360331892967224,0.24360331892967224,-0.00028066185829130725,-0.3330859270416232,-0.007312576376233118,0.0
0,1710,-0.3933390258943296,0.04382103825409024,12.641532897949219,1060.6613159179688,62500.0,-5.7341853071795965,8.0,1000.0,1.9996569976277059,0.0,1.059,0.06815789473684208,0.0,0.0,0.0,-0.010429404432132968,-0.33866909643542836,-0.007373888231679131,0.0
0,1720,-0.38926413513837593,0.04272688528732607,23.685646057128906,1185.6613159179688,62500.0,-5.635185307179597,12.0,-1000.0,0.155779189098049,0.0,1.059,0.06815789473684208,0.0,0.0,0.0,-0.010429404432132968,-0.34279037061793194,-0.007010253029208273,0.0
0,1730,-0.5332515740049661,0.04196129863722008,32.854759216308594,810.6613159179688,-62500.0,-5.512185307179599,14.0,1000.0,0.39725795761928423,0.0,3.4529999999999994,0.698157894736842,0.0,1.0,1.0,-0.1488967728531855,-0.3453755197178213,-0.006761282239956359,0.0
0,1740,-0.3782911405849419,0.04237151508288539,37.52387237548828,185.66131591796875,-62500.0,-5.389185307179601,12.0,-1000.0,0.5175232428790348,0.0,1.4933624982833862,0.1824638153377332,0.0,0.18143796920776367,0.18143796920776367,-0.00018451066350547296,-0.34692679835739837,-0.006894125915209668,0.0
0,1750,-0.4247188102333294,0.041714768875325624,37.31798553466797,-189.33868408203125,-62500.0,-5.268185307179603,12.0,1000.0,1.8465876894839883,0.0,2.455135085105896,0.4355618645015516,0.0,0.5831809043884277,0.5831809043884277,-0.03329363520446841,-0.34821723643309216,-0.006682068258515849,0.0
0,1760,-0.48859365650495645,0.0410719106040783,33.612098693847656,-564.3386840820312,-62500.0,-5.147185307179606,12.0,1000.0,1.6734393679874917,0.0,3.116181650161743,0.6095214868846693,0.0,0.8593072891235352,0.8593072891235352,-0.10062470893213822,-0.34983509450763245,-0.006477703068170491,0.0
0,1770,-0.5133783194201066,0.041179993498567304,27.906211853027344,-439.33868408203125,62500.0,-5.020185307179607,14.0,1000.0,1.3605266623913732,0.0,3.2633620247840884,0.6482531644168654,0.0,0.9207861423492432,0.9207861423492432,-0.12055853964584003,-0.3522571946254703,-0.006511840759841453,0.0
0,1780,-0.4486368498827661,0.041875484529869424,21.32532501220703,-814.3386840820312,62500.0,-4.875185307179607,14.0,-1000.0,0.32641817186297883,0.0,2.6265341173410413,0.48066687298448457,0.0,0.6547761559486389,0.6547761559486389,-0.04726433615453327,-0.3555317698150546,-0.006733655825707521,0.0
0,1790,-0.39405697501076753,0.04228151236071928,12.744438171386719,-814.3386840820312,62500.0,-4.754185307179609,12.0,-1000.0,0.4532375332984021,0.0,1.5880796740651129,0.2073893879118718,0.0,0.22100237011909485,0.22100237011909485,-3.2761832227270225e-05,-0.36006241563380587,-0.006864868944037084,0.0
0,1800,-0.5383210298030093,0.04229087346145048,5.413551330566406,-564.3386840820312,62500.0,-4.637185307179611,10.0,-1000.0,0.3547270541076524,0.0,3.4529999999999994,0.698157894736842,0.0,1.0,1.0,-0.1488967728531855,-0.3658764627817125,-0.006867909036028479,0.0
0,1810,-0.5570553202424107,0.0422885178051958,1.3326644897460938,-314.33868408203125,62500.0,-4.534185307179611,10.0,1000.0,0.9050373986868276,0.0,3.4529999999999994,0.698157894736842,0.0,1.0,1.0,-0.1488967728531855,-0.37257595593206616,-0.006867143954535792,0.0
0,1820,-0.5680923300474272,0.04230645056540911,0.6267776489257812,185.66131591796875,62500.0,-4.4571853071796115,8.0,1000.0,2.344538105595264,0.0,3.4529999999999994,0.698157894736842,0.0,1.0,1.0,-0.1488967728531855,-0.3797297556638221,-0.006872969316262674,0.0
0,1830,-0.41879325097107595,0.04219238538088099,4.420890808105469,560.6613159179688,62500.0,-4.376185307179612,10.0,1000.0,1.0304554898933884,0.0,1.8874859948158262,0.28618052495153323,0.0,0.3460676670074463,0.3460676670074463,-0.004456249728553104,-0.3866473073023531,-0.0068359579550545165,0.0
0,1840,-0.44974707273229136,0.04198889650344748,12.215003967285156,810.6613159179688,-62500.0,-4.257185307179613,10.0,-1000.0,0.3509920188034493,0.0,2.410092734098434,0.42370861423643,0.0,0.5643662214279175,0.5643662214279175,-0.030027326450150313,-0.39265513760513143,-0.006770178929576541,0.0
0,1850,-0.5704170293953038,0.041899109625979654,17.759117126464844,435.66131591796875,-62500.0,-4.126185307179614,14.0,-1000.0,0.5208883835138624,0.0,3.4529999999999994,0.698157894736842,0.0,1.0,1.0,-0.1488967728531855,-0.3975881266984705,-0.006741255887807466,0.0
0,1860,-0.4379600297089274,0.04092664388043558,20.42823028564453,60.66131591796875,-62500.0,-3.979185307179614,16.0,-1000.0,0.5709752917401678,0.0,1.9076033552885054,0.29147456718118564,0.0,0.3544709086418152,0.3544709086418152,-0.005020557864591145,-0.401900114344731,-0.00643196228857342,0.0
0,1870,-0.4306735092628455,0.039543358264419355,21.09734344482422,60.66131591796875,62500.0,-3.856185307179614,10.0,-1000.0,0.39563295863195796,0.0,1.7126845069527625,0.2401801334086217,0.0,0.2730511724948883,0.2730511724948883,-0.0009686658724407824,-0.40600477764762555,-0.006004520382060375,0.0
0,1880,-0.6046938646240123,0.038694069451290655,21.141456604003906,-64.33868408203125,-62500.0,-3.775185307179614,8.0,-1000.0,0.5331774964429604,0.0,3.4529999999999994,0.698157894736842,0.0,1.0,1.0,-0.1488967728531855,-0.4100903955217984,-0.00574936708109301,0.0
0,1890,-0.4608008190544764,0.037583341430259584,21.060569763183594,60.66131591796875,62500.0,-3.714185307179615,6.0,1000.0,1.7433698995421099,0.0,1.7586115577816963,0.25226619941623585,0.0,0.292235404253006,0.292235404253006,-0.0016390533608506388,-0.4142425814586098,-0.005424029003763712,0.0
0,1900,-0.6041093295702893,0.03631552112547283,21.60468292236328,60.66131591796875,-62500.0,-3.663185307179616,6.0,1000.0,0.6047185482247196,0.0,3.4529999999999994,0.698157894736842,0.0,1.0,1.0,-0.1488967728531855,-0.4183507103243327,-0.005064257566520307,0.0
0,1910,-0.47781144883352733,0.03613600328141744,19.77379608154297,-314.33868408203125,62500.0,-3.612185307179617,6.0,1000.0,1.7587558706419943,0.0,1.059,0.06815789473684208,0.0,0.0,0.0,-0.010429404432132968,-0.42254217846375397,-0.005014313215313709,0.0
0,1920,-0.616804934993761,0.035587401124000155,17.192909240722656,-189.33868408203125,-62500.0,-3.5291853071796173,10.0,-1000.0,0.33659402049553383,0.0,3.4529999999999994,0.698157894736842,0.0,1.0,1.0,-0.1488967728531855,-0.42721781749743587,-0.004863218376040272,0.0
0,1930,-0.46377211289652687,0.035173490617722784,13.987022399902344,-439.33868408203125,-62500.0,-3.4201853071796178,10.0,-1000.0,0.5955308260711147,0.0,1.059,0.06815789473684208,0.0,0.0,0.0,-0.010429404432132968,-0.4323454368468024,-0.004750749858182526,0.0
0,1940,-0.48307662174244753,0.034553022841541166,8.531135559082031,-439.33868408203125,62500.0,-3.3351853071796183,10.0,1000.0,1.8729502906465674,0.0,1.059,0.06815789473684208,0.0,0.0,0.0,-0.010429404432132968,-0.43828705127268797,-0.004584619727954171,0.0
0,1950,-0.5781983081844342,0.03427441033011664,6.075248718261719,-314.33868408203125,-62500.0,-3.2541853071796187,8.0,1000.0,1.5786721645572714,0.0,3.1324771074056628,0.6138097651067534,0.0,0.86611407995224,0.86611407995224,-0.10274311301862386,-0.44492469113090327,-0.004510983181352472,0.0
0,1960,-0.50342274367729,0.034037286465050276,4.744361877441406,-189.33868408203125,-62500.0,-3.1631853071796194,10.0,-1000.0,0.5440070412211223,0.0,1.059,0.06815789473684208,0.0,0.0,0.0,-0.010429404432132968,-0.4519302288779537,-0.004448781580430956,0.0
0,1970,-0.5211916982503703,0.03386696840928072,3.7884750366210938,-189.33868408203125,-62500.0,-3.06018530717962,10.0,1000.0,1.5249283687810375,0.0,2.2705176386833195,0.3869783259692946,0.0,0.5060641765594482,0.5060641765594482,-0.02097653662936787,-0.4591599654391449,-0.004404370749063237,0.0
0,1980,-0.518937319530317,0.03379284812688072,2.0825881958007812,60.66131591796875,62500.0,-2.97918530717962,6.0,-1000.0,0.8705686043446201,0.0,2.4061665219068527,0.42267540050180336,0.0,0.5627261996269226,0.5627261996269226,-0.02975060039318311,-0.46675064370469355,-0.004385113284581474,0.0
0,1990,-0.6494069516501239,0.033701518350900066,3.1267013549804688,185.66131591796875,-62500.0,-2.916185307179621,8.0,1000.0,1.0451413220200172,0.0,3.4529999999999994,0.698157894736842,0.0,1.0,1.0,-0.1488967728531855,-0.4744155887217914,-0.004361442582359247,0.0
0,2000,-0.5207696407746074,0.033594802351950975,5.795814514160156,185.66131591796875,-62500.0,-2.8091853071796216,10.0,-1000.0,0.6108624174428404,0.0,2.2201830704212187,0.3737323869529523,0.0,0.4850388765335083,0.4850388765335083,-0.01810976536582221,-0.48175678916270115,-0.004333865261055939,0.0
0,2010,-0.5345688673221791,0.03328546992458127,8.589927673339844,310.66131591796875,62500.0,-2.7201853071796216,8.0,1000.0,1.4459714374507773,0.0,2.0987119299173354,0.3417662973466672,0.0,0.4342990517616272,0.4342990517616272,-0.012058609838030192,-0.4886830536765818,-0.004254422431104785,0.0
0,2020,-0.5319438706594156,0.033090159408457144,11.634040832519531,310.66131591796875,62500.0,-2.6471853071796216,6.0,-1000.0,0.6920047637624389,0.0,2.161164531290531,0.3582011924448766,0.0,0.46038618683815,0.46038618683815,-0.015016570374588523,-0.4951147167953332,-0.004204641214760082,0.0
0,2030,-0.5563405023995521,0.032409658930531875,14.428153991699219,185.66131591796875,-62500.0,-2.610185307179622,2.0,-1000.0,0.6750644092802445,0.0,2.0797452499866482,0.33677506578596006,0.0,0.42637646198272705,0.42637646198272705,-0.011224451172452219,-0.5010479226907979,-0.004033482209254673,0.0
0,2040,-0.5397198110864556,0.0318494169842218,17.222267150878906,310.66131591796875,-62500.0,-2.619185307179622,-4.0,-1000.0,0.7553663829974879,0.0,1.059,0.06815789473684208,0.0,0.0,0.0,-0.010429404432132968,-0.5065592957006461,-0.0038952397909817705,0.0
0,2050,-0.5532133553501128,0.030257636076656002,19.641380310058594,310.66131591796875,62500.0,-2.6881853071796216,-8.0,1000.0,1.7409097192582563,0.0,1.059,0.06815789473684208,0.0,0.0,0.0,-0.010429404432132968,-0.5116026604708954,-0.0035156142372378416,0.0
0,2060,-0.6868607367917343,0.029086720301240154,21.18549346923828,60.66131591796875,62500.0,-2.7651853071796215,-10.0,-1000.0,0.5971456578648329,0.0,3.4529999999999994,0.698157894736842,0.0,1.0,1.0,-0.1488967728531855,-0.5162712464007444,-0.0032487832238690924,0.0
0,2070,-0.6646276705077657,0.02891416329980508,21.85460662841797,-64.33868408203125,-62500.0,-2.8541853071796206,-8.0,1000.0,1.5161982843206354,0.0,3.13556142783165,0.6146214283767502,0.0,0.8674024343490601,0.8674024343490601,-0.10314655732150593,-0.5207780470295791,-0.003210350743018733,0.0
0,2080,-0.6712581974849312,0.02827254189667985,21.023719787597656,-189.33868408203125,-62500.0,-2.9171853071796203,-4.0,1000.0,1.4708098218985262,0.0,3.298178244709968,0.6574153275552548,0.0,0.935329258441925,0.935329258441925,-0.1255372691294886,-0.525328609224162,-0.003069452641150147,0.0
0,2090,-0.7203671293719063,0.02803170158356214,19.317832946777344,-64.33868408203125,62500.0,-2.98218530717962,-6.0,1000.0,1.759126075069006,0.0,3.4529999999999994,0.698157894736842,0.0,1.0,1.0,-0.1488967728531855,-0.5301993973991382,-0.0030173809676923395,0.0
0,2100,-0.7062296670212582,0.028313918142028237,17.23694610595703,-314.33868408203125,62500.0,-3.0371853071796187,-6.0,-1000.0,0.6203601002788811,0.0,3.4529999999999994,0.698157894736842,0.0,1.0,1.0,-0.1488967728531855,-0.5353828309549917,-0.0030784433685253467,0.0
0,2110,-0.7339721346927444,0.028268531086019018,14.656059265136719,-64.33868408203125,62500.0,-3.102185307179618,-8.0,-1000.0,0.5472296544556988,0.0,3.4529999999999994,0.698157894736842,0.0,1.0,1.0,-0.1488967728531855,-0.5411293153193817,-0.003068581823083098,0.0
0,2120,-0.6310123365875853,0.028244907707786468,14.950172424316406,60.66131591796875,-62500.0,-3.1791853071796172,-10.0,-1000.0,0.6435186676004023,0.0,2.5847678668498997,0.46967575443418413,0.0,0.6373299360275269,0.6373299360275269,-0.04363500751778782,-0.5470843325329604,-0.0030634552758580817,0.0
0,2130,-0.6577505576175865,0.028278828578907875,13.994285583496094,60.66131591796875,62500.0,-3.282185307179617,-8.0,1000.0,1.601312531827751,0.0,2.939205727100372,0.5629488755527297,0.0,0.7853825092315674,0.7853825092315674,-0.07903913175899449,-0.5531228509860261,-0.0030708178398537855,0.0
0,2140,-0.6395038401502718,0.02827346257948167,15.142038822174072,211.5713357925415,62500.0,-3.3631853071796165,-8.0,1000.0,0.7477165767822509,0.0,2.645679734945297,0.48570519340665713,0.0,0.6627734899520874,0.6627734899520874,-0.048976474523721204,-0.5591477517856689,-0.0030696525551360647,0.0
0,2150,-0.5919695397038934,0.028664548071613852,15.820252180099487,86.5713357925415,62500.0,-3.4401853071796165,-6.0,1000.0,0.40268341085320003,0.0,1.5459153086543083,0.19629350227744954,0.0,0.20338985323905945,0.20338985323905945,-8.242875220363079e-06,-0.5650205109277503,-0.0031551602540154672,0.0
0,2160,-0.6123100831115544,0.028892103538322667,15.873465538024902,-163.4286642074585,-62500.0,-3.5331853071796155,-10.0,1000.0,1.646383128539853,0.0,1.7412961272597312,0.24770950717361345,0.0,0.28500255942344666,0.28500255942344666,-0.0013657182448494436,-0.5708270442814937,-0.003205454003977563,0.0
0,2170,-0.6623394163579845,0.029070787211121704,14.551678895950317,-163.4286642074585,62500.0,-3.656185307179615,-12.0,1000.0,0.8147806849937732,0.0,2.7270547099113465,0.507119660502986,0.0,0.6967647075653076,0.6967647075653076,-0.056593491520481605,-0.5768368327479887,-0.003245224969245378,0.0
0,2180,-0.659892329205065,0.02934389921360009,14.729892253875732,86.5713357925415,62500.0,-3.7811853071796144,-14.0,-1000.0,0.6830660496959957,0.0,2.6769047870635987,0.49392231238515755,0.0,0.675816535949707,0.675816535949707,-0.051834195430702876,-0.5830137829641423,-0.0033064873768624127,0.0
0,2190,-0.6311150444106772,0.02938206029088453,16.533105611801147,336.5713357925415,-62500.0,-3.914185307179613,-14.0,-1000.0,0.4447265083157802,0.0,1.6572274553775788,0.2255861724677839,0.0,0.249886155128479,0.249886155128479,-0.0003927913329307093,-0.5890566017153998,-0.0033150929930387462,0.0
0,2200,-0.7276017709442891,0.029863114707787533,20.461318969726562,336.5713357925415,-62500.0,-4.025185307179613,-10.0,1000.0,0.14941227944298546,0.0,3.172090968847275,0.6242344654861252,0.0,0.8826612234115601,0.8826612234115601,-0.10798492902377897,-0.5944713331244904,-0.0034245335809938286,0.0
0,2210,-0.7884570128256283,0.030547219246740556,23.139532327651978,86.5713357925415,-62500.0,-4.176185307179613,-18.0,-1000.0,0.5546116059551768,0.0,3.4529999999999994,0.698157894736842,0.0,1.0,1.0,-0.1488967728531855,-0.5992266014021339,-0.0035832291982403966,0.0
0,2220,-0.6612771850490429,0.031017609530645248,22.942745685577393,-163.4286642074585,-62500.0,-4.387185307179612,-24.0,-1000.0,0.45412763638722164,0.0,2.481571057319641,0.4425186992946423,0.0,0.5942234992980957,0.5942234992980957,-0.035289191704539084,-0.6037674079218251,-0.0036944336678230074,0.0
0,2230,-0.7833041035238691,0.030966550589777708,20.120959043502808,-288.4286642074585,-62500.0,-4.622185307179612,-26.0,-1000.0,0.46556595091066205,0.0,3.4529999999999994,0.698157894736842,0.0,1.0,1.0,-0.1488967728531855,-0.608692595618222,-0.0036822806608483665,0.0
0,2240,-0.6571908142636586,0.031260100312880866,16.674172401428223,-288.4286642074585,62500.0,-4.839185307179612,-22.0,-1000.0,0.4289156176178599,0.0,2.242722724735737,0.37966387493045706,0.0,0.49445393681526184,0.49445393681526184,-0.01936746477301615,-0.6143114436692467,-0.0037524244668340778,0.0
0,2250,-0.6475590831287718,0.03182651002028917,14.21177363395691,-335.29937267303467,-62500.0,-5.104185307179612,-30.0,-1000.0,0.2676239743979172,0.0,1.9403386756181715,0.3000891251626767,0.0,0.36814481019973755,0.36814481019973755,-0.006010699785497978,-0.6204780752967733,-0.003889638681874817,0.0
0,2260,-0.8107486209797846,0.03259317166903695,12.796279907226562,39.70062732696533,62500.0,-5.369185307179611,-24.0,1000.0,0.5784397621180767,0.0,3.4529999999999994,0.698157894736842,0.0,1.0,1.0,-0.1488967728531855,-0.6271382549582747,-0.004079288983477681,0.0
0,2270,-0.8135380181155709,0.03332362289178187,15.255786180496216,414.70062732696533,62500.0,-5.5761853071796095,-20.0,-1000.0,0.12440288593818463,0.0,3.4529999999999994,0.698157894736842,0.0,1.0,1.0,-0.1488967728531855,-0.6336848862224146,-0.004264181155713365,0.0
0,2280,-0.8318558202599045,0.034423918128092285,18.59029245376587,414.70062732696533,62500.0,-5.75318530717961,-16.0,1000.0,2.116521402919783,0.0,3.4529999999999994,0.698157894736842,0.0,1.0,1.0,-0.1488967728531855,-0.6396440657223476,-0.004550423574872066,0.0
0,2290,-0.815769961194009,0.03518701184219994,21.299798727035522,39.70062732696533,-62500.0,-5.94018530717961,-22.0,-1000.0,0.2675881327508715,0.0,3.4529999999999994,0.698157894736842,0.0,1.0,1.0,-0.1488967728531855,-0.6449226386259423,-0.004754403081151176,0.0
0,2300,-0.8213277374990103,0.03599849159154419,21.759305000305176,39.70062732696533,-62500.0,-6.1531853071796085,-20.0,1000.0,0.2967229550180675,0.0,3.4529999999999994,0.698157894736842,0.0,1.0,1.0,-0.1488967728531855,-0.6500256325521636,-0.004976222963967274,0.0
0,2310,-0.7062431778934455,0.03762920029723344,19.59381127357483,-335.29937267303467,-62500.0,-6.283185307179586,-14.0,1000.0,0.1125907251238823,0.0,2.3908119857311245,0.41863473308713806,0.0,0.5563124418258667,0.5563124418258667,-0.028680687907250455,-0.6552732797745038,-0.0054372737856357625,0.0
0,2320,-0.7620234215864573,0.03884005705684542,15.053317546844482,-460.29937267303467,62500.0,-6.283185307179586,-4.0,1000.0,0.56737100481987,0.0,2.8861335836648943,0.5489825220170775,0.0,0.7632136940956116,0.7632136940956116,-0.07307328040404,-0.6612939553385173,-0.00579283212356739,0.0
0,2330,-0.7642400911044678,0.03956124925545234,10.762823820114136,-210.29937267303467,62500.0,-6.279185307179586,1.0,-1000.0,0.2226226632255842,0.0,2.6766664888858793,0.4938596023383893,0.0,0.6757169961929321,0.6757169961929321,-0.051812079531885775,-0.6683402481925801,-0.006009954979783789,0.0
0,2340,-0.8483720189756615,0.040284131823007156,9.597330093383789,-210.29937267303467,-62500.0,-6.270185307179585,3.0,1000.0,2.093904286673643,0.0,3.4529999999999994,0.698157894736842,0.0,1.0,1.0,-0.1488967728531855,-0.6758828660142199,-0.006231595302656326,0.0
0,2350,-0.7567063490741828,0.04097783064208978,10.681836366653442,289.70062732696533,62500.0,-6.251185307179585,1.0,-1000.0,0.31945451494735816,0.0,2.614915012121201,0.4776092137161055,0.0,0.6499227285385132,0.6499227285385132,-0.0462401253240446,-0.683555437047251,-0.00644806119986608,0.0
0,2360,-0.7567986332968586,0.04145570550238746,15.516342639923096,664.7006273269653,62500.0,-6.238185307179585,3.0,1000.0,2.0667199326397525,0.0,2.5245891580581663,0.4538392521205701,0.0,0.6121926307678223,0.6121926307678223,-0.0386606195502782,-0.6905645874407659,-0.006599329991810605,0.0
0,2370,-0.7367112487241537,0.04211529880889766,22.22584891319275,789.7006273269653,-62500.0,-6.237185307179586,-1.0,1000.0,1.9969683912125147,0.0,1.7824548600912093,0.2585407526555814,0.0,0.3021950125694275,0.3021950125694275,-0.002056211832889176,-0.6963703133733391,-0.006811001832048909,0.0
0,2380,-0.8870920169949794,0.04320395116855043,26.810355186462402,289.70062732696533,62500.0,-6.246185307179586,1.0,1000.0,1.5737975988545623,0.0,3.4529999999999994,0.698157894736842,0.0,1.0,1.0,-0.1488967728531855,-0.7008611023558822,-0.00716767256284604,0.0
0,2390,-0.7718672754633285,0.04441776628841112,29.519861459732056,164.70062732696533,-62500.0,-6.219185307179587,3.0,-1000.0,0.1470922821101013,0.0,2.320623469233513,0.4001640708509244,0.0,0.5269939303398132,0.5269939303398132,-0.024039393155768335,-0.704681897437271,-0.007576081774279339,0.0
0,2400,-0.7624434817731315,0.045618201082110045,28.97936773300171,-335.29937267303467,-62500.0,-6.168185307179588,5.0,-1000.0,0.3080964957855848,0.0,1.059,0.06815789473684208,0.0,0.0,0.0,-0.010429404432132968,-0.7082267132477783,-0.007991117836676453,0.0
0,2410,-0.9003624093499264,0.04581901424066151,24.438874006271362,-710.2993726730347,-62500.0,-6.121185307179589,5.0,1000.0,1.4682799297004518,0.0,3.4529999999999994,0.698157894736842,0.0,1.0,1.0,-0.1488967728531855,-0.7123914572961135,-0.00806162713338602,0.0
0,2420,-0.8196538100552478,0.04614037356818276,16.148380279541016,-835.2993726730347,-62500.0,-6.0401853071795895,11.0,1000.0,0.4673606552823747,0.0,2.8740488694906228,0.5458023340764797,0.0,0.7581657767295837,0.7581657767295837,-0.07174755255164476,-0.7180886756250066,-0.008175106840364,0.0
0,2430,-0.7770444526637335,0.046347445520050524,8.357886552810669,-835.2993726730347,-62500.0,-5.913185307179591,15.0,1000.0,2.0028064544584425,0.0,1.059,0.06815789473684208,0.0,0.0,0.0,-0.010429404432132968,-0.7255645649001689,-0.008248649111938757,0.0
0,2440,-0.8254914804782818,0.04624021822054539,2.5673928260803223,-335.29937267303467,62500.0,-5.7321853071795905,19.0,1000.0,0.6801811165449649,0.0,2.7527111474275587,0.5138713545861997,0.0,0.7074816823005676,0.7074816823005676,-0.05910913633786554,-0.7346031623913221,-0.008210525879361247,0.0
0,2450,-0.9000409300911949,0.04625732917192656,0.0,-210.29937267303467,62500.0,-5.531185307179592,19.0,-1000.0,0.11968451720510441,0.0,3.271382256746292,0.65036375177534,0.0,0.9241362810134888,0.9241362810134888,-0.12169650534789603,-0.7445647890995799,-0.008216603528140678,0.0
0,2460,-0.9357246670061374,0.04625618893174295,1.5904043912887573,414.70062732696533,62500.0,-5.300185307179592,25.0,1000.0,0.6691078286684051,0.0,3.4529999999999994,0.698157894736842,0.0,1.0,1.0,-0.1488967728531855,-0.754678782504402,-0.00821619845563814,0.0
0,2470,-0.8022024204406417,0.04602202491848648,6.424910664558411,414.70062732696533,62500.0,-5.045185307179592,25.0,-1000.0,0.4420404022847345,0.0,1.059,0.06815789473684208,0.0,0.0,0.0,-0.010429404432132968,-0.7639894246280464,-0.008133222825975516,0.0
0,2480,-0.8990122818090214,0.04519706347826914,11.134416937828064,664.7006273269653,62500.0,-4.816185307179593,21.0,1000.0,1.7233554494216525,0.0,2.955621760368347,0.5672688843074598,0.0,0.7922396659851074,0.7922396659851074,-0.08093186002826777,-0.7723856456884871,-0.00784425426070537,0.0
0,2490,-0.9389836209661562,0.0443504850921876,18.468923211097717,789.7006273269653,-62500.0,-4.5811853071795925,25.0,1000.0,1.9138075189685722,0.0,3.277533488988876,0.6519824971023359,0.0,0.9267057180404663,0.9267057180404663,-0.12257290661211784,-0.7793901311455471,-0.00755314762718344,0.0
0,2500,-0.8585000458873193,0.04404138322612173,25.55342948436737,539.7006273269653,-62500.0,-4.318185307179593,29.0,1000.0,1.7795893570530035,0.0,2.5047243651151656,0.44861167503030674,0.0,0.6038948893547058,0.6038948893547058,-0.037084658976824905,-0.7847179154480438,-0.007448230796045249,0.0
0,2510,-0.8738539953680395,0.04298709808653503,29.262935757637024,164.70062732696533,-62500.0,-4.041185307179593,27.0,1000.0,0.3906880423421145,0.0,2.7084618870019916,0.5022268123689452,0.0,0.688998281955719,0.688998281955719,-0.05480462766881615,-0.7888753167845417,-0.007095899911301313,0.0
0,2520,-0.8268322950149982,0.04119218360225414,27.847442030906677,-335.29937267303467,-62500.0,-3.774185307179594,29.0,1000.0,0.6255590625989107,0.0,1.059,0.06815789473684208,0.0,0.0,0.0,-0.010429404432132968,-0.7928230661333135,-0.006515696601299772,0.0
0,2530,-0.9733570043648431,0.040163102517505926,22.730740427970886,-617.9201602935791,-62500.0,-3.4646897479642074,31.41592653589793,0.0,1.6571824880954789,0.0,3.4529999999999994,0.698157894736842,0.0,1.0,1.0,-0.1488967728531855,-0.7975932580981843,-0.006194207246713693,0.0
0,2540,-0.831718156632153,0.03892566622878322,15.864038825035095,-742.9201602935791,-62500.0,-3.1645304826052287,27.41592653589793,-1000.0,0.45919272302369085,0.0,1.858486176788807,0.27854899389179133,0.0,0.3339541256427765,0.3339541256427765,-0.0037019666648476016,-0.8038095754828781,-0.005818396766801796,0.0
0,2550,-0.8711939882976432,0.03813784849069007,9.747337222099304,-492.9201602935791,62500.0,-2.9293712172462496,19.41592653589793,-1000.0,0.5993090837023688,0.0,2.5074844858646395,0.4493380225959578,0.0,0.6050478219985962,0.6050478219985962,-0.03730166970723741,-0.8115690251216766,-0.005585262671995509,0.0
0,2560,-0.8710239409347271,0.03779514276901583,4.880635619163513,-492.9201602935791,-62500.0,-2.7562119518872703,17.41592653589793,-1000.0,0.6101415998398148,0.0,1.1461403639316559,0.0910895694556989,0.0,0.0363994836807251,0.0363994836807251,-0.007116889128807021,-0.8206104026824392,-0.005485335617012311,0.0
0,2570,-0.8789492711423067,0.03765144559278511,0.0,-492.9201602935791,62500.0,-2.5910526865282906,17.41592653589793,1000.0,1.4123788428725126,0.0,1.9265666105747221,0.2964648975196637,0.0,0.3623920679092407,0.3623920679092407,-0.005583285872087532,-0.8308678370853061,-0.005443704404069597,0.0
0,2580,-0.894124654145191,0.03764914829338069,0.1875,125.0,62500.0,-2.415893421169311,17.41592653589793,1000.0,1.4112894042685833,0.0,1.059,0.06815789473684208,0.0,0.0,0.0,-0.010429404432132968,-0.8416519780251778,-0.005443040130113165,0.0
0,2590,-0.9370835125242779,0.037516719589356644,2.875,500.0,62500.0,-2.2527341558103315,15.415926535897931,1000.0,1.8520451575184542,0.0,2.589134145855903,0.47082477522523764,0.0,0.639153778553009,0.639153778553009,-0.044007635325480285,-0.852196721763371,-0.005404816315186239,0.0
0,2600,-1.0456172759367004,0.03708808436187753,9.3125,875.0,62500.0,-2.1395748904513527,9.415926535897931,-1000.0,0.8034875334594881,0.0,3.4529999999999994,0.698157894736842,0.0,1.0,1.0,-0.1488967728531855,-0.8616826197329215,-0.005282019846273578,0.0
0,2610,-0.9285623180804872,0.03620280746843092,20.125,1000.0,-62500.0,-2.070415625092374,3.415926535897931,-1000.0,0.7652031753668519,0.0,2.5087838530540463,0.4496799613300122,0.0,0.6055905818939209,0.6055905818939209,-0.03740404985385383,-0.8690568834063647,-0.005032870151409707,0.0
0,2620,-0.9212709707919816,0.03495101577163107,27.6875,625.0,-62500.0,-2.053256359733395,1.4159265358979312,1000.0,1.5827978429035792,0.0,1.966110908925533,0.3068712918225087,0.0,0.3789101541042328,0.3789101541042328,-0.00685288380948709,-0.8742382876958894,-0.004690842253320206,0.0
0,2630,-1.0634731270827302,0.03301537990559095,32.375,250.0,-62500.0,-2.0620970943744164,-0.5840734641020688,1000.0,1.1863819357616379,0.0,3.4529999999999994,0.698157894736842,0.0,1.0,1.0,-0.1488967728531855,-0.8779743528342895,-0.004185658791592314,0.0
0,2640,-1.0552286537883648,0.031474930344592915,34.9375,250.0,-62500.0,-2.0989378290154375,-2.584073464102069,1000.0,1.6834313307303783,0.0,3.4529999999999994,0.698157894736842,0.0,1.0,1.0,-0.1488967728531855,-0.8809553573022404,-0.0038041775623563878,0.0
0,2650,-1.0598696404019567,0.029886767227983717,34.0,-375.0,-62500.0,-2.1197785636564586,-0.5840734641020688,1000.0,1.1088447483877744,0.0,3.4529999999999994,0.698157894736842,0.0,1.0,1.0,-0.1488967728531855,-0.8836718341544562,-0.0034299604045043763,0.0
0,2660,-1.0138329085837674,0.02837766249739834,31.0625,-250.0,-62500.0,-2.13861929829748,-0.5840734641020688,1000.0,0.6341541098230034,0.0,3.0328500616550444,0.5875921214881696,0.0,0.8244987726211548,0.8244987726211548,-0.09013659158382002,-0.8870436542073268,-0.003092320238654393,0.0
0,2670,-1.0724476733010242,0.02741606705436478,26.5,-625.0,62500.0,-2.1654600329385016,-4.584073464102069,1000.0,0.4823996440333676,0.0,3.4529999999999994,0.698157894736842,0.0,1.0,1.0,-0.1488967728531855,-0.8911948194724744,-0.0028863004136809953,0.0
0,2680,-0.9461587935033773,0.026953246139424892,19.3125,-625.0,-62500.0,-2.230300767579523,-8.584073464102069,-1000.0,0.8381616082580705,0.0,2.370879270672798,0.4133892817559995,0.0,0.5479863286018372,0.5479863286018372,-0.027320991341004793,-0.8969577304012136,-0.002789673513417304,0.0
0,2690,-0.9451917108519312,0.0263233401962182,11.25,-1000.0,-62500.0,-2.3051415022205437,-6.584073464102069,1000.0,0.6690443630814682,0.0,1.059,0.06815789473684208,0.0,0.0,0.0,-0.010429404432132968,-0.9044628938530137,-0.002660806038089613,0.0
0,2700,-1.0620684722194988,0.026068888679599767,3.8125,-500.0,62500.0,-2.3559822368615646,-6.584073464102069,-1000.0,1.1679182883460417,0.0,3.3163355669975285,0.6621935702625076,0.0,0.9429137706756592,0.9429137706756592,-0.1281737378352021,-0.9140669648503528,-0.0026096139148391612,0.0
0,2710,-1.1042874472884363,0.02606107008561717,0.0,-250.0,62500.0,-2.4508229715025855,-10.584073464102069,1000.0,0.47810839300607655,0.0,3.4529999999999994,0.698157894736842,0.0,1.0,1.0,-0.1488967728531855,-0.9251020986026892,-0.002608048796188608,0.0
0,2720,-1.03578610421304,0.026060468385732033,0.1875,125.0,62500.0,-2.5436637061436076,-10.584073464102069,-1000.0,0.8910563443918194,0.0,2.930044803142547,0.560538106090144,0.0,0.7815558910369873,0.7815558910369873,-0.07799263556584074,-0.936476362054308,-0.002607928367937557,0.0
0,2730,-1.05467813910682,0.02605074675337429,1.0,250.0,62500.0,-2.6425044407846285,-6.584073464102069,1000.0,1.5079778012160419,0.0,3.006172652006149,0.580571750527934,0.0,0.8133553266525269,0.8133553266525269,-0.0869009143799376,-0.9478053152657184,-0.002605983000608414,0.0
0,2740,-1.0118491430732566,0.026013759948020115,4.8125,375.0,-62500.0,-2.713345175425649,-8.584073464102069,-1000.0,0.616282703016462,0.0,2.4640959527492523,0.4379199875655927,0.0,0.5869239568710327,0.5869239568710327,-0.03396355228992707,-0.9585814135834924,-0.002598588313471548,0.0
0,2750,-1.0196141342960678,0.025896008182416167,7.5,250.0,-62500.0,-2.81418591006667,-12.584073464102069,1000.0,1.5228915983666744,0.0,2.1001279490590097,0.3421389339628973,0.0,0.4348905384540558,0.4348905384540558,-0.012122085928865324,-0.968555678872369,-0.0025751164407696583,0.0
0,2760,-1.0669870355292703,0.025892857537456536,11.8125,500.0,62500.0,-2.9390266447076914,-12.584073464102069,-1000.0,0.6621265816138852,0.0,2.6330771859884257,0.48238873315484887,0.0,0.6575092673301697,0.6575092673301697,-0.047846037967680256,-0.9777589295490652,-0.0025744898743872762,0.0
0,2770,-1.0074646653150863,0.025883149428936627,16.5,625.0,62500.0,-3.0878673793487126,-18.58407346410207,-1000.0,0.6080712285013924,0.0,1.8160479825139044,0.26738104802997487,0.0,0.3162272274494171,0.3162272274494171,-0.002724123380170667,-0.9858726010899467,-0.002572559709544944,0.0
0,2780,-1.0198856178316842,0.025920726762153068,21.3125,375.0,-62500.0,-3.264708113989734,-18.58407346410207,-1000.0,0.3459820214994241,0.0,1.4999910403490064,0.18420816851289643,0.0,0.1842067837715149,0.1842067837715149,-0.00014962916503024574,-0.9927015895288451,-0.002580034851372281,0.0
0,2790,-1.1253765373378293,0.026241085247489988,24.0,125.0,-62500.0,-3.4695488486307546,-20.58407346410207,-1000.0,0.6508081732783064,0.0,3.0951628947257994,0.6039902354541579,0.0,0.8505275249481201,0.8505275249481201,-0.09792486620538353,-0.9986112728671177,-0.0026442030910695806,0.0
0,2800,-1.0492636877722106,0.026766540101510552,24.6875,0.0,-62500.0,-3.6723895832717757,-20.58407346410207,-1000.0,0.4381236894258326,0.0,1.059,0.06815789473684208,0.0,0.0,0.0,-0.010429404432132968,-1.0041776354038632,-0.002751159048982166,0.0
0,2810,-1.0397971310750245,0.02636286461884168,24.375,-125.0,-62500.0,-3.865230317912796,-20.58407346410207,-1000.0,0.5463461268156676,0.0,1.059,0.06815789473684208,0.0,0.0,0.0,-0.010429404432132968,-1.0097498483675793,-0.002668802422699678,0.0
0,2820,-1.1100918531044826,0.02688576614226978,22.8125,-125.0,62500.0,-4.066071052553816,-20.58407346410207,-1000.0,0.7104409202113047,0.0,2.6820844191312787,0.4952853734555997,0.0,0.6779801249504089,0.6779801249504089,-0.05231607106608779,-1.015584711797498,-0.0027757225768581893,0.0
0,2830,-1.0531154955647033,0.027475449304778313,19.625,-250.0,62500.0,-4.268911787194837,-22.58407346410207,-1000.0,0.37977820027961484,0.0,1.059,0.06815789473684208,0.0,0.0,0.0,-0.010429404432132968,-1.0220549565052452,-0.0028988172076778616,0.0
0,2840,-1.0741936808783372,0.02794068631976528,17.0625,-250.0,-62500.0,-4.513752521835857,-24.58407346410207,1000.0,1.4568082097341635,0.0,2.211697372198105,0.37149930847318546,0.0,0.48149430751800537,0.48149430751800537,-0.01764720768406849,-1.0293312732533475,-0.0029978186957549512,0.0
0,2850,-1.0662864737884548,0.028300538579757485,14.75,0.0,62500.0,-4.748593256476877,-24.58407346410207,-1000.0,0.3163751405375076,0.0,2.0425157972574235,0.3269778413835325,0.0,0.41082531213760376,0.41082531213760376,-0.009674023321452917,-1.0373180756207203,-0.0030755346581926727,0.0
0,2860,-1.1077731679131675,0.02923541321680596,14.0625,-125.0,-62500.0,-5.017433991117898,-28.58407346410207,-1000.0,0.3420755786762897,0.0,2.199657463788986,0.3683309115234174,0.0,0.476465106010437,0.476465106010437,-0.017001177464582743,-1.0455998104929756,-0.0032820840420763886,0.0
0,2870,-1.2233241500797796,0.03037242037645561,14.25,125.0,-62500.0,-5.288274725758918,-28.58407346410207,-1000.0,0.1592214250570924,0.0,3.4529999999999994,0.698157894736842,0.0,1.0,1.0,-0.1488967728531855,-1.0540551953999322,-0.003542338250972682,0.0
0,2880,-1.161458330506649,0.03168807875206703,17.3125,375.0,-62500.0,-5.581115460399938,-28.58407346410207,1000.0,0.7160594008937866,0.0,2.794622802615166,0.5249007375303069,0.0,0.7249886393547058,0.7249886393547058,-0.0633362935486424,-1.0620585453267826,-0.0038558758463892555,0.0
0,2890,-1.1162143235665436,0.03276550855551573,21.0,375.0,-62500.0,-5.887611019615326,-30.41592653589793,1000.0,1.6041416556737818,0.0,2.042667694509029,0.32701781434448135,0.0,0.41088876128196716,0.41088876128196716,-0.009680115096509477,-1.0691395990344568,-0.004122541635462046,0.0
0,2900,-1.1578718026374126,0.03444506919536786,23.9375,250.0,-62500.0,-6.170770284974306,-26.41592653589793,1000.0,0.49707894559188665,0.0,2.7278420927524563,0.5073268665138043,0.0,0.6970936059951782,0.6970936059951782,-0.05666988172871621,-1.0753781500229334,-0.00455601712079493,0.0
0,2910,-1.1133750353254102,0.03603760016958567,24.875,-125.0,-62500.0,-6.283185307179586,-16.41592653589793,1000.0,1.311214639544487,0.0,1.3272641022205351,0.13875371111066714,0.0,0.11205685138702393,0.11205685138702393,-0.002250664741629371,-1.0810814512820281,-0.004987041123774415,0.0
0,2920,-1.2788441247164675,0.037911525911401255,22.0625,-250.0,62500.0,-6.283185307179586,-6.415926535897931,1000.0,0.025554550886154173,0.0,3.4529999999999994,0.698157894736842,0.0,1.0,1.0,-0.1488967728531855,-1.0871686707551609,-0.005519169780214459,0.0
0,2930,-1.2744797802464034,0.03918348567516522,17.375,-500.0,62500.0,-6.2768490133231785,1.5840734641020688,-1000.0,0.10316152842158652,0.0,3.4529999999999994,0.698157894736842,0.0,1.0,1.0,-0.1488967728531855,-1.0942561044293209,-0.005895726910678571,0.0
0,2940,-1.281799103793028,0.04031826390646261,12.1875,-500.0,-62500.0,-6.264008278682159,1.5840734641020688,1000.0,0.7121998305503323,0.0,3.4529999999999994,0.698157894736842,0.0,1.0,1.0,-0.1488967728531855,-1.102748243394592,-0.006242159633015678,0.0
0,2950,-1.306417341517566,0.04103307842800685,8.625,-125.0,62500.0,-6.259167544041138,1.5840734641020688,1000.0,2.214370098393768,0.0,3.4529999999999994,0.698157894736842,0.0,1.0,1.0,-0.1488967728531855,-1.1125199490244988,-0.006465459937071212,0.0
0,2960,-1.15259310273214,0.04169817511479259,8.5625,125.0,62500.0,-6.240326809400117,1.5840734641020688,-1000.0,0.014253640110933836,0.0,1.9161252263188362,0.2937171648207464,0.0,0.3580305874347687,0.3580305874347687,-0.005269744189223366,-1.1227399255978416,-0.006676753182351008,0.0
0,2970,-1.164542154842241,0.04223714573011883,11.75,500.0,62500.0,-6.195486074759096,5.584073464102069,-1000.0,0.22615013008409976,0.0,2.012046021938324,0.3189594794574536,0.0,0.3980977535247803,0.3980977535247803,-0.008490814651672996,-1.1325385642868984,-0.0068504696810008136,0.0
0,2980,-1.1878501237112717,0.04254483806057383,16.4375,625.0,62500.0,-6.148645340118073,3.584073464102069,-1000.0,0.15069434800661333,0.0,1.8139915548563004,0.2668398828569212,0.0,0.3153682351112366,0.3153682351112366,-0.002680541964196166,-1.1412660833945887,-0.006950642863105734,0.0
0,2990,-1.192866980439906,0.043202630561645805,20.5,500.0,62500.0,-6.111804605477053,5.584073464102069,1000.0,1.1028381548198465,0.0,1.059,0.06815789473684208,0.0,0.0,0.0,-0.010429404432132968,-1.1487766952024419,-0.007167234383792839,0.0
0,3000,-1.3422092459271346,0.04392504142361092,23.6875,250.0,-62500.0,-6.030963870836032,9.584073464102069,1000.0,2.018783044675257,0.0,3.4529999999999994,0.698157894736842,0.0,1.0,1.0,-0.1488967728531855,-1.155321815137867,-0.00740893157401319,0.0
0,3010,-1.2948915151432605,0.04486190621498608,25.25,125.0,-62500.0,-5.95012313619501,7.584073464102069,-1000.0,0.3055084908691133,0.0,3.1578002128601073,0.620473740226344,0.0,0.8766918182373047,0.8766918182373047,-0.10607889973195862,-1.1612706152844159,-0.007728348016290073,0.0
0,3020,-1.3591556422959015,0.04536245603831627,27.0625,125.0,-62500.0,-5.831282401553989,13.584073464102069,-1000.0,0.2643237343751247,0.0,3.4529999999999994,0.698157894736842,0.0,1.0,1.0,-0.1488967728531855,-1.1667665017535627,-0.007901769284460196,0.0
0,3030,-1.338956751021262,0.046479193016857635,27.875,0.0,62500.0,-5.710441666912968,13.584073464102069,1000.0,2.0005925432654332,0.0,3.400200401186943,0.6842632634702482,0.0,0.9779450297355652,0.9779450297355652,-0.14070654500811303,-1.1718717991951966,-0.008295611072633501,0.0
0,3040,-1.209193648282565,0.048067159317796385,27.4375,0.0,-62500.0,-5.573600932271947,17.58407346410207,1000.0,0.9097103097153664,0.0,1.4217761560678481,0.1636253042283811,0.0,0.15153557062149048,0.15153557062149048,-0.0007938710954866988,-1.1770711691057207,-0.008872134930748492,0.0
0,3050,-1.2346472473779602,0.0474629571561012,25.125,-375.0,-62500.0,-5.390760197630926,21.58407346410207,1000.0,2.1035243657371128,0.0,1.059,0.06815789473684208,0.0,0.0,0.0,-0.010429404432132968,-1.1825765943347628,-0.008650492039687287,0.0
0,3060,-1.3128424882739058,0.046701743505849186,21.8125,-375.0,62500.0,-5.195919462989905,17.58407346410207,-1000.0,0.33902727695376633,0.0,3.0856202656030653,0.6014790172639647,0.0,0.8465414643287659,0.8465414643287659,-0.0967112407819433,-1.1889356307112295,-0.008375242930506727,0.0
0,3070,-1.3871025048239054,0.04632783718511192,17.625,-500.0,-62500.0,-5.0290787283488845,15.584073464102069,1000.0,1.4188338864500112,0.0,3.4529999999999994,0.698157894736842,0.0,1.0,1.0,-0.1488967728531855,-1.1963607148483248,-0.008241671033280917,0.0
0,3080,-1.3983243164005252,0.04647138601386641,14.4375,-375.0,-62500.0,-4.886237993707862,13.584073464102069,-1000.0,0.3088178082041104,0.0,3.4529999999999994,0.698157894736842,0.0,1.0,1.0,-0.1488967728531855,-1.2048825637564362,-0.00829282451731115,0.0
0,3090,-1.387710062255732,0.0461945462710994,11.125,-500.0,-62500.0,-4.765397259066842,9.584073464102069,-1000.0,0.35281347042294275,0.0,3.4529999999999994,0.698157894736842,0.0,1.0,1.0,-0.1488967728531855,-1.2142632402409084,-0.008194314643940137,0.0
0,3100,-1.3377255257712344,0.04585221903291082,7.5625,-250.0,62500.0,-4.678556524425821,9.584073464102069,-1000.0,0.7918576407993564,0.0,2.804971650123596,0.5276241184535779,0.0,0.729311466217041,0.729311466217041,-0.06440253779549043,-1.2247488082977322,-0.008073315802529393,0.0
0,3110,-1.2843053938944742,0.045282487861270634,6.5,0.0,62500.0,-4.5997157897848,7.584073464102069,-1000.0,0.5907828692212909,0.0,1.2049185358285905,0.10655750942857645,0.0,0.06095176935195923,0.06095176935195923,-0.005238899426514349,-1.2359100243757095,-0.007873934234519509,0.0
0,3120,-1.291673418432563,0.04477343465005889,7.9375,375.0,62500.0,-4.524875055143778,7.584073464102069,-1000.0,0.2572730525540472,0.0,1.6933267040848732,0.23508597475917714,0.0,0.2649652063846588,0.2649652063846588,-0.0007386153748809688,-1.2470897926955176,-0.007697896129394281,0.0
0,3130,-1.3763104487424438,0.0445991278773343,12.0,250.0,-62500.0,-4.448034320502757,9.584073464102069,1000.0,1.7559347212286418,0.0,3.0708787407875056,0.5975996686282911,0.0,0.840383768081665,0.840383768081665,-0.0948512978959961,-1.2573691454790548,-0.007638075676488259,0.0
0,3140,-1.4535832772398123,0.044907245504411726,15.4375,500.0,62500.0,-4.335193585861736,13.584073464102069,1000.0,0.9930035690490054,0.0,3.4529999999999994,0.698157894736842,0.0,1.0,1.0,-0.1488967728531855,-1.2667184435893093,-0.007743977083367067,0.0
0,3150,-1.4687927186774048,0.0441905865923547,19.0,125.0,-62500.0,-4.208352851220715,13.584073464102069,1000.0,1.7158348222047903,0.0,3.4529999999999994,0.698157894736842,0.0,1.0,1.0,-0.1488967728531855,-1.2749146468355335,-0.007498782502565372,0.0
0,3160,-1.4557742982576305,0.04347216223554774,18.694721162319183,-96.41987085342407,62500.0,-4.097512116579694,9.584073464102069,-1000.0,0.427374346380223,0.0,3.4529999999999994,0.698157894736842,0.0,1.0,1.0,-0.1488967728531855,-1.2827717749474932,-0.007256942935425729,0.0
0,3170,-1.4788820315915814,0.043659856512756695,17.168022453784943,-96.41987085342407,-62500.0,-4.030671381938673,7.584073464102069,1000.0,1.0324080008345062,0.0,3.4529999999999994,0.698157894736842,0.0,1.0,1.0,-0.1488967728531855,-1.2910154368408002,-0.007319742991543693,0.0
0,3180,-1.3467487767402202,0.043599149519174644,17.391323745250702,28.580129146575928,-62500.0,-3.929830647297652,9.584073464102069,-1000.0,0.39732080553920796,0.0,2.2308311462402344,0.3765345121684827,0.0,0.4894866943359375,0.4894866943359375,-0.0186986603919385,-1.2994786461736454,-0.00729940162097413,0.0
0,3190,-1.481322878013382,0.04229387500399564,16.23962503671646,-221.41987085342407,-62500.0,-3.8069899126566304,11.584073464102069,-1000.0,0.556494987466879,0.0,3.4529999999999994,0.698157894736842,0.0,1.0,1.0,-0.1488967728531855,-1.3080211225218963,-0.006868883953357852,0.0
0,3200,-1.3588488651171284,0.04133538027647175,14.33792632818222,-96.41987085342407,62500.0,-3.6881491780156095,13.584073464102069,1000.0,1.2594038673018175,0.0,1.059,0.06815789473684208,0.0,0.0,0.0,-0.010429404432132968,-1.3171332222371912,-0.006561076464386036,0.0
0,3210,-1.4981588029859232,0.04050420524302116,12.839556634426117,-329.38331365585327,-62500.0,-3.521308443374588,15.584073464102069,-1000.0,0.567961921429968,0.0,3.4529999999999994,0.698157894736842,0.0,1.0,1.0,-0.1488967728531855,-1.3266733698810378,-0.006299868066696126,0.0
0,3220,-1.5223415010942418,0.039800257858757286,9.983223497867584,-204.38331365585327,-62500.0,-3.3924677087335673,11.584073464102069,1000.0,1.6397602401032594,0.0,3.385165783882141,0.6803067852321425,0.0,0.9716649055480957,0.9716649055480957,-0.13841676476402126,-1.337027297851081,-0.0060827924183945135,0.0
0,3230,-1.3950921485454233,0.039365369209944025,7.2518903613090515,-329.38331365585327,-62500.0,-3.2776269740925463,11.584073464102069,-1000.0,0.5508683690749302,0.0,1.3151027616262434,0.13555335832269563,0.0,0.10697692632675171,0.10697692632675171,-0.0024920217740897195,-1.3481484977650382,-0.005950588005255202,0.0
0,3240,-1.411771239462206,0.03887889032048087,4.770557224750519,-454.38331365585327,-62500.0,-3.166786239451525,9.584073464102069,1000.0,1.5434275281388157,0.0,1.085426269054413,0.07511217606695078,0.0,0.011038541793823242,0.011038541793823242,-0.009358181140039383,-1.3600644165590907,-0.005804421552199608,0.0
0,3250,-1.3963034364055658,0.03871308839868023,0.7892240881919861,-329.38331365585327,-62500.0,-3.091945504810504,7.584073464102069,1000.0,0.360918412344321,0.0,1.5949590713381767,0.20919975561530965,0.0,0.2238759696483612,0.2238759696483612,-5.078130202885276e-05,-1.3731698836374349,-0.005755020339317874,0.0
0,3260,-1.4719489541873803,0.038710444467152556,0.14281845092773438,102.65922546386719,62500.0,-3.031104770169483,3.584073464102069,1000.0,0.26440983120397177,0.0,2.7126087033748627,0.5033180798354902,0.0,0.6907304525375366,0.6907304525375366,-0.055201114533053264,-1.387013714605456,-0.005754234281642888,0.0
0,3270,-1.4414866658027887,0.03863165453339319,2.6069107055664062,352.6592254638672,-62500.0,-2.9822640355284613,5.584073464102069,-1000.0,0.5514270441961256,0.0,1.9339771844744682,0.29841504854591266,0.0,0.36548754572868347,0.36548754572868347,-0.005811313068176606,-1.400584180361312,-0.005730834170831765,0.0
0,3280,-1.4582016492726633,0.03819183131049087,6.321002960205078,477.6592254638672,62500.0,-2.9314233008874404,3.584073464102069,1000.0,1.4568656586535034,0.0,1.325429919719696,0.13827103150518313,0.0,0.11129069328308105,0.11129069328308105,-0.0022862793308604567,-1.4132121356951899,-0.005601085358780126,0.0
0,3290,-1.4600792149798294,0.03728156380975621,14.53509521484375,1102.6592254638672,62500.0,-2.9065825662464193,1.5840734641020688,1000.0,0.8845843186047593,0.0,1.624258117675781,0.21691003096731082,0.0,0.236114501953125,0.236114501953125,-0.00017156948838924628,-1.4241311610051717,-0.005337273600387549,0.0
0,3300,-1.464987132289244,0.03548276589905043,24.749187469482422,852.6592254638672,-62500.0,-2.901741831605398,-2.415926535897931,-1000.0,0.5406818541388486,0.0,1.059,0.06815789473684208,0.0,0.0,0.0,-0.010429404432132968,-1.4320394951515611,-0.004834662435251774,0.0
0,3310,-1.4777711078407956,0.03420601254206231,33.088279724121094,602.6592254638672,-62500.0,-2.904901096964377,-0.41592653589793116,1000.0,1.6215316410709015,0.0,1.571129324913025,0.20292876971395393,0.0,0.21392202377319336,0.21392202377319336,-5.146615222424241e-06,-1.4371136688627855,-0.004492996969066462,0.0
0,3320,-1.6250930517690108,0.03353737044812696,37.052371978759766,227.6592254638672,-62500.0,-2.932060362323356,-4.415926535897931,-1000.0,0.16518114537505973,0.0,3.4529999999999994,0.698157894736842,0.0,1.0,1.0,-0.1488967728531855,-1.440417134917763,-0.004319060031647615,0.0
0,3330,-1.4783346086206854,0.03304039269026567,37.01646423339844,-22.340774536132812,-62500.0,-3.003219627682335,-8.415926535897931,-1000.0,0.7101024306720999,0.0,1.9080122435688973,0.2915821693602361,0.0,0.35464170575141907,0.35464170575141907,-0.0050323762468361816,-1.4432069774174654,-0.004192003388647532,0.0
0,3340,-1.6376197594212112,0.03175081668615365,35.23055648803711,-272.3407745361328,-62500.0,-3.0703788930413136,-6.415926535897931,-1000.0,0.7825697374563094,0.0,3.4529999999999994,0.698157894736842,0.0,1.0,1.0,-0.1488967728531855,-1.4462827715741577,-0.0038711591433128953,0.0
0,3350,-1.5019702193981321,0.03190436682574773,32.06964874267578,-272.3407745361328,62500.0,-3.1255381584002926,-4.415926535897931,-1000.0,0.6014360845993393,0.0,2.2265003265738486,0.37539482278259173,0.0,0.487677663564682,0.487677663564682,-0.01845800631536205,-1.450189976038044,-0.0039086923105991905,0.0
0,3360,-1.4784119766968238,0.03209589644977578,25.908740997314453,-897.3407745361328,-62500.0,-3.1586974237592718,-0.41592653589793116,1000.0,1.5713994623102647,0.0,1.3798595066070556,0.15259460700185673,0.0,0.13402652740478516,0.13402652740478516,-0.0013483627711850473,-1.4554397205982945,-0.003955762824632562,0.0
0,3370,-1.4886891978286014,0.03152195157794229,16.872833251953125,-772.3407745361328,62500.0,-3.191856689118251,-4.415926535897931,1000.0,1.4292682519223527,0.0,1.5544739946126938,0.19854578805597203,0.0,0.206964910030365,0.206964910030365,-1.2688394268921782e-06,-1.4632687633232841,-0.0038155523761234118,0.0
0,3380,-1.6647786877044368,0.03125779688379982,8.711925506591797,-772.3407745361328,62500.0,-3.2250159544772297,-2.415926535897931,1000.0,1.7218653206482102,0.0,3.4529999999999994,0.698157894736842,0.0,1.0,1.0,-0.1488967728531855,-1.4737012702167185,-0.003751871485550922,0.0
0,3390,-1.5304996685628507,0.031167643837770532,3.1760177612304688,-647.3407745361328,-62500.0,-3.2841752198362086,-8.415926535897931,-1000.0,0.50906745739546,0.0,2.316419432759285,0.39905774546296974,0.0,0.5252378582954407,0.5252378582954407,-0.023774391617280267,-1.4863220934811725,-0.0037302605660087633,0.0
0,3400,-1.563850688560999,0.031172422594355653,0.0,-272.3407745361328,62500.0,-3.365334485195188,-8.415926535897931,-1000.0,0.035784884640174625,0.0,2.4791641030311586,0.44188529027135753,0.0,0.5932180881500244,0.5932180881500244,-0.03510509618979533,-1.5005434159715079,-0.003731404532740204,0.0
0,3410,-1.59401793236234,0.031176241975834535,1.1784553527832031,352.6592254638672,62500.0,-3.4764937505541673,-12.415926535897931,1000.0,1.532025316878525,0.0,2.5540706380605696,0.46159753633172884,0.0,0.6245073676109314,0.6245073676109314,-0.04105996260889811,-1.514936630010876,-0.0037323189647454225,0.0
0,3420,-1.5606691486858153,0.0312089028890569,6.517547607421875,602.6592254638672,62500.0,-3.559653015913146,-8.415926535897931,-1000.0,0.5411390426989772,0.0,1.059,0.06815789473684208,0.0,0.0,0.0,-0.010429404432132968,-1.5282315315941553,-0.0037401431790281634,0.0
0,3430,-1.6012740525956755,0.03108783950349854,12.481639862060547,602.6592254638672,62500.0,-3.684812281272125,-14.415926535897931,-1000.0,0.4437357986869291,0.0,2.3888553721904757,0.4181198347869673,0.0,0.5554951429367065,0.5554951429367065,-0.02854575739649634,-1.5397524344866607,-0.0037111824575818916,0.0
0,3440,-1.5918897252301327,0.03130505912761289,18.07073211669922,477.6592254638672,62500.0,-3.823971546631104,-14.415926535897931,-1000.0,0.47515510985876336,0.0,1.059,0.06815789473684208,0.0,0.0,0.0,-0.010429404432132968,-1.5494233204867358,-0.003763225831616022,0.0
0,3450,-1.5965375310868464,0.030992857105885892,21.28482437133789,227.6592254638672,-62500.0,-3.9891308119900835,-16.41592653589793,1000.0,0.5055379114505918,0.0,1.059,0.06815789473684208,0.0,0.0,0.0,-0.010429404432132968,-1.5577595440589205,-0.003688539615689708,0.0
0,3460,-1.5916606656447863,0.030956096029065735,23.873916625976562,227.6592254638672,62500.0,-4.196290077349063,-24.41592653589793,-1000.0,0.3700477056014916,0.0,1.9153232887387275,0.2935061286154546,0.0,0.357695609331131,0.357695609331131,-0.005246037653189962,-1.5652362342648836,-0.0036797947444252395,0.0
0,3470,-1.668365832862334,0.032328655908877735,27.213008880615234,352.6592254638672,-62500.0,-4.439449342708041,-24.41592653589793,-1000.0,0.5655697813081019,0.0,2.760603668689728,0.5159483338657179,0.0,0.7107784748077393,0.7107784748077393,-0.05989400980351389,-1.5718232505780256,-0.004013345252638522,0.0
0,3480,-1.622978113565201,0.03338598541567058,28.427101135253906,-22.340774536132812,-62500.0,-4.68060860806702,-26.41592653589793,-1000.0,0.5155957117493379,0.0,2.338046205282211,0.40474900139005554,0.0,0.5342715978622437,0.5342715978622437,-0.025153292142134975,-1.5776429549936553,-0.004280156245153416,0.0
0,3490,-1.6952855696797056,0.03442632086060132,25.891193389892578,-397.3407745361328,-62500.0,-4.937767873425997,-24.41592653589793,1000.0,2.014347967172715,0.0,3.021624362468719,0.5846379901233472,0.0,0.8198096752166748,0.8198096752166748,-0.08876783006767686,-1.5837216316396923,-0.004551058821108764,0.0
0,3500,-1.6467676222687895,0.03552791476605371,20.98028564453125,-397.3407745361328,62500.0,-5.202927138784975,-28.41592653589793,-1000.0,0.31792867312495443,0.0,2.116468854188919,0.34643917215497866,0.0,0.4417163133621216,0.4417163133621216,-0.012866658684861284,-1.5911738419024253,-0.004846973674076072,0.0
0,3510,-1.773228354021953,0.035559817563152823,15.944377899169922,-397.3407745361328,62500.0,-5.494086404143955,-30.41592653589793,-1000.0,0.14130913670887502,0.0,3.4529999999999994,0.698157894736842,0.0,1.0,1.0,-0.1488967728531855,-1.6002229218039274,-0.004855682400478894,0.0
0,3520,-1.7925053545907188,0.03636307480845525,10.408470153808594,-522.3407745361328,-62500.0,-5.7982456695029345,-29.41592653589793,-1000.0,0.09927965658399633,0.0,3.4529999999999994,0.698157894736842,0.0,1.0,1.0,-0.1488967728531855,-1.611011902894235,-0.005077529124577201,0.0
0,3530,-1.6581280437229844,0.0367497437966862,3.9975624084472656,-522.3407745361328,62500.0,-6.0874049348619135,-29.41592653589793,-1000.0,0.2069598757838333,0.0,2.0990882127284998,0.3418653191390789,0.0,0.4344562292098999,0.4344562292098999,-0.012075461264659625,-1.6238175125730834,-0.00518608768942877,0.0
0,3540,-1.6907736520882735,0.036772723187871406,1.0866546630859375,-22.340774536132812,62500.0,-6.283185307179586,-23.41592653589793,1000.0,0.29920963048934934,0.0,1.059,0.06815789473684208,0.0,0.0,0.0,-0.010429404432132968,-1.638255720257749,-0.005192575375302971,0.0
0,3550,-1.713087605407618,0.03678337460227479,0.8007469177246094,102.65922546386719,62500.0,-6.283185307179586,-13.415926535897931,1000.0,2.218307045698166,0.0,2.197185441255569,0.36768037927778136,0.0,0.47543251514434814,0.47543251514434814,-0.016870025756844362,-1.6531138027605379,-0.005195583924984093,0.0
0,3560,-1.8514179131344486,0.03699548115254178,5.264839172363281,727.6592254638672,62500.0,-6.283185307179586,-3.415926535897931,1000.0,1.2564770019054412,0.0,3.4529999999999994,0.698157894736842,0.0,1.0,1.0,-0.1488967728531855,-1.667417057245521,-0.005255676002719005,0.0
0,3570,-1.851596778974112,0.0373144199344886,13.478931427001953,977.6592254638672,62500.0,-6.266096792930872,4.584073464102069,1000.0,2.0819770815801775,0.0,3.4529999999999994,0.698157894736842,0.0,1.0,1.0,-0.1488967728531855,-1.6795585212427246,-0.005346685190581863,0.0
0,3580,-1.7647083890686215,0.037943118705898345,21.568023681640625,727.6592254638672,-62500.0,-6.1992560582898495,6.584073464102069,1000.0,2.0674943317132453,0.0,2.464056854724884,0.4379096986118116,0.0,0.5869076251983643,0.5869076251983643,-0.03396061481613782,-1.6889136330908245,-0.005528372187378788,0.0
0,3590,-1.7533760997831598,0.039400151599988734,26.907115936279297,352.6592254638672,-62500.0,-6.110415323648829,8.584073464102069,-1000.0,0.2047998381693702,0.0,2.426885050177574,0.4281276447835721,0.0,0.5713805556297302,0.5713805556297302,-0.031225333388699792,-1.6960606297805345,-0.005961108273032045,0.0
0,3600,-1.748751496307314,0.04093272311024786,27.99620819091797,-22.340774536132812,-62500.0,-6.003574589007809,10.584073464102069,1000.0,1.2387180627088028,0.0,1.059,0.06815789473684208,0.0,0.0,0.0,-0.010429404432132968,-1.7022243079621213,-0.006433873233485642,0.0
0,3610,-1.9020751562217386,0.041276640231852645,27.08530044555664,-147.3407745361328,-62500.0,-5.894733854366788,10.584073464102069,1000.0,1.9646508264751066,0.0,3.4529999999999994,0.698157894736842,0.0,1.0,1.0,-0.1488967728531855,-1.7084690819152102,-0.006542442350706418,0.0
0,3620,-1.9005853008542326,0.042255975723369796,23.799392700195312,-522.3407745361328,-62500.0,-5.785893119725768,10.584073464102069,-1000.0,0.12182303431417699,0.0,3.4529999999999994,0.698157894736842,0.0,1.0,1.0,-0.1488967728531855,-1.7153467957753665,-0.006856579139842627,0.0
0,3630,-1.8984614526834938,0.042817298290380716,18.013484954833984,-522.3407745361328,-62500.0,-5.659052385084746,12.584073464102069,-1000.0,0.27946868924612245,0.0,3.4529999999999994,0.698157894736842,0.0,1.0,1.0,-0.1488967728531855,-1.7239781647839605,-0.007039952766287766,0.0
0,3640,-1.7754785192482503,0.043262446821337654,12.227577209472656,-772.3407745361328,-62500.0,-5.540211650443725,12.584073464102069,-1000.0,0.24052370215129998,0.0,1.059,0.06815789473684208,0.0,0.0,0.0,-0.010429404432132968,-1.7344347127567104,-0.007187094931081222,0.0
0,3650,-1.7844145381094179,0.042988700035181904,3.566669464111328,-897.3407745361328,62500.0,-5.399370915802703,14.584073464102069,-1000.0,0.3847318228706613,0.0,1.059,0.06815789473684208,0.0,0.0,0.0,-0.010429404432132968,-1.7474321727104491,-0.007096428789945019,0.0
0,3660,-1.8103582683281196,0.04297355714161988,0.0,-397.3407745361328,62500.0,-5.250530181161682,16.58407346410207,1000.0,0.7837348091900712,0.0,1.059,0.06815789473684208,0.0,0.0,0.0,-0.010429404432132968,-1.7628472769206467,-0.007091430195471623,0.0
0,3670,-1.8483089883066552,0.042973684034070495,0.125,62.5,62500.0,-5.09368944652066,14.584073464102069,-1000.0,0.27193203863416415,0.0,2.4732040801048276,0.44031686318548097,0.0,0.5907285213470459,0.5907285213470459,-0.0346513168387855,-1.7785396201393278,-0.007091472074726881,0.0
0,3680,-1.8292320167343028,0.042955399771484604,2.3125,187.5,62500.0,-4.992848711879639,6.584073464102069,-1000.0,0.3061541942024051,0.0,1.059,0.06815789473684208,0.0,0.0,0.0,-0.010429404432132968,-1.7938510567404244,-0.0070854388589877484,0.0
0,3690,-1.9902217187447855,0.0430141250113438,7.25,687.5,62500.0,-4.918007977238617,10.584073464102069,1000.0,1.2218829349820046,0.0,3.4529999999999994,0.698157894736842,0.0,1.0,1.0,-0.1488967728531855,-1.8080967310630731,-0.0071048254098874065,0.0
0,3700,-1.9930442430279418,0.04315011954496888,14.5625,687.5,62500.0,-4.821167242597597,8.584073464102069,-1000.0,0.26870713958835896,0.0,3.4529999999999994,0.698157894736842,0.0,1.0,1.0,-0.1488967728531855,-1.820093659707135,-0.007149822016301206,0.0
0,3710,-2.0037179923818846,0.04302843389122028,21.5,562.5,-62500.0,-4.696326507956576,12.584073464102069,-1000.0,0.4675564218852115,0.0,3.4529999999999994,0.698157894736842,0.0,1.0,1.0,-0.1488967728531855,-1.8296420378620348,-0.00710955311282348,0.0
0,3720,-1.9625045945729542,0.04255072370358195,26.9375,312.5,-62500.0,-4.547485773315554,14.584073464102069,-1000.0,0.3860302291679315,0.0,2.9713013523817065,0.571395092732028,0.0,0.7987892031669617,0.7987892031669617,-0.08276058894325902,-1.8370506652242717,-0.0069525660967625115,0.0
0,3730,-2.0364826454535834,0.04189879901552963,27.75,-62.5,-62500.0,-4.382645038674533,16.58407346410207,-1000.0,0.5136796508507715,0.0,3.4529999999999994,0.698157894736842,0.0,1.0,1.0,-0.1488967728531855,-1.8435134696453386,-0.006741155938343987,0.0
0,3740,-1.8832537136078555,0.040941270966740474,27.5625,-187.5,-62500.0,-4.243804304033511,10.584073464102069,-1000.0,0.4185393970415197,0.0,1.059,0.06815789473684208,0.0,0.0,0.0,-0.010429404432132968,-1.849922721943197,-0.006436560646548736,0.0
0,3750,-1.902498006641965,0.0396924725360008,26.0,-187.5,-62500.0,-4.138963569392491,10.584073464102069,1000.0,1.7153564481699348,0.0,1.4062583785057068,0.15954167855413337,0.0,0.14505362510681152,0.14505362510681152,-0.0009821254645302434,-1.856699438776369,-0.006049890723921322,0.0
0,3760,-1.900101369053717,0.03835902409142194,22.8125,-312.5,62500.0,-4.07412283475147,6.584073464102069,1000.0,1.823419249586091,0.0,1.059,0.06815789473684208,0.0,0.0,0.0,-0.010429404432132968,-1.8643192422392207,-0.005650232560305748,0.0
0,3770,-2.0048008615023174,0.03718297807320052,18.75,-437.5,-62500.0,-3.9952821001104484,8.584073464102069,-1000.0,0.5114325550925958,0.0,3.0180022301673883,0.5836847974124707,0.0,0.8182966709136963,0.8182966709136963,-0.0883284142592692,-1.8732849136300291,-0.005309083616225705,0.0
0,3780,-2.075924519990662,0.03689472623163325,14.5625,-312.5,-62500.0,-3.9324413654694275,6.584073464102069,1000.0,1.7326851045143017,0.0,3.4529999999999994,0.698157894736842,0.0,1.0,1.0,-0.1488967728531855,-1.8837895538149418,-0.0052270879630355194,0.0
0,3790,-2.0693711408342494,0.037037874790835874,12.625,-62.5,62500.0,-3.885600630828406,2.584073464102069,-1000.0,0.7428538559209146,0.0,3.4529999999999994,0.698157894736842,0.0,1.0,1.0,-0.1488967728531855,-1.895332443304158,-0.005267728009043081,0.0
0,3800,-2.0286582162667517,0.03719016993760912,13.4375,187.5,62500.0,-3.8647598961873855,-1.4159265358979312,-1000.0,0.8303054073187356,0.0,3.065849079608917,0.596276073581294,0.0,0.8382828235626221,0.8382828235626221,-0.09422083589580427,-1.907064409955142,-0.00531113756155486,0.0
0,3810,-1.9616186845662955,0.03753838213096468,16.875,312.5,-62500.0,-3.867919161546365,-1.4159265358979312,-1000.0,0.5500962416711727,0.0,2.269783052444458,0.38678501380117314,0.0,0.5057573318481445,0.5057573318481445,-0.02093318482842266,-1.9180163364235994,-0.0054110597107596605,0.0
0,3820,-2.0982902246960715,0.03754716209706278,18.9375,62.5,-62500.0,-3.883078426905344,-3.415926535897931,-1000.0,0.5713638739445135,0.0,3.4529999999999994,0.698157894736842,0.0,1.0,1.0,-0.1488967728531855,-1.9279372981784926,-0.005413591225125535,0.0
0,3830,-2.0001042795334243,0.037096135920823586,18.0,-62.5,62500.0,-3.9222376922643236,-5.415926535897931,-1000.0,0.4776133777878877,0.0,2.2579337825775143,0.38366678488881956,0.0,0.5008077621459961,0.5008077621459961,-0.020240092722837548,-1.937750793059281,-0.005284313472983877,0.0
0,3840,-1.9774206890307164,0.036585216603143546,15.6875,-312.5,-62500.0,-3.9733969576233026,-3.415926535897931,1000.0,1.6852405138482172,0.0,1.9894936679005621,0.31302464944751635,0.0,0.3886773884296417,0.3886773884296417,-0.0076647428296403725,-1.948225259638137,-0.005139755803771892,0.0
0,3850,-2.136513786661034,0.03601926427407099,13.75,-187.5,-62500.0,-4.024556222982283,-5.415926535897931,1000.0,0.35072678859246126,0.0,3.4529999999999994,0.698157894736842,0.0,1.0,1.0,-0.1488967728531855,-1.9595798301971714,-0.004981967611566208,0.0
0,3860,-2.0183601308796746,0.03571241559057311,13.865747213363647,68.41635704040527,-62500.0,-4.049715488341261,-1.4159265358979312,-1000.0,0.48740153209442805,0.0,1.1824911099672317,0.10065555525453465,0.0,0.05158358812332153,0.05158358812332153,-0.005921591221070892,-1.9712936063372994,-0.004897446248885028,0.0
0,3870,-2.093909545090976,0.03584947843828378,16.1124107837677,318.4163570404053,-62500.0,-4.066874753700239,-3.415926535897931,-1000.0,0.5045712059391809,0.0,2.895001843214035,0.5513162745300093,0.0,0.7669180631637573,0.7669180631637573,-0.07405387484978691,-1.9825811574268049,-0.004935110800500379,0.0
0,3880,-2.0277206740487976,0.035836409501488496,18.609074354171753,68.41635704040527,-62500.0,-4.114034019059218,-7.415926535897931,-1000.0,0.09381873431405302,0.0,1.059,0.06815789473684208,0.0,0.0,0.0,-0.010429404432132968,-1.992849201557122,-0.00493151326448016,0.0
0,3890,-2.1483107007424307,0.03597936589655741,17.605737924575806,-181.58364295959473,-62500.0,-4.205193284418198,-11.415926535897931,-1000.0,0.3493292563977919,0.0,3.1877684204578394,0.6283601106467999,0.0,0.8892098665237427,0.8892098665237427,-0.11009543063600317,-2.002973860031857,-0.004970936718022497,0.0
0,3900,-2.166114798020901,0.036398527151336624,16.22740149497986,-56.58364295959473,-62500.0,-4.350352549777177,-17.41592653589793,-1000.0,0.37282084665655446,0.0,3.3287855765819554,0.6654698885741989,0.0,0.948114275932312,0.948114275932312,-0.12999733030156624,-2.0136994652802294,-0.0050874346705405025,0.0
0,3910,-2.056076794551242,0.03622434986150868,16.72406506538391,-56.58364295959473,-62500.0,-4.497511815136157,-15.415926535897931,-1000.0,0.45143941366071716,0.0,1.059,0.06815789473684208,0.0,0.0,0.0,-0.010429404432132968,-2.024477494837046,-0.005038861527893698,0.0
0,3920,-2.2060409835138617,0.036623925657122906,16.220728635787964,-181.58364295959473,-62500.0,-4.6286710804951365,-11.415926535897931,1000.0,1.8988831687651848,0.0,3.4529999999999994,0.698157894736842,0.0,1.0,1.0,-0.1488967728531855,-2.035258492840101,-0.005150637813267708,0.0
0,3930,-2.216872529731285,0.03739365037393758,15.467392206192017,-56.58364295959473,-62500.0,-4.725830345854115,-9.415926535897931,-1000.0,0.40253466230555635,0.0,3.4529999999999994,0.698157894736842,0.0,1.0,1.0,-0.1488967728531855,-2.0464202731121004,-0.005369414739027004,0.0
0,3940,-2.163235723396226,0.038139676391448954,13.21405577659607,-306.5836429595947,-62500.0,-4.832989611213094,-11.415926535897931,1000.0,1.901334744302302,0.0,2.7710034577846523,0.5186851204696453,0.0,0.7151225805282593,0.7151225805282593,-0.060936123605251406,-2.0580662199085533,-0.005585798074538684,0.0
0,3950,-2.0987534521275566,0.03866821213632472,9.210719347000122,-556.5836429595947,-62500.0,-4.954148876572074,-13.415926535897931,1000.0,0.19461714982536116,0.0,1.2797938209772108,0.1262615318361081,0.0,0.0922279953956604,0.0922279953956604,-0.0032624170122943796,-2.070892920171831,-0.005741685618508073,0.0
0,3960,-2.1325438946493107,0.038681553017655704,2.832382917404175,-431.5836429595947,62500.0,-5.109308141931053,-15.415926535897931,-1000.0,0.3874216759474934,0.0,2.25336808937788,0.3824652866783894,0.0,0.4989006221294403,0.4989006221294403,-0.019976148505576097,-2.0858913291005488,-0.005745648168413602,0.0
0,3970,-2.142046199425939,0.038691774248724116,0.0,-181.58364295959473,62500.0,-5.294467407290032,-19.41592653589793,1000.0,0.5228457656443692,0.0,1.059,0.06815789473684208,0.0,0.0,0.0,-0.010429404432132968,-2.1027017110630624,-0.005748685034934646,0.0
0,3980,-2.158442300628627,0.03867196404838349,1.7973308563232422,443.4163570404053,62500.0,-5.4896266726490115,-19.41592653589793,-1000.0,0.2908204538326126,0.0,1.521062021613121,0.18975316358240027,0.0,0.19300836324691772,0.19300836324691772,-6.299859394142898e-05,-2.1196432769178037,-0.0057427998849003455,0.0
0,3990,-2.279473520275169,0.038712280915590806,8.793994426727295,943.4163570404053,62500.0,-5.66478593800799,-15.415926535897931,1000.0,0.5330911502605132,0.0,3.165073016166687,0.6223876358333388,0.0,0.8797297477722168,0.8797297477722168,-0.10704678894292632,-2.134896367625399,-0.005754780263760447,0.0
0,4000,-2.1866795983533316,0.039543553465567864,19.665657997131348,1193.4163570404053,-62500.0,-5.80994520336697,-15.415926535897931,1000.0,0.5974076626690826,0.0,1.059,0.06815789473684208,0.0,0.0,0.0,-0.010429404432132968,-2.14674384842361,-0.00600457966342742,0.0
0,4010,-2.1881830691027604,0.039893503351844266,30.5373215675354,818.4163570404053,-62500.0,-5.973104468725949,-15.415926535897931,1000.0,0.33486495740047395,0.0,1.9495209322571754,0.30250550848873037,0.0,0.37198033928871155,0.37198033928871155,-0.006304427562319903,-2.1542870906892593,-0.006111327781185059,0.0
0,4020,-2.2178654976416756,0.04201525747518433,36.03398513793945,318.4163570404053,-62500.0,-6.114263734084929,-15.415926535897931,-1000.0,0.15674805612844733,0.0,2.4989913675785065,0.447102991468028,0.0,0.6015001535415649,0.6015001535415649,-0.03663593303546899,-2.1589128812021996,-0.006778682345111165,0.0
0,4030,-2.2036955659692263,0.04378030537601099,36.780648708343506,-181.58364295959473,-62500.0,-6.253422999443909,-11.415926535897931,1000.0,1.987691954055538,0.0,1.6905101480484008,0.23434477580221075,0.0,0.26378870010375977,0.26378870010375977,-0.0007077381749424721,-2.162443152079581,-0.007360186133056423,0.0
0,4040,-2.213914684257005,0.044582566304492754,33.02731227874756,-431.5836429595947,-62500.0,-6.283185307179586,-3.415926535897931,1000.0,2.278826595544815,0.0,1.4617199249267578,0.1741368223491468,0.0,0.16822052001953125,0.16822052001953125,-0.00040134237491975606,-2.1667374455338932,-0.007632404038250851,0.0
0,4050,-2.293653705684704,0.04595388927777842,28.27397584915161,-556.5836429595947,62500.0,-6.279857894892403,-0.16814692820421584,-1000.0,0.36331044312032057,0.0,3.0589472794532773,0.5944598103824414,0.0,0.835399866104126,0.835399866104126,-0.09335912520417099,-2.172629622852229,-0.008109158168656583,0.0
0,4060,-2.221226553153389,0.04664655420666577,20.770639419555664,-806.5836429595947,62500.0,-6.2565393641744445,5.831853071795784,1000.0,1.2378684627792558,0.0,2.0156863476634026,0.31991745991142173,0.0,0.39961835741996765,0.39961835741996765,-0.008628118314964461,-2.180897423128026,-0.008355459914324764,0.0
0,4070,-2.217864545063425,0.04622713800243035,16.017302989959717,-306.5836429595947,-62500.0,-6.219220833456488,1.8318530717957842,-1000.0,0.17035329207489994,0.0,1.5877456285357476,0.2073014811936178,0.0,0.22086283564567566,0.22086283564567566,-3.198697657245253e-05,-2.191672433976778,-0.008205881425519642,0.0
0,4080,-2.3985562551157726,0.04578446006199058,14.63896656036377,-56.58364295959473,62500.0,-6.20190230273853,1.8318530717957842,1000.0,2.279472348845929,0.0,3.4529999999999994,0.698157894736842,0.0,1.0,1.0,-0.1488967728531855,-2.2034357349523024,-0.008049472447365159,0.0
0,4090,-2.391052775056797,0.04521645952282908,15.885630130767822,193.41635704040527,-62500.0,-6.184583772020572,-0.16814692820421584,-1000.0,0.048669905502635724,0.0,3.4529999999999994,0.698157894736842,0.0,1.0,1.0,-0.1488967728531855,-2.2152316507872496,-0.00785098833323382,0.0
0,4100,-2.276902983957387,0.04530645275625534,17.882293701171875,193.41635704040527,-62500.0,-6.167265241302615,3.831853071795784,-1000.0,0.03543000622094378,0.0,2.226037571489811,0.3752730451288976,0.0,0.4874843657016754,0.4874843657016754,-0.01843238420925394,-2.226361312608567,-0.007882270699602421,0.0
0,4110,-2.2747951877652057,0.04598539920978025,20.253957271575928,193.41635704040527,62500.0,-6.087946710584657,9.831853071795784,-1000.0,0.0339622749305722,0.0,1.059,0.06815789473684208,0.0,0.0,0.0,-0.010429404432132968,-2.236614484570743,-0.008120282651454175,0.0
0,4120,-2.3533824298077555,0.0465552959891882,22.75062084197998,318.4163570404053,-62500.0,-5.9866281798667,9.831853071795784,-1000.0,0.1469009982551886,0.0,2.958541555166245,0.5680372513595382,0.0,0.7934592962265015,0.7934592962265015,-0.08127085103297034,-2.2461281923677996,-0.008322799045021144,0.0
0,4130,-2.3583978906971996,0.04623118478189845,24.747284412384033,68.41635704040527,-62500.0,-5.903309649148742,7.831853071795784,1000.0,2.0113817405173013,0.0,2.7689859141111377,0.5181541879239836,0.0,0.71427983045578,0.71427983045578,-0.060733252376141675,-2.2546201107009263,-0.00820731819393807,0.0
0,4140,-2.291067886528986,0.04530833873484857,24.368947982788086,68.41635704040527,62500.0,-5.825991118430784,7.831853071795784,-1000.0,0.27024920596369023,0.0,1.8554956060051917,0.2777620015803136,0.0,0.33270493149757385,0.33270493149757385,-0.0036281573338660168,-2.2629806016915324,-0.007882926946221232,0.0
0,4150,-2.457943230543518,0.04648354322239715,24.99061155319214,68.41635704040527,62500.0,-5.748672587712827,7.831853071795784,-1000.0,0.18851870975955465,0.0,3.4529999999999994,0.698157894736842,0.0,1.0,1.0,-0.1488967728531855,-2.2712619794368765,-0.008297163995552503,0.0
0,4160,-2.4695212003414806,0.047188783210898186,23.86227512359619,-306.5836429595947,-62500.0,-5.653354056994869,9.831853071795784,-1000.0,0.1352282624550082,0.0,3.4221189819574356,0.6900313110414305,0.0,0.9871006608009338,0.9871006608009338,-0.1440784114805899,-2.2795403569383432,-0.008550840041952563,0.0
