episode_idx,rmse_error,mean_jerk,roughness_proxy,mean_velocity,max_error,mean_kcm_intervention,steps,progress
0,0.022186112621627334,30329.42633727389,5189907.750697346,18.62607654157111,0.041897175221887295,0.464196552956715,2130,1.0
1,0.0233679938235412,32824.38334123473,4993301.945435243,16.966685445564796,0.047034685014212485,0.49676157632530055,2339,1.0
