episode_idx,reward,actor_loss,critic_loss,wall_time
0,-2134.2511483094377,0.03314261510968208,0.39037543535232544,48.626299800002016
1,-2345.3251322514307,0.07409036159515381,0.37504252791404724,98.322874400008
