{
  "epsilon": 1.5,
  "MAX_VEL": 1000.0,
  "max_abs_e_n": 0.8859685466778124,
  "rmse_e_n": 0.20160149845466094,
  "mean_v_ratio_exec": 0.02129256884299582,
  "v_ratio_exec_nunique": 23,
  "mean_speed_util_in_band": 0.905881746140212,
  "mean_v_ratio_exec_straight": 0.024578306130211496,
  "mean_v_ratio_exec_near_turn": 0.01,
  "corr_v_exec_vs_v_cap": 0.777910498939802,
  "cap_ang_active_ratio": 0.12962962962962962,
  "corner_mode_ratio": 0.12962962962962962,
  "mean_v_ratio_cap_brake": 0.20591337263734605,
  "mean_v_ratio_cap_ang": 0.8716666666666667,
  "mean_v_ratio_cap_final": 0.024999882562338028,
  "reached_target": false,
  "stall_triggered": false,
  "steps": 54,
  "outdir": "C:\\Users\\wumin\\Nutstore\\1\\DDPG的轨迹平滑\\基于强化学习的轨迹平滑\\PPO_project\\artifacts\\phaseA"
}