{
  "epsilon": 1.5,
  "MAX_VEL": 1000.0,
  "max_abs_e_n": 0.8608017772746805,
  "rmse_e_n": 0.18261123138279745,
  "mean_v_ratio_exec": 0.021865475710413248,
  "v_ratio_exec_nunique": 22,
  "mean_speed_util_in_band": 0.9110347765962722,
  "mean_v_ratio_exec_straight": 0.024709531267496223,
  "mean_v_ratio_exec_near_turn": 0.01333330903916432,
  "corr_v_exec_vs_v_cap": 0.7740817748397585,
  "cap_ang_active_ratio": 0.19230769230769232,
  "corner_mode_ratio": 0.11538461538461539,
  "mean_v_ratio_cap_brake": 0.2062290565824059,
  "mean_v_ratio_cap_ang": 0.7403846153846154,
  "mean_v_ratio_cap_final": 0.025384495447068813,
  "reached_target": false,
  "stall_triggered": false,
  "steps": 52,
  "outdir": "C:\\Users\\wumin\\Nutstore\\1\\DDPG的轨迹平滑\\基于强化学习的轨迹平滑\\PPO_project\\artifacts\\phaseA"
}