{
  "epsilon": 1.5,
  "MAX_VEL": 1000.0,
  "max_abs_e_n": 0.7717808927861913,
  "rmse_e_n": 0.23131749270815163,
  "mean_v_ratio_exec": 0.016807116517694422,
  "v_ratio_exec_nunique": 17,
  "mean_speed_util_in_band": 0.9624760671965917,
  "mean_v_ratio_exec_straight": 0.018306067439968012,
  "mean_v_ratio_exec_near_turn": 0.01,
  "corr_v_exec_vs_v_cap": 0.8855416524333014,
  "cap_ang_active_ratio": 0.4861111111111111,
  "corner_mode_ratio": 0.09722222222222222,
  "mean_v_ratio_cap_brake": 0.22438211864218827,
  "mean_v_ratio_cap_ang": 0.5187499999999999,
  "mean_v_ratio_cap_final": 0.018194381746849054,
  "reached_target": false,
  "stall_triggered": false,
  "steps": 72,
  "outdir": "C:\\Users\\wumin\\Nutstore\\1\\DDPG的轨迹平滑\\基于强化学习的轨迹平滑\\PPO_project\\artifacts\\phaseA"
}