episode_idx,total_reward,actor_loss,critic_loss,epsilon
0,-416.02640119488245,0.014161325991153717,12.969990730285645,1.5
1,-305.76202308847104,-0.033073749393224716,4.852112770080566,1.5
2,-487.17991881136936,0.014897518791258335,9.504249572753906,1.5
3,-206.90604749258844,0.02815435826778412,5.704081058502197,1.5
4,-300.10855107653214,0.014202210120856762,10.668047904968262,1.5
5,-779.2773393269833,0.022245978936553,16.039724349975586,1.5
