timestamp,position_x,position_y,reference_x,reference_y,velocity,acceleration,jerk,omega,domega,jerk_proxy,contour_error,kcm_intervention,corner_mask,dist_to_corner,mode,mode_proxy
0.0,1.999999999999e-05,-2.0000000002792228e-11,1.9999999999989996e-05,0.0,0.02,20.0,20000.0,-0.001,-1.0,-1000.0,2.0000000002792224e-11,1.8759631144966054,0.0,10.0,normal,0.0
0.001,7.999999999972e-05,-2.0000000000103693e-10,7.999999999972e-05,0.0,0.06,40.0,20000.0,-0.003,-2.0,-1000.0,2.0000000000103693e-10,1.8731222236053249,0.0,9.99998,normal,0.0
0.002,0.00019999999999755999,-9.199999999907757e-10,0.00019999999999755996,0.0,0.12,60.0,20000.0,-0.006,-3.0,-1000.0,9.199999999907758e-10,1.869796352365832,0.0,9.99992,normal,0.0
0.003,0.00039999999998756,-2.9199999999705448e-09,0.00039999999998756,0.0,0.2,80.0,20000.0,-0.01,-4.0,-1000.0,2.9199999999705448e-09,1.8659294128073927,0.0,9.999800000000002,normal,0.0
0.004,0.00069999999995381,-7.4199999997646626e-09,0.00069999999995381,0.0,0.30000000000000004,100.0,20000.0,-0.015,-5.0,-1000.0,7.4199999997646626e-09,1.8615919768294211,0.0,9.999600000000012,normal,0.0
0.005,0.0011199999998612001,-1.6239999999043612e-08,0.0011199999998612,0.0,0.42000000000000004,120.0,20000.0,-0.020999999999999998,-6.0,-1000.0,1.6239999999043612e-08,1.8567496525518818,0.0,9.999300000000046,normal,0.0
0.006,0.0016799999996416801,-3.191999999694827e-08,0.00167999999964168,0.0,0.56,140.0,20000.0,-0.027999999999999997,-7.0,-1000.0,3.191999999694827e-08,1.851483800314893,0.0,9.998880000000138,normal,0.0
0.007,0.00239999999917512,-5.783999999145541e-08,0.00239999999917512,0.0,0.7200000000000001,160.0,20000.0,-0.036,-8.0,-1000.0,5.783999999145541e-08,1.8457345174504556,0.0,9.998320000000358,normal,0.0
0.008,0.0032999999982638705,-9.833999997785215e-08,0.0032999999982638705,0.0,0.9000000000000001,180.0,20000.0,-0.045,-9.0,-1000.0,9.833999997785215e-08,1.8394522724987614,0.0,9.997600000000824,normal,0.0
0.009000000000000001,0.00439999999660012,-1.5883999994750218e-07,0.004399999996600119,0.0,1.1,200.0,20000.0,-0.055,-10.0,-1000.0,1.5883999994750215e-07,1.8323965607181418,0.0,9.996700000001736,normal,0.0
0.01,0.00571999999372516,-2.4595999988412035e-07,0.00571999999372516,0.0,1.32,220.0,20000.0,-0.066,-11.0,-1000.0,2.4595999988412035e-07,1.8248238608950647,0.0,9.9956000000034,normal,0.0
0.011,0.00727999998897964,-3.6763999976042555e-07,0.00727999998897964,0.0,1.56,240.0,20000.0,-0.078,-12.0,-1000.0,3.6763999976042555e-07,1.8167242190538528,0.0,9.994280000006276,normal,0.0
0.012,0.00909999998144393,-5.332599995315533e-07,0.009099999981443929,0.0,1.82,260.0,20000.0,-0.091,-13.0,-1000.0,5.332599995315533e-07,1.8080876812188293,0.0,9.99272000001102,normal,0.0
0.013000000000000001,0.011199999969867681,-7.537599991264302e-07,0.01119999996986768,0.0,2.1,280.0,20000.0,-0.105,-14.0,-1000.0,7.537599991264303e-07,1.7989336188995453,0.0,9.990900000018556,normal,0.0
0.014,0.01359999995258768,-1.0417599984349852e-06,0.01359999995258768,0.0,2.4,300.0,20000.0,-0.12,-15.0,-1000.0,1.0417599984349852e-06,1.789219653193566,0.0,9.988800000030132,normal,0.0
0.015,0.016319999927433118,-1.411679997294411e-06,0.016319999927433115,0.0,2.7199999999999998,320.0,20000.0,-0.136,-16.0,-1000.0,1.411679997294411e-06,1.7789206905454409,0.0,9.986400000047412,normal,0.0
0.016,0.019379999891617348,-1.8798599954680203e-06,0.019379999891617344,0.0,3.0599999999999996,340.0,20000.0,-0.15300000000000002,-17.0,-1000.0,1.8798599954680203e-06,1.7679809410076601,0.0,9.983680000072567,normal,0.0
0.017,0.022799999841615237,-2.4646799926176303e-06,0.022799999841615237,0.0,3.4199999999999995,360.0,20000.0,-0.17100000000000004,-18.0,-1000.0,2.4646799926176303e-06,1.756221233018029,0.0,9.980620000108383,normal,0.0
0.018000000000000002,0.026599999773025237,-3.186679988273264e-06,0.026599999773025237,0.0,3.7999999999999994,380.0,20000.0,-0.19000000000000003,-19.0,-1000.0,3.186679988273264e-06,1.743839692415781,0.0,9.977200000158385,normal,0.0
0.019,0.030799999680415236,-4.0686799817907466e-06,0.030799999680415233,0.0,4.199999999999999,400.0,20000.0,-0.21000000000000002,-20.0,-1000.0,4.0686799817907466e-06,1.7309107057975952,0.0,9.973400000226976,normal,0.0
0.02,0.035419999557151326,-5.135899972298825e-06,0.035419999557151326,0.0,4.619999999999999,420.0,20000.0,-0.231,-21.0,-1000.0,5.135899972298825e-06,1.7173341373602495,0.0,9.969200000319585,normal,0.0
0.021,0.040479999395208556,-6.416079958640825e-06,0.040479999395208556,0.0,5.06,440.0,20000.0,-0.253,-22.0,-1000.0,6.416079958640825e-06,1.7030724957821803,0.0,9.964580000442849,normal,0.0
0.022,0.045999999184962795,-7.9395999392979e-06,0.04599999918496279,0.0,5.52,460.0,20000.0,-0.276,-23.0,-1000.0,7.9395999392979e-06,1.6877687492411828,0.0,9.959520000604792,normal,0.0
0.023,0.0519999989149628,-9.739599912299034e-06,0.05199999891496279,0.0,6.0,480.0,20000.0,-0.30000000000000004,-24.0,-1000.0,9.739599912299034e-06,1.6717726577927987,0.0,9.954000000815038,normal,0.0
0.024,0.058499998571681554,-1.1852099875111082e-05,0.05849999857168155,0.0,6.5,500.0,20000.0,-0.32500000000000007,-25.0,-1000.0,1.1852099875111082e-05,1.6550975728774582,0.0,9.948000001085036,normal,0.0
0.025,0.06551999813924604,-1.4316119824517618e-05,0.06551999813924603,0.0,7.02,520.0,20000.0,-0.3510000000000001,-26.0,-1000.0,1.4316119824517618e-05,1.6376652335965711,0.0,9.941500001428318,normal,0.0
0.026000000000000002,0.07307999759914453,-1.7173799756464748e-05,0.07307999759914452,0.0,7.56,540.0,20000.0,-0.3780000000000001,-27.0,-1000.0,1.7173799756464748e-05,1.6194525729526088,0.0,9.934480001860754,normal,0.0
0.027,0.08119999692991038,-2.04705196658943e-05,0.08119999692991037,0.0,8.12,560.0,20000.0,-0.40600000000000014,-28.0,-1000.0,2.04705196658943e-05,1.6002958569863739,0.0,9.926920002400855,normal,0.0
0.028,0.08989999610678165,-2.425501954654031e-05,0.08989999610678163,0.0,8.7,580.0,20000.0,-0.43500000000000016,-29.0,-1000.0,2.4255019546540314e-05,1.5803393885428672,0.0,9.91880000307009,normal,0.0
0.029,0.09919999510133541,-2.8579519390697628e-05,0.09919999510133541,0.0,9.299999999999999,600.0,20000.0,-0.4650000000000002,-30.0,-1000.0,2.857951939069763e-05,1.5593643589711188,0.0,9.910100003893218,normal,0.0
0.03,0.10911999388109607,-3.34998391889519e-05,0.10911999388109606,0.0,9.919999999999998,620.0,20000.0,-0.4960000000000002,-31.0,-1000.0,3.34998391889519e-05,1.5375417739969888,0.0,9.900800004898665,normal,0.0
0.031,0.11967999240911659,-3.9075518929884396e-05,0.11967999240911656,0.0,10.559999999999999,640.0,20000.0,-0.5280000000000002,-32.0,-1000.0,3.9075518929884396e-05,1.5151725774719482,0.0,9.890880006118904,normal,0.0
0.032,0.13089999064353183,-4.5369938599717926e-05,0.13089999064353183,0.0,11.219999999999999,660.0,20000.0,-0.5610000000000003,-33.0,-1000.0,4.5369938599717926e-05,1.4919698326360487,0.0,9.880320007590884,normal,0.0
0.033,0.14279998853708314,-5.24504381819404e-05,0.14279998853708312,0.0,11.899999999999999,680.0,20000.0,-0.5950000000000003,-34.0,-1000.0,5.24504381819404e-05,1.46864325199463,0.0,9.869100009356469,normal,0.0
0.034,0.15539998603661323,-6.0388437656843355e-05,0.1553999860366132,0.0,12.599999999999998,700.0,20000.0,-0.6300000000000003,-35.0,-1000.0,6.0388437656843355e-05,1.4448653080246525,0.0,9.857200011462917,normal,0.0
0.035,0.1687199830825304,-6.925955700103473e-05,0.1687199830825304,0.0,13.319999999999999,720.0,20000.0,-0.6660000000000004,-36.0,-1000.0,6.925955700103473e-05,1.4203159237836713,0.0,9.844600013963387,normal,0.0
0.036000000000000004,0.18277997960824127,-7.914373618689465e-05,0.18277997960824127,0.0,14.059999999999999,740.0,20000.0,-0.7030000000000004,-37.0,-1000.0,7.914373618689463e-05,1.3950988709582406,0.0,9.83128001691747,normal,0.0
0.037,0.19759997553955125,-9.012535518192971e-05,0.19759997553955122,0.0,14.819999999999999,760.0,20000.0,-0.7410000000000004,-38.0,-1000.0,9.012535518192971e-05,1.3692323289650177,0.0,9.817220020391758,normal,0.0
0.038,0.2131999707940315,-0.00010229335394809112,0.2,0.0,15.599999999999998,780.0,20000.0,-0.7800000000000005,-39.0,-1000.0,0.00010229335394809114,1.3424775215970315,0.0,9.802400024460448,normal,0.0
0.039,0.22959996528035181,-0.00011574135244101934,0.2,0.0,16.4,800.0,20000.0,-0.8200000000000005,-40.0,-1000.0,0.00011574135244101934,1.3146435947817112,0.0,9.786800029205969,normal,0.0
0.04,0.2468199588975784,-0.00013056777060916334,0.2,0.0,17.22,820.0,20000.0,-0.8610000000000005,-41.0,-1000.0,0.00013056777060916334,1.285891421455306,0.0,9.770400034719648,normal,0.0
0.041,0.26487995153443566,-0.00014687594839285907,0.2,0.0,18.06,840.0,20000.0,-0.9030000000000006,-42.0,-1000.0,0.00014687594839285907,1.2562019281314878,0.0,9.753180041102421,normal,0.0
0.042,0.28379994306853096,-0.00016477426572327497,0.2,0.0,18.919999999999998,860.0,20000.0,-0.9460000000000006,-43.0,-1000.0,0.00016477426572327497,1.2255596176026144,0.0,9.735120048465564,normal,0.0
0.043000000000000003,0.30359993336554175,-0.00018437626252128494,0.2,0.0,19.799999999999997,880.0,20000.0,-0.9900000000000007,-44.0,-1000.0,0.00018437626252128497,1.193976112774418,0.0,9.71620005693147,normal,0.0
0.044,0.324299922278364,-0.00020580075869620635,0.2,0.0,20.699999999999996,900.0,20000.0,-1.0350000000000006,-45.0,-1000.0,0.00020580075869620635,1.1614642286455243,0.0,9.696400066634459,normal,0.0
0.045,0.3459199096462208,-0.00022917197414442628,0.2,0.0,21.619999999999997,920.0,20000.0,-1.0810000000000006,-46.0,-1000.0,0.00022917197414442628,1.127996606683982,0.0,9.675700077721636,normal,0.0
0.046,0.3684798952937308,-0.0002546196487478902,0.2,0.0,22.56,940.0,20000.0,-1.1280000000000006,-47.0,-1000.0,0.0002546196487478902,1.0935618624026386,0.0,9.65408009035378,normal,0.0
0.047,0.39199987902993494,-0.00028227916237248343,0.2,0.0,23.52,960.0,20000.0,-1.1760000000000006,-48.0,-1000.0,0.00028227916237248343,1.0581501610351065,0.0,9.631520104706269,normal,0.0
0.048,0.416499860647281,-0.00031229165486622805,0.2,0.0,24.5,980.0,20000.0,-1.2250000000000005,-49.0,-1000.0,0.00031229165486622805,1.0217519658382215,0.0,9.608000120970065,normal,0.0
0.049,0.4419998399205651,-0.0003448041460573768,0.2,0.0,25.5,1000.0,20000.0,-1.2750000000000006,-50.0,-1000.0,0.0003448041460573768,0.9843592301849391,0.0,9.583500139352719,normal,0.0
0.05,0.46851981660582875,-0.00037996965575226696,0.2,0.0,26.52,1020.0,20000.0,-1.3260000000000005,-51.0,-1000.0,0.00037996965575226696,0.9459652783550442,0.0,9.558000160079436,normal,0.0
0.051000000000000004,0.49607979043921135,-0.0004179473237330633,0.2,0.0,27.56,1040.0,20000.0,-1.3780000000000006,-52.0,-1000.0,0.0004179473237330633,0.9065643286979936,0.0,9.531480183394171,normal,0.0
0.052000000000000005,0.5246997611357564,-0.00045890252975531955,0.2,0.0,28.619999999999997,1060.0,20000.0,-1.4310000000000005,-53.0,-1000.0,0.00045890252975531955,0.866151195609692,0.0,9.503920209560789,normal,0.0
0.053,0.5543997283881712,-0.000503007013545269,0.2,0.0,29.699999999999996,1080.0,20000.0,-1.4850000000000005,-54.0,-1000.0,0.000503007013545269,0.825648141758749,0.0,9.475300238864243,normal,0.0
0.054,0.5851996918655384,-0.0005504389947969788,0.2,0.0,30.799999999999997,1100.0,20000.0,-1.5400000000000005,-55.0,-1000.0,0.0005504389947969788,0.7842725581592636,0.0,9.445600271611829,normal,0.0
0.055,0.6171196512119798,-0.0006013832931692886,0.2,0.0,31.919999999999998,1120.0,20000.0,-1.5960000000000005,-56.0,-1000.0,0.0006013832931692886,0.7421261899398675,0.0,9.414800308134462,normal,0.0
0.056,0.6501796060452693,-0.000656031448282433,0.2,0.0,33.059999999999995,1140.0,20000.0,-1.6530000000000005,-57.0,-1000.0,0.000656031448282433,0.6991616514079642,0.0,9.38288034878802,normal,0.0
0.057,0.6843995559553971,-0.0007145818397144996,0.2,0.0,34.21999999999999,1160.0,20000.0,-1.7110000000000005,-58.0,-1000.0,0.0007145818397144996,0.6563767839217385,0.0,9.349820393954731,normal,0.0
0.058,0.7197995005030816,-0.0007772398069976318,0.2,0.0,35.39999999999999,1180.0,20000.0,-1.7700000000000005,-59.0,-1000.0,0.0007772398069976318,0.6133241950175063,0.0,9.315600444044604,normal,0.0
0.059000000000000004,0.7563994392182287,-0.0008442177696138673,0.2,0.0,36.599999999999994,1200.0,20000.0,-1.8300000000000005,-60.0,-1000.0,0.0008442177696138673,0.570587354562974,0.0,9.28020049949692,normal,0.0
0.06,0.7942193715983391,-0.0009157353469907951,0.2,0.0,37.81999999999999,1220.0,20000.0,-1.8910000000000005,-61.0,-1000.0,0.0009157353469907951,0.5274035615235958,0.0,9.243600560781772,normal,0.0
0.061,0.833279297106861,-0.0009920194784968318,0.2,0.0,39.059999999999995,1240.0,20000.0,-1.9530000000000005,-62.0,-1000.0,0.0009920194784968318,0.48448234959077763,0.0,9.20578062840166,normal,0.0
0.062,0.8735992151714878,-0.0010733045434362454,0.2,0.0,40.31999999999999,1260.0,20000.0,-2.0160000000000005,-63.0,-1000.0,0.0010733045434362454,0.44033318541262156,0.0,9.166720702893139,normal,0.0
0.063,0.9151991251824002,-0.0011598324810437966,0.2,0.0,41.599999999999994,1280.0,20000.0,-2.0800000000000005,-64.0,-1000.0,0.0011598324810437966,0.39586515903124164,0.0,9.126400784828512,normal,0.0
0.064,0.9580990264904518,-0.0012518529104790454,0.2,0.0,42.89999999999999,1300.0,20000.0,-2.1450000000000005,-65.0,-1000.0,0.0012518529104790454,0.3509458289259473,0.0,9.0848008748176,normal,0.0
0.065,1.0023189184052965,-0.0013496232508202713,0.2,0.0,44.21999999999999,1320.0,20000.0,-2.2110000000000003,-66.0,-1000.0,0.0013496232508202713,0.3055961163270543,0.0,9.041900973509549,normal,0.0
0.066,1.047878800193458,-0.0014534088410580667,0.2,0.0,45.559999999999995,1340.0,20000.0,-2.2780000000000005,-67.0,-1000.0,0.0014534088410580667,0.2598012988873033,0.0,8.997681081594703,normal,0.0
0.067,1.0947986710763398,-0.0015634830600884703,0.2,0.0,46.919999999999995,1360.0,20000.0,-2.3460000000000005,-68.0,-1000.0,0.0015634830600884705,0.21358241704629993,0.0,8.952121199806541,normal,0.0
0.068,1.1430985302281744,-0.0016801274467056779,0.2,0.0,48.3,1380.0,20000.0,-2.4150000000000005,-69.0,-1000.0,0.0016801274467056777,0.1668930983904091,0.0,8.90520132892366,normal,0.0
0.069,1.192798376773912,-0.0018036318195943746,0.2,0.0,49.699999999999996,1400.0,20000.0,-2.4850000000000003,-70.0,-1000.0,0.0018036318195943746,0.11964339951066476,0.0,8.856901469771826,normal,0.0
0.07,1.2438782099177095,-0.0019341921574328477,0.2,0.0,51.08,1380.0,-20000.0,-2.5560000000000005,-71.0,-1000.0,0.001934192157432848,0.09106963184276604,0.0,8.807201623226089,normal,0.0
0.07100000000000001,1.2963180288324252,-0.002072004318802106,0.2,0.0,52.44,1360.0,-20000.0,-2.6280000000000006,-72.0,-1000.0,0.002072004318802106,0.0991059117502387,0.0,8.75612179008229,normal,0.0
0.07200000000000001,1.3500978326592115,-0.0022172639221807833,0.2,0.0,53.78,1340.0,-20000.0,-2.7010000000000005,-73.0,-1000.0,0.0022172639221807833,0.10661167336089022,0.0,8.703681971167574,normal,0.0
0.073,1.4051976205071288,-0.0023701662259400674,0.2,0.0,55.1,1320.0,-20000.0,-2.7750000000000004,-74.0,-1000.0,0.0023701662259400674,0.1135820886984938,0.0,8.64990216734079,normal,0.0
0.074,1.4615973914527838,-0.002530906008338382,0.2,0.0,56.4,1300.0,-20000.0,-2.8500000000000005,-75.0,-1000.0,0.002530906008338382,0.12001650211195686,0.0,8.59480237949287,normal,0.0
0.075,1.5192771445399922,-0.002699677447516036,0.2,0.0,57.68,1280.0,-20000.0,-2.9260000000000006,-76.0,-1000.0,0.002699677447516036,0.1259146155780555,0.0,8.538402608547216,normal,0.0
0.076,1.5782168787794666,-0.002876674001489675,0.2,0.0,58.94,1260.0,-20000.0,-3.0030000000000006,-77.0,-1000.0,0.002876674001489675,0.13127374688777502,0.0,8.480722855460009,normal,0.0
0.077,1.638396593148532,-0.003062088288146606,0.2,0.0,60.18,1240.0,-20000.0,-3.0810000000000004,-78.0,-1000.0,0.003062088288146606,0.13590155185242508,0.0,8.421783121220534,normal,0.0
0.078,1.6997962865908671,-0.0032561119652390813,0.2,0.0,61.4,1220.0,-20000.0,-3.1600000000000006,-79.0,-1000.0,0.0032561119652390813,0.1398846360208643,0.0,8.361603406851469,normal,0.0
0.079,1.7623959580162745,-0.0034589356103783913,0.2,0.0,62.6,1200.0,-20000.0,-3.2400000000000007,-80.0,-1000.0,0.003458935610378391,0.14339513760720404,0.0,8.300203713409132,normal,0.0
0.08,1.8261756063004801,-0.0036707486010288722,0.2,0.0,63.78,1180.0,-20000.0,-3.3210000000000006,-81.0,-1000.0,0.0036707486010288722,0.14643079163494296,0.0,8.237604041983726,normal,0.0
0.081,1.8911152302849628,-0.0038917389945017753,0.2,0.0,64.94,1160.0,-20000.0,-3.4030000000000005,-82.0,-1000.0,0.0038917389945017757,0.14892603299482793,0.0,8.173824393699519,normal,0.0
0.082,1.9571948287768135,-0.0041220934079491236,0.2,0.0,66.08,1140.0,-20000.0,-3.4860000000000007,-83.0,-1000.0,0.0041220934079491236,0.1509164456597899,0.0,8.108884769715036,normal,0.0
0.083,2.0243944005486285,-0.004361996898357356,0.2,0.0,67.2,1120.0,-20000.0,-3.5700000000000007,-84.0,-1000.0,0.004361996898357356,0.15294389545548218,0.0,8.042805171223186,normal,0.0
0.084,2.092693944837568,-0.0046114962434529345,0.2,0.0,68.3,1100.0,-20000.0,-3.653000000000001,-83.0,1000.0,0.0046114962434529345,0.16913673813657493,0.0,7.975605599451372,normal,0.0
0.085,2.1620734609048253,-0.0048706299409563775,0.2,0.0,69.38,1080.0,-20000.0,-3.7350000000000008,-82.0,1000.0,0.0048706299409563775,0.18525999929820477,0.0,7.907306055162432,normal,0.0
0.08600000000000001,2.2325129480368795,-0.005139428328588037,0.2,0.0,70.44,1060.0,-20000.0,-3.8160000000000007,-81.0,1000.0,0.005139428328588037,0.20101433035499958,0.0,7.837926539095175,normal,0.0
0.08700000000000001,2.303992405546682,-0.005417913704073752,0.2,0.0,71.48,1040.0,-20000.0,-3.896000000000001,-80.0,1000.0,0.005417913704073752,0.21594506707661282,0.0,7.767487051963121,normal,0.0
0.088,2.37649183277478,-0.005706100445150587,0.2,0.0,72.5,1020.0,-20000.0,-3.975000000000001,-79.0,1000.0,0.005706100445150587,0.23067841586105442,0.0,7.696007594453318,normal,0.0
0.089,2.4499912290903754,-0.0060039951295725,0.2,0.0,73.5,1000.0,-20000.0,-4.053000000000001,-78.0,1000.0,0.0060039951295725,0.24556073929911432,0.0,7.62350816722522,normal,0.0
0.09,2.5244705938923224,-0.0063115966551160144,0.2,0.0,74.48,980.0,-20000.0,-4.130000000000001,-77.0,1000.0,0.006311596655116015,0.26010619993122835,0.0,7.550008770909624,normal,0.0
0.091,2.59990992661006,-0.006628896359585726,0.2,0.0,75.44,960.0,-20000.0,-4.206,-76.0,1000.0,0.006628896359585726,0.2743086584789845,0.0,7.475529406107677,normal,0.0
0.092,2.676289226704488,-0.0069558781408198805,0.2,0.0,76.38,940.0,-20000.0,-4.281000000000001,-75.0,1000.0,0.0069558781408198805,0.28815822057135027,0.0,7.40009007338994,normal,0.0
0.093,2.7535884936687807,-0.007292518576695697,0.2,0.0,77.3,920.0,-20000.0,-4.355,-74.0,1000.0,0.007292518576695697,0.3016489853484928,0.0,7.323710773295511,normal,0.0
0.094,2.831787727029139,-0.007638787045134836,0.2,0.0,78.2,900.0,-20000.0,-4.428000000000001,-73.0,1000.0,0.007638787045134835,0.3147747539273556,0.0,7.246411506331219,normal,0.0
0.095,2.91086692634549,-0.007994645844108566,0.2,0.0,79.08,880.0,-20000.0,-4.500000000000001,-72.0,1000.0,0.007994645844108566,0.32752277091395643,0.0,7.168212272970861,normal,0.0
0.096,2.9908060912121255,-0.008360050311642801,0.2,0.0,79.94,860.0,-20000.0,-4.571000000000001,-71.0,1000.0,0.008360050311642801,0.33988993686676716,0.0,7.08913307365451,normal,0.0
0.097,3.0715852212582835,-0.008734948945823233,0.2,0.0,80.78,840.0,-20000.0,-4.641000000000001,-70.0,1000.0,0.008734948945823233,0.3518626023221342,0.0,7.009193908787875,normal,0.0
0.098,3.1531843161486766,-0.009119283524800117,0.2,0.0,81.6,820.0,-20000.0,-4.710000000000001,-69.0,1000.0,0.009119283524800117,0.3634241375841651,0.0,6.9284147787417165,normal,0.0
0.099,3.235583375583965,-0.009512989226792909,0.2,0.0,82.39999999999999,800.0,-20000.0,-4.7780000000000005,-68.0,1000.0,0.009512989226792909,0.3745737677924777,0.0,6.846815683851323,normal,0.0
0.1,3.318762399301175,-0.009915994750094968,0.2,0.0,83.17999999999999,780.0,-20000.0,-4.845000000000001,-67.0,1000.0,0.009915994750094966,0.38531083729598,0.0,6.764416624416035,normal,0.0
0.101,3.4027013870740648,-0.010328222433077848,0.2,0.0,83.94,760.0,-20000.0,-4.9110000000000005,-66.0,1000.0,0.010328222433077848,0.3956348096528686,0.0,6.681237600698825,normal,0.0
0.10200000000000001,3.48738033871344,-0.010749588374195597,0.2,0.0,84.67999999999999,740.0,-20000.0,-4.976000000000001,-65.0,1000.0,0.010749588374195599,0.4055449100027616,0.0,6.597298612925935,normal,0.0
0.10300000000000001,3.5727792540674157,-0.011180002551988748,0.2,0.0,85.39999999999999,720.0,-20000.0,-5.040000000000001,-64.0,1000.0,0.011180002551988748,0.4148292438334822,0.0,6.512619661286561,normal,0.0
0.10400000000000001,3.658878133021631,-0.01161936894508822,0.2,0.0,86.1,700.0,-20000.0,-5.103000000000001,-63.0,1000.0,0.011619368945088221,0.42331597095414314,0.0,6.427220745932584,normal,0.0
0.105,3.745656975499412,-0.012067585652219014,0.2,0.0,86.78,680.0,-20000.0,-5.165000000000001,-62.0,1000.0,0.012067585652219015,0.43141171425140235,0.0,6.341121866978369,normal,0.0
0.106,3.8330957814618865,-0.012524545012203746,0.2,0.0,87.44,660.0,-20000.0,-5.226000000000001,-61.0,1000.0,0.012524545012203746,0.4391177850274444,0.0,6.254343024500589,normal,0.0
0.107,3.921174550908056,-0.012990133723965869,0.2,0.0,88.08,640.0,-20000.0,-5.2860000000000005,-60.0,1000.0,0.012990133723965869,0.4467061592763797,0.0,6.1669042185381135,normal,0.0
0.108,4.009873283874813,-0.01346423296653284,0.2,0.0,88.7,620.0,-20000.0,-5.345000000000001,-59.0,1000.0,0.01346423296653284,0.4544612703630765,0.0,6.078825449091944,normal,0.0
0.109,4.099211978887493,-0.013947113315378405,0.2,0.0,89.34,640.0,20000.0,-5.405,-60.0,-1000.0,0.013947113315378405,0.09721787629252929,0.0,5.990126716125187,normal,0.0
0.11,4.189210634418821,-0.01443905086575406,0.2,0.0,90.0,660.0,20000.0,-5.466,-61.0,-1000.0,0.01443905086575406,0.07585346077085112,0.0,5.900788021112507,normal,0.0
0.111,4.279849249498256,-0.0149401062338045,0.2,0.0,90.64,640.0,-20000.0,-5.5280000000000005,-62.0,-1000.0,0.0149401062338045,0.0650870748115437,0.0,5.810789365581179,normal,0.0
0.112,4.37110782314098,-0.015450338235547211,0.2,0.0,91.26,620.0,-20000.0,-5.591,-63.0,-1000.0,0.015450338235547213,0.06086239278823388,0.0,5.720150750501744,normal,0.0
0.113,4.462966354348276,-0.01596980376687001,0.2,0.0,91.86,600.0,-20000.0,-5.655,-64.0,-1000.0,0.01596980376687001,0.056386082601006915,0.0,5.62889217685902,normal,0.0
0.114,4.555404842107951,-0.01649855768352866,0.2,0.0,92.44,580.0,-20000.0,-5.720000000000001,-65.0,-1000.0,0.01649855768352866,0.05164687897200014,0.0,5.537033645651724,normal,0.0
0.115,4.64840328539478,-0.017036652681144515,0.2,0.0,93.0,560.0,-20000.0,-5.7860000000000005,-66.0,-1000.0,0.017036652681144515,0.04653546698269579,0.0,5.444595157892049,normal,0.0
0.116,4.741941683170981,-0.017584139175202324,0.2,0.0,93.54,540.0,-20000.0,-5.853000000000001,-67.0,-1000.0,0.017584139175202324,0.04104832995905209,0.0,5.35159671460522,normal,0.0
0.117,4.836000034386724,-0.018141065181047977,0.2,0.0,94.06,520.0,-20000.0,-5.921,-68.0,-1000.0,0.018141065181047977,0.03518665999396438,0.0,5.258058316829019,normal,0.0
0.11800000000000001,4.930558339113301,-0.01870728707727817,0.2,0.0,94.56,500.0,-20000.0,-5.988,-67.0,1000.0,0.01870728707727817,0.04122015676677069,0.0,5.163999965613276,normal,0.0
0.11900000000000001,5.025596597467093,-0.019282655722631804,0.2,0.0,95.04,480.0,-20000.0,-6.054,-66.0,1000.0,0.019282655722631804,0.05411689180371289,0.0,5.069441660886699,normal,0.0
0.12,5.121094809609484,-0.01986701657599368,0.2,0.0,95.5,460.0,-20000.0,-6.119000000000001,-65.0,1000.0,0.01986701657599368,0.06670781805463732,0.0,4.974403402532907,normal,0.0
0.121,5.217032975746739,-0.02046020981639775,0.2,0.0,95.94,440.0,-20000.0,-6.183000000000001,-64.0,1000.0,0.02046020981639775,0.07896605382475007,0.0,4.878905190390516,normal,0.0
0.122,5.313391096129829,-0.021062070463030252,0.2,0.0,96.36,420.0,-20000.0,-6.246,-63.0,1000.0,0.021062070463030252,0.0908857578588631,0.0,4.782967024253261,normal,0.0
0.123,5.410149186170268,-0.021670027473137742,0.2,0.0,96.76,400.0,-20000.0,-6.283185307179586,-62.0,1000.0,0.021670027473137742,0.09851742992401133,0.0,4.686608903870171,normal,0.0
0.124,5.507287268709834,-0.022280372077952144,0.2,0.0,97.14,380.0,-20000.0,-6.283185307179586,-61.0,1000.0,0.022280372077952144,0.10027060642242425,0.0,4.589850813829732,normal,0.0
0.125,5.604785344143307,-0.022892978614594148,0.2,0.0,97.5,360.0,-20000.0,-6.283185307179586,-60.0,1000.0,0.022892978614594144,0.1021414756774903,0.0,4.492712731290166,normal,0.0
0.126,5.702623412865472,-0.02350772142018444,0.2,0.0,97.84,340.0,-20000.0,-6.283185307179586,-59.0,1000.0,0.02350772142018444,0.10379243698120125,0.0,4.395214655856693,normal,0.0
0.127,5.80078147527111,-0.024124474831843712,0.2,0.0,98.16,320.0,-20000.0,-6.283185307179586,-58.0,1000.0,0.024124474831843712,0.1052249208450317,0.0,4.297376587134528,normal,0.0
0.128,5.899239531755005,-0.02474311318669265,0.2,0.0,98.46,300.0,-20000.0,-6.283185307179586,-57.0,1000.0,0.02474311318669265,0.10644131145477291,0.0,4.19921852472889,normal,0.0
0.129,5.99797758271194,-0.025363510821851946,0.2,0.0,98.74,280.0,-20000.0,-6.283185307179586,-56.0,1000.0,0.02536351082185195,0.10746855010986323,0.0,4.100760468244995,normal,0.0
0.13,6.096975628536697,-0.02598554207444229,0.2,0.0,99.0,260.0,-20000.0,-6.283185307179586,-55.0,1000.0,0.02598554207444229,0.10829638481140136,0.0,4.00202241728806,normal,0.0
0.131,6.19621366962406,-0.026609081281584367,0.2,0.0,99.24,240.0,-20000.0,-6.283185307179586,-54.0,1000.0,0.026609081281584367,0.10891235818862903,0.0,3.903024371463303,normal,0.0
0.132,6.295671706368812,-0.027234002780398864,0.2,0.0,99.46,220.0,-20000.0,-6.283185307179586,-53.0,1000.0,0.027234002780398864,0.10932529172897333,0.0,3.8037863303759396,normal,0.0
0.133,6.395329739165734,-0.027860180908006474,0.2,0.0,99.66,200.0,-20000.0,-6.283185307179586,-52.0,1000.0,0.027860180908006474,0.10945680532455443,0.0,3.704328293631188,normal,0.0
0.134,6.495167768409611,-0.028487490001527886,0.2,0.0,99.84,180.0,-20000.0,-6.283185307179586,-51.0,1000.0,0.028487490001527886,0.10938426580429082,0.0,3.604670260834266,normal,0.0
0.135,6.595165794495225,-0.029115804398083787,0.2,0.0,100.0,160.0,-20000.0,-6.283185307179586,-50.0,1000.0,0.029115804398083787,0.10911005735397333,0.0,3.504832231590389,normal,0.0
0.136,6.695163820580839,-0.029744118794639687,0.2,0.0,100.0,140.0,-20000.0,-6.283185307179586,-49.0,1000.0,0.029744118794639687,0.10723525285720828,0.0,3.404834205504775,normal,0.0
0.137,6.795161846666453,-0.030372433191195588,0.2,0.0,100.0,120.0,-20000.0,-6.283185307179586,-48.0,1000.0,0.030372433191195584,0.10503154993057248,0.0,3.304836179419161,normal,0.0
0.138,6.895159872752067,-0.03100074758775149,0.2,0.0,100.0,100.0,-20000.0,-6.283185307179586,-47.0,1000.0,0.03100074758775149,0.10288918018341066,0.0,3.2048381533335473,normal,0.0
0.139,6.995157898837681,-0.031629061984307386,0.2,0.0,100.0,80.0,-20000.0,-6.283185307179586,-46.0,1000.0,0.031629061984307386,0.10080683231353753,0.0,3.1048401272479333,normal,0.0
0.14,7.0951559249232945,-0.03225737638086328,0.2,0.0,100.0,60.0,-20000.0,-6.283185307179586,-45.0,1000.0,0.03225737638086328,0.09875935316085821,0.0,3.0048421011623194,normal,0.0
0.14100000000000001,7.195153951008908,-0.03288569077741918,0.2,0.0,100.0,40.0,-20000.0,-6.283185307179586,-44.0,1000.0,0.03288569077741918,0.096786379814148,0.0,2.9048440750767055,normal,0.0
0.14200000000000002,7.295151977094522,-0.03351400517397508,0.2,0.0,100.0,20.0,-20000.0,-6.283185307179586,-43.0,1000.0,0.03351400517397508,0.09492063522338864,0.0,2.8048460489910916,normal,0.0
0.14300000000000002,7.395150003180136,-0.034142319570530974,0.2,0.0,100.0,0.0,-20000.0,-6.283185307179586,-42.0,1000.0,0.034142319570530974,0.09310901165008541,0.0,2.7048480229054777,normal,0.0
0.14400000000000002,7.495128029660533,-0.03477050830420756,0.2,0.0,99.98,-20.0,-20000.0,-6.283185307179586,-41.0,1000.0,0.03477050830420756,0.0911506150245667,0.0,2.6048499968198637,normal,0.0
0.145,7.595066056930495,-0.035398445712125526,0.2,0.0,99.94,-40.0,-20000.0,-6.283185307179586,-40.0,1000.0,0.035398445712125526,0.08900437774658207,0.0,2.504871970339467,normal,0.0
0.146,7.693257511576347,-0.036015408936178904,0.2,0.0,98.19339289936022,-60.0,-20000.0,-6.283185307179586,-39.0,1000.0,0.036015408936178904,0.06979797032203242,0.0,2.404933943069505,normal,0.0
0.147,7.789428252721738,-0.03661967547577406,0.2,0.0,96.1726395109582,-80.0,-20000.0,-6.283185307179586,-38.0,1000.0,0.03661967547577406,0.0447539367470027,0.0,2.3067424884236534,normal,0.0
0.148,7.883577834103426,-0.03721124252691945,0.2,0.0,94.15143985050443,-100.0,-20000.0,-6.283185307179586,-37.0,1000.0,0.03721124252691945,0.030952155590057377,0.0,2.2105717472782622,normal,0.0
0.149,7.975705789774497,-0.03779010716194573,0.2,0.0,92.12977423393808,-120.0,-20000.0,-6.283185307179586,-36.0,1000.0,0.03779010716194573,0.029144167900085463,0.0,2.116422165896574,normal,0.0
0.15,8.065811632767716,-0.03835626632110727,0.2,0.0,90.10762164052561,-140.0,-20000.0,-6.283185307179586,-35.0,1000.0,0.03835626632110727,0.02738529443740841,0.0,2.024294210225503,normal,0.0
0.151,8.153894853634705,-0.03890971680340339,0.2,0.0,88.08495958867918,-160.0,-20000.0,-6.283185307179586,-34.0,1000.0,0.03890971680340339,0.025816679000854534,0.0,1.9341883672322844,normal,0.0
0.152,8.239954918846141,-0.03945045525652636,0.2,0.0,86.06176399697652,-180.0,-20000.0,-6.283185307179586,-33.0,1000.0,0.03945045525652636,0.024391114711761433,0.0,1.8461051463652947,normal,0.0
0.153,8.323991269036002,-0.03997847816582955,0.2,0.0,84.03800902821021,-200.0,-20000.0,-6.283185307179586,-32.0,1000.0,0.03997847816582955,0.023096382617950377,0.0,1.7600450811538586,normal,0.0
0.154,8.406003317070343,-0.040493781842193065,0.2,0.0,82.01366691391198,-220.0,-20000.0,-6.283185307179586,-31.0,1000.0,0.040493781842193065,0.021844029426574714,0.0,1.6760087309639982,normal,0.0
0.155,8.485990445918072,-0.04099636240864516,0.2,0.0,79.98870775633729,-240.0,-20000.0,-6.283185307179586,-30.0,1000.0,0.04099636240864516,0.020659923553466745,0.0,1.5939966829296566,normal,0.0
0.156,8.563952006297574,-0.04148621578557548,0.2,0.0,77.96309930433641,-260.0,-20000.0,-6.283185307179586,-29.0,1000.0,0.04148621578557548,0.019580662250518764,0.0,1.5140095540819285,normal,0.0
0.157,8.573951808906136,-0.04154904722523107,0.2,0.0,10.0,-280.0,-20000.0,-6.283185307179586,-28.0,1000.0,0.04154904722523107,0.018594264984130856,1.0,1.4360479937024255,corner,1.0
0.158,8.583691616646874,-0.04161024504745561,0.2,0.0,9.74,-260.0,20000.0,-6.283185307179586,-27.0,1000.0,0.04161024504745561,0.01043360004425042,1.0,1.426048191093864,corner,1.0
0.159,8.593191429125007,-0.04166993491512842,0.2,0.0,9.5,-240.0,20000.0,-6.283185307179586,-26.0,1000.0,0.04166993491512842,0.012886648178100518,1.0,1.416308383353126,corner,1.0
0.16,8.602471245945752,-0.04172824249112881,0.2,0.0,9.28,-220.0,20000.0,-6.283185307179586,-25.0,1000.0,0.04172824249112881,0.015142795753478962,1.0,1.4068085708749933,corner,1.0
0.161,8.611551066714325,-0.041785293438336084,0.2,0.0,9.08,-200.0,20000.0,-6.283185307179586,-24.0,1000.0,0.041785293438336084,0.01720216197967535,1.0,1.3975287540542478,corner,1.0
0.162,8.620450891035945,-0.04184121341962956,0.2,0.0,8.9,-180.0,20000.0,-6.283185307179586,-23.0,1000.0,0.04184121341962956,0.01906593894958502,1.0,1.3884489332856749,corner,1.0
0.163,8.629190718515828,-0.04189612809788855,0.2,0.0,8.74,-160.0,20000.0,-6.283185307179586,-22.0,1000.0,0.04189612809788855,0.02073627243041995,1.0,1.3795491089640546,corner,1.0
0.164,8.63779054875919,-0.041950163135992355,0.2,0.0,8.6,-140.0,20000.0,-6.283185307179586,-21.0,1000.0,0.041950163135992355,0.02221036100387576,1.0,1.3708092814841724,corner,1.0
0.165,8.64627038137125,-0.0420034441968203,0.2,0.0,8.48,-120.0,20000.0,-6.283185307179586,-20.0,1000.0,0.0420034441968203,0.023487012577056838,1.0,1.36220945124081,corner,1.0
0.166,8.654650215957226,-0.04205609694325168,0.2,0.0,8.38,-100.0,20000.0,-6.283185307179586,-19.0,1000.0,0.04205609694325168,0.02456867094039914,1.0,1.3537296186287495,corner,1.0
0.167,8.662950052122332,-0.04210824703816582,0.2,0.0,8.3,-80.0,20000.0,-6.283185307179586,-18.0,1000.0,0.04210824703816582,0.025454561233520516,1.0,1.3453497840427744,corner,1.0
0.168,8.671189889471787,-0.04216002014444203,0.2,0.0,8.24,-60.0,20000.0,-6.283185307179586,-17.0,1000.0,0.04216002014444203,0.026144921875000046,1.0,1.3370499478776683,corner,1.0
0.169,8.679389727610808,-0.042211541924959614,0.2,0.0,8.200000000000001,-40.0,20000.0,-6.283185307179586,-16.0,1000.0,0.042211541924959614,0.026639991283416677,1.0,1.328810110528213,corner,1.0
0.17,8.68756956614461,-0.04226293804259788,0.2,0.0,8.180000000000001,-20.0,20000.0,-6.283185307179586,-15.0,1000.0,0.04226293804259788,0.0269400078773498,1.0,1.3206102723891924,corner,1.0
0.171,8.695749404678413,-0.04231433416023615,0.2,0.0,8.180000000000001,0.0,20000.0,-6.283185307179586,-14.0,1000.0,0.04231433416023615,0.027045269680023236,1.0,1.3124304338553898,corner,1.0
0.17200000000000001,8.703949242817433,-0.04236585594075374,0.2,0.0,8.200000000000001,20.0,20000.0,-6.283185307179586,-13.0,1000.0,0.04236585594075374,0.02695595550537106,1.0,1.3042505953215873,corner,1.0
0.17300000000000001,8.712189080166889,-0.04241762904702995,0.2,0.0,8.24,40.0,20000.0,-6.283185307179586,-12.0,1000.0,0.04241762904702994,0.02667248258590701,1.0,1.2960507571825666,corner,1.0
0.17400000000000002,8.720488916331995,-0.04246977914194409,0.2,0.0,8.3,60.0,20000.0,-6.283185307179586,-11.0,1000.0,0.04246977914194408,0.026195089340210014,1.0,1.2878109198331114,corner,1.0
0.17500000000000002,8.72886875091797,-0.04252243188837547,0.2,0.0,8.38,80.0,20000.0,-6.283185307179586,-10.0,1000.0,0.04252243188837547,0.025524133396148653,1.0,1.2795110836680053,corner,1.0
0.176,8.73734858353003,-0.04257571294920341,0.2,0.0,8.48,100.0,20000.0,-6.283185307179586,-9.0,1000.0,0.04257571294920341,0.024656336498260517,1.0,1.2711312490820301,corner,1.0
0.177,8.745948413773393,-0.04262974798730722,0.2,0.0,8.6,120.0,20000.0,-6.283185307179586,-8.0,1000.0,0.042629747987307225,0.02357620143890376,1.0,1.2626514164699696,corner,1.0
0.178,8.754688241253275,-0.042684662665566205,0.2,0.0,8.74,140.0,20000.0,-6.283185307179586,-7.0,1000.0,0.042684662665566205,0.022302324867248546,1.0,1.2540515862266073,corner,1.0
0.179,8.763588065574895,-0.04274058264685968,0.2,0.0,8.9,160.0,20000.0,-6.283185307179586,-6.0,1000.0,0.04274058264685968,0.020835124015808067,1.0,1.245311758746725,corner,1.0
0.18,8.772667886343468,-0.04279763359406696,0.2,0.0,9.08,180.0,20000.0,-6.283185307179586,-5.0,1000.0,0.04279763359406696,0.019174956512451168,1.0,1.2364119344251048,corner,1.0
0.181,8.781947703164214,-0.042855941170067344,0.2,0.0,9.28,200.0,20000.0,-6.283185307179586,-4.0,1000.0,0.042855941170067344,0.017322299194335894,1.0,1.2273321136565318,corner,1.0
0.182,8.791447515642346,-0.042915631037740154,0.2,0.0,9.5,220.0,20000.0,-6.283185307179586,-3.0,1000.0,0.042915631037740154,0.01527750968933108,1.0,1.2180522968357863,corner,1.0
0.183,8.801187323383084,-0.0429768288599647,0.2,0.0,9.74,240.0,20000.0,-6.283185307179586,-2.0,1000.0,0.0429768288599647,0.013041064834594782,1.0,1.2085524843576536,corner,1.0
0.184,8.811187125991646,-0.04303966029962029,0.2,0.0,10.0,259.9999999999998,19999.99999999977,-6.283185307179586,-1.0,1000.0,0.04303966029962028,0.01061344146728519,1.0,1.1988126766169156,corner,1.0
0.185,8.821186928600207,-0.043102491739275876,0.2,0.0,10.0,239.99999999999977,-20000.0,-6.283185307179586,0.0,1000.0,0.043102491739275876,0.010795354843139711,1.0,1.1888128740083541,corner,1.0
0.186,8.831186731271595,-0.04316531317912883,0.2,0.0,10.0,219.99999999999977,-20000.0,-6.282185307179586,1.0,1000.0,0.04316531317912883,0.010482419916527125,1.0,1.1788130713997926,corner,1.0
0.187,8.841186534068605,-0.043228114619376305,0.2,0.0,10.0,199.99999999999977,-20000.0,-6.280185307179586,2.0,1000.0,0.043228114619376305,0.010016707743813913,1.0,1.168813268728405,corner,1.0
0.188,8.851186337053974,-0.04329088606021511,0.2,0.0,10.0,179.99999999999977,-20000.0,-6.277185307179586,3.0,1000.0,0.04329088606021511,0.0093972050460384,1.0,1.1588134659313951,corner,1.0
0.189,8.86118614029035,-0.043353617501841475,0.2,0.0,10.0,159.99999999999977,-20000.0,-6.2731853071795864,4.0,1000.0,0.043353617501841475,0.008625044311451734,1.0,1.1488136629460257,corner,1.0
0.19,8.871185943840258,-0.04341629894445088,0.2,0.0,10.0,139.99999999999977,-20000.0,-6.2681853071795866,5.0,1000.0,0.04341629894445088,0.0076993910750265985,1.0,1.13881385970965,corner,1.0
0.191,8.881185747766075,-0.04347892038823785,0.2,0.0,10.0,119.99999999999977,-20000.0,-6.262185307179586,6.0,1000.0,0.04347892038823785,0.0066201261274738,1.0,1.128814056159742,corner,1.0
0.192,8.891185552129997,-0.04354147183339581,0.2,0.0,10.0,99.99999999999977,-20000.0,-6.255185307179587,7.0,1000.0,0.043541471833395816,0.005387011050214105,1.0,1.1188142522339248,corner,1.0
0.193,8.901185356994011,-0.04360394328011685,0.2,0.0,10.0,79.99999999999977,-20000.0,-6.247185307179587,8.0,1000.0,0.04360394328011685,0.003999867029313159,1.0,1.108814447870003,corner,1.0
0.194,8.911185162419862,-0.04366632472859159,0.2,0.0,10.0,59.99999999999977,-20000.0,-6.238185307179586,9.0,1000.0,0.043666324728591596,0.0024585152508366077,1.0,1.0988146430059889,corner,1.0
0.195,8.921184968469028,-0.04372860617900895,0.2,0.0,10.0,39.99999999999977,-20000.0,-6.2281853071795865,10.0,1000.0,0.04372860617900894,0.0007581873432026034,1.0,1.0888148375801379,corner,1.0
0.196,8.931184775078322,-0.04379079763116935,0.2,0.0,10.0,19.999999999999773,-20000.0,-6.219185307179586,9.0,-1000.0,0.04379079763116935,0.0007931184109513717,1.0,1.0788150315309721,corner,1.0
0.197,8.941184582184826,-0.04385290908487489,0.2,0.0,10.0,0.0,-19999.99999999977,-6.211185307179586,8.0,-1000.0,0.04385290908487488,0.0021803816411419346,1.0,1.0688152249216785,corner,1.0
0.198,8.951184389725867,-0.04391495053992916,0.2,0.0,10.0,0.0,0.0,-6.2041853071795865,7.0,-1000.0,0.04391495053992916,0.0034037811613031573,1.0,1.0588154178151736,corner,1.0
0.199,8.961184197638977,-0.043976931996137066,0.2,0.0,10.0,0.0,0.0,-6.198185307179586,6.0,-1000.0,0.04397693199613707,0.004351081425323328,1.0,1.0488156102741328,corner,1.0
0.2,8.971184005861868,-0.044038863453304634,0.2,0.0,10.0,0.0,0.0,-6.193185307179586,5.0,-1000.0,0.044038863453304634,0.0051395247694753805,1.0,1.0388158023610234,corner,1.0
0.201,8.981183814332406,-0.04410075491123881,0.2,0.0,10.0,0.0,0.0,-6.189185307179587,4.0,-1000.0,0.04410075491123881,0.005769170798404193,1.0,1.0288159941381316,corner,1.0
0.202,8.991183622988572,-0.0441626163697473,0.2,0.0,10.0,0.0,0.0,-6.186185307179587,3.0,-1000.0,0.0441626163697473,0.006240019512109767,1.0,1.0188161856675944,corner,1.0
0.203,9.001183431768442,-0.04422445782863835,0.2,0.0,10.0,0.0,0.0,-6.184185307179587,2.0,-1000.0,0.04422445782863834,0.0065521305152369804,1.0,1.0088163770114278,corner,1.0
0.20400000000000001,9.01118324061015,-0.04428628928772059,0.2,0.0,10.0,0.0,0.0,-6.183185307179587,1.0,-1000.0,0.04428628928772059,0.0067053249938513375,1.0,0.9988165682315575,corner,1.0
0.20500000000000002,9.021183049451857,-0.04434812074680283,0.2,0.0,10.0,0.0,0.0,-6.183185307179587,0.0,-1000.0,0.04434812074680283,0.006699424134018626,1.0,0.9888167593898505,corner,1.0
0.20600000000000002,9.031182858231727,-0.04440996220569388,0.2,0.0,10.0,0.0,0.0,-6.184185307179587,-1.0,-1000.0,0.04440996220569388,0.0065347259589625326,1.0,0.9788169505481434,corner,1.0
0.20700000000000002,9.041182666887893,-0.04447182366420237,0.2,0.0,10.0,0.0,0.0,-6.186185307179587,-2.0,-1000.0,0.04447182366420237,0.006211230468683342,1.0,0.9688171417682732,corner,1.0
0.20800000000000002,9.05118247535843,-0.044533715122136545,0.2,0.0,10.0,0.0,0.0,-6.189185307179587,-3.0,-1000.0,0.044533715122136545,0.005730546988589679,1.0,0.9588173331121066,corner,1.0
0.209,9.061182283581322,-0.044595646579304114,0.2,0.0,10.0,0.0,0.0,-6.193185307179586,-4.0,-1000.0,0.044595646579304114,0.005089814495732719,1.0,0.9488175246415693,corner,1.0
0.21,9.071182091494432,-0.04465762803551202,0.2,0.0,10.0,0.0,0.0,-6.198185307179586,-5.0,-1000.0,0.04465762803551202,0.004290403896941995,1.0,0.9388177164186775,corner,1.0
0.211,9.081181899035473,-0.04471966949056629,0.2,0.0,10.0,0.0,0.0,-6.2041853071795865,-6.0,-1000.0,0.044719669490566286,0.003332136378283153,1.0,0.9288179085055681,corner,1.0
0.212,9.091181706141978,-0.04478178094427183,0.2,0.0,10.0,0.0,0.0,-6.211185307179586,-7.0,-1000.0,0.04478178094427183,0.002215071544401213,1.0,0.9188181009645273,corner,1.0
0.213,9.101181512751271,-0.04484397239643223,0.2,0.0,10.0,0.0,0.0,-6.219185307179586,-8.0,-1000.0,0.04484397239643224,0.0009392093952958918,1.0,0.9088182938580225,corner,1.0
0.214,9.111181318924979,-0.044906233847237374,0.2,0.0,10.0,0.0,0.0,-6.226185307179586,-7.0,1000.0,0.044906233847237374,0.00017714018284877147,1.0,0.8988184872487288,corner,1.0
0.215,9.12118112472494,-0.04496855529687844,0.2,0.0,10.0,0.0,0.0,-6.232185307179586,-6.0,1000.0,0.04496855529687843,0.0011347520504150746,1.0,0.8888186810750209,corner,1.0
0.216,9.131180930213167,-0.04503092674554772,0.2,0.0,10.0,0.0,0.0,-6.237185307179586,-5.0,1000.0,0.04503092674554772,0.0019335069981134005,1.0,0.8788188752750603,corner,1.0
0.217,9.14118073545183,-0.045093338193438456,0.2,0.0,10.0,0.0,0.0,-6.2411853071795855,-4.0,1000.0,0.045093338193438456,0.0025735242352330837,1.0,0.8688190697868325,corner,1.0
0.218,9.151180540503212,-0.045155779640744624,0.2,0.0,10.0,0.0,0.0,-6.244185307179586,-3.0,1000.0,0.045155779640744624,0.003054744157129669,1.0,0.8588192645481705,corner,1.0
0.219,9.161180345429692,-0.045218241087660774,0.2,0.0,10.0,0.0,0.0,-6.246185307179585,-2.0,1000.0,0.04521824108766078,0.0033771667638028734,1.0,0.8488194594967879,corner,1.0
0.22,9.171180150293706,-0.04528071253438182,0.2,0.0,10.0,0.0,0.0,-6.247185307179586,-1.0,1000.0,0.04528071253438182,0.0035407920552529798,1.0,0.8388196545703082,corner,1.0
0.221,9.18117995515772,-0.04534318398110286,0.2,0.0,10.0,0.0,0.0,-6.247185307179586,0.0,1000.0,0.04534318398110286,0.003545679636124585,1.0,0.828819849706294,corner,1.0
0.222,9.1911797600842,-0.04540564542801901,0.2,0.0,10.0,0.0,0.0,-6.246185307179585,1.0,1000.0,0.04540564542801901,0.0033917102971280713,1.0,0.8188200448422798,corner,1.0
0.223,9.201179565135583,-0.04546808687532518,0.2,0.0,10.0,0.0,0.0,-6.244185307179586,2.0,1000.0,0.045468086875325185,0.00307894364290846,1.0,0.8088202399158,corner,1.0
0.224,9.211179370374245,-0.045530498323215915,0.2,0.0,10.0,0.0,0.0,-6.2411853071795855,3.0,1000.0,0.04553049832321592,0.002607439278110206,1.0,0.7988204348644175,corner,1.0
0.225,9.221179175862472,-0.045592869771885196,0.2,0.0,10.0,0.0,0.0,-6.237185307179586,4.0,1000.0,0.045592869771885196,0.0019774952259575627,1.0,0.7888206296257554,corner,1.0
0.226,9.231178981662433,-0.04565519122152626,0.2,0.0,10.0,0.0,0.0,-6.232185307179586,5.0,1000.0,0.04565519122152626,0.0011887538585816802,1.0,0.7788208241375276,corner,1.0
0.227,9.24117878783614,-0.045717452672331405,0.2,0.0,10.0,0.0,0.0,-6.226185307179586,6.0,1000.0,0.045717452672331405,0.00024121517598241725,1.0,0.768821018337567,corner,1.0
0.228,9.251178594321033,-0.0457796641241049,0.2,0.0,10.0,0.0,0.0,-6.221185307179586,5.0,-1000.0,0.04577966412410489,0.0005482414471308835,1.0,0.7588212121638591,corner,1.0
0.229,9.26117840105469,-0.04584183557665195,0.2,0.0,10.0,0.0,0.0,-6.217185307179586,4.0,-1000.0,0.04584183557665195,0.0011778278714149586,1.0,0.7488214056789673,corner,1.0
0.23,9.271178207974815,-0.04590397702977853,0.2,0.0,10.0,0.0,0.0,-6.214185307179586,3.0,-1000.0,0.04590397702977853,0.001648557375831057,1.0,0.7388215989453109,corner,1.0
0.231,9.281178015019204,-0.04596609848329114,0.2,0.0,10.0,0.0,0.0,-6.2121853071795865,2.0,-1000.0,0.04596609848329114,0.0019604895650237745,1.0,0.7288217920251849,corner,1.0
0.232,9.291177822125709,-0.046028209936996675,0.2,0.0,10.0,0.0,0.0,-6.211185307179586,1.0,-1000.0,0.046028209936996675,0.002113624438993394,1.0,0.7188219849807957,corner,1.0
0.233,9.301177629232214,-0.04609032139070221,0.2,0.0,10.0,0.0,0.0,-6.211185307179586,0.0,-1000.0,0.04609032139070221,0.002108021602384512,1.0,0.7088221778742909,corner,1.0
0.234,9.311177436276603,-0.04615244284421482,0.2,0.0,10.0,0.0,0.0,-6.2121853071795865,-1.0,-1000.0,0.04615244284421482,0.0019435618459076529,1.0,0.6988223707677861,corner,1.0
0.23500000000000001,9.321177243196729,-0.0462145842973414,0.2,0.0,10.0,0.0,0.0,-6.214185307179586,-2.0,-1000.0,0.0462145842973414,0.0016203643788522924,1.0,0.6888225637233969,corner,1.0
0.23600000000000002,9.331177049930385,-0.04627675574988845,0.2,0.0,10.0,0.0,0.0,-6.217185307179586,-3.0,-1000.0,0.04627675574988845,0.0011383695965735512,1.0,0.678822756803271,corner,1.0
0.23700000000000002,9.341176856415277,-0.046338967201661946,0.2,0.0,10.0,0.0,0.0,-6.221185307179586,-4.0,-1000.0,0.04633896720166194,0.0004975774990718532,1.0,0.6688229500696146,corner,1.0
0.23800000000000002,9.351176662707092,-0.04640120968061159,0.2,0.0,10.0,0.0,0.0,-6.224288084868155,-3.102777688568814,897.2223114311859,0.04640120968061159,0.0,1.0,0.6588231435847227,corner,1.0
0.23900000000000002,9.361176468868003,-0.04646347318693066,0.2,0.0,10.0,0.0,0.0,-6.226390862556723,-2.102777688568814,1000.0,0.04646347318693066,0.00033878018384847253,1.0,0.6488233372929084,corner,1.0
0.24,9.371176274960243,-0.04652574772081281,0.2,0.0,10.0,0.0,0.0,-6.227493640245292,-1.102777688568814,1000.0,0.04652574772081281,0.0005188226571187262,1.0,0.6388235311319974,corner,1.0
0.241,9.381176081046084,-0.04658802328245192,0.2,0.0,10.0,0.0,0.0,-6.227596417933861,-0.10277768856881409,1000.0,0.04658802328245192,0.0005400678151654579,1.0,0.6288237250397568,corner,1.0
0.242,9.391175887187796,-0.04665028987204188,0.2,0.0,10.0,0.0,0.0,-6.22669919562243,0.8972223114311859,1000.0,0.04665028987204188,0.00040251565798923297,1.0,0.6188239189539164,corner,1.0
0.243,9.401175693447623,-0.0467125374897764,0.2,0.0,10.0,0.0,0.0,-6.224801973310999,1.897222311431186,1000.0,0.0467125374897764,0.00010616618558962742,1.0,0.6088241128122043,corner,1.0
0.244,9.411175499763297,-0.04677477613546161,0.2,0.0,10.0,0.0,0.0,-6.223904750999568,0.8972223114311859,-1000.0,0.04677477613546161,3.0551506559844994e-05,1.0,0.5988243065523768,corner,1.0
0.245,9.421175306072573,-0.0468370158089038,0.2,0.0,10.0,0.0,0.0,-6.224007528688137,-0.10277768856881409,-1000.0,0.0468370158089038,8.173860262248016e-06,1.0,0.5888245002367025,corner,1.0
0.246,9.431175112380869,-0.046899255640140046,0.2,0.0,10.0,0.0,0.0,-6.224023308399152,-0.015779711015184716,86.99797755362937,0.046899255640140046,0.0,1.0,0.5788246939274266,corner,1.0
0.247,9.441174918691377,-0.0469614951156015,0.2,0.0,10.0,0.0,0.0,-6.223987730231464,0.035578167688399276,51.35787870358399,0.0469614951156015,0.0,1.0,0.5688248876191313,corner,1.0
0.248,9.451174725004124,-0.04702373423154317,0.2,0.0,10.0,0.0,0.0,-6.223951777556748,0.03595267471556696,0.3745070271676809,0.04702373423154318,0.0,1.0,0.5588250813086226,corner,1.0
0.249,9.461174531318363,-0.04708597310780499,0.2,0.0,10.0,0.0,0.0,-6.223927809106938,0.02396844981067403,-11.984224904892926,0.04708597310780499,0.0,1.0,0.5488252749958757,corner,1.0
0.25,9.471174337634675,-0.04714821165076201,0.2,0.0,10.0,0.0,0.0,-6.223894477981419,0.03333112551828776,9.362675707613732,0.047148211650762,0.0,1.0,0.5388254686816367,corner,1.0
0.251,9.481174143953085,-0.04721044985666923,0.2,0.0,10.0,0.0,0.0,-6.223860772348873,0.03370563254634362,0.37450702805585934,0.04721044985666923,0.0,1.0,0.5288256623653247,corner,1.0
0.252,9.491173950273593,-0.04727268772552665,0.2,0.0,10.0,0.0,0.0,-6.223827066716327,0.03370563254634362,0.0,0.04727268772552665,0.0,1.0,0.5188258560469148,corner,1.0
0.253,9.501173756596199,-0.04733492525733428,0.2,0.0,10.0,0.0,0.0,-6.22379336108378,0.03370563254634362,0.0,0.04733492525733428,0.0,1.0,0.508826049726407,corner,1.0
0.254,9.511173562920902,-0.047397162452092106,0.2,0.0,10.0,0.0,0.0,-6.223759655451234,0.03370563254634362,0.0,0.047397162452092106,0.0,1.0,0.49882624340380133,corner,1.0
0.255,9.521173369247704,-0.047459399309800136,0.2,0.0,10.0,0.0,0.0,-6.223725949818688,0.03370563254634362,0.0,0.047459399309800136,0.0,1.0,0.4888264370790978,corner,1.0
0.256,9.531173175576603,-0.04752163583045837,0.2,0.0,10.0,0.0,0.0,-6.223692244186141,0.03370563254634362,0.0,0.04752163583045837,0.0,1.0,0.47882663075229637,corner,1.0
0.257,9.541172981907623,-0.047583872010321805,0.2,0.0,10.0,0.0,0.0,-6.223658164046567,0.03408013957439948,0.37450702805585934,0.047583872010321805,0.0,1.0,0.46882682442339707,corner,1.0
0.258,9.551172788240741,-0.047646107853135444,0.2,0.0,10.0,0.0,0.0,-6.223624458414021,0.03370563254634362,-0.37450702805585934,0.047646107853135444,0.0,1.0,0.4588270180923768,corner,1.0
0.259,9.561172594575957,-0.047708343358899286,0.2,0.0,10.0,0.0,0.0,-6.223590752781474,0.03370563254634362,0.0,0.04770834335889928,0.0,1.0,0.44882721175925866,corner,1.0
0.26,9.571172400913271,-0.04777057852761333,0.2,0.0,10.0,0.0,0.0,-6.223557047148928,0.03370563254634362,0.0,0.04777057852761333,0.0,1.0,0.43882740542404264,corner,1.0
0.261,9.581172207252706,-0.04783281335553258,0.2,0.0,10.0,0.0,0.0,-6.2235229670093535,0.03408013957439948,0.37450702805585934,0.04783281335553258,0.0,1.0,0.42882759908672874,corner,1.0
0.262,9.591172013594239,-0.04789504784640203,0.2,0.0,10.0,0.0,0.0,-6.223489261376807,0.03370563254634362,-0.37450702805585934,0.047895047846402035,0.0,1.0,0.41882779274729387,corner,1.0
0.263,9.601171819937893,-0.04795728199647668,0.2,0.0,10.0,0.0,0.0,-6.223455181237233,0.03408013957439948,0.37450702805585934,0.04795728199647669,0.0,1.0,0.4088279864057611,corner,1.0
0.264,9.61117162628369,-0.048019515802011546,0.2,0.0,10.0,0.0,0.0,-6.223420726590629,0.03445464660334352,0.37450702894403776,0.048019515802011546,0.0,1.0,0.3988281800621074,corner,1.0
0.265,9.621171432631748,-0.04808174924428163,0.2,0.0,10.0,0.0,0.0,-6.223384399408885,0.036327181744510995,1.872535141167475,0.04808174924428163,0.0,1.0,0.3888283737163096,corner,1.0
0.266,9.631171238982066,-0.04814398232328693,0.2,0.0,10.0,0.0,0.0,-6.223348072227141,0.036327181743622816,-8.881784197001252e-10,0.04814398232328693,0.0,1.0,0.3788285673682523,corner,1.0
0.267,9.64117104533467,-0.04820621503528245,0.2,0.0,10.0,0.0,0.0,-6.223311370538368,0.03670168877345503,0.3745070298322162,0.04820621503528245,0.0,1.0,0.3688287610179337,corner,1.0
0.268,9.651170851689534,-0.048268447384013174,0.2,0.0,10.0,0.0,0.0,-6.223275043356624,0.036327181743622816,-0.3745070298322162,0.048268447384013174,0.0,1.0,0.3588289546653307,corner,1.0
0.269,9.661170658045911,-0.04833067948931905,0.2,0.0,10.0,0.0,0.0,-6.223250700399785,0.02434295683961807,-11.984224904004748,0.04833067948931905,0.0,1.0,0.3488291483104664,corner,1.0
0.27,9.67117046440441,-0.048392911253830134,0.2,0.0,10.0,0.0,0.0,-6.22321662026021,0.03408013957439948,9.737182734781413,0.048392911253830134,0.0,1.0,0.33882934195408865,corner,1.0
0.271,9.68117027076503,-0.04845514267754642,0.2,0.0,10.0,0.0,0.0,-6.223182540120636,0.03408013957439948,0.0,0.04845514267754642,0.0,1.0,0.3288295355955899,corner,1.0
0.272,9.69117007712777,-0.04851737376046791,0.2,0.0,10.0,0.0,0.0,-6.223148459981061,0.03408013957439948,0.0,0.04851737376046791,0.0,1.0,0.3188297292349702,corner,1.0
0.273,9.701169883492655,-0.048579604498849606,0.2,0.0,10.0,0.0,0.0,-6.223114005334458,0.03445464660334352,0.37450702894403776,0.048579604498849606,0.0,1.0,0.30882992287222955,corner,1.0
0.274,9.711169689859661,-0.0486418348964365,0.2,0.0,10.0,0.0,0.0,-6.223079925194884,0.03408013957439948,-0.37450702894403776,0.0486418348964365,0.0,1.0,0.2988301165073448,corner,1.0
0.275,9.72116949622881,-0.04870406494948361,0.2,0.0,10.0,0.0,0.0,-6.22304547054828,0.03445464660334352,0.37450702894403776,0.04870406494948361,0.0,1.0,0.2888303101403391,corner,1.0
0.276,9.731169302600104,-0.04876629465799092,0.2,0.0,10.0,0.0,0.0,-6.223011015901678,0.03445464660245534,-8.881784197001252e-10,0.04876629465799093,0.0,1.0,0.27883050377118934,corner,1.0
0.277,9.74116910897352,-0.04882852402570343,0.2,0.0,10.0,0.0,0.0,-6.222976935762103,0.03408013957439948,-0.37450702805585934,0.04882852402570343,0.0,1.0,0.2688306973998955,corner,1.0
0.278,9.751168915349078,-0.04889075304887615,0.2,0.0,10.0,0.0,0.0,-6.2229424811155,0.03445464660334352,0.37450702894403776,0.04889075304887615,0.0,1.0,0.2588308910264807,corner,1.0
0.279,9.761168721726781,-0.04895298172750907,0.2,0.0,10.0,0.0,0.0,-6.222908026468898,0.03445464660245534,-8.881784197001252e-10,0.04895298172750907,0.0,1.0,0.24883108465092185,corner,1.0
0.28,9.771168528106628,-0.0490152100616022,0.2,0.0,10.0,0.0,0.0,-6.222873571822294,0.03445464660334352,8.881784197001252e-10,0.0490152100616022,0.0,1.0,0.23883127827321893,corner,1.0
0.281,9.781168334488619,-0.04907743805115553,0.2,0.0,10.0,0.0,0.0,-6.222839117175692,0.03445464660245534,-8.881784197001252e-10,0.04907743805115553,0.0,1.0,0.22883147189337194,corner,1.0
0.28200000000000003,9.791168140872754,-0.04913966569616907,0.2,0.0,10.0,0.0,0.0,-6.2228046625290885,0.03445464660334352,8.881784197001252e-10,0.04913966569616907,0.0,1.0,0.2188316655113809,corner,1.0
0.28300000000000003,9.801167947259056,-0.04920189299289782,0.2,0.0,10.0,0.0,0.0,-6.222769833375457,0.03482915363139938,0.37450702805585934,0.04920189299289781,0.0,1.0,0.20883185912724578,corner,1.0
0.28400000000000003,9.811167753647503,-0.04926411994508677,0.2,0.0,10.0,0.0,0.0,-6.222735378728855,0.03445464660245534,-0.37450702894403776,0.04926411994508677,0.0,1.0,0.1988320527409435,corner,1.0
0.28500000000000003,9.821167560038257,-0.04932634652652094,0.2,0.0,10.0,0.0,0.0,-6.222698302533054,0.03707619580062271,2.621549198167372,0.04932634652652094,0.0,1.0,0.18883224635249718,corner,1.0
0.28600000000000003,9.831167366431318,-0.04938857273720033,0.2,0.0,10.0,0.0,0.0,-6.2226612263372525,0.03707619580151089,8.881784197001252e-10,0.04938857273720033,0.0,1.0,0.17883243996174336,corner,1.0
0.28700000000000003,9.841167172826687,-0.049450798577124935,0.2,0.0,10.0,0.0,0.0,-6.222624150141452,0.03707619580062271,-8.881784197001252e-10,0.049450798577124935,0.0,1.0,0.16883263356868206,corner,1.0
0.28800000000000003,9.851166979224361,-0.04951302404629476,0.2,0.0,10.0,0.0,0.0,-6.22258707394565,0.03707619580151089,8.881784197001252e-10,0.04951302404629476,0.0,1.0,0.15883282717331326,corner,1.0
0.289,9.861166785623574,-0.04957524926829474,0.2,0.0,10.0,0.0,0.0,-6.222562356481784,0.02471746386678575,-12.358731934725142,0.04957524926829474,0.0,1.0,0.14883302077563876,corner,1.0
0.29,9.871166592024954,-0.049637474142009926,0.2,0.0,10.0,0.0,0.0,-6.222527527328152,0.03482915363139938,10.11168976461363,0.049637474142009926,0.0,1.0,0.13883321437642593,corner,1.0
0.291,9.881166398428478,-0.049699698671185316,0.2,0.0,10.0,0.0,0.0,-6.22249307268155,0.03445464660245534,-0.37450702894403776,0.04969969867118531,0.0,1.0,0.12883340797504594,corner,1.0
0.292,9.89116620483417,-0.04976192285207591,0.2,0.0,10.0,0.0,0.0,-6.222458243527918,0.03482915363139938,0.37450702894403776,0.04976192285207591,0.0,1.0,0.1188336015715219,corner,1.0
0.293,9.901166011242028,-0.049824146684681714,0.2,0.0,10.0,0.0,0.0,-6.222423414374287,0.03482915363139938,0.0,0.049824146684681714,0.0,1.0,0.1088337951658307,corner,1.0
0.294,9.911165817652053,-0.04988637016900272,0.2,0.0,10.0,0.0,0.0,-6.2223885852206555,0.03482915363139938,0.0,0.04988637016900272,0.0,1.0,0.09883398875797234,corner,1.0
0.295,9.921165624064246,-0.04994859330503893,0.2,0.0,10.0,0.0,0.0,-6.222353756067025,0.0348291536305112,-8.881784197001252e-10,0.04994859330503893,0.0,1.0,0.08883418234794682,corner,1.0
0.296,9.931165430478629,-0.050010816089045354,0.2,0.0,10.0,0.0,0.0,-6.222318552406365,0.03520366066034342,0.3745070298322162,0.05001081608904536,0.0,1.0,0.07883437593575415,corner,1.0
0.297,9.941165236895179,-0.05007303852476698,0.2,0.0,10.0,0.0,0.0,-6.222283723252734,0.0348291536305112,-0.3745070298322162,0.05007303852476697,0.0,1.0,0.06883456952137124,corner,1.0
0.298,9.951165043313896,-0.050135260612203816,0.2,0.0,10.0,0.0,0.0,-6.222248894099103,0.03482915363139938,8.881784197001252e-10,0.050135260612203816,0.0,1.0,0.058834763104821164,corner,1.0
0.299,9.961164849734805,-0.05019748234761086,0.2,0.0,10.0,0.0,0.0,-6.222213690438443,0.03520366065945524,0.37450702805585934,0.05019748234761086,0.0,1.0,0.048834956686103936,corner,1.0
0.3,9.971164656157882,-0.050259703734733104,0.2,0.0,10.0,0.0,0.0,-6.222178861284812,0.03482915363139938,-0.37450702805585934,0.050259703734733104,0.0,1.0,0.038835150265194684,corner,1.0
0.301,9.981164462583148,-0.05032192476982556,0.2,0.0,10.0,0.0,0.0,-6.2221436576241524,0.03520366065945524,0.37450702805585934,0.05032192476982556,0.0,1.0,0.028835343842118277,corner,1.0
0.302,9.991040950317192,-0.05038337814070131,0.2,0.0,9.876678919429992,-20.0,-20000.0,-6.222108453963493,0.03520366065945524,0.0,0.05038337814070131,0.0,1.0,0.018835537416851622,corner,1.0
0.303,9.998659387683908,-0.050430787325211016,0.2,0.0,7.618584877871902,-40.0,-20000.0,-6.222873571822294,-0.7651178588012897,-800.3215194607449,0.05043078732521102,0.0,1.0,0.008959049682808029,corner,1.0
0.304,9.998692060229061,-0.04518026177253847,0.2,0.0,5.250627207722342,-60.0,-20000.0,-6.222638689681095,0.23488214119871031,1000.0,0.04518026177253847,0.0031427635635303736,1.0,0.0013406123160919492,corner,1.0
0.305,9.99872448785694,-0.03996973547025321,0.2,0.0,5.210627207722342,-40.0,20000.0,-6.2234038075398965,-0.7651178588012897,-1000.0,0.03996973547025321,0.0005517974681761505,1.0,0.001307939770939015,corner,1.0
0.306,9.998756795873724,-0.03477920881088627,0.2,0.0,5.1906272077223425,-20.0,20000.0,-6.22433939233103,-0.9355847911338699,-170.46693233258026,0.03477920881088627,0.00035144063807508453,1.0,0.001275512143060098,corner,1.0
0.307,9.99878910355616,-0.02958868214943821,0.2,0.0,5.1906272077223425,0.0,20000.0,-6.224274977122164,0.06441520886613006,1000.0,0.02958868214943821,0.0003548415201264546,1.0,0.0012432041262755433,corner,1.0
0.308,9.998821470158633,-0.024387800013827718,0.2,0.0,5.20098284802671,10.35564030436742,10355.64030436742,-6.223210561913298,1.06441520886613,1000.0,0.024387800013827718,0.00010131735457653849,1.0,0.0012108964438404257,corner,1.0
0.309,9.99885375334663,-0.01919937886945771,0.2,0.0,5.188521578983078,-9.64435969563258,-20000.0,-6.222079991429343,1.1305704839550401,66.15527508891006,0.01919937886945771,0.0,1.0,0.0011785298413666823,corner,1.0
0.31,9.998885958338166,-0.014023416518154653,0.2,0.0,5.176062540540492,-12.45903844258578,-2814.6787469531987,-6.221949420945388,0.13057048395504012,-1000.0,0.014023416518154653,8.271016386496587e-05,1.0,0.0011462466533700422,corner,1.0
0.311,9.998918087542137,-0.008859912749230347,0.2,0.0,5.163603727770304,-12.458812770188565,0.22567239721382748,-6.22228447226679,-0.33505132140199123,-465.62180535703135,0.008859912749230347,0.0,1.0,0.0011140416618342641,corner,1.0
0.312,9.998950137757667,-0.0037088682507578847,0.2,0.0,5.151144207024197,-12.459520746106456,-0.7079759178907352,-6.2220005959393445,0.2838763274457534,618.9276488477446,0.0037088682507578847,0.0,1.0,0.0010819124578631545,corner,1.0
0.313,9.998982108904695,0.0014297175104409053,0.2,0.0,5.138685218948249,-12.458988075948696,0.5326701577601511,-6.2216991177815695,0.30147815777503695,17.60183032928353,0.0010178910953051457,0.0,1.0,0.001049862242332722,corner,1.0
0.314,9.999014120271756,0.00657584417927612,0.2,0.0,5.1462262308722995,7.541011924051304,20000.0,-6.220397639623794,1.301478157775037,1000.0,0.0009858797282440435,0.06980347231269933,1.0,9.998570282489535,corner,1.0
0.315,9.999046291046675,0.011749511401264179,0.2,0.0,5.173767242796351,27.541011924051304,20000.0,-6.218096161466019,2.301478157775037,1000.0,0.0009537089533253607,0.0698332168916257,1.0,9.9934241558207,corner,1.0
0.316,9.999078740196572,0.01697071882325791,0.2,0.0,5.221308254720402,47.541011924051304,20000.0,-6.214794683308244,3.301478157775037,1000.0,0.000921259803428498,0.16954320519765664,0.0,9.98825048859871,normal,0.0
0.317,9.999111586347857,0.02225946609417484,0.2,0.0,5.288849266644453,67.5410119240513,20000.0,-6.2104932051504695,4.301478157775037,1000.0,0.0008884136521434272,0.2689196685578492,0.0,9.983029281176718,normal,0.0
0.318,9.99914494766624,0.027635752865722802,0.2,0.0,5.376390278568504,87.5410119240513,20000.0,-6.205191726992695,5.301478157775037,1000.0,0.0008550523337600424,0.3680433712658738,0.0,9.9777405339058,normal,0.0
0.319,9.99917894173673,0.033119578793121926,0.2,0.0,5.4839312904925555,107.5410119240513,20000.0,-6.198890248834919,6.301478157775037,1000.0,0.000821058263269947,0.4668647818619223,0.0,9.972364247134252,normal,0.0
0.32,9.999213685443635,0.038730943535822154,0.2,0.0,5.611472302416606,127.5410119240513,20000.0,-6.191588770677145,7.301478157775037,1000.0,0.0007863145563646867,0.5653881322757737,0.0,9.966880421206854,normal,0.0
0.321,9.99924929485057,0.04448984675821536,0.2,0.0,5.759013314340658,147.5410119240513,20000.0,-6.18328729251937,8.301478157775037,1000.0,0.0007507051494304307,0.6635934549514283,0.0,9.961269056464152,normal,0.0
0.322,9.999285885080448,0.05041628813034116,0.2,0.0,5.926554326264709,167.5410119240513,20000.0,-6.173985814361594,9.301478157775037,1000.0,0.0007141149195515339,0.7613879454569706,0.0,9.95551015324176,normal,0.0
0.323,9.999323570195498,0.056530267328585564,0.2,0.0,6.11409533818876,187.5410119240513,20000.0,-6.163684336203819,10.301478157775037,1000.0,0.0006764298045016659,0.8588829452688411,0.0,9.949583711869634,normal,0.0
0.324,9.99936246307725,0.06285178403637148,0.2,0.0,6.321636350112811,207.5410119240513,20000.0,-6.152382858046044,11.301478157775037,1000.0,0.0006375369227491489,0.9046465004800271,0.0,9.943469732671389,normal,0.0
0.325,9.999402675306554,0.0694008379448403,0.2,0.0,6.549177362036863,227.5410119240513,20000.0,-6.14008137988827,12.301478157775037,1000.0,0.0005973246934463106,0.9004837615994091,0.0,9.937148215963603,normal,0.0
0.326,9.999444317043563,0.07619742875352348,0.2,0.0,6.796718373960914,247.5410119240513,20000.0,-6.126779901730495,13.301478157775037,1000.0,0.0005556829564365984,0.8960097899100984,0.0,9.930599162055135,normal,0.0
0.327,9.999487496907753,0.08326155617100346,0.2,0.0,7.064259385884966,267.5410119240513,20000.0,-6.112478423572719,14.301478157775037,1000.0,0.0005125030922474849,0.8912103995066389,0.0,9.923802571246451,normal,0.0
0.328,9.999532321857911,0.09061321991556279,0.2,0.0,7.351800397809017,287.5410119240513,20000.0,-6.097176945414945,15.301478157775037,1000.0,0.00046767814208870107,0.8860826101567915,0.0,9.916738443828972,normal,0.0
0.329,9.999578897072148,0.09827241971582068,0.2,0.0,7.659341409733068,307.5410119240513,20000.0,-6.08087546725717,16.301478157775037,1000.0,0.000421102927852246,0.8806471046722932,0.0,9.909386780084413,normal,0.0
0.33,9.99962732582789,0.10625915531135612,0.2,0.0,7.9868824216571195,327.5410119240513,20000.0,-6.063573989099394,17.301478157775037,1000.0,0.0003726741721106208,0.8748807564509717,0.0,9.901727580284154,normal,0.0
0.331,9.999677709381885,0.11459342645331651,0.2,0.0,8.33442343358117,347.5410119240513,20000.0,-6.045272510941619,18.301478157775037,1000.0,0.000322290618115062,0.8687870821668682,0.0,9.893740844688619,normal,0.0
0.332,9.999730146850206,0.12329523290501107,0.2,0.0,8.701964445505222,367.5410119240513,20000.0,-6.025971032783844,19.301478157775037,1000.0,0.00026985314979377506,0.8623703137497617,0.0,9.885406573546659,normal,0.0
0.333,9.999784735088248,0.13238457444248802,0.2,0.0,9.089505457429274,387.5410119240513,20000.0,-6.00566955462607,20.301478157775037,1000.0,0.00021526491175194454,0.8556353387805242,0.0,9.876704767094964,normal,0.0
0.334,9.999841568570732,0.1418814508550947,0.2,0.0,9.497046469353325,407.5410119240513,20000.0,-5.984368076468295,21.301478157775037,1000.0,0.00015843142926819098,0.848648378019501,0.0,9.867615425557487,normal,0.0
0.335,9.999900739271705,0.15180586194601964,0.2,0.0,9.924587481277376,427.5410119240513,20000.0,-5.962066598310519,22.301478157775037,1000.0,9.926072829458121e-05,0.8414217696281604,0.0,9.85811854914488,normal,0.0
0.336,9.999962336544543,0.16217780753281577,0.2,0.0,10.372128493201428,447.5410119240513,20000.0,-5.938765120152745,23.301478157775037,1000.0,3.766345545663796e-05,0.8339100948671838,0.0,9.848194138053955,normal,0.0
0.337,10.000026447001948,0.1730172874479039,0.2,0.0,10.83966950512548,467.5410119240513,20000.0,-5.91446364199497,24.301478157775037,1000.0,2.644700194842642e-05,0.8261187777592457,0.0,9.83782219246716,normal,0.0
0.338,10.000093154395952,0.18434430153905532,0.2,0.0,11.327210517049531,487.5410119240513,20000.0,-5.889162163837194,25.301478157775037,1000.0,9.315439595170007e-05,0.8180453745139101,0.0,9.826982712552072,normal,0.0
0.339,10.000162539497916,0.19617884966985305,0.2,0.0,11.834751528973582,507.5410119240513,20000.0,-5.862860685679419,26.301478157775037,1000.0,0.00016253949791611433,0.8099489269173713,0.0,9.81565569846092,normal,0.0
0.34,10.000234679978535,0.20854093172013038,0.2,0.0,12.362292540897634,527.5410119240513,20000.0,-5.835559207521644,27.301478157775037,1000.0,0.0002346799785346576,0.8017732277896057,0.0,9.803821150330123,normal,0.0
0.341,10.000309650287832,0.22145054758638621,0.2,0.0,12.909833552821686,547.5410119240513,20000.0,-5.80725772936387,28.301478157775037,1000.0,0.00030965028783214166,0.7933818420987228,0.0,9.791459068279845,normal,0.0
0.342,10.000387521535162,0.23492769718217593,0.2,0.0,13.477374564745737,567.5410119240513,20000.0,-5.777956251206095,29.301478157775037,1000.0,0.000387521535161639,0.7848095789572709,0.0,9.77854945241359,normal,0.0
0.343,10.000468361369208,0.24899238043847716,0.2,0.0,14.064915576669788,587.5410119240513,20000.0,-5.747654773048319,30.301478157775037,1000.0,0.00046836136920802574,0.7759388384011084,0.0,9.7650723028178,normal,0.0
0.34400000000000003,10.000552233857992,0.2636645973040294,0.2,0.0,14.672456588593839,607.5410119240513,20000.0,-5.716353294890545,31.301478157775037,1000.0,0.0005522338579915242,0.767128857624297,0.0,9.751007619561499,normal,0.0
0.34500000000000003,10.00063919936886,0.2789643477456468,0.2,0.0,15.29999760051789,627.5410119240513,20000.0,-5.68405181673277,32.30147815777504,1000.0,0.0006391993688605879,0.7579272373729908,0.0,9.736335402695946,normal,0.0
0.34600000000000003,10.000729314448495,0.2949116317485029,0.2,0.0,15.947538612441942,647.5410119240513,20000.0,-5.650750338574994,33.30147815777504,1000.0,0.0007293144484954439,0.7484729160741614,0.0,9.72103565225433,normal,0.0
0.34700000000000003,10.000822631702908,0.3115264493163864,0.2,0.0,16.615079624365993,667.5410119240513,20000.0,-5.616448860417219,34.30147815777504,1000.0,0.0008226317029080832,0.7389073951545062,0.0,9.705088368251474,normal,0.0
0.34800000000000003,10.00091919967744,0.3288288004719278,0.2,0.0,17.302620636290044,687.5410119240513,20000.0,-5.581147382259444,35.30147815777504,1000.0,0.0009191996774404743,0.7292327607765916,0.0,9.68847355068359,normal,0.0
0.34900000000000003,10.001019062736766,0.3468386852567948,0.2,0.0,18.010161648214094,707.5410119240513,20000.0,-5.5448459041016696,36.30147815777504,1000.0,0.0010190627367663296,0.7194008523874393,0.0,9.671171199528048,normal,0.0
0.35000000000000003,10.001122260944886,0.3655761037318566,0.2,0.0,18.737702660138144,727.5410119240513,20000.0,-5.507544425943895,37.30147815777504,1000.0,0.0011222609448857668,0.7095361840899854,0.0,9.653161314743182,normal,0.0
0.35100000000000003,10.00122882994513,0.3850610559773158,0.2,0.0,19.485243672062197,747.5410119240513,20000.0,-5.469242947786119,38.30147815777504,1000.0,0.0012288299451306273,0.6996693926716441,0.0,9.63442389626812,normal,0.0
0.352,10.001338800840157,0.4053135420928068,0.2,0.0,20.25278468398625,767.5410119240513,20000.0,-5.429941469628345,39.30147815777504,1000.0,0.0013388008401573614,0.6898315917569882,0.0,9.61493894402266,normal,0.0
0.353,10.001452200071952,0.42635356219746,0.2,0.0,21.0403256959103,787.5410119240513,20000.0,-5.3896399914705695,40.30147815777504,1000.0,0.0014522000719523476,0.6800609879233187,0.0,9.59468645790717,normal,0.0
0.354,10.001569049301825,0.4482011164299313,0.2,0.0,21.847866707834353,807.5410119240513,20000.0,-5.348338513312794,41.30147815777504,1000.0,0.0015690493018247766,0.6702662668548398,0.0,9.573646437802516,normal,0.0
0.355,10.001689365290408,0.47087620494839516,0.2,0.0,22.675407719758404,827.5410119240513,20000.0,-5.306037035155019,42.30147815777504,1000.0,0.0016893652904084178,0.6596579054268566,0.0,9.551798883570045,normal,0.0
0.356,10.001813159777658,0.4943988279305009,0.2,0.0,23.522948731682455,847.5410119240513,20000.0,-5.262735556997244,43.30147815777504,1000.0,0.0018131597776580577,0.6478372081704665,0.0,9.529123795051582,normal,0.0
0.357,10.001940439362853,0.5187889855732912,0.2,0.0,24.390489743606505,867.5410119240513,20000.0,-5.218434078839469,44.30147815777504,1000.0,0.0019404393628530412,0.635783598608619,0.0,9.505601172069476,normal,0.0
0.358,10.002071205384588,0.5440666780930824,0.2,0.0,25.278030755530555,887.5410119240513,20000.0,-5.1731326006816944,45.30147815777504,1000.0,0.0020712053845883815,0.6237344820414544,0.0,9.481211014426686,normal,0.0
0.359,10.002205453800778,0.570251905725304,0.2,0.0,26.185571767454608,907.5410119240513,20000.0,-5.126831122523919,46.30147815777504,1000.0,0.002205453800778301,0.6120177436198817,0.0,9.455933321906894,normal,0.0
0.36,10.002343175068651,0.5973646687242992,0.2,0.0,27.11311277937866,927.5410119240513,20000.0,-5.079529644366144,47.30147815777504,1000.0,0.0023431750686508934,0.6006002431614061,0.0,9.429748094274672,normal,0.0
0.361,10.00248435402475,0.6254249673630825,0.2,0.0,28.060653791302713,947.5410119240513,20000.0,-5.031228166208369,48.30147815777504,1000.0,0.002484354024749891,0.5893882821644407,0.0,9.402635331275677,normal,0.0
0.362,10.002628969764928,0.6544528019330564,0.2,0.0,29.028194803226764,967.5410119240513,20000.0,-4.981926688050594,49.30147815777504,1000.0,0.0026289697649275467,0.5777300838383664,0.0,9.374575032636894,normal,0.0
0.363,10.002776995524345,0.6844681727436841,0.2,0.0,30.015735815150816,987.5410119240513,20000.0,-4.931625209892819,50.30147815777504,1000.0,0.002776995524344628,0.565073053521471,0.0,9.345547198066921,normal,0.0
0.364,10.00292839855747,0.7154910801221179,0.2,0.0,31.023276827074866,1007.5410119240513,20000.0,-4.880323731735044,51.30147815777504,1000.0,0.002928398557470402,0.5523203207913908,0.0,9.315531827256294,normal,0.0
0.365,10.003083140018076,0.7475415244127835,0.2,0.0,32.05081783899892,1027.5410119240514,20000.0,-4.828022253577269,52.30147815777504,1000.0,0.003083140018075525,0.5396236390737241,0.0,9.28450891987786,normal,0.0
0.366,10.003241174839234,0.7806395059769178,0.2,0.0,33.09835885092297,1047.5410119240514,20000.0,-4.774720775419494,53.30147815777504,1000.0,0.0032411748392338073,0.5271169400052812,0.0,9.252458475587193,normal,0.0
0.367,10.003402451613315,0.8148050251920597,0.2,0.0,34.16589986284702,1067.5410119240514,20000.0,-4.720419297261719,54.30147815777504,1000.0,0.003402451613315094,0.5146797029943262,0.0,9.219360494023059,normal,0.0
0.368,10.003566912471987,0.8500580824514938,0.2,0.0,35.25344087477107,1087.5410119240514,20000.0,-4.665117819103944,55.30147815777504,1000.0,0.003566912471987038,0.5023696849416465,0.0,9.185194974807919,normal,0.0
0.369,10.00373449296621,0.8864186781636453,0.2,0.0,36.36098188669512,1107.5410119240514,20000.0,-4.608816340946169,56.30147815777504,1000.0,0.0037344929662097566,0.4903049626485421,0.0,9.149941917548484,normal,0.0
0.37,10.003905121946232,0.9239068127514248,0.2,0.0,37.48852289861917,1127.5410119240514,20000.0,-4.551514862788394,57.30147815777504,1000.0,0.0039051219462322706,0.4785180206464156,0.0,9.113581321836334,normal,0.0
0.371,10.00407872144159,0.9625424866515239,0.2,0.0,38.63606391054323,1147.5410119240514,20000.0,-4.493213384630619,58.30147815777504,1000.0,0.004078721441590716,0.4670771658581797,0.0,9.076093187248553,normal,0.0
0.372,10.004255206541105,1.0023457003136582,0.2,0.0,39.80360492246728,1167.5410119240514,20000.0,-4.433911906472844,59.30147815777504,1000.0,0.0042552065411047835,0.4560212009075831,0.0,9.037457513348453,normal,0.0
0.373,10.004434485272876,1.0433364541997592,0.2,0.0,40.991145934391334,1187.5410119240514,20000.0,-4.373610428315069,60.30147815777504,1000.0,0.004434485272875932,0.4449837956478363,0.0,8.997654299686321,normal,0.0
0.374,10.004616458484282,1.0855347487831124,0.2,0.0,42.198686946315384,1207.5410119240514,20000.0,-4.312308950157294,61.30147815777504,1000.0,0.004616458484282049,0.43422244214436884,0.0,8.95666354580022,normal,0.0
0.375,10.004801019721976,1.128960584547442,0.2,0.0,43.42622795823944,1227.5410119240514,20000.0,-4.250007471999519,62.30147815777504,1000.0,0.004801019721975663,0.4238846320906775,0.0,8.914465251216866,normal,0.0
0.376,10.00498805511188,1.1736339619859395,0.2,0.0,44.673768970163486,1247.5410119240514,20000.0,-4.186705993841744,63.30147815777504,1000.0,0.004988055111880385,0.4134602093321299,0.0,8.871039415452536,normal,0.0
0.377,10.00517744323919,1.2195748816002385,0.2,0.0,45.94130998208754,1267.5410119240514,20000.0,-4.122404515683969,64.30147815777504,1000.0,0.005177443239189116,0.40073715609414384,0.0,8.82636603801404,normal,0.0
0.378,10.005369055028357,1.2668033438993311,0.2,0.0,47.22885099401159,1287.5410119240514,20000.0,-4.057103037526193,65.30147815777504,1000.0,0.005369055028356939,0.38660191265381905,0.0,8.78042511839974,normal,0.0
0.379,10.005562753623103,1.315339349398427,0.2,0.0,48.53639200593564,1307.5410119240514,20000.0,-3.9908015593684185,66.30147815777504,1000.0,0.005562753623102879,0.3725106800876633,0.0,8.733196656100649,normal,0.0
0.38,10.005758394266403,1.3652028986177542,0.2,0.0,49.863933017859694,1327.5410119240514,20000.0,-3.9235000812106433,67.30147815777504,1000.0,0.005758394266402789,0.35818421063490347,0.0,8.684660650601552,normal,0.0
0.381,10.00595582418049,1.4164139920813021,0.2,0.0,51.211474029783744,1347.5410119240514,20000.0,-3.855198603052868,68.30147815777504,1000.0,0.005955824180489345,0.34403952819271083,0.0,8.634797101382226,normal,0.0
0.382,10.006154731011325,1.4689526306021607,0.2,0.0,52.5390150417078,1327.5410119240514,-20000.0,-3.7858971248950932,69.30147815777504,1000.0,0.006154731011324799,0.3332372263923299,0.0,8.583586007918678,normal,0.0
0.383,10.006354802580235,1.5227988149628398,0.2,0.0,53.84655605363185,1307.5410119240514,-20000.0,-3.7155956467373183,70.30147815777504,1000.0,0.0063548025802351304,0.3391134456541345,0.0,8.53104736939782,normal,0.0
0.384,10.006555727003919,1.5779325459141378,0.2,0.0,55.1340970655559,1287.5410119240514,-20000.0,-3.644294168579543,71.30147815777504,1000.0,0.006555727003918932,0.34477061069039155,0.0,8.47720118503714,normal,0.0
0.385,10.006757192814437,1.634333824174034,0.2,0.0,56.40163807747995,1267.5410119240514,-20000.0,-3.571992690421768,72.30147815777504,1000.0,0.006757192814436763,0.3502007344787015,0.0,8.422067454085843,normal,0.0
0.386,10.006958889079222,1.6919826504266036,0.2,0.0,57.649179089404,1247.5410119240514,-20000.0,-3.498691212263993,73.30147815777504,1000.0,0.006958889079221819,0.35413313539941993,0.0,8.365666175825947,normal,0.0
0.387,10.007160505521073,1.7508590253209575,0.2,0.0,58.876720101328054,1227.5410119240514,-20000.0,-3.424389734106218,74.30147815777504,1000.0,0.007160505521072835,0.3572430148685627,0.0,8.308017349573378,normal,0.0
0.388,10.007361732638161,1.8109429494702074,0.2,0.0,60.084261113252104,1207.5410119240514,-20000.0,-3.349088255948443,75.30147815777504,1000.0,0.0073617326381612,0.36019964363999,0.0,8.249140974679024,normal,0.0
0.389,10.007562261824026,1.8722144234504565,0.2,0.0,61.27180212517616,1187.5410119240514,-20000.0,-3.272786777790668,76.30147815777504,1000.0,0.00756226182402564,0.3629953029122037,0.0,8.189057050529774,normal,0.0
0.39,10.007761785487578,1.9346534477998185,0.2,0.0,62.43934313710021,1167.5410119240514,-20000.0,-3.195485299632893,77.30147815777504,1000.0,0.007761785487577556,0.3656309016560365,0.0,8.127785576549524,normal,0.0
0.391,10.007959997173106,1.998240023017463,0.2,0.0,63.58688414902426,1147.5410119240514,-20000.0,-3.117183821475118,78.30147815777504,1000.0,0.007959997173106359,0.36815691010445195,0.0,8.065346552200163,normal,0.0
0.392,10.008156591680274,2.0629541495626906,0.2,0.0,64.71442516094831,1127.5410119240514,-20000.0,-3.0378823433173427,79.30147815777504,1000.0,0.008156591680274161,0.37050885093296426,0.0,8.001759976982518,normal,0.0
0.393,10.008351265184123,2.1287758278540383,0.2,0.0,65.82196617287237,1107.5410119240514,-20000.0,-2.9575808651595676,80.30147815777504,1000.0,0.00835126518412288,0.3726945174488778,0.0,7.937045850437292,normal,0.0
0.394,10.008543715355076,2.195685058268414,0.2,0.0,66.90950718479641,1087.5410119240514,-20000.0,-2.8762793870017926,81.30147815777504,1000.0,0.008543715355076031,0.3749370247387482,0.0,7.8712241721459435,normal,0.0
0.395,10.008733641478942,2.263661841140265,0.2,0.0,67.97704819672046,1067.5410119240514,-20000.0,-2.7939779088440178,82.30147815777504,1000.0,0.008733641478942289,0.37705743965895955,0.0,7.804314941731567,normal,0.0
0.396,10.008920744576915,2.332686176760775,0.2,0.0,69.02458920864451,1047.5410119240514,-20000.0,-2.7106764306862425,83.30147815777504,1000.0,0.008920744576915496,0.3790187477251064,0.0,7.736338158859718,normal,0.0
0.397,10.009104727525584,2.402738065377101,0.2,0.0,70.05213022056857,1027.5410119240514,-20000.0,-2.6263749525284674,84.30147815777504,1000.0,0.009104727525583556,0.38072708652282883,0.0,7.667313823239208,normal,0.0
0.398,10.009285295176927,2.4737975071916356,0.2,0.0,71.05967123249262,1007.5410119240514,-20000.0,-2.5410734743706924,85.30147815777504,1000.0,0.009285295176926667,0.38219528595191454,0.0,7.597261934622882,normal,0.0
0.399,10.009462154478326,2.545844502361313,0.2,0.0,72.04721224441667,987.5410119240514,-20000.0,-2.4547719962129175,86.30147815777504,1000.0,0.009462154478326212,0.38341985914064425,0.0,7.526202492808348,normal,0.0
0.4,10.009635014592567,2.6188590509969463,0.2,0.0,73.01475325634073,967.5410119240514,-20000.0,-2.3674705180551423,87.30147815777504,1000.0,0.009635014592566549,0.3843983921009046,0.0,7.45415549763867,normal,0.0
0.401,10.009803587017839,2.6928211531626016,0.2,0.0,73.96229426826477,947.5410119240514,-20000.0,-2.279169039897367,88.30147815777504,1000.0,0.009803587017838566,0.38559392351563304,0.0,7.381140949003038,normal,0.0
0.402,10.009967585707747,2.7677108088750133,0.2,0.0,74.88983528018882,927.5410119240514,-20000.0,-2.189867561739592,89.30147815777504,1000.0,0.009967585707746807,0.38662209283299565,0.0,7.307178846837383,normal,0.0
0.403,10.010126727191313,2.843508018103034,0.2,0.0,75.79737629211287,907.5410119240514,-20000.0,-2.0995660835818173,90.30147815777504,1000.0,0.010126727191313023,0.38736170890900296,0.0,7.232289191124972,normal,0.0
0.404,10.010280730692985,2.9201927807671284,0.2,0.0,76.68491730403693,887.5410119240514,-20000.0,-2.008264605424042,91.30147815777504,1000.0,0.010280730692985074,0.38821498388659903,0.0,7.156491981896952,normal,0.0
0.405,10.010429318252639,2.997745096738903,0.2,0.0,77.55245831596098,867.5410119240514,-20000.0,-1.915963127266267,92.30147815777504,1000.0,0.010429318252638708,0.3885534314901111,0.0,7.0798072192328565,normal,0.0
0.406,10.010572214845585,3.0761449658406823,0.2,0.0,78.39999932788503,847.5410119240514,-20000.0,-1.822661649108492,93.30147815777504,1000.0,0.010572214845584682,0.3886642417992282,0.0,7.002254903261083,normal,0.0
0.40700000000000003,10.010709148502576,3.1553723878451225,0.2,0.0,79.22754033980908,827.5410119240514,-20000.0,-1.7283601709507168,94.30147815777504,1000.0,0.010709148502575871,0.388593742524102,0.0,6.923855034159303,normal,0.0
0.40800000000000003,10.01083985042981,3.2354073624748727,0.2,0.0,80.03508135173313,807.5410119240514,-20000.0,-1.6330586927929418,95.30147815777504,1000.0,0.010839850429810838,0.38807255047267,0.0,6.844627612154863,normal,0.0
0.40900000000000003,10.010964055128946,3.3162298894022775,0.2,0.0,80.82262236365717,787.5410119240514,-20000.0,-1.5367572146351667,96.30147815777504,1000.0,0.01096405512894627,0.38741655536108066,0.0,6.764592637525114,normal,0.0
0.41000000000000003,10.011081500517099,3.3978199682491255,0.2,0.0,81.59016337558123,767.5410119240514,-20000.0,-1.4394557364773917,97.30147815777504,1000.0,0.011081500517098775,0.3865553566532738,0.0,6.68377011059771,normal,0.0
0.41100000000000003,10.011191928046854,3.4801575985864437,0.2,0.0,82.33770438750528,747.5410119240514,-20000.0,-1.3411542583196165,98.30147815777504,1000.0,0.01119192804685376,0.3854666994650062,0.0,6.60218003175086,normal,0.0
0.41200000000000003,10.011295082826274,3.56322277993434,0.2,0.0,83.06524539942933,727.5410119240514,-20000.0,-1.2418527801618415,99.30147815777504,1000.0,0.011295082826274339,0.3842000332996997,0.0,6.519842401413545,normal,0.0
0.41300000000000003,10.011390738994553,3.6469955117330564,0.2,0.0,83.77278641135338,707.5410119240514,-20000.0,-1.1418527801618414,100.0,698.521842224963,0.011390738994553118,0.38275687062521546,0.0,6.436777220065649,normal,0.0
0.41400000000000003,10.011478734205573,3.731455793317302,0.2,0.0,84.46032742327743,687.5410119240514,-20000.0,-1.0418527801618414,100.0,0.0,0.011478734205573105,0.38203854852022734,0.0,6.353004488266931,normal,0.0
0.41500000000000004,10.011558912113275,3.816583623994608,0.2,0.0,85.12786843520149,667.5410119240514,-20000.0,-0.9418527801618414,100.0,0.0,0.011558912113274646,0.38165157947167017,0.0,6.2685442066826855,normal,0.0
0.41600000000000004,10.011631122371657,3.9023590030465285,0.2,0.0,85.77540944712554,647.5410119240514,-20000.0,-0.8418527801618414,100.0,0.0,0.011631122371657199,0.3811064677849064,0.0,6.183416376005381,normal,0.0
0.417,10.01169522063479,3.9887619297298396,0.2,0.0,86.40295045904959,627.5410119240514,-20000.0,-0.7418527801618414,100.0,0.0,0.011695220634790005,0.38032365243503197,0.0,6.09764099695346,normal,0.0
0.418,10.011751068556809,4.075772403277741,0.2,0.0,87.01049147097365,607.5410119240514,-20000.0,-0.6418527801618414,100.0,0.0,0.01175106855680852,0.3792980223237573,0.0,6.011238070270149,normal,0.0
0.419,10.011798643104052,4.16341042284765,0.2,0.0,87.6380324828977,627.5410119240514,20000.0,-0.5428527801618415,99.0,-1000.0,0.011798643104052431,0.6183824575815642,0.0,5.924227596722249,normal,0.0
0.42,10.011837899391464,4.251655987610837,0.2,0.0,88.24557349482176,607.5410119240514,-20000.0,-0.4448527801618415,98.0,-1000.0,0.01183789939146429,0.6150754616847188,0.0,5.836589577152338,normal,0.0
0.421,10.011868800236693,4.34048909674311,0.2,0.0,88.8331145067458,587.5410119240514,-20000.0,-0.3478527801618415,97.0,-1000.0,0.011868800236692676,0.629170540382994,0.0,5.748344012389154,normal,0.0
0.422,10.011891316040096,4.429889749426446,0.2,0.0,89.40065551866985,567.5410119240514,-20000.0,-0.25185278016184154,96.0,-1000.0,0.011891316040095745,0.6434126267816103,0.0,5.65951090325688,normal,0.0
0.423,10.011905424664734,4.5198379448505515,0.2,0.0,89.9481965305939,547.5410119240514,-20000.0,-0.15685278016184154,95.0,-1000.0,0.011905424664734097,0.6575470898380866,0.0,5.570110250573546,normal,0.0
0.424,10.011911111316373,4.610313682214358,0.2,0.0,90.47573754251796,527.5410119240514,-20000.0,-0.06285278016184154,94.0,-1000.0,0.011911111316372569,0.6712958142799015,0.0,5.480162055149439,normal,0.0
0.425,10.011908368423473,4.701296960727455,0.2,0.0,90.98327855444201,507.5410119240514,-20000.0,0.030147219838158462,93.0,-1000.0,0.011908368423473092,0.6846678004084155,0.0,5.389686317785634,normal,0.0
0.426,10.011897195517195,4.792767779611451,0.2,0.0,91.47081956636606,487.5410119240514,-20000.0,0.12214721983815846,92.0,-1000.0,0.011897195517194703,0.6976073178807639,0.0,5.298703039272537,normal,0.0
0.427,10.01187759911139,4.884706138101282,0.2,0.0,91.93836057829012,467.5410119240514,-20000.0,0.21314721983815846,91.0,-1000.0,0.01187759911138997,0.7100094029174974,0.0,5.207232220388541,normal,0.0
0.428,10.0118495925826,4.977092035446446,0.2,0.0,92.38590159021416,447.5410119240514,-20000.0,0.30314721983815845,90.0,-1000.0,0.011849592582599655,0.7219442101855161,0.0,5.11529386189871,normal,0.0
0.429,10.011813196050053,5.069905470912184,0.2,0.0,92.81344260213821,427.5410119240514,-20000.0,0.3921472198381585,89.0,-1000.0,0.01181319605005271,0.7335344656484131,0.0,5.022907964553546,normal,0.0
0.43,10.01176843625566,5.163126443780601,0.2,0.0,93.22098361406226,407.5410119240514,-20000.0,0.48014721983815845,88.0,-1000.0,0.011768436255659154,0.7458624704460197,0.0,4.930094529087809,normal,0.0
0.431,10.01171534644401,5.256734953351717,0.2,0.0,93.60852462598632,387.5410119240514,-20000.0,0.5671472198381584,87.0,-1000.0,0.011715346444010066,0.7578681559710057,0.0,4.836873556219391,normal,0.0
0.432,10.011653966242372,5.350710998944473,0.2,0.0,93.97606563791037,367.5410119240514,-20000.0,0.6531472198381584,86.0,-1000.0,0.011653966242372249,0.7695622510594303,0.0,4.743265046648277,normal,0.0
0.433,10.011584341540681,5.4450345798976665,0.2,0.0,94.32360664983442,347.5410119240514,-20000.0,0.7381472198381583,85.0,-1000.0,0.011584341540681109,0.7809607893607385,0.0,4.6492890010555215,normal,0.0
0.434,10.011506524371542,5.539685695570839,0.2,0.0,94.65114766175847,327.5410119240514,-20000.0,0.8221472198381583,84.0,-1000.0,0.011506524371542426,0.7920712810601721,0.0,4.554965420102327,normal,0.0
0.435,10.011420572790227,5.634644345345101,0.2,0.0,94.95868867368252,307.5410119240514,-20000.0,0.9051472198381583,83.0,-1000.0,0.011420572790227013,0.8029796164508517,0.0,4.460314304429156,normal,0.0
0.436,10.011326550754664,5.729890528623908,0.2,0.0,95.24622968560656,287.5410119240514,-20000.0,0.9871472198381582,82.0,-1000.0,0.0113265507546636,0.8136822788587362,0.0,4.365355654654895,normal,0.0
0.437,10.011224528005437,5.825404244833776,0.2,0.0,95.51377069753062,267.5410119240514,-20000.0,1.0681472198381583,81.0,-1000.0,0.011224528005437051,0.8241178754997069,0.0,4.270109471376088,normal,0.0
0.438,10.011114579945787,5.921165493424945,0.2,0.0,95.76131170945467,247.54101192405142,-20000.0,1.1481472198381584,80.0,-1000.0,0.011114579945786573,0.8342917111871488,0.0,4.174595755166219,normal,0.0
0.439,10.010996787521599,6.017154273871991,0.2,0.0,95.98885272137872,227.54101192405142,-20000.0,1.2271472198381583,79.0,-1000.0,0.010996787521598606,0.8442099848041182,0.0,4.078834506575051,normal,0.0
0.44,10.010871237101403,6.113350585674391,0.2,0.0,96.19639373330277,207.54101192405142,-20000.0,1.3051472198381584,78.0,-1000.0,0.010871237101403253,0.853879968117278,0.0,3.982845726128005,normal,0.0
0.441,10.010738020356373,6.209734428357026,0.2,0.0,96.38393474522682,187.54101192405142,-20000.0,1.3821472198381584,77.0,-1000.0,0.010738020356372502,0.8633090521025804,0.0,3.8866494143256034,normal,0.0
0.442,10.010597234140317,6.306285801470644,0.2,0.0,96.55147575715088,167.54101192405142,-20000.0,1.4581472198381584,76.0,-1000.0,0.01059723414031666,0.8725065350846101,0.0,3.7902655716429727,normal,0.0
0.443,10.010448980369675,6.402984704592269,0.2,0.0,96.69901676907493,147.54101192405142,-20000.0,1.5331472198381584,75.0,-1000.0,0.010448980369675454,0.8814715825983404,0.0,3.693714198529353,normal,0.0
0.444,10.010293365903522,6.499811137325563,0.2,0.0,96.82655778099898,127.54101192405142,-20000.0,1.6071472198381584,74.0,-1000.0,0.010293365903521588,0.8902100955036041,0.0,3.5970152954077292,normal,0.0
0.445,10.010130502423552,6.596745099301142,0.2,0.0,96.93409879292304,107.54101192405142,-20000.0,1.6801472198381584,73.0,-1000.0,0.010130502423551846,0.8987259481023115,0.0,3.5001888626744346,normal,0.0
0.446,10.009960506314085,6.693766590176845,0.2,0.0,97.02163980484708,87.54101192405142,-20000.0,1.7521472198381585,72.0,-1000.0,0.009960506314085292,0.9070225378592148,0.0,3.4032549006988546,normal,0.0
0.447,10.009783498542062,6.790855609637958,0.2,0.0,97.08918081677113,67.54101192405142,-20000.0,1.8231472198381584,71.0,-1000.0,0.009783498542061508,0.9151115472846901,0.0,3.306233409823154,normal,0.0
0.448,10.009599604537033,6.887992157397389,0.2,0.0,97.13672182869519,47.54101192405142,-20000.0,1.8931472198381585,70.0,-1000.0,0.009599604537033457,0.9229972083085164,0.0,3.2091443903620416,normal,0.0
0.449,10.009408954071167,6.9851562331958075,0.2,0.0,97.16426284061924,27.541011924051418,-20000.0,1.9621472198381584,69.0,-1000.0,0.009408954071167486,0.9306776731867057,0.0,3.112007842602612,normal,0.0
0.45,10.00921168113924,7.082327836801735,0.2,0.0,97.17180385254329,7.541011924051418,-20000.0,2.0301472198381583,68.0,-1000.0,0.009211681139239758,0.9381687371501233,0.0,3.0148437668041943,normal,0.0
0.451,10.009007923838631,7.179486968011596,0.2,0.0,97.15934486446734,-12.458988075948582,-20000.0,2.0971472198381584,67.0,-1000.0,0.009007923838630916,0.9454647973621605,0.0,2.917672163198265,normal,0.0
0.452,10.008797824249326,7.276613626649728,0.2,0.0,97.1268858763914,-32.45898807594858,-20000.0,2.1631472198381583,66.0,-1000.0,0.00879782424932607,0.9525650789624349,0.0,2.820513031988405,normal,0.0
0.453,10.00858152831391,7.37368781256835,0.2,0.0,97.07442688831544,-52.45898807594858,-20000.0,2.228147219838158,65.0,-1000.0,0.008581528313909459,0.9594722045553171,0.0,2.723386373350273,normal,0.0
0.454,10.008359185717564,7.470689525647495,0.2,0.0,97.00196790023949,-72.45898807594858,-20000.0,2.2921472198381583,64.0,-1000.0,0.008359185717564444,0.9661897504194934,0.0,2.626312187431651,normal,0.0
0.455,10.008130949768068,7.567598765794904,0.2,0.0,96.90950891216355,-92.45898807594858,-20000.0,2.3551472198381584,63.0,-1000.0,0.008130949768068163,0.9727223657172562,0.0,2.529310474352503,normal,0.0
0.456,10.00789697727579,7.664395532945875,0.2,0.0,96.7970499240876,-112.45898807594858,-20000.0,2.4171472198381583,62.0,-1000.0,0.007896977275789752,0.9790706464950534,0.0,2.432401234205095,normal,0.0
0.457,10.007657428433692,7.761059827063086,0.2,0.0,96.66459093601165,-132.45898807594858,-20000.0,2.478147219838158,61.0,-1000.0,0.007657428433692104,0.985491727190446,0.0,2.3356044670541216,normal,0.0
0.458,10.007416933820652,7.85581165813193,0.2,0.0,94.75213627437509,-152.45898807594858,-20000.0,2.5381472198381583,60.0,-1000.0,0.007416933820652005,0.9750181159535393,0.0,2.2389401729369105,normal,0.0
0.459,10.007176099129838,7.9485419228944885,0.2,0.0,92.73057750430752,-172.45898807594858,-20000.0,2.5971472198381584,59.0,-1000.0,0.007176099129837965,0.9730443768769443,0.0,2.1441883418680696,normal,0.0
0.46,10.006935254889179,8.039250141592046,0.2,0.0,90.7085384362032,-192.45898807594858,-20000.0,2.6551472198381583,58.0,-1000.0,0.006935254889178566,0.9865694439561729,0.0,2.0514580771055115,normal,0.0
0.461,10.006694725703754,8.127935812453538,0.2,0.0,88.68599703697267,-212.45898807594858,-20000.0,2.712147219838158,57.0,-1000.0,0.006694725703754401,1.0089855635847254,0.0,1.9607498584079543,normal,0.0
0.462,10.00645483026217,8.214598410136581,0.2,0.0,86.66292971620534,-232.45898807594858,-20000.0,2.7681472198381583,56.0,-1000.0,0.006454830262169864,1.030817368339003,0.0,1.87206418754646,normal,0.0
0.463,10.006215881343547,8.299237384017873,0.2,0.0,84.63931117550392,-252.45898807594858,-20000.0,2.8231472198381584,55.0,-1000.0,0.006215881343546669,1.0515207870214962,0.0,1.7854015898634188,normal,0.0
0.464,10.005978185825237,8.381852156314231,0.2,0.0,82.61511423909441,-272.4589880759486,-20000.0,2.8771472198381582,54.0,-1000.0,0.0059781858252367925,1.0712646795908536,0.0,1.7007626159821285,normal,0.0
0.465,10.005742044691342,8.462442120012685,0.2,0.0,80.59030966284459,-292.4589880759486,-20000.0,2.930147219838158,53.0,-1000.0,0.005742044691341874,1.0904337940291002,0.0,1.6181478436857688,normal,0.0
0.466,10.005507753042135,8.541006636584624,0.2,0.0,78.56486591829305,-312.4589880759486,-20000.0,2.9821472198381582,52.0,-1000.0,0.005507753042135022,1.109045952125024,0.0,1.5375578799873146,normal,0.0
0.467,10.005477421616444,8.55100659058475,0.2,0.0,10.0,-332.4589880759486,-20000.0,3.0331472198381584,51.0,-1000.0,0.005477421616443933,1.1268484301847774,1.0,1.4589933634153773,corner,1.0
0.468,10.005447553548626,8.560694085552813,0.2,0.0,9.68754101192405,-312.4589880759486,20000.0,3.083147219838158,50.0,-1000.0,0.005447553548625805,1.3530420228658835,1.0,1.4489934094152517,corner,1.0
0.46900000000000003,10.0054181268167,8.570089121492195,0.2,0.0,9.395082023848103,-292.4589880759486,20000.0,3.132147219838158,49.0,-1000.0,0.005418126816699953,1.3600837836782387,1.0,1.4393059144471891,corner,1.0
0.47000000000000003,10.005389115581314,8.579211698397929,0.2,0.0,9.122623035772154,-272.4589880759486,20000.0,3.180147219838158,48.0,-1000.0,0.005389115581314386,1.3666847907888044,1.0,1.4299108785078083,corner,1.0
0.47100000000000003,10.005360490305755,8.588081816256596,0.2,0.0,8.870164047696205,-252.45898807594858,20000.0,3.2271472198381583,47.0,-1000.0,0.005360490305754694,1.372845580639384,1.0,1.420788301602073,corner,1.0
0.47200000000000003,10.005332217875935,8.596719475046262,0.2,0.0,8.637705059620256,-232.45898807594858,20000.0,3.273147219838158,46.0,-1000.0,0.005332217875935187,1.3785656763928182,1.0,1.4119181837434063,corner,1.0
0.47300000000000003,10.005304261720406,8.605144674736444,0.2,0.0,8.425246071544308,-212.45898807594858,20000.0,3.318147219838158,45.0,-1000.0,0.005304261720405989,1.3838433495144102,1.0,1.4032805249537397,corner,1.0
0.47400000000000003,10.005276581930351,8.613377415288104,0.2,0.0,8.23278708346836,-192.45898807594858,20000.0,3.362147219838158,44.0,-1000.0,0.005276581930351298,1.3886770502833943,1.0,1.3948553252635598,corner,1.0
0.47500000000000003,10.005249135379588,8.621437696653679,0.2,0.0,8.06032809539241,-172.45898807594858,20000.0,3.4051472198381583,43.0,-1000.0,0.0052491353795875995,1.3930657058161653,1.0,1.3866225847118976,corner,1.0
0.47600000000000003,10.005221875844565,8.629345518777134,0.2,0.0,7.907869107316462,-152.45898807594858,20000.0,3.447147219838158,42.0,-1000.0,0.00522187584456546,1.3970081240198275,1.0,1.378562303346321,corner,1.0
0.47700000000000004,10.005194754124375,8.63712088159405,0.2,0.0,7.775410119240513,-132.45898807594858,20000.0,3.488147219838158,41.0,-1000.0,0.005194754124374867,1.4005308885659509,1.0,1.3706544812228678,corner,1.0
0.47800000000000004,10.005167718160736,8.644783785031736,0.2,0.0,7.662951131164565,-112.45898807594858,20000.0,3.528147219838158,40.0,-1000.0,0.0051677181607363565,1.4036055680389776,1.0,1.3628791184059494,corner,1.0
0.47900000000000004,10.005140713158006,8.652354229009363,0.2,0.0,7.570492143088616,-92.45898807594858,20000.0,3.567147219838158,39.0,-1000.0,0.005140713158006349,1.406231506787815,1.0,1.3552162149682658,corner,1.0
0.48,10.005113681703179,8.659852213438135,0.2,0.0,7.498033155012668,-72.45898807594858,20000.0,3.605147219838158,38.0,-1000.0,0.005113681703178941,1.4084075127195674,1.0,1.3476457709906384,corner,1.0
0.481,10.00508656388588,8.667297738221476,0.2,0.0,7.445574166936719,-52.45898807594858,20000.0,3.642147219838158,37.0,-1000.0,0.005086563885880579,1.4101322149274051,1.0,1.3401477865618645,corner,1.0
0.482,10.005059297418375,8.67471080325524,0.2,0.0,7.413115178860771,-32.45898807594858,20000.0,3.678147219838158,36.0,-1000.0,0.005059297418375407,1.4114047789463013,1.0,1.3327022617785254,corner,1.0
0.483,10.005031817755562,8.682111408427948,0.2,0.0,7.400656190784822,-12.458988075948582,20000.0,3.713147219838158,35.0,-1000.0,0.005031817755561718,1.4122235358462027,1.0,1.3252891967447624,corner,1.0
0.484,10.005004058214972,8.689519553621054,0.2,0.0,7.408197202708874,7.541011924051418,20000.0,3.747147219838158,34.0,-1000.0,0.005004058214971963,1.4125865782784757,1.0,1.3178885915720535,corner,1.0
0.485,10.004975950096775,8.696955238709211,0.2,0.0,7.435738214632925,27.541011924051418,20000.0,3.780147219838158,33.0,-1000.0,0.00497595009677454,1.4124787666633478,1.0,1.31048044637895,corner,1.0
0.486,10.004947422803772,8.704438463560582,0.2,0.0,7.483279226556977,47.54101192405142,20000.0,3.812147219838158,32.0,-1000.0,0.004947422803772028,1.4119120219297738,1.0,1.3030447612907885,corner,1.0
0.487,10.0049184039614,8.711989228037153,0.2,0.0,7.550820238481029,67.54101192405142,20000.0,3.843147219838158,31.0,-1000.0,0.00491840396139942,1.4108850327755693,1.0,1.2955615364394184,corner,1.0
0.488,10.004888819537726,8.719627531995071,0.2,0.0,7.63836125040508,87.54101192405142,20000.0,3.873147219838158,30.0,-1000.0,0.004888819537725908,1.4093959514567456,1.0,1.288010771962849,corner,1.0
0.489,10.004858593963455,8.727373375285005,0.2,0.0,7.745902262329132,107.54101192405142,20000.0,3.9021472198381577,29.0,-1000.0,0.004858593963454894,1.407443466671118,1.0,1.2803724680049307,corner,1.0
0.49,10.00482765025192,8.73524675775251,0.2,0.0,7.873443274253184,127.54101192405142,20000.0,3.9301472198381577,28.0,-1000.0,0.004827650251920446,1.405025969093277,1.0,1.2726266247149987,corner,1.0
0.491,10.004795910119089,8.743267679238416,0.2,0.0,8.020984286177235,147.54101192405142,20000.0,3.957147219838158,27.0,-1000.0,0.004795910119089086,1.4021418493978144,1.0,1.2647532422474903,corner,1.0
0.492,10.004763294103558,8.751456139579236,0.2,0.0,8.188525298101286,167.54101192405142,20000.0,3.9831472198381577,26.0,-1000.0,0.0047632941035580245,1.3987888426082282,1.0,1.2567323207615857,corner,1.0
0.493,10.004729721686555,8.759832138607576,0.2,0.0,8.376066310025337,187.54101192405142,20000.0,4.008147219838158,25.0,-1000.0,0.004729721686555166,1.3949651605851754,1.0,1.2485438604207637,corner,1.0
0.494,10.00469511141194,8.76841567615257,0.2,0.0,8.583607321949389,207.54101192405142,20000.0,4.032147219838158,24.0,-1000.0,0.0046951114119391235,1.3906687171660888,1.0,1.2401678613924254,corner,1.0
0.495,10.004659381006196,8.777226752040315,0.2,0.0,8.81114833387344,227.54101192405142,20000.0,4.055147219838157,23.0,-1000.0,0.004659381006195673,1.3858995719556133,1.0,1.2315843238474322,corner,1.0
0.496,10.00462244749844,8.786285366094335,0.2,0.0,9.058689345797491,247.54101192405142,20000.0,4.0771472198381575,22.0,-1000.0,0.004622447498439541,1.3806557580004712,1.0,1.2227732479596867,corner,1.0
0.497,10.00458422734041,8.79561151813603,0.2,0.0,9.326230357721542,267.5410119240514,20000.0,4.098147219838157,21.0,-1000.0,0.0045842273404108624,1.374936321626346,1.0,1.213714633905667,corner,1.0
0.498,10.004544636526477,8.80522520798516,0.2,0.0,9.613771369645594,287.5410119240514,20000.0,4.118147219838157,20.0,-1000.0,0.004544636526476964,1.3687397131124737,1.0,1.2043884818639725,corner,1.0
0.499,10.00450359071363,8.815146435460322,0.2,0.0,9.921312381569646,307.5410119240514,20000.0,4.137147219838157,19.0,-1000.0,0.004503590713630601,1.3620709392490151,1.0,1.1947747920148402,corner,1.0
0.5,10.004462039360998,8.825146349134204,0.2,0.0,10.0,287.5410119240514,-20000.0,4.155147219838157,18.0,-1000.0,0.0044620393609982045,1.3574161497851167,1.0,1.1848535645396758,corner,1.0
0.501,10.004420318009839,8.835146262100269,0.2,0.0,10.0,267.5410119240514,-20000.0,4.172147219838157,17.0,-1000.0,0.004420318009838553,1.3625285597690644,1.0,1.1748536508657956,corner,1.0
0.502,10.004378436660078,8.845146174397511,0.2,0.0,10.0,247.54101192405142,-20000.0,4.188147219838157,16.0,-1000.0,0.004378436660077867,1.3677307238065024,1.0,1.1648537378997297,corner,1.0
0.503,10.004336405311637,8.855146086065409,0.2,0.0,10.0,227.54101192405142,-20000.0,4.203147219838157,15.0,-1000.0,0.004336405311637037,1.372816707849731,1.0,1.1548538256024905,corner,1.0
0.504,10.004294233964437,8.865145997143888,0.2,0.0,10.0,207.54101192405142,-20000.0,4.217147219838157,14.0,-1000.0,0.004294233964436955,1.377784723759408,1.0,1.1448539139345897,corner,1.0
0.505,10.004251932618397,8.875145907673293,0.2,0.0,10.0,187.54101192405142,-20000.0,4.230147219838157,13.0,-1000.0,0.0042519326183967365,1.382632923791545,1.0,1.1348540028561125,corner,1.0
0.506,10.004209511273434,8.885145817694363,0.2,0.0,10.0,167.54101192405142,-20000.0,4.242147219838157,12.0,-1000.0,0.004209511273433719,1.387358506527837,1.0,1.1248540923267072,corner,1.0
0.507,10.004166979929462,8.895145727248194,0.2,0.0,10.0,147.54101192405142,-20000.0,4.253147219838157,11.0,-1000.0,0.004166979929461689,1.3919635581308518,1.0,1.1148541823056384,corner,1.0
0.508,10.004124348586396,8.90514563637621,0.2,0.0,10.0,127.54101192405142,-20000.0,4.263147219838157,10.0,-1000.0,0.004124348586396209,1.3964476017634309,1.0,1.1048542727518047,corner,1.0
0.509,10.004081627244151,8.915145545120138,0.2,0.0,10.0,107.54101192405142,-20000.0,4.272147219838157,9.0,-1000.0,0.004081627244151065,1.4008072995654672,1.0,1.0948543636237922,corner,1.0
0.51,10.004038825902636,8.925145453521976,0.2,0.0,10.0,87.54101192405142,-20000.0,4.280147219838157,8.0,-1000.0,0.004038825902636489,1.4050403865604584,1.0,1.08485445487986,corner,1.0
0.511,10.003995954561764,8.93514536162396,0.2,0.0,10.0,67.54101192405142,-20000.0,4.287147219838157,7.0,-1000.0,0.003995954561764492,1.409146505120537,1.0,1.0748545464780257,corner,1.0
0.512,10.003953023221445,8.945145269468536,0.2,0.0,10.0,47.54101192405142,-20000.0,4.293147219838157,6.0,-1000.0,0.0039530232214453065,1.4131233902692004,1.0,1.0648546383760404,corner,1.0
0.513,10.003910041881587,8.95514517709833,0.2,0.0,10.0,27.541011924051418,-20000.0,4.298147219838157,5.0,-1000.0,0.003910041881587389,1.4169699095181987,1.0,1.0548547305314635,corner,1.0
0.514,10.0038670205421,8.96514508455612,0.2,0.0,10.0,7.541011924051418,-20000.0,4.302147219838156,4.0,-1000.0,0.0038670205420991977,1.4206837382863855,1.0,1.0448548229016694,corner,1.0
0.515,10.00382396920289,8.9751449918848,0.2,0.0,10.0,0.0,-7541.011924051418,4.305147219838156,3.0,-1000.0,0.003823969202889188,1.424263386457641,1.0,1.03485491544388,corner,1.0
0.516,10.003780897863864,8.985144899127357,0.2,0.0,10.0,0.0,0.0,4.307147219838156,2.0,-1000.0,0.003780897863864041,1.4255288141493057,1.0,1.0248550081151997,corner,1.0
0.517,10.003737816524932,8.995144806326838,0.2,0.0,10.0,0.0,0.0,4.3081472198381565,1.0,-1000.0,0.0037378165249322137,1.4253773096838285,1.0,1.0148551008726407,corner,1.0
0.518,10.003694735186,9.005144713526319,0.2,0.0,10.0,0.0,0.0,4.3081472198381565,0.0,-1000.0,0.0036947351860003863,1.4251367453375148,1.0,1.004855193673162,corner,1.0
0.519,10.003651663846975,9.015144620768876,0.2,0.0,10.0,0.0,0.0,4.307147219838156,-1.0,-1000.0,0.0036516638469752394,1.4248075979475239,1.0,0.9948552864736833,corner,1.0
0.52,10.003608612507765,9.025144528097556,0.2,0.0,10.0,0.0,0.0,4.305147219838156,-2.0,-1000.0,0.00360861250776523,1.4243891522581171,1.0,0.9848553792311243,corner,1.0
0.521,10.003565591168277,9.035144435555345,0.2,0.0,10.0,0.0,0.0,4.302147219838156,-3.0,-1000.0,0.003565591168277038,1.4238822427343225,1.0,0.974855471902444,corner,1.0
0.522,10.00352260982842,9.04514434318514,0.2,0.0,10.0,0.0,0.0,4.298147219838157,-4.0,-1000.0,0.003522609828419121,1.4232865713529157,1.0,0.9648555644446546,corner,1.0
0.523,10.0034796784881,9.055144251029716,0.2,0.0,10.0,0.0,0.0,4.293147219838157,-5.0,-1000.0,0.0034796784880999354,1.4226019592999624,1.0,0.9548556568148605,corner,1.0
0.524,10.003436807147228,9.0651441591317,0.2,0.0,10.0,0.0,0.0,4.287147219838157,-6.0,-1000.0,0.0034368071472279382,1.4218285853893966,1.0,0.9448557489702836,corner,1.0
0.525,10.003394005805713,9.075144067533538,0.2,0.0,10.0,0.0,0.0,4.280147219838157,-7.0,-1000.0,0.0033940058057133626,1.420965972784061,1.0,0.9348558408682983,corner,1.0
0.526,10.003351284463468,9.085143976277466,0.2,0.0,10.0,0.0,0.0,4.272147219838157,-8.0,-1000.0,0.003351284463468218,1.4200144195071784,1.0,0.9248559324664605,corner,1.0
0.527,10.003308653120403,9.095143885405482,0.2,0.0,10.0,0.0,0.0,4.263147219838157,-9.0,-1000.0,0.003308653120402738,1.4189733891169465,1.0,0.9148560237225318,corner,1.0
0.528,10.00326612177643,9.105143794959313,0.2,0.0,10.0,0.0,0.0,4.253147219838157,-10.0,-1000.0,0.0032661217764307082,1.4178428816133655,1.0,0.9048561145945158,corner,1.0
0.529,10.003223700431468,9.115143704980383,0.2,0.0,10.0,0.0,0.0,4.242147219838157,-11.0,-1000.0,0.003223700431467691,1.416622479763921,1.0,0.8948562050406856,corner,1.0
0.53,10.003181399085427,9.125143615509788,0.2,0.0,10.0,0.0,0.0,4.230147219838157,-12.0,-1000.0,0.003181399085427472,1.4153120047546797,1.0,0.8848562950196168,corner,1.0
0.531,10.003139227738227,9.135143526588267,0.2,0.0,10.0,0.0,0.0,4.217147219838157,-13.0,-1000.0,0.0031392277382273903,1.4139108009345485,1.0,0.8748563844902115,corner,1.0
0.532,10.003097196389787,9.145143438256165,0.2,0.0,10.0,0.0,0.0,4.203147219838157,-14.0,-1000.0,0.0030971963897865606,1.412418987512817,1.0,0.8648564734117308,corner,1.0
0.533,10.003055315040026,9.155143350553407,0.2,0.0,10.0,0.0,0.0,4.188147219838157,-15.0,-1000.0,0.0030553150400258744,1.410835730024459,1.0,0.8548565617438335,corner,1.0
0.534,10.003013593688866,9.165143263519472,0.2,0.0,10.0,0.0,0.0,4.172147219838157,-16.0,-1000.0,0.003013593688866223,1.409160909260184,1.0,0.8448566494465943,corner,1.0
0.535,10.002972042336234,9.175143177193354,0.2,0.0,10.0,0.0,0.0,4.155147219838157,-17.0,-1000.0,0.002972042336233826,1.4073936907549653,1.0,0.8348567364805284,corner,1.0
0.536,10.002930670982055,9.18514309161354,0.2,0.0,10.0,0.0,0.0,4.137147219838157,-18.0,-1000.0,0.002930670982054906,1.405533597671645,1.0,0.8248568228066446,corner,1.0
0.537,10.002889489626257,9.195143006817977,0.2,0.0,10.0,0.0,0.0,4.118147219838157,-19.0,-1000.0,0.0028894896262574576,1.4035805108009338,1.0,0.8148569083864601,corner,1.0
0.538,10.002848508268771,9.205142922844042,0.2,0.0,10.0,0.0,0.0,4.098147219838157,-20.0,-1000.0,0.002848508268771255,1.4015332380499357,1.0,0.8048569931820211,corner,1.0
0.539,10.002807736909531,9.21514283972851,0.2,0.0,10.0,0.0,0.0,4.0771472198381575,-21.0,-1000.0,0.0028077369095314,1.3993914217907826,1.0,0.7948570771559602,corner,1.0
0.54,10.002767185548473,9.225142757507527,0.2,0.0,10.0,0.0,0.0,4.055147219838157,-22.0,-1000.0,0.0027671855484729946,1.3971542275584468,1.0,0.7848571602714927,corner,1.0
0.541,10.002726864185533,9.235142676216581,0.2,0.0,10.0,0.0,0.0,4.032147219838158,-23.0,-1000.0,0.002726864185532918,1.3948211785157705,1.0,0.7748572424924767,corner,1.0
0.542,10.002686782820653,9.245142595890467,0.2,0.0,10.0,0.0,0.0,4.008147219838158,-24.0,-1000.0,0.0026867828206533773,1.3923913209884378,1.0,0.7648573237834206,corner,1.0
0.543,10.002646951453778,9.255142516563263,0.2,0.0,10.0,0.0,0.0,3.9831472198381577,-25.0,-1000.0,0.0026469514537783567,1.3898637013021315,1.0,0.7548574041095328,corner,1.0
0.544,10.002607380084855,9.265142438268294,0.2,0.0,10.0,0.0,0.0,3.957147219838158,-26.0,-1000.0,0.002607380084855393,1.3872379618289836,1.0,0.7448574834367392,corner,1.0
0.545,10.002568078713832,9.275142361038107,0.2,0.0,10.0,0.0,0.0,3.9301472198381577,-27.0,-1000.0,0.0025680787138320227,1.384512672057519,1.0,0.7348575617317081,corner,1.0
0.546,10.002529057340661,9.285142284904438,0.2,0.0,10.0,0.0,0.0,3.9021472198381577,-28.0,-1000.0,0.0025290573406611112,1.3816678048270934,1.0,0.7248576389618968,corner,1.0
0.547,10.002490325965299,9.295142209898184,0.2,0.0,10.0,0.0,0.0,3.873147219838158,-29.0,-1000.0,0.0024903259652990783,1.378720526275402,1.0,0.7148577150955653,corner,1.0
0.548,10.002451894587704,9.305142136049373,0.2,0.0,10.0,0.0,0.0,3.843147219838158,-30.0,-1000.0,0.002451894587704118,1.3756707767978003,1.0,0.7048577901018156,corner,1.0
0.549,10.002413773207838,9.315142063387128,0.2,0.0,10.0,0.0,0.0,3.812147219838158,-31.0,-1000.0,0.002413773207837977,1.3725177219292612,1.0,0.6948578639506273,corner,1.0
0.55,10.002375971825668,9.325141991939649,0.2,0.0,10.0,0.0,0.0,3.780147219838158,-32.0,-1000.0,0.002375971825667733,1.3692598119490202,1.0,0.6848579366128753,corner,1.0
0.551,10.002338500441159,9.33514192173417,0.2,0.0,10.0,0.0,0.0,3.747147219838158,-33.0,-1000.0,0.0023385004411586863,1.3658964508106304,1.0,0.674858008060351,corner,1.0
0.552,10.002301369054285,9.345141852796937,0.2,0.0,10.0,0.0,0.0,3.713147219838158,-34.0,-1000.0,0.0023013690542850185,1.3624262080026166,1.0,0.6648580782658335,corner,1.0
0.553,10.002264587665021,9.355141785153178,0.2,0.0,10.0,0.0,0.0,3.678147219838158,-35.0,-1000.0,0.002264587665020912,1.3588475338042145,1.0,0.6548581472030648,corner,1.0
0.554,10.002228166273346,9.365141718827068,0.2,0.0,10.0,0.0,0.0,3.642147219838158,-36.0,-1000.0,0.0022281662733458774,1.355160070587556,1.0,0.644858214846824,corner,1.0
0.555,10.002192114879241,9.375141653841707,0.2,0.0,10.0,0.0,0.0,3.605147219838158,-37.0,-1000.0,0.0021921148792412026,1.3513620302132978,1.0,0.6348582811729351,corner,1.0
0.556,10.002156443482694,9.385141590219078,0.2,0.0,10.0,0.0,0.0,3.567147219838158,-38.0,-1000.0,0.002156443482693504,1.3474521609838988,1.0,0.6248583461582946,corner,1.0
0.557,10.002121162083691,9.395141527980028,0.2,0.0,10.0,0.0,0.0,3.528147219838158,-39.0,-1000.0,0.002121162083691175,1.3434295092250432,1.0,0.6148584097809255,corner,1.0
0.558,10.002086280682228,9.405141467144235,0.2,0.0,10.0,0.0,0.0,3.488147219838158,-40.0,-1000.0,0.0020862806822279367,1.339292346402033,1.0,0.6048584720199734,corner,1.0
0.559,10.0020518092783,9.415141407730173,0.2,0.0,10.0,0.0,0.0,3.447147219838158,-41.0,-1000.0,0.002051809278299288,1.335039420817327,1.0,0.594858532855767,corner,1.0
0.56,10.002017757871906,9.42514134975509,0.2,0.0,10.0,0.0,0.0,3.4051472198381583,-42.0,-1000.0,0.0020177578719060563,1.3306693615640957,1.0,0.5848585922698284,corner,1.0
0.561,10.00198413646305,9.435141293234974,0.2,0.0,10.0,0.0,0.0,3.362147219838158,-43.0,-1000.0,0.001984136463050845,1.3261807977355096,1.0,0.5748586502449093,corner,1.0
0.562,10.001950955051742,9.445141238184519,0.2,0.0,10.0,0.0,0.0,3.318147219838158,-44.0,-1000.0,0.0019509550517415872,1.321572179610804,1.0,0.5648587067650261,corner,1.0
0.5630000000000001,10.001918223637988,9.455141184617103,0.2,0.0,10.0,0.0,0.0,3.273147219838158,-45.0,-1000.0,0.0019182236379879924,1.3168418382599254,1.0,0.5548587618154812,corner,1.0
0.5640000000000001,10.001885952221805,9.465141132544753,0.2,0.0,10.0,0.0,0.0,3.2271472198381583,-46.0,-1000.0,0.0018859522218050984,1.31198822396211,1.0,0.5448588153828986,corner,1.0
0.5650000000000001,10.00185415080321,9.475141081978114,0.2,0.0,10.0,0.0,0.0,3.180147219838158,-47.0,-1000.0,0.0018541508032097196,1.3070096677873035,1.0,0.5348588674552488,corner,1.0
0.5660000000000001,10.001822829382224,9.485141032926423,0.2,0.0,10.0,0.0,0.0,3.132147219838158,-48.0,-1000.0,0.0018228293822240005,1.301909984432772,1.0,0.5248589180218879,corner,1.0
0.5670000000000001,10.001791997958872,9.495140985397477,0.2,0.0,10.0,0.0,0.0,3.083147219838158,-49.0,-1000.0,0.0017919979588718604,1.2966954323862168,1.0,0.5148589670735788,corner,1.0
0.5680000000000001,10.00176166653318,9.505140939397602,0.2,0.0,10.0,0.0,0.0,3.0331472198381584,-50.0,-1000.0,0.0017616665331807724,1.2913505740446407,1.0,0.5048590146025269,corner,1.0
0.5690000000000001,10.001731845105184,9.515140894931625,0.2,0.0,10.0,0.0,0.0,2.9821472198381582,-51.0,-1000.0,0.0017318451051835382,1.2858742769197933,1.0,0.4948590606023977,corner,1.0
0.5700000000000001,10.001702543674915,9.525140852002842,0.2,0.0,10.0,0.0,0.0,2.930147219838158,-52.0,-1000.0,0.001702543674914736,1.280264335639818,1.0,0.48485910506837726,corner,1.0
0.5710000000000001,10.00167377224241,9.53514081061299,0.2,0.0,10.0,0.0,0.0,2.8771472198381582,-53.0,-1000.0,0.0016737722424107204,1.2745192004839507,1.0,0.47485914799716156,corner,1.0
0.5720000000000001,10.001645540807713,9.545140770762215,0.2,0.0,10.0,0.0,0.0,2.8231472198381584,-54.0,-1000.0,0.0016455408077131748,1.2686370833128475,1.0,0.46485918938700976,corner,1.0
0.5730000000000001,10.001617859370867,9.555140732449043,0.2,0.0,10.0,0.0,0.0,2.7681472198381583,-55.0,-1000.0,0.0016178593708673361,1.262616434405745,1.0,0.4548592292377869,corner,1.0
0.5740000000000001,10.001590737931918,9.565140695670353,0.2,0.0,10.0,0.0,0.0,2.712147219838158,-56.0,-1000.0,0.0015907379319184403,1.2564552272047205,1.0,0.4448592675509566,corner,1.0
0.5750000000000001,10.001564186490917,9.57514066042134,0.2,0.0,10.0,0.0,0.0,2.6551472198381583,-57.0,-1000.0,0.0015641864909170522,1.2501514351518515,1.0,0.4348593043296489,corner,1.0
0.5760000000000001,10.001538215047916,9.585140626695491,0.2,0.0,10.0,0.0,0.0,2.5971472198381584,-58.0,-1000.0,0.0015382150479155141,1.2437038661542428,1.0,0.4248593395786635,corner,1.0
0.577,10.00151283360297,9.595140594484551,0.2,0.0,10.0,0.0,0.0,2.5381472198381583,-59.0,-1000.0,0.001512833602969721,1.2371100168168137,1.0,0.4148593733045125,corner,1.0
0.578,10.001488052156136,9.605140563778498,0.2,0.0,10.0,0.0,0.0,2.478147219838158,-60.0,-1000.0,0.0014880521561355664,1.2305738542339855,1.0,0.40485940551544886,corner,1.0
0.579,10.001463880707474,9.615140534565509,0.2,0.0,10.0,0.0,0.0,2.4171472198381583,-61.0,-1000.0,0.0014638807074742743,1.2240172963211025,1.0,0.39485943622150543,corner,1.0
0.58,10.001440329257049,9.62514050683193,0.2,0.0,10.0,0.0,0.0,2.3551472198381584,-62.0,-1000.0,0.0014403292570488448,1.2173022391162203,1.0,0.38485946543449145,corner,1.0
0.581,10.001417407804922,9.635140480562246,0.2,0.0,10.0,0.0,0.0,2.2921472198381583,-63.0,-1000.0,0.0014174078049222771,1.2104261792242579,1.0,0.37485949316807066,corner,1.0
0.582,10.001395126351161,9.645140455739057,0.2,0.0,10.0,0.0,0.0,2.228147219838158,-64.0,-1000.0,0.0013951263511611245,1.203387447715162,1.0,0.3648595194377542,corner,1.0
0.583,10.001373494895832,9.655140432343037,0.2,0.0,10.0,0.0,0.0,2.1631472198381583,-65.0,-1000.0,0.0013734948958319393,1.196167328730473,1.0,0.35485954426094324,corner,1.0
0.584,10.001352523439007,9.665140410352913,0.2,0.0,10.0,0.0,0.0,2.0971472198381584,-66.0,-1000.0,0.0013525234390066034,1.1887783988502385,1.0,0.34485956765696457,corner,1.0
0.585,10.001332221980753,9.675140389745431,0.2,0.0,10.0,0.0,0.0,2.0301472198381583,-67.0,-1000.0,0.0013322219807534452,1.1812197044001418,1.0,0.3348595896470883,corner,1.0
0.586,10.001312600521146,9.68514037049533,0.2,0.0,10.0,0.0,0.0,1.9621472198381582,-68.0,-1000.0,0.0013126005211461234,1.1734896956594194,1.0,0.32485961025457044,corner,1.0
0.587,10.001293669060257,9.695140352575303,0.2,0.0,10.0,0.0,0.0,1.8931472198381583,-69.0,-1000.0,0.0012936690602565193,1.1655862864655038,1.0,0.31485962950467083,corner,1.0
0.588,10.001275437598158,9.705140335955978,0.2,0.0,10.0,0.0,0.0,1.8231472198381582,-70.0,-1000.0,0.001275437598158291,1.1575075098651173,1.0,0.3048596474246992,corner,1.0
0.589,10.001257916134925,9.715140320605883,0.2,0.0,10.0,0.0,0.0,1.7521472198381582,-71.0,-1000.0,0.0012579161349250967,1.1491666411001116,1.0,0.2948596640440222,corner,1.0
0.59,10.001241114670632,9.725140306491413,0.2,0.0,10.0,0.0,0.0,1.6801472198381582,-72.0,-1000.0,0.0012411146706323706,1.1406284704193579,1.0,0.28485967939411694,corner,1.0
0.591,10.001225043205352,9.735140293576805,0.2,0.0,10.0,0.0,0.0,1.6071472198381582,-73.0,-1000.0,0.0012250432053519944,1.1319107004023545,1.0,0.2748596935085885,corner,1.0
0.592,10.00120971173916,9.745140281824105,0.2,0.0,10.0,0.0,0.0,1.5331472198381582,-74.0,-1000.0,0.0012097117391594026,1.123011781328337,1.0,0.26485970642319856,corner,1.0
0.593,10.001195130272128,9.75514027119314,0.2,0.0,10.0,0.0,0.0,1.4581472198381582,-75.0,-1000.0,0.001195130272128253,1.1139300442672517,1.0,0.25485971817589714,corner,1.0
0.594,10.00118130880433,9.765140261641486,0.2,0.0,10.0,0.0,0.0,1.3821472198381581,-76.0,-1000.0,0.0011813088043304276,1.1046633434518867,1.0,0.2448597288068619,corner,1.0
0.595,10.001168257335838,9.775140253124441,0.2,0.0,10.0,0.0,0.0,1.3051472198381582,-77.0,-1000.0,0.0011682573358378079,1.0951927246052036,1.0,0.2348597383585158,corner,1.0
0.596,10.001155985866719,9.78514024559499,0.2,0.0,10.0,0.0,0.0,1.227147219838158,-78.0,-1000.0,0.0011559858667187228,1.0854240719931019,1.0,0.22485974687556265,corner,1.0
0.597,10.001144504397043,9.79514023900378,0.2,0.0,10.0,0.0,0.0,1.1481472198381582,-79.0,-1000.0,0.0011445043970432778,1.0754672369759029,1.0,0.21485975440501193,corner,1.0
0.598,10.001133822926876,9.805140233299088,0.2,0.0,10.0,0.0,0.0,1.068147219838158,-80.0,-1000.0,0.001133822926876249,1.0653204910189076,1.0,0.2048597609962215,corner,1.0
0.599,10.00112395145628,9.81514022842679,0.2,0.0,10.0,0.0,0.0,0.9871472198381581,-81.0,-1000.0,0.0011239514562806363,1.0549827016338655,1.0,0.19485976670091176,corner,1.0
0.6,10.001114899985318,9.825140224330333,0.2,0.0,10.0,0.0,0.0,0.9051472198381582,-82.0,-1000.0,0.0011148999853176633,1.0443281626249457,1.0,0.18485977157321187,corner,1.0
0.601,10.001106678514045,9.835140220950704,0.2,0.0,10.0,0.0,0.0,0.8221472198381582,-83.0,-1000.0,0.0011066785140450008,1.0335504698783784,1.0,0.17485977566966682,corner,1.0
0.602,10.001099297042517,9.845140218226398,0.2,0.0,10.0,0.0,0.0,0.7381472198381582,-84.0,-1000.0,0.001099297042516767,1.0226171388627605,1.0,0.16485977904929783,corner,1.0
0.603,10.001092765570784,9.85514021609339,0.2,0.0,10.0,0.0,0.0,0.6531472198381583,-85.0,-1000.0,0.001092765570783527,1.0114930624423202,1.0,0.15485978177360238,corner,1.0
0.604,10.001087094098889,9.86514021448511,0.2,0.0,10.0,0.0,0.0,0.5671472198381583,-86.0,-1000.0,0.0010870940988887412,1.0001769293148717,1.0,0.14485978390661103,corner,1.0
0.605,10.001082292626874,9.875140213332404,0.2,0.0,10.0,0.0,0.0,0.4801472198381583,-87.0,-1000.0,0.0010822926268740929,0.9887686964697037,1.0,0.13485978551488742,corner,1.0
0.606,10.001078371154776,9.885140212563506,0.2,0.0,10.0,0.0,0.0,0.39214721983815826,-88.0,-1000.0,0.0010783711547759367,0.9772957224387679,1.0,0.12485978666759578,corner,1.0
0.607,10.001075339682624,9.895140212104016,0.2,0.0,10.0,0.0,0.0,0.3031472198381583,-89.0,-1000.0,0.0010753396826235218,0.965644400769123,1.0,0.11485978743649383,corner,1.0
0.608,10.00107320821044,9.905140211876857,0.2,0.0,10.0,0.0,0.0,0.2131472198381583,-90.0,-1000.0,0.001073208210440768,0.9538766606866897,1.0,0.10485978789598605,corner,1.0
0.609,10.001071986738246,9.915140211802257,0.2,0.0,10.0,0.0,0.0,0.1221472198381583,-91.0,-1000.0,0.0010719867382462667,0.9418970155505384,1.0,0.09485978812314144,corner,1.0
0.61,10.001071685266048,9.925140211797713,0.2,0.0,10.0,0.0,0.0,0.030147219838158296,-92.0,-1000.0,0.0010716852660479503,0.9297048097095765,1.0,0.08485978819774331,corner,1.0
0.611,10.001072313793848,9.935140211777961,0.2,0.0,10.0,0.0,0.0,-0.0628527801618417,-93.0,-1000.0,0.0010723137938484228,0.9172995067220008,1.0,0.07485978820228567,corner,1.0
0.612,10.001073882321643,9.945140211654946,0.2,0.0,10.0,0.0,0.0,-0.1568527801618417,-94.0,-1000.0,0.0010738823216431825,0.9046808681692325,1.0,0.06485978822204075,corner,1.0
0.613,10.001076400849419,9.955140211337797,0.2,0.0,10.0,0.0,0.0,-0.2518527801618417,-95.0,-1000.0,0.001076400849418846,0.8918484768187581,1.0,0.054859788345051896,corner,1.0
0.614,10.00107987937715,9.96514021073279,0.2,0.0,10.0,0.0,0.0,-0.34785278016184173,-96.0,-1000.0,0.0010798793771495951,0.8788017366241297,1.0,0.044859788662204636,corner,1.0
0.615,10.001084327904804,9.97514020974332,0.2,0.0,10.0,0.0,0.0,-0.4448527801618417,-97.0,-1000.0,0.001084327904804283,0.8655399323296102,1.0,0.03485978926721245,corner,1.0
0.616,10.00108975643234,9.985140208269874,0.2,0.0,10.0,0.0,0.0,-0.5428527801618417,-98.0,-1000.0,0.0010897564323393283,0.8520631235398441,1.0,0.024859790256680725,corner,1.0
0.617,10.001095556089629,9.994176013164546,0.2,0.0,9.035806755936,-20.0,-20000.0,-0.6418527801618417,-99.0,-1000.0,0.0010955560896288574,0.8383444881646829,1.0,0.01485979173012808,corner,1.0
0.618,10.001100560301854,10.000921571637333,0.2,0.0,6.745560328980392,-40.0,-20000.0,-0.7418527801618416,-100.0,-1000.0,0.0011005603018539034,0.8259443565950564,1.0,0.005823986835451933,corner,1.0
0.619,9.99437500235613,10.000927233568325,0.2,0.0,6.725560328980392,-20.0,20000.0,-0.8418527801618416,-100.0,0.0,0.0009272335683245813,0.6103201511622005,1.0,9.999999999999986,corner,1.0
0.62,9.987649445010225,10.000933568055082,0.2,0.0,6.725560328980392,0.0,20000.0,-0.9418527801618416,-100.0,0.0,0.0009335680550819347,0.5525158834116963,1.0,9.994375002356115,corner,1.0
0.621,9.980903888342253,10.000940595934592,0.2,0.0,6.745560328980392,20.0,20000.0,-1.0418527801618416,-100.0,0.0,0.000940595934592281,0.5386154169116498,1.0,9.98764944501021,corner,1.0
0.622,9.974118332436873,10.000948344043834,0.2,0.0,6.785560328980392,40.0,20000.0,-1.1418527801618417,-100.0,0.0,0.0009483440438344815,0.6243966351917242,0.0,9.980903888342237,normal,0.0
0.623,9.967272777386498,10.000956845219775,0.2,0.0,6.845560328980391,60.0,20000.0,-1.2418527801618418,-100.0,0.0,0.0009568452197754596,0.7096987249203155,0.0,9.97411833243686,normal,0.0
0.624,9.96034722329249,10.000966138299368,0.2,0.0,6.925560328980391,80.0,20000.0,-1.3418527801618418,-100.0,0.0,0.0009661382993684242,0.794514950772564,0.0,9.967272777386484,normal,0.0
0.625,9.953321670266366,10.000976268119551,0.2,0.0,7.025560328980391,100.0,20000.0,-1.441852780161842,-100.0,0.0,0.0009762681195510936,0.8788358356099504,0.0,9.960347223292477,normal,0.0
0.626,9.946176118430989,10.000987285517246,0.2,0.0,7.145560328980391,120.0,20000.0,-1.541852780161842,-100.0,0.0,0.0009872855172456951,0.9626566110608925,0.0,9.953321670266352,normal,0.0
0.627,9.938890567921778,10.000999247329352,0.2,0.0,7.285560328980391,140.0,20000.0,-1.641852780161842,-100.0,0.0,0.00099924732935186,1.0459744757070863,0.0,9.946176118430973,normal,0.0
0.628,9.9314450188879,10.001012216392752,0.2,0.0,7.445560328980391,160.0,20000.0,-1.7418527801618422,-100.0,0.0,0.0010122163927519523,1.1287881182463464,0.0,9.938890567921764,normal,0.0
0.629,9.923819471493474,10.001026261544302,0.2,0.0,7.625560328980391,180.0,20000.0,-1.8418527801618423,-100.0,0.0,0.0010262615443021872,1.2110942008185657,0.0,9.931445018887885,normal,0.0
0.63,9.91599392591877,10.001041457620833,0.2,0.0,7.825560328980391,200.0,20000.0,-1.9418527801618424,-100.0,0.0,0.001041457620832631,1.2209359696929698,0.0,9.92381947149346,normal,0.0
0.631,9.90794838236141,10.001057885459144,0.2,0.0,8.045560328980391,220.0,20000.0,-2.0418527801618422,-100.0,0.0,0.0010578854591436482,1.2010173156700352,0.0,9.915993925918755,normal,0.0
0.632,9.899662841037564,10.001075631896,0.2,0.0,8.285560328980392,240.0,20000.0,-2.1418527801618423,-100.0,0.0,0.0010756318960005729,1.1804887605049803,0.0,9.907948382361393,normal,0.0
0.633,9.891117302183158,10.001094789768134,0.2,0.0,8.545560328980391,260.0,20000.0,-2.2418527801618424,-100.0,0.0,0.0010947897681337082,1.159666328024404,0.0,9.89966284103755,normal,0.0
0.634,9.882291766055063,10.001115457912235,0.2,0.0,8.82556032898039,280.0,20000.0,-2.3418527801618425,-100.0,0.0,0.001115457912234774,1.1390567769181867,0.0,9.891117302183144,normal,0.0
0.635,9.873166232932308,10.00113774116495,0.2,0.0,9.125560328980391,300.0,20000.0,-2.4418527801618426,-100.0,0.0,0.0011377411649498015,1.1178765445261114,0.0,9.88229176605505,normal,0.0
0.636,9.863720703117266,10.001161750362877,0.2,0.0,9.445560328980392,320.0,20000.0,-2.5418527801618427,-100.0,0.0,0.0011617503628773562,1.0961101336405363,0.0,9.873166232932295,normal,0.0
0.637,9.853935176936869,10.001187602342567,0.2,0.0,9.785560328980392,340.0,20000.0,-2.6418527801618428,-100.0,0.0,0.0011876023425667626,1.0737497956576407,0.0,9.863720703117252,normal,0.0
0.638,9.84378965474379,10.001215419940507,0.2,0.0,10.145560328980391,360.0,20000.0,-2.741852780161843,-100.0,0.0,0.001215419940507445,1.0507942788798843,0.0,9.853935176936854,normal,0.0
0.639,9.833264136917665,10.001245331993129,0.2,0.0,10.525560328980392,380.0,20000.0,-2.841852780161843,-100.0,0.0,0.0012453319931289286,1.0272355366802224,0.0,9.843789654743777,normal,0.0
0.64,9.822338623866269,10.001277473336796,0.2,0.0,10.925560328980392,400.0,20000.0,-2.941852780161843,-100.0,0.0,0.0012774733367955093,1.0031140406124575,0.0,9.833264136917652,normal,0.0
0.641,9.810993116026737,10.001311984807803,0.2,0.0,11.345560328980392,420.0,20000.0,-3.041852780161843,-100.0,0.0,0.0013119848078027019,0.9784162008175805,0.0,9.822338623866255,normal,0.0
0.642,9.799207613866749,10.001349013242368,0.2,0.0,11.785560328980392,440.0,20000.0,-3.141852780161843,-100.0,0.0,0.0013490132423683576,0.9532209934499194,0.0,9.810993116026722,normal,0.0
0.643,9.78696211788574,10.00138871147663,0.2,0.0,12.245560328980392,460.0,20000.0,-3.2418527801618433,-100.0,0.0,0.001388711476629112,0.9274409784955883,0.0,9.799207613866734,normal,0.0
0.644,9.774236628616094,10.001431238346637,0.2,0.0,12.725560328980393,480.0,20000.0,-3.3418527801618434,-100.0,0.0,0.001431238346636832,0.90085114842056,0.0,9.786962117885725,normal,0.0
0.645,9.761011146624348,10.00147675868835,0.2,0.0,13.225560328980393,500.0,20000.0,-3.4418527801618435,-100.0,0.0,0.001476758688349733,0.8735523542837949,0.0,9.77423662861608,normal,0.0
0.646,9.747265672512388,10.001525443337627,0.2,0.0,13.745560328980392,520.0,20000.0,-3.5418527801618436,-100.0,0.0,0.0015254433376270526,0.8456998065802876,0.0,9.761011146624334,normal,0.0
0.647,9.73298020691865,10.001577469130224,0.2,0.0,14.285560328980392,540.0,20000.0,-3.6418527801618437,-100.0,0.0,0.0015774691302237187,0.8171584411849775,0.0,9.747265672512373,normal,0.0
0.648,9.718134750519326,10.001633018901783,0.2,0.0,14.845560328980392,560.0,20000.0,-3.7418527801618438,-100.0,0.0,0.0016330189017832453,0.7880279766685735,0.0,9.732980206918636,normal,0.0
0.649,9.70270930402955,10.001692281487834,0.2,0.0,15.425560328980392,580.0,20000.0,-3.841852780161844,-100.0,0.0,0.0016922814878341794,0.7581318640732513,0.0,9.718134750519312,normal,0.0
0.65,9.686683868204616,10.001755451723778,0.2,0.0,16.025560328980394,600.0,20000.0,-3.941852780161844,-100.0,0.0,0.001755451723777668,0.72852504600689,0.0,9.702709304029536,normal,0.0
0.651,9.670038443773894,10.001822713799463,0.2,0.0,16.645560328980395,620.0,20000.0,-4.040852780161844,-99.0,1000.0,0.0018227137994628606,0.7246728520536475,0.0,9.6866838682046,normal,0.0
0.652,9.652753031496411,10.001894255984633,0.2,0.0,17.285560328980395,640.0,20000.0,-4.1388527801618435,-98.0,1000.0,0.0018942559846326643,0.7352435659108574,0.0,9.67003844377388,normal,0.0
0.653,9.63480763216084,10.001970270508929,0.2,0.0,17.945560328980395,660.0,20000.0,-4.235852780161844,-97.0,1000.0,0.0019702705089290617,0.7459630756077512,0.0,9.652753031496399,normal,0.0
0.654,9.616182246585426,10.002050953441886,0.2,0.0,18.625560328980395,680.0,20000.0,-4.331852780161844,-96.0,1000.0,0.0020509534418859943,0.756707463087841,0.0,9.634807632160825,normal,0.0
0.655,9.596856875617886,10.002136504572931,0.2,0.0,19.325560328980394,700.0,20000.0,-4.426852780161844,-95.0,1000.0,0.0021365045729311305,0.7673259285998448,0.0,9.616182246585414,normal,0.0
0.656,9.576811520135239,10.00222712729138,0.2,0.0,20.045560328980393,720.0,20000.0,-4.520852780161844,-94.0,1000.0,0.0022271272913805262,0.7779016206232248,0.0,9.59685687561787,normal,0.0
0.657,9.556026181043602,10.002323028466439,0.2,0.0,20.78556032898039,740.0,20000.0,-4.613852780161844,-93.0,1000.0,0.0023230284664386147,0.7884466985055149,0.0,9.576811520135223,normal,0.0
0.658,9.534480859277942,10.002424418327198,0.2,0.0,21.545560328980393,760.0,20000.0,-4.705852780161844,-92.0,1000.0,0.0024244183271981967,0.799035668052684,0.0,9.556026181043588,normal,0.0
0.659,9.512155555801769,10.002531510342635,0.2,0.0,22.325560328980394,780.0,20000.0,-4.796852780161844,-91.0,1000.0,0.0025315103426351016,0.8096663834975205,0.0,9.534480859277924,normal,0.0
0.66,9.48903027160681,10.002644521101612,0.2,0.0,23.125560328980395,800.0,20000.0,-4.886852780161844,-90.0,1000.0,0.00264452110161173,0.8204064365071998,0.0,9.512155555801751,normal,0.0
0.661,9.46508500771261,10.002763670192875,0.2,0.0,23.945560328980395,820.0,20000.0,-4.975852780161844,-89.0,1000.0,0.002763670192875267,0.8312163092022358,0.0,9.489030271606794,normal,0.0
0.662,9.440299765166117,10.002889180085054,0.2,0.0,24.785560328980395,840.0,20000.0,-5.063852780161844,-88.0,1000.0,0.0028891800850541216,0.8420874781184253,0.0,9.465085007712592,normal,0.0
0.663,9.414654545041211,10.00302127600666,0.2,0.0,25.645560328980395,860.0,20000.0,-5.150852780161844,-87.0,1000.0,0.00302127600665969,0.8530254864877327,0.0,9.440299765166099,normal,0.0
0.664,9.388129348438198,10.003160185826086,0.2,0.0,26.525560328980394,880.0,20000.0,-5.236852780161844,-86.0,1000.0,0.0031601858260863476,0.8643261521621782,0.0,9.414654545041195,normal,0.0
0.665,9.360704176483265,10.003306139931613,0.2,0.0,27.425560328980392,900.0,20000.0,-5.321852780161844,-85.0,1000.0,0.0033061399316132167,0.8757886968958359,0.0,9.38812934843818,normal,0.0
0.666,9.332359030327893,10.003459371111402,0.2,0.0,28.345560328980394,920.0,20000.0,-5.405852780161844,-84.0,1000.0,0.003459371111402376,0.887393153132706,0.0,9.36070417648325,normal,0.0
0.667,9.303073911148235,10.003620114433497,0.2,0.0,29.285560328980395,940.0,20000.0,-5.488852780161844,-83.0,1000.0,0.003620114433497079,0.899133113373475,0.0,9.332359030327876,normal,0.0
0.668,9.272828820144461,10.003788607125829,0.2,0.0,30.245560328980396,960.0,20000.0,-5.570852780161844,-82.0,1000.0,0.0037886071258288467,0.9105279257626746,0.0,9.303073911148221,normal,0.0
0.669,9.241603758540057,10.003965088456212,0.2,0.0,31.225560328980396,980.0,20000.0,-5.651852780161844,-81.0,1000.0,0.003965088456212129,0.9192016597525902,0.0,9.272828820144444,normal,0.0
0.67,9.209378727581102,10.004149799612351,0.2,0.0,32.22556032898039,1000.0,20000.0,-5.731852780161844,-80.0,1000.0,0.004149799612351401,0.9274481106904356,0.0,9.241603758540041,normal,0.0
0.671,9.176133728535504,10.004342983581838,0.2,0.0,33.245560328980396,1020.0,20000.0,-5.810852780161844,-79.0,1000.0,0.004342983581837601,0.9354927331450738,0.0,9.209378727581086,normal,0.0
0.672,9.1418487626922,10.004544885032153,0.2,0.0,34.285560328980395,1040.0,20000.0,-5.888852780161844,-78.0,1000.0,0.004544885032153445,0.9433863400761757,0.0,9.17613372853549,normal,0.0
0.673,9.106503831360332,10.004755750190672,0.2,0.0,35.3455603289804,1060.0,20000.0,-5.965852780161844,-77.0,1000.0,0.004755750190671648,0.9511812345595317,0.0,9.141848762692184,normal,0.0
0.674,9.070078935868382,10.004975826724664,0.2,0.0,36.425560328980396,1080.0,20000.0,-6.041852780161844,-76.0,1000.0,0.004975826724663789,0.958874197944324,0.0,9.106503831360317,normal,0.0
0.675,9.032554077563294,10.005205363621295,0.2,0.0,37.5255603289804,1100.0,20000.0,-6.116852780161844,-75.0,1000.0,0.005205363621294979,0.9660540773908921,0.0,9.07007893586837,normal,0.0
0.676,8.993909257809538,10.005444611067633,0.2,0.0,38.645560328980395,1120.0,20000.0,-6.190852780161844,-74.0,1000.0,0.005444611067632722,0.9728214855396167,0.0,9.03255407756328,normal,0.0
0.677,8.954124477988177,10.005693820330645,0.2,0.0,39.785560328980395,1140.0,20000.0,-6.263852780161844,-73.0,1000.0,0.0056938203306451385,0.9794520342679393,0.0,8.993909257809523,normal,0.0
0.678,8.913179725889503,10.005951087180943,0.2,0.0,40.94556032898039,1160.0,20000.0,-6.283185307179586,-72.0,1000.0,0.005951087180942949,0.9771373213050752,0.0,8.954124477988163,normal,0.0
0.679,8.871054997083018,10.00621576814112,0.2,0.0,42.12556032898039,1180.0,20000.0,-6.283185307179586,-71.0,1000.0,0.006215768141119682,0.9770203383205324,0.0,8.913179725889488,normal,0.0
0.68,8.827730291963507,10.006487988874055,0.2,0.0,43.325560328980394,1200.0,20000.0,-6.283185307179586,-70.0,1000.0,0.006487988874054552,0.9788700139758973,0.0,8.871054997083004,normal,0.0
0.681,8.78318561092575,10.006767875042629,0.2,0.0,44.54556032898039,1220.0,20000.0,-6.283185307179586,-69.0,1000.0,0.006767875042628546,0.9808404371259599,0.0,8.827730291963494,normal,0.0
0.682,8.737400954364531,10.007055552309719,0.2,0.0,45.785560328980395,1240.0,20000.0,-6.283185307179586,-68.0,1000.0,0.007055552309719104,0.9827835498330979,0.0,8.783185610925738,normal,0.0
0.683,8.690356322674635,10.007351146338207,0.2,0.0,47.04556032898039,1260.0,20000.0,-6.283185307179586,-67.0,1000.0,0.007351146338207215,0.98446954638938,0.0,8.737400954364517,normal,0.0
0.684,8.642031716250843,10.00765478279097,0.2,0.0,48.325560328980394,1280.0,20000.0,-6.283185307179586,-66.0,1000.0,0.007654782790970315,0.9860977149246126,0.0,8.69035632267462,normal,0.0
0.685,8.592407135487937,10.00796658733089,0.2,0.0,49.62556032898039,1300.0,20000.0,-6.283185307179586,-65.0,1000.0,0.007966587330889396,0.9854314805505663,0.0,8.642031716250827,normal,0.0
0.686,8.541462580780701,10.008286685620842,0.2,0.0,50.94556032898039,1320.0,20000.0,-6.283185307179586,-64.0,1000.0,0.008286685620841894,0.9851502508638291,0.0,8.592407135487921,normal,0.0
0.687,8.489178052523918,10.008615203323709,0.2,0.0,52.285560328980395,1340.0,20000.0,-6.283185307179586,-63.0,1000.0,0.008615203323708798,0.9846702877757935,0.0,8.541462580780685,normal,0.0
0.6880000000000001,8.435533551112371,10.00895226610237,0.2,0.0,53.645560328980395,1360.0,20000.0,-6.283185307179586,-62.0,1000.0,0.008952266102369322,0.9826591667054086,0.0,8.4891780525239,normal,0.0
0.6890000000000001,8.380509076940843,10.009297999619703,0.2,0.0,55.0255603289804,1380.0,20000.0,-6.283185307179586,-61.0,1000.0,0.00929799961970268,0.9807827033636956,0.0,8.435533551112353,normal,0.0
0.6900000000000001,8.324084630404116,10.009652529538586,0.2,0.0,56.425560328980396,1400.0,20000.0,-6.283185307179586,-60.0,1000.0,0.009652529538586307,0.9787827910123258,0.0,8.380509076940829,normal,0.0
0.6910000000000001,8.266280211107407,10.010015730196143,0.2,0.0,57.8055603289804,1380.0,-20000.0,-6.283185307179586,-59.0,1000.0,0.010015730196142767,1.015037900162688,0.0,8.324084630404098,normal,0.0
0.6920000000000001,8.207115818655934,10.010387475929493,0.2,0.0,59.1655603289804,1360.0,-20000.0,-6.283185307179586,-58.0,1000.0,0.010387475929492851,1.0279752427304298,0.0,8.26628021110739,normal,0.0
0.6930000000000001,8.146611452654913,10.010767641075757,0.2,0.0,60.5055603289804,1340.0,-20000.0,-6.283185307179586,-57.0,1000.0,0.01076764107575734,1.0406053053194793,0.0,8.207115818655918,normal,0.0
0.6940000000000001,8.084787112709561,10.011156099972055,0.2,0.0,61.8255603289804,1320.0,-20000.0,-6.283185307179586,-56.0,1000.0,0.011156099972055245,1.050758422049335,0.0,8.146611452654898,normal,0.0
0.6950000000000001,8.021662798425098,10.01155272695551,0.2,0.0,63.1255603289804,1300.0,-20000.0,-6.283185307179586,-55.0,1000.0,0.01155272695550913,1.0604463330345364,0.0,8.084787112709549,normal,0.0
0.6960000000000001,7.9572585094067385,10.011957396363238,0.2,0.0,64.4055603289804,1280.0,-20000.0,-6.283185307179586,-54.0,1000.0,0.011957396363238004,1.0698025843443484,0.0,8.021662798425083,normal,0.0
0.6970000000000001,7.8915942452597,10.012369982532364,0.2,0.0,65.6655603289804,1260.0,-20000.0,-6.283185307179586,-53.0,1000.0,0.01236998253236443,1.0788290782051297,0.0,7.957258509406724,normal,0.0
0.6980000000000001,7.824690005589201,10.012790359800007,0.2,0.0,66.9055603289804,1240.0,-20000.0,-6.283185307179586,-52.0,1000.0,0.01279035980000742,1.0875261610688778,0.0,7.891594245259686,normal,0.0
0.6990000000000001,7.756565790000456,10.01321840250329,0.2,0.0,68.1255603289804,1220.0,-20000.0,-6.283185307179586,-51.0,1000.0,0.01321840250328954,1.0959128607871145,0.0,7.824690005589186,normal,0.0
0.7000000000000001,7.687241598098685,10.01365398497933,0.2,0.0,69.3255603289804,1200.0,-20000.0,-6.283185307179586,-50.0,1000.0,0.013653984979329792,1.1042370926352354,0.0,7.756565790000444,normal,0.0
0.7010000000000001,7.616737429489103,10.014096981565249,0.2,0.0,70.50556032898041,1180.0,-20000.0,-6.283185307179586,-49.0,1000.0,0.014096981565248967,1.1120794112773749,0.0,7.6872415980986695,normal,0.0
0.7020000000000001,7.545073283776928,10.014547266598168,0.2,0.0,71.6655603289804,1160.0,-20000.0,-6.283185307179586,-48.0,1000.0,0.014547266598167852,1.1202668497862431,0.0,7.616737429489088,normal,0.0
0.7030000000000001,7.472269160567377,10.015004714415207,0.2,0.0,72.8055603289804,1140.0,-20000.0,-6.283185307179586,-47.0,1000.0,0.015004714415207232,1.1281815203370662,0.0,7.545073283776915,normal,0.0
0.704,7.398345059465667,10.01546919935349,0.2,0.0,73.92556032898041,1120.0,-20000.0,-6.283185307179586,-46.0,1000.0,0.01546919935348967,1.135794144010744,0.0,7.472269160567365,normal,0.0
0.705,7.323320980077015,10.015940595750134,0.2,0.0,75.0255603289804,1100.0,-20000.0,-6.283185307179586,-45.0,1000.0,0.01594059575013418,1.1431096419157596,0.0,7.398345059465655,normal,0.0
0.706,7.247216922006639,10.016418777942262,0.2,0.0,76.1055603289804,1080.0,-20000.0,-6.283185307179586,-44.0,1000.0,0.016418777942261542,1.1501593064906213,0.0,7.323320980077003,normal,0.0
0.707,7.170052884859755,10.01690362026699,0.2,0.0,77.1655603289804,1060.0,-20000.0,-6.283185307179586,-43.0,1000.0,0.01690362026699077,1.1569630270602318,0.0,7.247216922006626,normal,0.0
0.708,7.0918488682415814,10.017394997061444,0.2,0.0,78.20556032898041,1040.0,-20000.0,-6.283185307179586,-42.0,1000.0,0.017394997061444428,1.1634989622475715,0.0,7.170052884859739,normal,0.0
0.709,7.012624871757334,10.017892782662743,0.2,0.0,79.22556032898041,1020.0,-20000.0,-6.283185307179586,-41.0,1000.0,0.0178927826627433,1.1689745379151912,0.0,7.091848868241566,normal,0.0
0.71,6.93240089501223,10.018396851408008,0.2,0.0,80.22556032898041,1000.0,-20000.0,-6.283185307179586,-40.0,1000.0,0.018396851408008175,1.1740524161519619,0.0,7.012624871757321,normal,0.0
0.711,6.851196937611487,10.01890707763436,0.2,0.0,81.20556032898041,980.0,-20000.0,-6.283185307179586,-39.0,1000.0,0.018907077634359837,1.1788150599839302,0.0,6.932400895012215,normal,0.0
0.712,6.769032999160323,10.019423335678917,0.2,0.0,82.1655603289804,960.0,-20000.0,-6.283185307179586,-38.0,1000.0,0.019423335678917297,1.1833124739827725,0.0,6.851196937611473,normal,0.0
0.713,6.685929079263953,10.019945499878803,0.2,0.0,83.1055603289804,940.0,-20000.0,-6.283185307179586,-37.0,1000.0,0.01994549987880312,1.187667920553884,0.0,6.769032999160309,normal,0.0
0.714,6.6019051775275965,10.020473444571136,0.2,0.0,84.0255603289804,920.0,-20000.0,-6.283185307179586,-36.0,1000.0,0.020473444571136312,1.1919871122600647,0.0,6.685929079263939,normal,0.0
0.715,6.516981293556469,10.02100704409304,0.2,0.0,84.92556032898041,900.0,-20000.0,-6.283185307179586,-35.0,1000.0,0.02100704409303944,1.195978511607847,0.0,6.601905177527584,normal,0.0
0.716,6.431177426955789,10.021546172781632,0.2,0.0,85.8055603289804,880.0,-20000.0,-6.283185307179586,-34.0,1000.0,0.021546172781631515,1.1998711196424576,0.0,6.516981293556459,normal,0.0
0.717,6.344513577330772,10.022090704974035,0.2,0.0,86.6655603289804,860.0,-20000.0,-6.283185307179586,-33.0,1000.0,0.02209070497403509,1.2037099006177994,0.0,6.431177426955777,normal,0.0
0.718,6.257009744286635,10.02264051500737,0.2,0.0,87.50556032898041,840.0,-20000.0,-6.283185307179586,-32.0,1000.0,0.022640515007369185,1.207270569706163,0.0,6.344513577330758,normal,0.0
0.719,6.168685927428597,10.023195477218755,0.2,0.0,88.3255603289804,820.0,-20000.0,-6.283185307179586,-31.0,1000.0,0.023195477218754593,1.210553134358129,0.0,6.2570097442866235,normal,0.0
0.72,6.079562126361874,10.023755465945312,0.2,0.0,89.1255603289804,800.0,-20000.0,-6.283185307179586,-30.0,1000.0,0.023755465945312082,1.2135517980219932,0.0,6.168685927428587,normal,0.0
0.721,5.989658340691683,10.024320355524162,0.2,0.0,89.9055603289804,780.0,-20000.0,-6.283185307179586,-29.0,1000.0,0.02432035552416245,1.2161904530169578,0.0,6.079562126361861,normal,0.0
0.722,5.898994570023241,10.024890020292428,0.2,0.0,90.6655603289804,760.0,-20000.0,-6.283185307179586,-28.0,1000.0,0.02489002029242826,0.2400048907997223,0.0,5.989658340691673,normal,0.0
0.723,5.807590813961766,10.025464334587229,0.2,0.0,91.4055603289804,740.0,-20000.0,-6.283185307179586,-27.0,1000.0,0.02546433458722852,0.24502803638001397,0.0,5.8989945700232305,normal,0.0
0.724,5.7154670721124745,10.026043172745684,0.2,0.0,92.1255603289804,720.0,-20000.0,-6.283185307179586,-26.0,1000.0,0.026043172745684018,0.24980391547699882,0.0,5.807590813961756,normal,0.0
0.725,5.622643344080584,10.026626409104916,0.2,0.0,92.8255603289804,700.0,-20000.0,-6.283185307179586,-25.0,1000.0,0.026626409104915538,0.25432525632401426,0.0,5.715467072112464,normal,0.0
0.726,5.52913962947131,10.027213918002042,0.2,0.0,93.50556032898041,680.0,-20000.0,-6.283185307179586,-24.0,1000.0,0.027213918002042092,0.25861536433716736,0.0,5.622643344080572,normal,0.0
0.727,5.434975927889872,10.027805573774186,0.2,0.0,94.1655603289804,660.0,-20000.0,-6.283185307179586,-23.0,1000.0,0.027805573774186243,0.2626574906112762,0.0,5.529139629471302,normal,0.0
0.728,5.340172238941486,10.028401250758469,0.2,0.0,94.8055603289804,640.0,-20000.0,-6.283185307179586,-22.0,1000.0,0.028401250758468777,0.26645843007584535,0.0,5.434975927889862,normal,0.0
0.729,5.244748562231369,10.02900082329201,0.2,0.0,95.42556032898041,620.0,-20000.0,-6.283185307179586,-21.0,1000.0,0.029000823292010477,0.27005412433167414,0.0,5.340172238941477,normal,0.0
0.73,5.148724897364739,10.02960416571193,0.2,0.0,96.0255603289804,600.0,-20000.0,-6.283185307179586,-20.0,1000.0,0.029604165711930364,0.27339671084900813,0.0,5.244748562231361,normal,0.0
0.731,5.052121243946812,10.030211152355351,0.2,0.0,96.6055603289804,580.0,-20000.0,-6.283185307179586,-19.0,1000.0,0.030211152355350993,0.27649203088303526,0.0,5.14872489736473,normal,0.0
0.732,4.954957601582805,10.030821657559391,0.2,0.0,97.1655603289804,560.0,-20000.0,-6.283185307179586,-18.0,1000.0,0.030821657559391372,0.2793862780334564,0.0,5.052121243946804,normal,0.0
0.733,4.857253969877936,10.031435555661174,0.2,0.0,97.70556032898041,540.0,-20000.0,-6.283185307179586,-17.0,1000.0,0.031435555661174064,0.28203403356095286,0.0,4.954957601582798,normal,0.0
0.734,4.759030348437422,10.032052720997818,0.2,0.0,98.22556032898041,520.0,-20000.0,-6.283185307179586,-16.0,1000.0,0.032052720997818085,0.2841970577003571,0.0,4.857253969877927,normal,0.0
0.735,4.66030673686648,10.032673027906446,0.2,0.0,98.72556032898041,500.0,-20000.0,-6.283185307179586,-15.0,1000.0,0.032673027906445995,0.2860392036201569,0.0,4.759030348437417,normal,0.0
0.736,4.5611031347703275,10.033296350724177,0.2,0.0,99.20556032898041,480.0,-20000.0,-6.283185307179586,-14.0,1000.0,0.033296350724176804,0.2880215132476898,0.0,4.660306736866474,normal,0.0
0.737,4.461439541754181,10.033922563788131,0.2,0.0,99.6655603289804,460.0,-20000.0,-6.283185307179586,-13.0,1000.0,0.0339225637881313,0.2900480231048675,0.0,4.561103134770324,normal,0.0
0.738,4.361441515668567,10.034550878184687,0.2,0.0,100.0,440.0,-20000.0,-6.283185307179586,-12.0,1000.0,0.03455087818468705,0.2907845377922058,0.0,4.461439541754174,normal,0.0
0.739,4.261443489582953,10.035179192581243,0.2,0.0,100.0,420.0,-20000.0,-6.283185307179586,-11.0,1000.0,0.0351791925812428,0.2875296473503113,0.0,4.361441515668563,normal,0.0
0.74,4.161445463497339,10.035807506977799,0.2,0.0,100.0,400.0,-20000.0,-6.283185307179586,-10.0,1000.0,0.03580750697779855,0.2824850082397461,0.0,4.261443489582948,normal,0.0
0.741,4.061447437411725,10.036435821374354,0.2,0.0,100.0,380.0,-20000.0,-6.283185307179586,-9.0,1000.0,0.036435821374354305,0.27757942676544195,0.0,4.1614454634973335,normal,0.0
0.742,3.961449411326111,10.03706413577091,0.2,0.0,100.0,360.0,-20000.0,-6.283185307179586,-8.0,1000.0,0.037064135770910056,0.27282172441482544,0.0,4.061447437411719,normal,0.0
0.743,3.861451385240497,10.037692450167466,0.2,0.0,100.0,340.0,-20000.0,-6.283185307179586,-7.0,1000.0,0.03769245016746581,0.2681649923324585,0.0,3.9614494113261074,normal,0.0
0.744,3.761453359154883,10.038320764564022,0.2,0.0,100.0,320.0,-20000.0,-6.283185307179586,-6.0,1000.0,0.03832076456402156,0.2636075019836426,0.0,3.8614513852404926,normal,0.0
0.745,3.661455333069269,10.038949078960577,0.2,0.0,100.0,300.0,-20000.0,-6.283185307179586,-5.0,1000.0,0.03894907896057731,0.259149968624115,0.0,3.7614533591548813,normal,0.0
0.746,3.5614573069836553,10.039577393357133,0.2,0.0,100.0,280.0,-20000.0,-6.283185307179586,-4.0,1000.0,0.03957739335713306,0.2549176216125488,0.0,3.6614553330692665,normal,0.0
0.747,3.4614592808980413,10.040205707753689,0.2,0.0,100.0,260.0,-20000.0,-6.283185307179586,-3.0,1000.0,0.04020570775368881,0.2508041262626648,0.0,3.5614573069836517,normal,0.0
0.748,3.3614612548124274,10.040834022150245,0.2,0.0,100.0,240.0,-20000.0,-6.283185307179586,-2.0,1000.0,0.040834022150244564,0.24679040908813477,0.0,3.4614592808980404,normal,0.0
0.749,3.2614632287268135,10.0414623365468,0.2,0.0,100.0,220.0,-20000.0,-6.283185307179586,-1.0,1000.0,0.041462336546800316,0.24282407760620114,0.0,3.3614612548124256,normal,0.0
0.75,3.1614652026411996,10.042090650943356,0.2,0.0,100.0,200.0,-20000.0,-6.283185307179586,0.0,1000.0,0.04209065094335607,0.23859888315200806,0.0,3.2614632287268144,normal,0.0
0.751,3.0614671759273215,10.042718865341886,0.2,0.0,100.0,180.0,-20000.0,-6.282185307179586,1.0,1000.0,0.04271886534188596,0.23433517355574837,0.0,3.1614652026411996,normal,0.0
0.752,2.9614691479572146,10.04334687974436,0.2,0.0,100.0,160.0,-20000.0,-6.280185307179586,2.0,1000.0,0.04334687974436058,0.230078129138162,0.0,3.061467175927323,normal,0.0
0.753,2.8614711181035144,10.043974594152749,0.2,0.0,100.0,140.0,-20000.0,-6.277185307179586,3.0,1000.0,0.043974594152748736,0.22587918870769005,0.0,2.9614691479572137,normal,0.0
0.754,2.7614730857397567,10.044601908569012,0.2,0.0,100.0,120.0,-20000.0,-6.2731853071795864,4.0,1000.0,0.04460190856901214,0.2216630119933365,0.0,2.861471118103516,normal,0.0
0.755,2.6614750502406768,10.045228722995105,0.2,0.0,100.0,100.0,-20000.0,-6.2681853071795866,5.0,1000.0,0.045228722995105386,0.2174242941817161,0.0,2.7614730857397554,normal,0.0
0.756,2.5614770109825105,10.045854937432974,0.2,0.0,100.0,80.0,-20000.0,-6.262185307179586,6.0,1000.0,0.0458549374329742,0.21315868413376043,0.0,2.6614750502406785,normal,0.0
0.757,2.461478967343293,10.046480451884554,0.2,0.0,100.0,60.0,-20000.0,-6.255185307179587,7.0,1000.0,0.04648045188455363,0.2088618307104009,0.0,2.5614770109825074,normal,0.0
0.758,2.3621424816757575,10.047101033391515,0.2,0.0,99.33842411767603,40.0,-20000.0,-6.247185307179587,8.0,1000.0,0.047101033391514946,0.1979139219725529,0.0,2.461478967343293,normal,0.0
0.759,2.264826460315237,10.047708116641012,0.2,0.0,97.31791491556494,20.0,-20000.0,-6.238185307179586,9.0,1000.0,0.0477081166410116,0.17057239016789955,0.0,2.3621424816757575,normal,0.0
0.76,2.169531338676702,10.04830163999178,0.2,0.0,95.29696993121577,0.0,-20000.0,-6.2281853071795865,10.0,1000.0,0.04830163999178083,0.13795237300637353,0.0,2.264826460315234,normal,0.0
0.761,2.076257571204293,10.048881547760276,0.2,0.0,93.27557017524424,-20.0,-20000.0,-6.217185307179586,11.0,1000.0,0.04888154776027598,0.1269518928164513,0.0,2.169531338676702,normal,0.0
0.762,1.9850056326434697,10.049447790216298,0.2,0.0,91.25369538614468,-40.0,-20000.0,-6.205185307179587,12.0,1000.0,0.049447790216298415,0.11840612918721487,0.0,2.0762575712042945,normal,0.0
0.763,1.8957760194297615,10.050000323578182,0.2,0.0,89.23132391365709,-60.0,-20000.0,-6.192185307179587,13.0,1000.0,0.05000032357818185,0.10961537992640985,0.0,1.985005632643471,normal,0.0
0.764,1.8085692512078353,10.050539110007469,0.2,0.0,87.20843258842089,-80.0,-20000.0,-6.178185307179587,14.0,1000.0,0.05053911000746858,0.10103883921738605,0.0,1.8957760194297606,normal,0.0
0.765,1.7233858724965745,10.05106411760302,0.2,0.0,85.18499657593142,-100.0,-20000.0,-6.163185307179587,15.0,1000.0,0.051064117603020875,0.09271459442815475,0.0,1.8085692512078353,normal,0.0
0.766,1.6402264545181975,10.051575320394479,0.2,0.0,83.16098921246912,-120.0,-20000.0,-6.147185307179587,16.0,1000.0,0.05157532039447865,0.08461320086419716,0.0,1.723385872496575,normal,0.0
0.767,1.559091597212184,10.052072698335001,0.2,0.0,81.1363818202593,-140.0,-20000.0,-6.130185307179587,17.0,1000.0,0.05207269833500127,0.07670604829602093,0.0,1.6402264545181993,normal,0.0
0.768,1.479981931458025,10.052556237293174,0.2,0.0,79.11114349861745,-160.0,-20000.0,-6.112185307179587,18.0,1000.0,0.05255623729317449,0.06898175223647406,0.0,1.5590915972121842,normal,0.0
0.769,1.4699821170919865,10.052617168769212,0.2,0.0,10.0,-180.0,-20000.0,-6.093185307179587,19.0,1000.0,0.05261716876921163,0.061564945997781624,1.0,1.4799819314580276,corner,1.0
0.77,1.4601422985586412,10.052676928545274,0.2,0.0,9.84,-160.0,20000.0,-6.073185307179587,20.0,1000.0,0.052676928545274386,0.003609085409564401,1.0,1.4699821170919876,corner,1.0
0.771,1.450442476325923,10.052735653784008,0.2,0.0,9.7,-140.0,20000.0,-6.054185307179587,19.0,-1000.0,0.05273565378400846,0.0035920231591450493,1.0,1.4601422985586439,corner,1.0
0.772,1.4408626508515965,10.052793480088095,0.2,0.0,9.58,-120.0,20000.0,-6.036185307179587,18.0,-1000.0,0.052793480088094924,0.007219194832858104,1.0,1.4504424763259252,corner,1.0
0.773,1.431382822584083,10.052850541620243,0.2,0.0,9.48,-100.0,20000.0,-6.019185307179587,17.0,-1000.0,0.05285054162024316,0.010471833565127405,1.0,1.4408626508515994,corner,1.0
0.774,1.4219829919632734,10.052906971223193,0.2,0.0,9.4,-80.0,20000.0,-6.003185307179587,16.0,-1000.0,0.05290697122319266,0.013349402914149749,1.0,1.4313828225840837,corner,1.0
0.775,1.4126431594213296,10.052962900539704,0.2,0.0,9.34,-60.0,20000.0,-5.988185307179587,15.0,-1000.0,0.0529629005397041,0.015851187624187857,1.0,1.4219829919632758,corner,1.0
0.776,1.4033433253834748,10.053018460132565,0.2,0.0,9.3,-40.0,20000.0,-5.974185307179587,14.0,-1000.0,0.053018460132564726,0.017976532044149167,1.0,1.4126431594213322,corner,1.0
0.777,1.394063490268775,10.053073779604578,0.2,0.0,9.280000000000001,-20.0,20000.0,-5.961185307179587,13.0,-1000.0,0.05307377960457771,0.01972472091829643,1.0,1.403343325383478,corner,1.0
0.778,1.3847836544909096,10.053128987718566,0.2,0.0,9.280000000000001,0.0,20000.0,-5.9491853071795875,12.0,-1000.0,0.05312898771856567,0.021093429665483315,1.0,1.3940634902687776,corner,1.0
0.779,1.3754838184589357,10.053184212517365,0.2,0.0,9.3,20.0,20000.0,-5.938185307179587,11.0,-1000.0,0.05318421251736538,0.02205154466113735,1.0,1.38478365449091,corner,1.0
0.78,1.3661439825780446,10.053239581443824,0.2,0.0,9.34,40.0,20000.0,-5.928185307179588,10.0,-1000.0,0.053239581443824235,0.022627676134750325,1.0,1.3754838184589389,corner,1.0
0.781,1.3567441472503108,10.053295221460802,0.2,0.0,9.4,60.0,20000.0,-5.919185307179587,9.0,-1000.0,0.05329522146080201,0.022823314202441936,1.0,1.3661439825780448,corner,1.0
0.782,1.3472643128754382,10.053351259171167,0.2,0.0,9.48,80.0,20000.0,-5.911185307179587,8.0,-1000.0,0.05335125917116734,0.022655744211196895,1.0,1.3567441472503141,corner,1.0
0.783,1.337684479851499,10.05340782093779,0.2,0.0,9.58,100.0,20000.0,-5.904185307179588,7.0,-1000.0,0.05340782093779062,0.02209206439709918,1.0,1.3472643128754385,corner,1.0
0.784,1.327984648575671,10.053465033003548,0.2,0.0,9.7,120.0,20000.0,-5.898185307179587,6.0,-1000.0,0.053465033003547546,0.021145268572709822,1.0,1.3376844798515002,corner,1.0
0.785,1.3181448194449712,10.053523021611316,0.2,0.0,9.84,140.0,20000.0,-5.893185307179587,5.0,-1000.0,0.05352302161131561,0.01981428385442296,1.0,1.327984648575672,corner,1.0
0.786,1.308144992856988,10.053581913123969,0.2,0.0,10.0,160.0,20000.0,-5.889185307179588,4.0,-1000.0,0.05358191312396876,0.01808933508049526,1.0,1.3181448194449743,corner,1.0
0.787,1.298145166092375,10.053640774637142,0.2,0.0,10.0,140.0,-20000.0,-5.886185307179588,3.0,-1000.0,0.05364077463714168,0.017737341673076633,1.0,1.3081449928569882,corner,1.0
0.788,1.2881453392100592,10.053699616150661,0.2,0.0,10.0,120.0,-20000.0,-5.884185307179588,2.0,-1000.0,0.05369961615066111,0.01872995890560441,1.0,1.2981451660923753,corner,1.0
0.789,1.278145512268907,10.053758447664354,0.2,0.0,10.0,100.0,-20000.0,-5.883185307179588,1.0,-1000.0,0.05375844766435378,0.019524380152712562,1.0,1.288145339210061,corner,1.0
0.79,1.2681456853277546,10.053817279178046,0.2,0.0,10.0,80.0,-20000.0,-5.883185307179588,0.0,-1000.0,0.053817279178046455,0.020128055994997687,1.0,1.2781455122689103,corner,1.0
0.791,1.2581458584454388,10.053876120691566,0.2,0.0,10.0,60.0,-20000.0,-5.884185307179588,-1.0,-1000.0,0.053876120691565894,0.02055851019802385,1.0,1.268145685327756,corner,1.0
0.792,1.248146031680826,10.053934982204739,0.2,0.0,10.0,40.0,-20000.0,-5.886185307179588,-2.0,-1000.0,0.0539349822047388,0.02081586197108081,1.0,1.2581458584454417,corner,1.0
0.793,1.2381462050928427,10.053993873717392,0.2,0.0,10.0,20.0,-20000.0,-5.889185307179588,-3.0,-1000.0,0.05399387371739195,0.020900468942037134,1.0,1.2481460316808288,corner,1.0
0.794,1.2281463787405054,10.05405280522935,0.2,0.0,10.0,0.0,-20000.0,-5.893185307179587,-4.0,-1000.0,0.05405280522935029,0.02079880085652873,1.0,1.2381462050928427,corner,1.0
0.795,1.2181465526829507,10.05411178674044,0.2,0.0,10.0,0.0,0.0,-5.898185307179587,-5.0,-1000.0,0.05411178674044059,0.020499771250627314,1.0,1.228146378740508,corner,1.0
0.796,1.208146726979465,10.054170828250486,0.2,0.0,10.0,0.0,0.0,-5.904185307179588,-6.0,-1000.0,0.054170828250486025,0.019531907384159615,1.0,1.2181465526829527,corner,1.0
0.797,1.198146901689515,10.05422993975931,0.2,0.0,10.0,0.0,0.0,-5.911185307179587,-7.0,-1000.0,0.05422993975930979,0.018409120504379175,1.0,1.208146726979468,corner,1.0
0.798,1.188147076872777,10.054289131266733,0.2,0.0,10.0,0.0,0.0,-5.919185307179587,-8.0,-1000.0,0.05428913126673329,0.01713099337877255,1.0,1.1981469016895154,corner,1.0
0.799,1.1781472525891676,10.054348412772578,0.2,0.0,10.0,0.0,0.0,-5.928185307179588,-9.0,-1000.0,0.05434841277257796,0.01569567826335145,1.0,1.1881470768727773,corner,1.0
0.8,1.1681474288988734,10.054407794276663,0.2,0.0,10.0,0.0,0.0,-5.938185307179587,-10.0,-1000.0,0.054407794276663424,0.014105440134617467,1.0,1.1781472525891665,corner,1.0
0.801,1.1581476058623805,10.054467285778806,0.2,0.0,10.0,0.0,0.0,-5.9491853071795875,-11.0,-1000.0,0.054467285778805774,0.012360219387926004,1.0,1.1681474288988731,corner,1.0
0.802,1.1481477835405056,10.05452689727882,0.2,0.0,10.0,0.0,0.0,-5.961185307179587,-12.0,-1000.0,0.05452689727881932,0.010471162091849949,1.0,1.158147605862382,corner,1.0
0.803,1.1381479619944253,10.054586638776518,0.2,0.0,10.0,0.0,0.0,-5.974185307179587,-13.0,-1000.0,0.05458663877651837,0.008418539108968524,1.0,1.1481477835405052,corner,1.0
0.804,1.128148141285706,10.054646520271714,0.2,0.0,10.0,0.0,0.0,-5.988185307179587,-14.0,-1000.0,0.05464652027171368,0.006210814298839862,1.0,1.1381479619944237,corner,1.0
0.805,1.118148321476334,10.054706551764212,0.2,0.0,10.0,0.0,0.0,-6.003185307179587,-15.0,-1000.0,0.05470655176421246,0.003847928056819508,1.0,1.1281481412857062,corner,1.0
0.806,1.1081485026287459,10.05476674325382,0.2,0.0,10.0,0.0,0.0,-6.019185307179587,-16.0,-1000.0,0.054766743253820145,0.0013298803829070373,1.0,1.1181483214763333,corner,1.0
0.807,1.0981486846851551,10.054827084740705,0.2,0.0,10.0,0.0,0.0,-6.034185307179587,-15.0,1000.0,0.054827084740704635,0.0010250784413583908,1.0,1.1081485026287474,corner,1.0
0.808,1.0881488675873252,10.054887566225034,0.2,0.0,10.0,0.0,0.0,-6.048185307179587,-14.0,1000.0,0.05488756622503388,0.0032252930662452907,1.0,1.0981486846851567,corner,1.0
0.809,1.0781490512765994,10.054948177706981,0.2,0.0,10.0,0.0,0.0,-6.061185307179587,-13.0,1000.0,0.05494817770698113,0.005270703887108783,1.0,1.088148867587325,corner,1.0
0.81,1.0681492356939315,10.05500890918672,0.2,0.0,10.0,0.0,0.0,-6.073185307179586,-12.0,1000.0,0.055008909186719634,0.007161191694659535,1.0,1.0781490512766005,corner,1.0
0.811,1.058149420779915,10.055069750664424,0.2,0.0,10.0,0.0,0.0,-6.084185307179586,-11.0,1000.0,0.05506975066442443,0.008896816093542141,1.0,1.0681492356939302,corner,1.0
0.812,1.048149606474813,10.055130692140276,0.2,0.0,10.0,0.0,0.0,-6.094185307179586,-10.0,1000.0,0.05513069214027588,0.01047733866517765,1.0,1.058149420779916,corner,1.0
0.8130000000000001,1.0381497927185894,10.055191723614454,0.2,0.0,10.0,0.0,0.0,-6.1031853071795865,-9.0,1000.0,0.055191723614454354,0.011902997828145157,1.0,1.0481496064748121,corner,1.0
0.8140000000000001,1.0281499794509377,10.05525283508714,0.2,0.0,10.0,0.0,0.0,-6.1111853071795865,-8.0,1000.0,0.055252835087140184,0.013173614768510164,1.0,1.0381497927185883,corner,1.0
0.8150000000000001,1.018150166611311,10.055314016558517,0.2,0.0,10.0,0.0,0.0,-6.118185307179586,-7.0,1000.0,0.05531401655851731,0.014289070276983196,1.0,1.0281499794509372,corner,1.0
0.8160000000000001,1.0081503541389534,10.055375258028771,0.2,0.0,10.0,0.0,0.0,-6.124185307179586,-6.0,1000.0,0.05537525802877141,0.015249543167498748,1.0,1.01815016661131,corner,1.0
0.8170000000000001,0.998150541972928,10.055436549498086,0.2,0.0,10.0,0.0,0.0,-6.129185307179586,-5.0,1000.0,0.05543654949808641,0.016054795021477587,1.0,1.0081503541389516,corner,1.0
0.8180000000000001,0.9881507300521485,10.05549788096665,0.2,0.0,10.0,0.0,0.0,-6.133185307179586,-4.0,1000.0,0.05549788096664976,0.01670548149001197,1.0,0.9981505419729295,corner,1.0
0.8190000000000001,0.9781509183154083,10.055559242434649,0.2,0.0,10.0,0.0,0.0,-6.136185307179586,-3.0,1000.0,0.05555924243464893,0.017203152293866635,1.0,0.9881507300521477,corner,1.0
0.8200000000000001,0.9681511067014111,10.055620623902271,0.2,0.0,10.0,0.0,0.0,-6.138185307179586,-2.0,1000.0,0.055620623902271404,0.017545602061184443,1.0,0.9781509183154071,corner,1.0
0.8210000000000001,0.9581512951488005,10.055682015369705,0.2,0.0,10.0,0.0,0.0,-6.139185307179586,-1.0,1000.0,0.05568201536970463,0.017733009605899894,1.0,0.9681511067014128,corner,1.0
0.8220000000000001,0.9481514835961898,10.055743406837138,0.2,0.0,10.0,0.0,0.0,-6.139185307179586,0.0,1000.0,0.055743406837137854,0.017765315323368107,1.0,0.9581512951487987,corner,1.0
0.8230000000000001,0.9381516719821926,10.05580478830476,0.2,0.0,10.0,0.0,0.0,-6.138185307179586,1.0,1000.0,0.05580478830476032,0.017629108168514752,1.0,0.9481514835961882,corner,1.0
0.8240000000000001,0.9281518602454525,10.05586614977276,0.2,0.0,10.0,0.0,0.0,-6.136185307179586,2.0,1000.0,0.0558661497727595,0.017348587627118474,1.0,0.9381516719821938,corner,1.0
0.8250000000000001,0.918152048324673,10.055927481241323,0.2,0.0,10.0,0.0,0.0,-6.133185307179586,3.0,1000.0,0.05592748124132286,0.01691302486311998,1.0,0.9281518602454533,corner,1.0
0.8260000000000001,0.9081522361586476,10.055988772710638,0.2,0.0,10.0,0.0,0.0,-6.129185307179586,4.0,1000.0,0.055988772710637846,0.01632236027187425,1.0,0.9181520483246715,corner,1.0
0.8270000000000001,0.8981524236862899,10.056050014180892,0.2,0.0,10.0,0.0,0.0,-6.124185307179586,5.0,1000.0,0.05605001418089195,0.015576653458026158,1.0,0.9081522361586458,corner,1.0
0.8280000000000001,0.8881526108466633,10.056111195652269,0.2,0.0,10.0,0.0,0.0,-6.118185307179586,6.0,1000.0,0.056111195652269075,0.01467590442157557,1.0,0.898152423686291,corner,1.0
0.8290000000000001,0.8781527975790114,10.056172307124955,0.2,0.0,10.0,0.0,0.0,-6.1111853071795865,7.0,1000.0,0.05617230712495491,0.013620291976456977,1.0,0.8881526108466637,corner,1.0
0.8300000000000001,0.8681529838227878,10.056233338599133,0.2,0.0,10.0,0.0,0.0,-6.1031853071795865,8.0,1000.0,0.056233338599133376,0.012409637308736026,1.0,0.8781527975790127,corner,1.0
0.8310000000000001,0.8581531695176859,10.056294280074985,0.2,0.0,10.0,0.0,0.0,-6.094185307179586,9.0,1000.0,0.056294280074984826,0.01104411923234693,1.0,0.8681529838227888,corner,1.0
0.8320000000000001,0.8481533546036693,10.05635512155269,0.2,0.0,10.0,0.0,0.0,-6.084185307179586,10.0,1000.0,0.056355121552689624,0.009523797351934567,1.0,0.8581531695176849,corner,1.0
0.833,0.8381535390210013,10.056415853032428,0.2,0.0,10.0,0.0,0.0,-6.073185307179586,11.0,1000.0,0.05641585303242813,0.007848731272143677,1.0,0.8481533546036708,corner,1.0
0.834,0.8281537227102755,10.056476464514375,0.2,0.0,10.0,0.0,0.0,-6.061185307179587,12.0,1000.0,0.05647646451437538,0.00601886138832952,1.0,0.8381535390210004,corner,1.0
0.835,0.8181539056124455,10.056536945998705,0.2,0.0,10.0,0.0,0.0,-6.048185307179587,13.0,1000.0,0.056536945998704624,0.00403442611907119,1.0,0.828153722710276,corner,1.0
0.836,0.8081540876688547,10.05659728748559,0.2,0.0,10.0,0.0,0.0,-6.034185307179587,14.0,1000.0,0.05659728748558912,0.0018953658597238075,1.0,0.8181539056124443,corner,1.0
0.837,0.7981542689416695,10.056657498974834,0.2,0.0,10.0,0.0,0.0,-6.021185307179587,13.0,-1000.0,0.0566574989748343,7.989029423911393e-05,1.0,0.8081540876688535,corner,1.0
0.838,0.7881544494926664,10.056717590466251,0.2,0.0,10.0,0.0,0.0,-6.009185307179587,12.0,-1000.0,0.05671759046625091,0.0018992697605727832,1.0,0.7981542689416727,corner,1.0
0.839,0.778154629383262,10.05677757195965,0.2,0.0,10.0,0.0,0.0,-5.998185307179587,11.0,-1000.0,0.05677757195964972,0.0035612228185130297,1.0,0.7881544494926693,corner,1.0
0.84,0.7681548086745426,10.056837453454845,0.2,0.0,10.0,0.0,0.0,-5.988185307179587,10.0,-1000.0,0.05683745345484503,0.005067954839916563,1.0,0.7781546293832626,corner,1.0
0.841,0.7581549874272947,10.056897244951651,0.2,0.0,10.0,0.0,0.0,-5.979185307179587,9.0,-1000.0,0.05689724495165116,0.006419406220138787,1.0,0.7681548086745451,corner,1.0
0.842,0.7481551657020349,10.056956956449886,0.2,0.0,10.0,0.0,0.0,-5.971185307179587,8.0,-1000.0,0.056956956449885965,0.00761587498240325,1.0,0.7581549874272966,corner,1.0
0.843,0.7381553435590396,10.057016597949367,0.2,0.0,10.0,0.0,0.0,-5.964185307179587,7.0,-1000.0,0.05701659794936731,0.008671606636811317,1.0,0.7481551657020376,corner,1.0
0.844,0.7281555210583752,10.057076179449915,0.2,0.0,10.0,0.0,0.0,-5.958185307179587,6.0,-1000.0,0.057076179449914825,0.009560851976820172,1.0,0.7381553435590398,corner,1.0
0.845,0.7181556982599284,10.057135710951348,0.2,0.0,10.0,0.0,0.0,-5.953185307179587,5.0,-1000.0,0.05713571095134818,0.010295174303516284,1.0,0.7281555210583761,corner,1.0
0.846,0.7081558752234356,10.05719520245349,0.2,0.0,10.0,0.0,0.0,-5.9491853071795875,4.0,-1000.0,0.05719520245349053,0.010874633221544111,1.0,0.7181556982599311,corner,1.0
0.847,0.6981560520085133,10.057254663956163,0.2,0.0,10.0,0.0,0.0,-5.946185307179587,3.0,-1000.0,0.057254663956163306,0.011299288335548812,1.0,0.7081558752234365,corner,1.0
0.848,0.688156228674688,10.05731410545919,0.2,0.0,10.0,0.0,0.0,-5.944185307179588,2.0,-1000.0,0.0573141054591897,0.01156908004088551,1.0,0.6981560520085139,corner,1.0
0.849,0.6781564052814261,10.057373536962393,0.2,0.0,10.0,0.0,0.0,-5.943185307179587,1.0,-1000.0,0.05737353696239288,0.0116840679421988,1.0,0.6881562286746892,corner,1.0
0.85,0.6681565818881642,10.057432968465596,0.2,0.0,10.0,0.0,0.0,-5.943185307179587,0.0,-1000.0,0.05743296846559608,0.011644371248778441,1.0,0.6781564052814275,corner,1.0
0.851,0.6581567585543389,10.057492409968622,0.2,0.0,10.0,0.0,0.0,-5.944185307179588,-1.0,-1000.0,0.057492409968622475,0.011449870751334676,1.0,0.6681565818881658,corner,1.0
0.852,0.6481569353394165,10.057551871471295,0.2,0.0,10.0,0.0,0.0,-5.946185307179587,-2.0,-1000.0,0.05755187147129525,0.01110068565915726,1.0,0.6581567585543411,corner,1.0
0.853,0.6381571123029237,10.057611362973438,0.2,0.0,10.0,0.0,0.0,-5.9491853071795875,-3.0,-1000.0,0.0576113629734376,0.010596756367601318,1.0,0.6481569353394185,corner,1.0
0.854,0.6281572895044769,10.057670894474871,0.2,0.0,10.0,0.0,0.0,-5.953185307179587,-4.0,-1000.0,0.057670894474870955,0.009938142481311725,1.0,0.6381571123029239,corner,1.0
0.855,0.6181574670038126,10.057730475975418,0.2,0.0,10.0,0.0,0.0,-5.958185307179587,-5.0,-1000.0,0.05773047597541847,0.0091248440002882,1.0,0.6281572895044789,corner,1.0
0.856,0.6081576448608172,10.0577901174749,0.2,0.0,10.0,0.0,0.0,-5.964185307179587,-6.0,-1000.0,0.057790117474899816,0.008156860924531028,1.0,0.6181574670038152,corner,1.0
0.857,0.5981578231355574,10.057849828973135,0.2,0.0,10.0,0.0,0.0,-5.971185307179587,-7.0,-1000.0,0.05784982897313462,0.007034133649395326,1.0,0.6081576448608175,corner,1.0
0.858,0.5881580018883096,10.05790962046994,0.2,0.0,10.0,0.0,0.0,-5.979185307179587,-8.0,-1000.0,0.05790962046994074,0.0057561257330781745,1.0,0.5981578231355584,corner,1.0
0.859,0.5781581811795902,10.057969501965136,0.2,0.0,10.0,0.0,0.0,-5.988185307179587,-9.0,-1000.0,0.05796950196513606,0.004321049036236167,1.0,0.5881580018883099,corner,1.0
0.86,0.5681583610701857,10.058029483458535,0.2,0.0,10.0,0.0,0.0,-5.998185307179587,-10.0,-1000.0,0.05802948345853487,0.002731228140015773,1.0,0.5781581811795924,corner,1.0
0.861,0.5581585416211826,10.058089574949951,0.2,0.0,10.0,0.0,0.0,-6.009185307179587,-11.0,-1000.0,0.05808957494995148,0.0009866034397719718,1.0,0.5681583610701857,corner,1.0
0.862,0.5481587227735945,10.05814976643956,0.2,0.0,10.0,0.0,0.0,-6.019185307179587,-10.0,1000.0,0.05814976643955916,0.0005945151783111985,1.0,0.5581585416211858,corner,1.0
0.863,0.5381589044681347,10.058210047927535,0.2,0.0,10.0,0.0,0.0,-6.028185307179587,-9.0,1000.0,0.05821004792753471,0.0020064652729804007,1.0,0.5481587227735965,corner,1.0
0.864,0.5281590866452469,10.058270409414055,0.2,0.0,10.0,0.0,0.0,-6.036185307179587,-8.0,1000.0,0.05827040941405493,0.0032755324925812365,1.0,0.538158904468137,corner,1.0
0.865,0.5181592692451344,10.058330840899298,0.2,0.0,10.0,0.0,0.0,-6.043185307179587,-7.0,1000.0,0.05833084089929841,0.004389795908158807,1.0,0.5281590866452497,corner,1.0
0.866,0.5081594522077909,10.058391332383446,0.2,0.0,10.0,0.0,0.0,-6.049185307179587,-6.0,1000.0,0.058391332383445516,0.0053493151243579895,1.0,0.5181592692451353,corner,1.0
0.867,0.4981596354730298,10.058451873866677,0.2,0.0,10.0,0.0,0.0,-6.054185307179587,-5.0,1000.0,0.05845187386667661,0.006154090141178503,1.0,0.5081594522077921,corner,1.0
0.868,0.48815981898051464,10.058512455349174,0.2,0.0,10.0,0.0,0.0,-6.058185307179587,-4.0,1000.0,0.05851245534917382,0.006804061353975751,1.0,0.49815963547303,corner,1.0
0.869,0.4781600026697889,10.058573066831121,0.2,0.0,10.0,0.0,0.0,-6.061185307179587,-3.0,1000.0,0.05857306683112106,0.00729928836739447,1.0,0.48815981898051675,corner,1.0
0.87,0.46816018648030616,10.0586336983127,0.2,0.0,10.0,0.0,0.0,-6.0631853071795865,-2.0,1000.0,0.05863369831270049,0.0076397115767899235,1.0,0.4781600026697923,corner,1.0
0.871,0.4581603703514599,10.058694339794096,0.2,0.0,10.0,0.0,0.0,-6.064185307179587,-1.0,1000.0,0.058694339794095995,0.007825330982162112,1.0,0.46816018648030777,corner,1.0
0.872,0.44816055422261364,10.058754981275492,0.2,0.0,10.0,0.0,0.0,-6.064185307179587,0.0,1000.0,0.0587549812754915,0.007856146583511033,1.0,0.45816037035146095,corner,1.0
0.873,0.4381607380331309,10.058815612757071,0.2,0.0,10.0,0.0,0.0,-6.0631853071795865,1.0,1000.0,0.05881561275707092,0.0077322179854812855,1.0,0.44816055422261414,corner,1.0
0.874,0.42816092172240516,10.058876224239018,0.2,0.0,10.0,0.0,0.0,-6.061185307179587,2.0,1000.0,0.05887622423901817,0.0074534855834284125,1.0,0.43816073803313316,corner,1.0
0.875,0.41816110522989,10.058936805721515,0.2,0.0,10.0,0.0,0.0,-6.058185307179587,3.0,1000.0,0.058936805721515384,0.007020008981997012,1.0,0.42816092172240516,corner,1.0
0.876,0.4081612884951289,10.058997347204746,0.2,0.0,10.0,0.0,0.0,-6.054185307179587,4.0,1000.0,0.058997347204746475,0.006431847785831821,1.0,0.4181611052298919,corner,1.0
0.877,0.39816147145778535,10.059057838688894,0.2,0.0,10.0,0.0,0.0,-6.049185307179587,5.0,1000.0,0.05905783868889358,0.005688942390288102,1.0,0.4081612884951298,corner,1.0
0.878,0.38816165405767294,10.059118270174137,0.2,0.0,10.0,0.0,0.0,-6.043185307179587,6.0,1000.0,0.059118270174137066,0.0047919484464583936,1.0,0.3981614714577866,corner,1.0
0.879,0.3781618362347851,10.059178631660657,0.2,0.0,10.0,0.0,0.0,-6.036185307179587,7.0,1000.0,0.05917863166065729,0.0037425944890412217,1.0,0.3881616540576758,corner,1.0
0.88,0.3681620179293254,10.059238913148633,0.2,0.0,10.0,0.0,0.0,-6.028185307179587,8.0,1000.0,0.05923891314863283,0.0025386751461798766,1.0,0.3781618362347885,corner,1.0
0.881,0.3581621990817373,10.05929910463824,0.2,0.0,10.0,0.0,0.0,-6.019185307179587,9.0,1000.0,0.05929910463824051,0.0011802500225190952,1.0,0.36816201792932546,corner,1.0
0.882,0.34816237975293723,10.059359216129296,0.2,0.0,10.0,0.0,0.0,-6.011185307179587,8.0,-1000.0,0.0593592161292964,1.4251786467890637e-05,1.0,0.35816219908173963,corner,1.0
0.883,0.33816256000360173,10.059419257621615,0.2,0.0,10.0,0.0,0.0,-6.004185307179587,7.0,-1000.0,0.05941925762161482,0.0010538901867865901,1.0,0.34816237975293873,corner,1.0
0.884,0.3281627398941973,10.059479239115014,0.2,0.0,10.0,0.0,0.0,-5.998185307179587,6.0,-1000.0,0.05947923911501363,0.0019564869672251805,1.0,0.3381625600036031,corner,1.0
0.885,0.3181629194850104,10.05953917060931,0.2,0.0,10.0,0.0,0.0,-5.993185307179587,5.0,-1000.0,0.059539170609310695,0.0026893191778018595,1.0,0.3281627398942,corner,1.0
0.886,0.3081630988361775,10.059599062104326,0.2,0.0,10.0,0.0,0.0,-5.9891853071795875,4.0,-1000.0,0.05959906210432564,0.0032674667936447486,1.0,0.31816291948501174,corner,1.0
0.887,0.2981632780077151,10.059658923599878,0.2,0.0,10.0,0.0,0.0,-5.986185307179587,3.0,-1000.0,0.05965892359987812,0.003690870210109109,1.0,0.30816309883617876,corner,1.0
0.888,0.2881634570595497,10.05971876509579,0.2,0.0,10.0,0.0,0.0,-5.984185307179588,2.0,-1000.0,0.05971876509578955,0.003959648636484558,1.0,0.298163278007717,corner,1.0
0.889,0.2781636360515478,10.05977859659188,0.2,0.0,10.0,0.0,0.0,-5.983185307179587,1.0,-1000.0,0.05977859659187956,0.004073682863481479,1.0,0.28816345705955015,corner,1.0
0.89,0.2681638150435459,10.05983842808797,0.2,0.0,10.0,0.0,0.0,-5.983185307179587,0.0,-1000.0,0.059838428087969575,0.004033151705034227,1.0,0.2781636360515485,corner,1.0
0.891,0.25816399409538054,10.059898269583881,0.2,0.0,10.0,0.0,0.0,-5.984185307179588,-1.0,-1000.0,0.059898269583881,0.003837935951853184,1.0,0.2681638150435468,corner,1.0
0.892,0.24816417326691817,10.059958131079433,0.2,0.0,10.0,0.0,0.0,-5.986185307179587,-2.0,-1000.0,0.059958131079433485,0.0034882144178728465,1.0,0.2581639940953835,corner,1.0
0.893,0.23816435261808527,10.060018022574448,0.2,0.0,10.0,0.0,0.0,-5.9891853071795875,-3.0,-1000.0,0.06001802257444844,0.0029838082891585774,1.0,0.2481641732669182,corner,1.0
0.894,0.22816453220889835,10.060077954068745,0.2,0.0,10.0,0.0,0.0,-5.993185307179587,-4.0,-1000.0,0.0600779540687455,0.002324836775000276,1.0,0.23816435261808877,corner,1.0
0.895,0.2181647120994939,10.060137935562144,0.2,0.0,10.0,0.0,0.0,-5.998185307179587,-5.0,-1000.0,0.06013793556214431,0.001511299875397801,1.0,0.22816453220890054,corner,1.0
0.896,0.2081648923501584,10.060197977054463,0.2,0.0,10.0,0.0,0.0,-6.004185307179587,-6.0,-1000.0,0.06019797705446273,0.0005431975903510108,1.0,0.2181647120994974,corner,1.0
0.897,0.19816507290115537,10.06025806854588,0.19816507290115537,0.0,10.0,0.0,0.0,-6.009185307179587,-5.0,1000.0,0.06025806854587934,0.0002612197986007936,1.0,0.20816489235016178,corner,1.0
0.898,0.1881652536925983,10.060318200036573,0.1881652536925983,0.0,10.0,0.0,0.0,-6.013185307179587,-4.0,1000.0,0.06031820003657273,0.0009115486392667504,1.0,0.19816507290115482,corner,1.0
0.899,0.1781654346644807,10.060378361526723,0.1781654346644807,0.0,10.0,0.0,0.0,-6.016185307179587,-3.0,1000.0,0.06037836152672327,0.0014097558849241949,1.0,0.18816525369259907,corner,1.0
0.9,0.16816561575670608,10.060438543016513,0.16816561575670608,0.0,10.0,0.0,0.0,-6.0181853071795866,-2.0,1000.0,0.06043854301651309,0.0017533381404927278,1.0,0.1781654346644821,corner,1.0
0.901,0.15816579690911794,10.06049873450612,0.15816579690911792,0.0,10.0,0.0,0.0,-6.019185307179587,-1.0,1000.0,0.060498734506120755,0.0019423550106172287,1.0,0.1681656157567062,corner,1.0
0.902,0.1481659780615298,10.060558925995728,0.1481659780615298,0.0,10.0,0.0,0.0,-6.019185307179587,0.0,1000.0,0.06055892599572843,0.0019768064952974144,1.0,0.1581657969091168,corner,1.0
0.903,0.13816615915375519,10.060619107485518,0.13816615915375516,0.0,10.0,0.0,0.0,-6.0181853071795866,1.0,1000.0,0.06061910748551824,0.001856752199178023,1.0,0.14816597806153098,corner,1.0
0.904,0.1281663401256376,10.060679268975669,0.1281663401256376,0.0,10.0,0.0,0.0,-6.016185307179587,2.0,1000.0,0.060679268975668776,0.0015639531009581371,1.0,0.13816615915375507,corner,1.0
0.905,0.11816652091708053,10.060739400466362,0.11816652091708053,0.0,10.0,0.0,0.0,-6.013185307179587,3.0,1000.0,0.06073940046636217,0.0011318474063565529,1.0,0.1281663401256381,corner,1.0
0.906,0.1081667014680775,10.060799491957779,0.10816670146807748,0.0,10.0,0.0,0.0,-6.009185307179587,4.0,1000.0,0.060799491957778784,0.0005452359309555325,1.0,0.1181665209170788,corner,1.0
0.907,0.09816688179264617,10.060859545757463,0.09816688179264615,0.0,10.0,0.0,0.0,-6.005416065844316,3.769241335271012,-230.7586647289881,0.060859545757462996,0.0,1.0,0.10816670146807894,corner,1.0
0.908,0.08816706195094971,10.060919571865233,0.0881670619509497,0.0,10.0,0.0,0.0,-6.002646824509045,2.769241335271012,-1000.0,0.06091957186523267,0.00038703466218023607,1.0,0.09816688179264688,corner,1.0
0.909,0.07816724200306824,10.060979580280907,0.07816724200306824,0.0,10.0,0.0,0.0,-6.000877583173774,1.769241335271012,-1000.0,0.060979580280907435,0.0006195039389161573,1.0,0.08816706195095136,corner,1.0
0.91,0.06816742200902877,10.061039581004307,0.06816742200902877,0.0,10.0,0.0,0.0,-6.000108341838503,0.7692413352710119,-1000.0,0.06103958100430695,0.000697348225563167,1.0,0.0781672420030688,corner,1.0
0.911,0.05816760202883525,10.06109958403525,0.058167602028835245,0.0,10.0,0.0,0.0,-6.000339100503232,-0.2307586647289881,-1000.0,0.06109958403525084,0.000620686731410741,1.0,0.06816742200902937,corner,1.0
0.912,0.04816778212249856,10.06115959937356,0.04816778212249856,0.0,10.0,0.0,0.0,-6.001569859167961,-1.230758664728988,-1000.0,0.06115959937356053,0.0003895194564590204,1.0,0.058167602028834864,corner,1.0
0.913,0.03816796235006648,10.061219637019056,0.03816796235006648,0.0,10.0,0.0,0.0,-6.00380061783269,-2.230758664728988,-1000.0,0.061219637019055646,3.727191418105734e-06,1.0,0.048167782122497727,corner,1.0
0.914,0.028168142651533834,10.061279686971915,0.02816814265153383,0.0,10.0,0.0,0.0,-6.005031376497419,-1.230758664728988,1000.0,0.061279686971914764,0.00021820136359346865,1.0,0.03816796235006592,corner,1.0
0.915,0.018168322966858497,10.061339739232318,0.018168322966858493,0.0,10.0,0.0,0.0,-6.005262135162147,-0.2307586647289881,1000.0,0.06133973923231828,0.0002856837424503449,1.0,0.02816814265153411,corner,1.0
0.916,0.008427865691972696,10.061398226441707,0.008427865691972694,0.0,9.74063286842995,-20.0,-20000.0,-6.0044928938268765,0.7692413352710119,1000.0,0.06139822644170678,0.00019866034050806808,1.0,0.018168322966857886,corner,1.0
0.917,0.0009501599355423457,10.061443128538004,0.0009501599355423456,0.0,7.4778405691752665,-40.0,-20000.0,-6.004723652491605,-0.2307586647289881,-1000.0,0.06144312853800393,0.00034969247045445564,1.0,0.00842786569197429,corner,1.0
0.918,0.0009195415551246271,10.056343487465629,0.000919541555124627,0.0,5.099732988331168,-60.0,-20000.0,-6.003954411156334,0.7692413352710119,1000.0,0.05634348746562878,0.007769413201699959,1.0,0.0009501599355417056,corner,1.0
0.919,0.0008891621638843242,10.051283845679317,0.0008891621638843242,0.0,5.059732988331168,-40.0,20000.0,-6.004185169821063,-0.2307586647289881,-1000.0,0.05128384567931655,0.0027663492209224682,1.0,0.0009195415551239705,corner,1.0
0.92,0.0008588966530426958,10.04624420356975,0.0008588966530426958,0.0,5.039732988331169,-20.0,20000.0,-6.0054159284857915,-1.230758664728988,-1000.0,0.04624420356974923,0.0019469739222197349,1.0,0.0008891621638831282,corner,1.0
0.921,0.0008286198999758389,10.041204561527708,0.0008286198999758389,0.0,5.039732988331169,0.0,20000.0,-6.007646687150521,-2.230758664728988,-1000.0,0.04120456152770835,0.0007367226730448198,1.0,0.0008588966530425068,corner,1.0
0.922,0.0007982641779529911,10.036152809857233,0.000798264177952991,0.0,5.051842872656883,12.109884325714582,12109.884325714582,-6.00887744581525,-1.230758664728988,1000.0,0.03615280985723324,0.0004696546014644947,1.0,0.0008286198999769567,corner,1.0
0.923,0.0007679795914151826,10.031113089987466,0.0007679795914151825,0.0,5.039810861720355,-7.890115674285418,-20000.0,-6.009108204479978,-0.2307586647289881,1000.0,0.03111308998746587,0.0010977782690787035,1.0,0.000798264177952035,corner,1.0
0.924,0.0007377711765889137,10.026085402385055,0.0007377711765889137,0.0,5.02777835388248,-12.032507837874462,-4142.392163589044,-6.008338963144707,0.7692413352710119,1000.0,0.026085402385055186,0.000687638087808848,1.0,0.0007679795914157239,corner,1.0
0.925,0.0007076439215621121,10.021069745512325,0.000707643921562112,0.0,5.015747353731021,-12.031000151459637,1.5076864148255709,-6.006569721809436,1.769241335271012,1000.0,0.021069745512324545,0.0005654970085521826,1.0,0.0007377711765883532,corner,1.0
0.926,0.0006776027663031982,10.016066115827252,0.0006776027663031981,0.0,5.003719865895061,-12.02748783595986,3.512315499776264,-6.003800480474165,2.769241335271012,1000.0,0.016066115827252148,0.0004089535077185471,1.0,0.0007076439215616404,corner,1.0
0.927,0.0006476526027002415,10.011074507783443,0.0006476526027002415,0.0,4.991697895036848,-12.021970858213216,5.5169777466446135,-6.000031239138894,3.769241335271012,1000.0,0.011074507783442654,0.0001060104577747566,1.0,0.0006776027663022433,corner,1.0
0.928,0.0006177883154323046,10.006094913889834,0.0006177883154323046,0.0,4.979683445853995,-12.014449182852438,7.521675360777635,-5.997261997803624,2.769241335271012,-1000.0,0.006094913889834075,2.502225509500919e-05,1.0,0.0006476526027014984,corner,1.0
0.929,0.00058800503638249,10.001127328658747,0.0005880050363824899,0.0,4.967674513475045,-12.008932378949844,5.516803902594347,-5.995452680863625,1.8093169399984177,-959.9243952725942,0.0011273286587467624,0.0,1.0,0.0006177883154308006,corner,1.0
0.93,0.0005583035724738604,9.996171748493046,0.0005583035724738603,0.0,4.955669173345135,-12.00534012991028,3.5922490395634554,-5.993467419106648,1.98526175697733,175.9448169789124,0.0005583035724738604,0.0,1.0,0.0005880050363842315,corner,1.0
0.931,0.000528569010688449,9.991208173722278,0.000528569010688449,0.0,4.963663833215224,7.99465987008972,20000.0,-5.99048215734967,2.98526175697733,1000.0,0.000528569010688449,0.21583186509191293,1.0,9.996171748493026,corner,1.0
0.932,0.0004986866411045975,9.986216604674816,0.0004986866411045975,0.0,4.991658493085314,27.99465987008972,20000.0,-5.986496895592693,3.98526175697733,1000.0,0.0004986866411045975,0.21980564248916956,1.0,9.99120817372226,corner,1.0
0.933,0.00046854207689490344,9.98117704167716,0.0004685420768949034,0.0,5.039653152955403,47.99465987008972,20000.0,-5.981511633835716,4.98526175697733,1000.0,0.00046854207689490344,0.3238817241031852,0.0,9.986216604674798,normal,0.0
0.934,0.00043802137432418935,9.976069485053237,0.00043802137432418935,0.0,5.107647812825493,67.99465987008972,20000.0,-5.975526372078739,5.98526175697733,1000.0,0.00043802137432418935,0.4284751966801761,0.0,9.981177041677142,normal,0.0
0.935,0.0004070111527474871,9.970873935123707,0.00040701115274748706,0.0,5.1956424726955825,87.99465987008972,20000.0,-5.968541110321762,6.98526175697733,1000.0,0.00040701115274748706,0.5325172297300294,0.0,9.97606948505322,normal,0.0
0.936,0.0003753987146080587,9.965570392205272,0.00037539871460805864,0.0,5.303637132565672,107.99465987008972,20000.0,-5.960555848564784,7.98526175697733,1000.0,0.0003753987146080587,0.6364812629461964,0.0,9.970873935123691,normal,0.0
0.937,0.00034307216543543655,9.96013885660999,0.00034307216543543655,0.0,5.431631792435762,127.99465987008972,20000.0,-5.951570586807807,8.98526175697733,1000.0,0.00034307216543543655,0.7404112845565214,0.0,9.965570392205255,normal,0.0
0.9380000000000001,0.00030992053384351403,9.9545593286446,0.00030992053384351403,0.0,5.579626452305852,147.99465987008972,20000.0,-5.94158532505083,9.98526175697733,1000.0,0.00030992053384351403,0.8443219573036188,0.0,9.960138856609973,normal,0.0
0.9390000000000001,0.00027583389152866856,9.948811808609841,0.0002758338915286685,0.0,5.747621112175941,167.99465987008972,20000.0,-5.930600063293852,10.98526175697733,1000.0,0.00027583389152866856,0.9482296724648022,0.0,9.954559328644581,normal,0.0
0.9400000000000001,0.00024070347326793853,9.942876296799806,0.0002407034732679385,0.0,5.935615772046031,187.99465987008972,20000.0,-5.918614801536875,11.98526175697733,1000.0,0.00024070347326793853,1.0521495100151992,0.0,9.948811808609825,normal,0.0
0.9410000000000001,0.00020442179691724708,9.936732793501271,0.00020442179691724702,0.0,6.14361043191612,207.99465987008972,20000.0,-5.9056295397798975,12.98526175697733,1000.0,0.00020442179691724708,1.090334626139961,0.0,9.942876296799788,normal,0.0
0.9420000000000001,0.00016688278340968695,9.930361298993061,0.00016688278340968693,0.0,6.37160509178621,227.99465987008972,20000.0,-5.891644278022921,13.98526175697733,1000.0,0.00016688278340968695,1.092695907126776,0.0,9.936732793501253,normal,0.0
0.9430000000000001,0.00012798187675386736,9.923741813545416,0.00012798187675386736,0.0,6.6195997516563,247.99465987008972,20000.0,-5.876659016265943,14.98526175697733,1000.0,0.00012798187675386736,1.095027587251462,0.0,9.930361298993041,normal,0.0
0.9440000000000001,8.761616403232299e-05,9.916854337419364,8.761616403232299e-05,0.0,6.88759441152639,267.9946598700897,20000.0,-5.860673754508966,15.98526175697733,1000.0,8.761616403232299e-05,1.0973980926462215,0.0,9.923741813545398,normal,0.0
0.9450000000000001,4.568449539999976e-05,9.909678870866122,4.5684495399999755e-05,0.0,7.175589071396479,287.9946598700897,20000.0,-5.843688492751989,16.98526175697733,1000.0,4.568449539999976e-05,1.0998112976129648,0.0,9.916854337419345,normal,0.0
0.9460000000000001,2.087604082809967e-06,9.90219541412649,2.0876040828099667e-06,0.0,7.483583731266569,307.9946598700897,20000.0,-5.825703230995011,17.98526175697733,1000.0,2.087604082809967e-06,1.1022322142252088,0.0,9.909678870866106,normal,0.0
0.9470000000000001,-4.3271773623728493e-05,9.894383967430281,0.0,0.0,7.811578391136659,327.9946598700897,20000.0,-5.806717969238034,18.98526175697733,1000.0,4.3271773623728493e-05,1.1045956946062137,0.0,9.902195414126474,normal,0.0
0.9480000000000001,-9.048877835576872e-05,9.886224530995749,0.0,0.0,8.159573051006749,347.9946598700897,20000.0,-5.786732707481057,19.98526175697733,1000.0,9.048877835576872e-05,1.1068836189439681,0.0,9.894383967430265,normal,0.0
0.9490000000000001,-0.000139656307682329,9.877697105029043,0.0,0.0,8.52756771087684,367.9946598700897,20000.0,-5.765747445724079,20.98526175697733,1000.0,0.000139656307682329,1.1092112030168229,0.0,9.886224530995733,normal,0.0
0.9500000000000001,-0.00019086489610639016,9.868781689723678,0.0,0.0,8.91556237074693,387.9946598700897,20000.0,-5.743762183967102,21.98526175697733,1000.0,0.00019086489610639016,1.111595672567118,0.0,9.877697105029025,normal,0.0
0.9510000000000001,-0.00024420259506589755,9.859458285260015,0.0,0.0,9.32355703061702,407.9946598700897,20000.0,-5.720776922210125,22.98526175697733,1000.0,0.00024420259506589755,1.11404984259348,0.0,9.868781689723662,normal,0.0
0.9520000000000001,-0.00029975485293467,9.849706891804775,0.0,0.0,9.751551690487108,427.9946598700897,20000.0,-5.696791660453147,23.98526175697733,1000.0,0.00029975485293466994,1.1165666797478258,0.0,9.859458285259997,normal,0.0
0.9530000000000001,-0.000357604395023201,9.83950750951056,0.0,0.0,10.199546350357199,447.9946598700897,20000.0,-5.67180639869617,24.98526175697733,1000.0,0.000357604395023201,1.11916871458588,0.0,9.849706891804757,normal,0.0
0.9540000000000001,-0.0004178311035793543,9.828840138515396,0.0,0.0,10.66754101022729,467.9946598700897,20000.0,-5.645821136939193,25.98526175697733,1000.0,0.0004178311035793543,1.1217130747741162,0.0,9.83950750951054,normal,0.0
0.9550000000000001,-0.0004805118977889581,9.81768477894231,0.0,0.0,11.155535670097379,487.9946598700897,20000.0,-5.618835875182215,26.98526175697733,1000.0,0.00048051189778895807,1.1243510965056192,0.0,9.828840138515378,normal,0.0
0.9560000000000001,-0.0005457206137762792,9.806021430898912,0.0,0.0,11.663530329967468,507.9946598700897,20000.0,-5.590850613425238,27.98526175697733,1000.0,0.0005457206137762792,1.1271100191030514,0.0,9.817684778942294,normal,0.0
0.9570000000000001,-0.0006135278846043935,9.793830094477016,0.0,0.0,12.191524989837557,527.9946598700897,20000.0,-5.561865351668261,28.98526175697733,1000.0,0.0006135278846043934,1.1300608913029848,0.0,9.806021430898895,normal,0.0
0.9580000000000001,-0.0006840010202754336,9.781090769752273,0.0,0.0,12.739519649707647,547.9946598700897,20000.0,-5.531880089911284,29.98526175697733,1000.0,0.0006840010202754336,1.1331777850849427,0.0,9.793830094476998,normal,0.0
0.9590000000000001,-0.0007572038877307178,9.76778345678384,0.0,0.0,13.307514309577737,567.9946598700897,20000.0,-5.500894828154307,30.98526175697733,1000.0,0.0007572038877307178,1.1366920856799423,0.0,9.781090769752254,normal,0.0
0.96,-0.0008331967908507685,9.753888155614067,0.0,0.0,13.895508969447826,587.9946598700897,20000.0,-5.468909566397329,31.98526175697733,1000.0,0.0008331967908507685,1.1420300130281695,0.0,9.767783456783825,normal,0.0
0.961,-0.0009120363504552005,9.739384866268216,0.0,0.0,14.503503629317915,607.9946598700897,20000.0,-5.435924304640352,32.98526175697733,1000.0,0.0009120363504552005,1.147754022306932,0.0,9.75388815561405,normal,0.0
0.962,-0.0009937753843024873,9.724253588754204,0.0,0.0,15.131498289188006,627.9946598700897,20000.0,-5.401939042883375,33.98526175697733,1000.0,0.0009937753843024873,1.1534805576270992,0.0,9.739384866268196,normal,0.0
0.963,-0.0010784627870896123,9.70847432306238,0.0,0.0,15.779492949058096,647.9946598700897,20000.0,-5.366953781126397,34.98526175697733,1000.0,0.0010784627870896123,1.1594390372664123,0.0,9.724253588754188,normal,0.0
0.964,-0.0011661434104515834,9.692027069165325,0.0,0.0,16.447487608928185,667.9946598700897,20000.0,-5.33096851936942,35.98526175697733,1000.0,0.0011661434104515834,1.165779873545962,0.0,9.708474323062362,normal,0.0
0.965,-0.0012568579429608365,9.674891827017696,0.0,0.0,17.135482268798274,687.9946598700897,20000.0,-5.293983257612442,36.98526175697733,1000.0,0.0012568579429608365,1.1714758996223331,0.0,9.69202706916531,normal,0.0
0.966,-0.0013506427901265028,9.657048596556079,0.0,0.0,17.843476928668363,707.9946598700897,20000.0,-5.2559979958554655,37.98526175697733,1000.0,0.0013506427901265028,1.1766428975180028,0.0,9.674891827017678,normal,0.0
0.967,-0.0014475299543935515,9.638477377698898,0.0,0.0,18.57147158853845,727.9946598700897,20000.0,-5.217012734098488,38.98526175697733,1000.0,0.0014475299543935515,1.1826114515206143,0.0,9.65704859655606,normal,0.0
0.968,-0.0015475469151418186,9.619158170346344,0.0,0.0,19.319466248408542,747.9946598700897,20000.0,-5.177027472341511,39.98526175697733,1000.0,0.0015475469151418188,1.189187518709101,0.0,9.63847737769888,normal,0.0
0.969,-0.0016507165086849015,9.599070974380341,0.0,0.0,20.087460908278633,767.9946598700897,20000.0,-5.136042210584534,40.98526175697733,1000.0,0.0016507165086849017,1.195946594803373,0.0,9.619158170346324,normal,0.0
0.97,-0.0017570568082689287,9.57819578966455,0.0,0.0,20.875455568148723,787.9946598700897,20000.0,-5.094056948827556,41.98526175697733,1000.0,0.0017570568082689287,1.20285610586506,0.0,9.599070974380325,normal,0.0
0.971,-0.0018665810040712218,9.556512616044401,0.0,0.0,21.683450228018813,807.9946598700897,20000.0,-5.0510716870705785,42.98526175697733,1000.0,0.0018665810040712218,1.2093293931779605,0.0,9.578195789664534,normal,0.0
0.972,-0.00197929728319882,9.534001453347177,0.0,0.0,22.511444887888903,827.9946598700897,20000.0,-5.007086425313601,43.98526175697733,1000.0,0.00197929728319882,1.2153536268422869,0.0,9.556512616044383,normal,0.0
0.973,-0.002095208709686905,9.51064230138212,0.0,0.0,23.359439547758992,847.9946598700897,20000.0,-4.962101163556624,44.98526175697733,1000.0,0.002095208709686905,1.2214295752811188,0.0,9.534001453347159,normal,0.0
0.974,-0.002214313104497096,9.486415159940584,0.0,0.0,24.22743420762908,867.9946598700897,20000.0,-4.916115901799647,45.98526175697733,1000.0,0.002214313104497096,1.2281209494224208,0.0,9.510642301382102,normal,0.0
0.975,-0.002336602925515633,9.46130002879623,0.0,0.0,25.11542886749917,887.9946598700897,20000.0,-4.86913064004267,46.98526175697733,1000.0,0.002336602925515633,1.234517616142794,0.0,9.486415159940567,normal,0.0
0.976,-0.002462065147551462,9.435276907705253,0.0,0.0,26.02342352736926,907.9946598700897,20000.0,-4.821145378285692,47.98526175697733,1000.0,0.002462065147551462,1.2407280670716005,0.0,9.461300028796213,normal,0.0
0.977,-0.002590681142334206,9.408325796406656,0.0,0.0,26.95141818723935,927.9946598700897,20000.0,-4.772160116528715,48.98526175697733,1000.0,0.002590681142334206,1.246789048472345,0.0,9.435276907705234,normal,0.0
0.978,-0.0027224265585120244,9.380426694622571,0.0,0.0,27.899412847109442,947.9946598700897,20000.0,-4.722174854771738,49.98526175697733,1000.0,0.0027224265585120244,1.2526274217205975,0.0,9.40832579640664,normal,0.0
0.979,-0.0028572712016493983,9.351559602058611,0.0,0.0,28.867407506979532,967.9946598700897,20000.0,-4.67118959301476,50.98526175697733,1000.0,0.0028572712016493983,1.2581247337607375,0.0,9.380426694622553,normal,0.0
0.98,-0.0029951789142248033,9.32170451840428,0.0,0.0,29.855402166849622,987.9946598700897,20000.0,-4.619204331257783,51.98526175697733,1000.0,0.0029951789142248033,1.2631955115321571,0.0,9.351559602058593,normal,0.0
0.981,-0.003136107455628292,9.290841443333417,0.0,0.0,30.86339682671971,1007.9946598700897,20000.0,-4.566219069500805,52.98526175697733,1000.0,0.003136107455628292,1.2680253378216555,0.0,9.32170451840426,normal,0.0
0.982,-0.003280008382159016,9.258950376504691,0.0,0.0,31.8913914865898,1027.9946598700897,20000.0,-4.512233807743828,53.98526175697733,1000.0,0.003280008382159016,1.2720629963249297,0.0,9.290841443333399,normal,0.0
0.983,-0.003426826927022642,9.226011317562145,0.0,0.0,32.93938614645989,1047.9946598700897,20000.0,-4.457248545986851,54.98526175697733,1000.0,0.003426826927022642,1.2748279692969622,0.0,9.258950376504675,normal,0.0
0.984,-0.003576501880328728,9.192004266135784,0.0,0.0,34.00738080632998,1067.9946598700897,20000.0,-4.401263284229874,55.98526175697733,1000.0,0.003576501880328728,1.2767279227056938,0.0,9.226011317562126,normal,0.0
0.985,-0.0037289654690880144,9.156909221842215,0.0,0.0,35.09537546620007,1087.9946598700897,20000.0,-4.3442780224728965,56.98526175697733,1000.0,0.0037289654690880144,1.2745804602584383,0.0,9.192004266135768,normal,0.0
0.986,-0.003884143237209656,9.120706184285325,0.0,0.0,36.203370126070155,1107.9946598700897,20000.0,-4.286292760715919,57.98526175697733,1000.0,0.0038841432372096556,1.2712833958714023,0.0,9.156909221842199,normal,0.0
0.987,-0.004041953925498433,9.083375153057034,0.0,0.0,37.331364785940245,1127.9946598700897,20000.0,-4.227307498958941,58.98526175697733,1000.0,0.004041953925498433,1.2673342495145254,0.0,9.120706184285307,normal,0.0
0.988,-0.004202309351651895,9.044896127738074,0.0,0.0,38.47935944581033,1147.9946598700897,20000.0,-4.167322237201964,59.98526175697733,1000.0,0.004202309351651895,1.264753231215503,0.0,9.083375153057016,normal,0.0
0.989,-0.004365114290257474,9.005249107898832,0.0,0.0,39.64735410568042,1167.9946598700897,20000.0,-4.106336975444987,60.98526175697733,1000.0,0.004365114290257474,1.2579606905722653,0.0,9.044896127738056,normal,0.0
0.99,-0.004530266352789605,8.96441409310025,0.0,0.0,40.83534876555051,1187.9946598700897,20000.0,-4.04435171368801,61.98526175697733,1000.0,0.004530266352789605,1.2505081703437548,0.0,9.005249107898813,normal,0.0
0.991,-0.0046976558676067905,8.92237108289477,0.0,0.0,42.0433434254206,1207.9946598700897,20000.0,-3.9813664519310326,62.98526175697733,1000.0,0.0046976558676067905,1.241828234311709,0.0,8.964414093100231,normal,0.0
0.992,-0.00486716575994871,8.879100076827337,0.0,0.0,43.271338085290694,1227.9946598700897,20000.0,-3.9173811901740554,63.98526175697733,1000.0,0.00486716575994871,1.2320893252022636,0.0,8.922371082894752,normal,0.0
0.993,-0.005038671431933302,8.83458107443646,0.0,0.0,44.51933274516078,1247.9946598700897,20000.0,-3.852395928417078,64.98526175697734,1000.0,0.005038671431933302,1.2214424215806343,0.0,8.87910007682732,normal,0.0
0.994,-0.005212040642553868,8.788794075255336,0.0,0.0,45.78732740503087,1267.9946598700897,20000.0,-3.7864106666601005,65.98526175697734,1000.0,0.005212040642553868,1.209743131194853,0.0,8.834581074436443,normal,0.0
0.995,-0.005387133387676238,8.741719078813013,0.0,0.0,47.07532206490096,1287.9946598700897,20000.0,-3.7194254049031232,66.98526175697734,1000.0,0.005387133387676238,1.1970020338693672,0.0,8.788794075255318,normal,0.0
0.996,-0.0055638017800359535,8.69333608463563,0.0,0.0,48.38331672477105,1307.9946598700897,20000.0,-3.651440143146146,67.98526175697734,1000.0,0.0055638017800359535,1.1830620415628714,0.0,8.741719078812991,normal,0.0
0.997,-0.0057418899292355,8.64362509224771,0.0,0.0,49.71131138464114,1327.9946598700897,20000.0,-3.5824548813891686,68.98526175697734,1000.0,0.0057418899292355,1.1656656879591425,0.0,8.693336084635611,normal,0.0
0.998,-0.0059212338217416475,8.59256610117351,0.0,0.0,51.05930604451123,1347.9946598700897,20000.0,-3.512469619632191,69.98526175697734,1000.0,0.005921233821741648,1.1473196761965319,0.0,8.643625092247689,normal,0.0
0.999,-0.006101661200882827,8.540139110938437,0.0,0.0,52.427300704381324,1367.9946598700897,20000.0,-3.441484357875214,70.98526175697734,1000.0,0.006101661200882827,1.1277360562361298,0.0,8.592566101173492,normal,0.0
1.0,-0.006282856667137852,8.486364120843454,0.0,0.0,53.77529536425141,1347.9946598700897,-20000.0,-3.3694990961182367,71.98526175697734,1000.0,0.006282856667137852,1.1402512172736698,0.0,8.54013911093842,normal,0.0
1.0010000000000001,-0.0064645050960250834,8.431261130222884,0.0,0.0,55.103290024121506,1327.9946598700897,-20000.0,-3.296513834361259,72.98526175697734,1000.0,0.006464505096025083,1.145573612577916,0.0,8.486364120843437,normal,0.0
1.002,-0.006646291758103137,8.374850138445503,0.0,0.0,56.411284683991596,1307.9946598700897,-20000.0,-3.222528572604282,73.98526175697734,1000.0,0.006646291758103137,1.1505320845674878,0.0,8.431261130222865,normal,0.0
1.0030000000000001,-0.006827902438971886,8.317151144915618,0.0,0.0,57.69927934386168,1287.9946598700897,-20000.0,-3.1475433108473045,74.98526175697734,1000.0,0.006827902438971886,1.1551261564052278,0.0,8.374850138445481,normal,0.0
1.004,-0.007009023559273717,8.258184149074122,0.0,0.0,58.967274003731774,1267.9946598700897,-20000.0,-3.0715580490903274,75.98526175697734,1000.0,0.007009023559273717,1.1593546359982403,0.0,8.317151144915599,normal,0.0
1.0050000000000001,-0.007189342294695056,8.19796915039951,0.0,0.0,60.21526866360186,1247.9946598700897,-20000.0,-2.99457278733335,76.98526175697734,1000.0,0.007189342294695056,1.163212397347074,0.0,8.258184149074104,normal,0.0
1.006,-0.007368546695968215,8.136526148408883,0.0,0.0,61.44326332347195,1227.9946598700897,-20000.0,-2.9165875255763725,77.98526175697734,1000.0,0.007368546695968215,1.1666991424285058,0.0,8.19796915039949,normal,0.0
1.0070000000000001,-0.0075463258088734825,8.073875142658917,0.0,0.0,62.65125798334204,1207.9946598700897,-20000.0,-2.837602263819395,78.98526175697734,1000.0,0.0075463258088734825,1.1698137387542846,0.0,8.136526148408862,normal,0.0
1.008,-0.007722369794241504,8.010036132746801,0.0,0.0,63.839252643212134,1187.9946598700897,-20000.0,-2.757617002062418,79.98526175697734,1000.0,0.007722369794241504,1.1725502258599332,0.0,8.073875142658899,normal,0.0
1.0090000000000001,-0.007896370047955978,7.945029118311159,0.0,0.0,65.00724730308222,1167.9946598700897,-20000.0,-2.6766317403054405,80.98526175697734,1000.0,0.007896370047955978,1.174889589863768,0.0,8.010036132746784,normal,0.0
1.01,-0.008068019320956587,7.878874099032922,0.0,0.0,66.15524196295232,1147.9946598700897,-20000.0,-2.594646478548463,81.98526175697734,1000.0,0.008068019320956587,1.1766722691317248,0.0,7.94502911831114,normal,0.0
1.0110000000000001,-0.00823701183924228,7.811591074636188,0.0,0.0,67.2832366228224,1127.9946598700897,-20000.0,-2.511661216791486,82.98526175697734,1000.0,0.00823701183924228,1.1773730275340435,0.0,7.878874099032906,normal,0.0
1.012,-0.008403043423874781,7.743200044889037,0.0,0.0,68.39123128269249,1107.9946598700897,-20000.0,-2.4276759550345086,83.98526175697734,1000.0,0.008403043423874781,1.1781307310184475,0.0,7.811591074636169,normal,0.0
1.0130000000000001,-0.008565811610982398,7.6737210096043205,0.0,0.0,69.47922594256258,1087.9946598700897,-20000.0,-2.342690693277531,84.98526175697734,1000.0,0.008565811610982398,1.178625123828558,0.0,7.743200044889022,normal,0.0
1.014,-0.00872501577176415,7.603173968640411,0.0,0.0,70.54722060243267,1067.9946598700897,-20000.0,-2.2567054315205537,85.98526175697734,1000.0,0.00872501577176415,1.1788737893345846,0.0,7.673721009604307,normal,0.0
1.0150000000000001,-0.008880357232494128,7.531578921901925,0.0,0.0,71.59521526230276,1047.9946598700897,-20000.0,-2.1697201697635764,86.98526175697734,1000.0,0.008880357232494128,1.1792976555379306,0.0,7.603173968640398,normal,0.0
1.016,-0.009031539394526207,7.458955869340401,0.0,0.0,72.62320992217285,1027.9946598700897,-20000.0,-2.081734908006599,87.98526175697734,1000.0,0.009031539394526207,1.1793791753080114,0.0,7.531578921901904,normal,0.0
1.0170000000000001,-0.009178267854298913,7.385324810954949,0.0,0.0,73.63120458204294,1007.9946598700897,-20000.0,-1.992749646249622,88.98526175697734,1000.0,0.009178267854298913,1.1790305510030725,0.0,7.458955869340386,normal,0.0
1.018,-0.009320250523340746,7.31070574679286,0.0,0.0,74.61919924191304,987.9946598700897,-20000.0,-1.9027643844926445,89.98526175697734,1000.0,0.009320250523340746,1.1782039796980048,0.0,7.385324810954934,normal,0.0
1.0190000000000001,-0.009457197748275597,7.235118676950172,0.0,0.0,75.58719390178312,967.9946598700897,-20000.0,-1.8117791227356672,90.98526175697734,1000.0,0.009457197748275597,1.1770229622167823,0.0,7.310705746792841,normal,0.0
1.02,-0.009588822430828564,7.158583601572207,0.0,0.0,76.53518856165321,947.9946598700897,-20000.0,-1.7197938609786898,91.98526175697734,1000.0,0.009588822430828564,1.1754970949072139,0.0,7.235118676950151,normal,0.0
1.0210000000000001,-0.009714840147831957,7.08112052085406,0.0,0.0,77.46318322152331,927.9946598700897,-20000.0,-1.6268085992217125,92.98526175697734,1000.0,0.009714840147831957,1.173622086234876,0.0,7.158583601572182,normal,0.0
1.022,-0.009834969271231628,7.002749435041046,0.0,0.0,78.3711778813934,907.9946598700897,-20000.0,-1.532823337464735,93.98526175697734,1000.0,0.009834969271231628,1.1713929890142518,0.0,7.081120520854043,normal,0.0
1.0230000000000001,-0.00994893108809351,6.9234903444291165,0.0,0.0,79.25917254126348,887.9946598700897,-20000.0,-1.4378380757077578,94.98526175697734,1000.0,0.009948931088093508,1.1688056905248525,0.0,7.002749435041025,normal,0.0
1.024,-0.0100564499206104,6.8433632493652174,0.0,0.0,80.12716720113357,867.9946598700897,-20000.0,-1.3418528139507804,95.98526175697734,1000.0,0.0100564499206104,1.1658558992322536,0.0,6.923490344429098,normal,0.0
1.025,-0.010157253246109063,6.762388150247617,0.0,0.0,80.97516186100367,847.9946598700897,-20000.0,-1.244867552193803,96.98526175697734,1000.0,0.010157253246109063,1.1625381315091363,0.0,6.843363249365204,normal,0.0
1.026,-0.01025107181705747,6.680585047526177,0.0,0.0,81.80315652087376,827.9946598700897,-20000.0,-1.1468822904368257,97.98526175697734,1000.0,0.01025107181705747,1.1588461288677987,0.0,6.762388150247602,normal,0.0
1.027,-0.010337639781072373,6.597973941702594,0.0,0.0,82.61115118074385,807.9946598700897,-20000.0,-1.0478970286798484,98.98526175697734,1000.0,0.010337639781072373,1.154776195820265,0.0,6.680585047526158,normal,0.0
1.028,-0.010416694800927028,6.514574833330574,0.0,0.0,83.39914584061394,787.9946598700897,-20000.0,-0.947911766922871,99.98526175697734,1000.0,0.010416694800927028,1.1503229679485056,0.0,6.597973941702577,normal,0.0
1.029,-0.010488061101194117,6.430407723086255,0.0,0.0,84.16714050048402,767.9946598700897,-20000.0,-0.8479117669228711,100.0,14.7382430226628,0.010488061101194117,1.1456414067873943,0.0,6.514574833330556,normal,0.0
1.03,-0.010551570124049527,6.345492611675474,0.0,0.0,84.91513516035411,747.9946598700897,-20000.0,-0.7479117669228711,100.0,0.0,0.010551570124049527,1.1406557163118605,0.0,6.430407723086233,normal,0.0
1.031,-0.010607059311733854,6.259849499831299,0.0,0.0,85.6431298202242,727.9946598700897,-20000.0,-0.6479117669228711,100.0,0.0,0.010607059311733854,1.1353590419877548,0.0,6.3454926116754535,normal,0.0
1.032,-0.010654372106556245,6.173498388312823,0.0,0.0,86.3511244800943,707.9946598700897,-20000.0,-0.5479117669228711,100.0,0.0,0.010654372106556245,1.129725813422469,0.0,6.259849499831283,normal,0.0
1.033,-0.010693357950898048,6.086459277903968,0.0,0.0,87.03911913996438,687.9946598700897,-20000.0,-0.44791176692287116,100.0,0.0,0.010693357950898048,1.1237289701072746,0.0,6.173498388312808,normal,0.0
1.034,-0.010723872287216267,5.998752169412282,0.0,0.0,87.70711379983447,667.9946598700897,-20000.0,-0.3479117669228712,100.0,0.0,0.010723872287216265,1.1173985527831385,0.0,6.0864592779039555,normal,0.0
1.035,-0.010745776558046803,5.910397063667741,0.0,0.0,88.35510845970457,647.9946598700897,-20000.0,-0.24791176692287117,100.0,0.0,0.010745776558046803,0.18559048510270965,0.0,5.9987521694122705,normal,0.0
1.036,-0.010758938206007512,5.821413961521547,0.0,0.0,88.98310311957465,627.9946598700897,-20000.0,-0.14791176692287117,100.0,0.0,0.010758938206007512,0.18806093876932664,0.0,5.91039706366773,normal,0.0
1.037,-0.010763230673801047,5.731822863844933,0.0,0.0,89.59109777944474,607.9946598700897,-20000.0,-0.04791176692287116,100.0,0.0,0.010763230673801047,0.19021341994277197,0.0,5.821413961521536,normal,0.0
1.038,-0.010758533404217493,5.641643771527954,0.0,0.0,90.17909243931483,587.9946598700897,-20000.0,0.05208823307712884,100.0,0.0,0.010758533404217493,0.19203241651424288,0.0,5.731822863844926,normal,0.0
1.039,-0.010744731840136875,5.550896685478296,0.0,0.0,90.74708709918492,567.9946598700897,-20000.0,0.15208823307712885,100.0,0.0,0.010744731840136875,0.19356322801376868,0.0,5.641643771527939,normal,0.0
1.04,-0.010721717424531346,5.4596016066200725,0.0,0.0,91.29508175905501,547.9946598700897,-20000.0,0.25208823307712885,100.0,0.0,0.010721717424531346,0.19489457595509732,0.0,5.5508966854782855,normal,0.0
1.041,-0.010689387600467256,5.367778535892623,0.0,0.0,91.8230764189251,527.9946598700897,-20000.0,0.3520882330771289,100.0,0.0,0.010689387600467254,0.19583097200452687,0.0,5.459601606620055,normal,0.0
1.042,-0.010647645811107003,5.275447474249314,0.0,0.0,92.33107107879519,507.99465987008966,-20000.0,0.45208823307712886,100.0,0.0,0.010647645811107003,0.19636718585447832,0.0,5.3677785358926045,normal,0.0
1.043,-0.010596401499710688,5.18262842265634,0.0,0.0,92.81906573866527,487.99465987008966,-20000.0,0.5520882330771288,100.0,0.0,0.010596401499710688,0.19629303662631228,0.0,5.2754474742493045,normal,0.0
1.044,-0.01053557010963755,5.089341382091523,0.0,0.0,93.28706039853536,467.99465987008966,-20000.0,0.6520882330771288,100.0,0.0,0.01053557010963755,0.19357834541549557,0.0,5.182628422656329,normal,0.0
1.045,-0.01046507308434723,4.995606353543111,0.0,0.0,93.73505505840545,447.99465987008966,-20000.0,0.7520882330771288,100.0,0.0,0.01046507308434723,0.19029531240112818,0.0,5.089341382091504,normal,0.0
1.046,-0.010384837867400814,4.90144333800858,0.0,0.0,94.16304971827554,427.99465987008966,-20000.0,0.8520882330771288,100.0,0.0,0.010384837867400814,0.18662048654103475,0.0,4.995606353543096,normal,0.0
1.047,-0.01029479790246168,4.806872336493433,0.0,0.0,94.57104437814563,407.99465987008966,-20000.0,0.9520882330771288,100.0,0.0,0.01029479790246168,0.1825540615503108,0.0,4.901443338008562,normal,0.0
1.048,-0.010194892633296154,4.7119133500100014,0.0,0.0,94.95903903801572,387.99465987008966,-20000.0,1.0520882330771288,100.0,0.0,0.010194892633296154,0.17809575430689367,0.0,4.806872336493413,normal,0.0
1.049,-0.010085067503773954,4.616586379576242,0.0,0.0,95.32703369788581,367.99465987008966,-20000.0,1.152088233077129,100.0,0.0,0.010085067503773954,0.1725087768955536,0.0,4.711913350009979,normal,0.0
1.05,-0.009965273957868446,4.520911426214541,0.0,0.0,95.6750283577559,347.99465987008966,-20000.0,1.252088233077129,100.0,0.0,0.009965273957868446,0.1652921224746311,0.0,4.616586379576226,normal,0.0
1.051,-0.009835469439656682,4.424908490950509,0.0,0.0,96.00302301762599,327.99465987008966,-20000.0,1.352088233077129,100.0,0.0,0.009835469439656682,0.1576107638262609,0.0,4.520911426214525,normal,0.0
1.052,-0.009695617393319263,4.328597574811786,0.0,0.0,96.31101767749608,307.99465987008966,-20000.0,1.4520882330771292,100.0,0.0,0.009695617393319264,0.1495053811205025,0.0,4.4249084909505,normal,0.0
1.053,-0.009545687263139976,4.231998678826838,0.0,0.0,96.59901233736618,287.99465987008966,-20000.0,1.5520882330771293,100.0,0.0,0.009545687263139976,0.14094888404630537,0.0,4.3285975748117735,normal,0.0
1.054,-0.009385654493505254,4.13513180402376,0.0,0.0,96.86700699723626,267.99465987008966,-20000.0,1.6520882330771294,100.0,0.0,0.009385654493505254,0.13217989979902772,0.0,4.231998678826827,normal,0.0
1.055,-0.009215500528903419,4.038016951429071,0.0,0.0,97.11500165710635,247.99465987008966,-20000.0,1.7520882330771295,100.0,0.0,0.009215500528903419,0.12312329672393027,0.0,4.13513180402375,normal,0.0
1.056,-0.009035212813923735,3.9406741220665205,0.0,0.0,97.34299631697644,227.99465987008966,-20000.0,1.8520882330771296,100.0,0.0,0.009035212813923735,0.11365923968269215,0.0,4.038016951429057,normal,0.0
1.057,-0.00884488234406045,3.843123316765503,0.0,0.0,97.55099097684653,207.99465987008966,-20000.0,1.9510882330771295,99.0,-1000.0,0.00884488234406045,0.10992322049494152,0.0,3.940674122066511,normal,0.0
1.058,-0.008644606678831093,3.745384536320113,0.0,0.0,97.73898563671662,187.99465987008966,-20000.0,2.0490882330771294,98.0,-1000.0,0.008644606678831093,0.12172849272911147,0.0,3.8431233167654923,normal,0.0
1.059,-0.008434489821769578,3.64747778148827,0.0,0.0,97.90698029658671,167.99465987008966,-20000.0,2.1460882330771294,97.0,-1000.0,0.008434489821769578,0.13342035997059853,0.0,3.7453845363201026,normal,0.0
1.06,-0.008214642100419405,3.5494230529909108,0.0,0.0,98.0549749564568,147.99465987008966,-20000.0,2.2420882330771295,96.0,-1000.0,0.008214642100419405,0.14500013352158772,0.0,3.6474777814882557,normal,0.0
1.061,-0.007985180046326893,3.451240351511239,0.0,0.0,98.18296961632689,127.99465987008966,-20000.0,2.3370882330771297,95.0,-1000.0,0.007985180046326893,0.15646733654492073,0.0,3.549423052990896,normal,0.0
1.062,-0.007746226275034413,3.352949677694036,0.0,0.0,98.29096427619697,107.99465987008966,-20000.0,2.4310882330771295,94.0,-1000.0,0.007746226275034413,0.16782131338950512,0.0,3.451240351511231,normal,0.0
1.063,-0.007497909366073764,3.2545710321450296,0.0,0.0,98.37895893606706,87.99465987008966,-20000.0,2.5240882330771295,93.0,-1000.0,0.007497909366073764,0.17907180941476167,0.0,3.3529496776940277,normal,0.0
1.064,-0.007240363742959555,3.156124415430322,0.0,0.0,98.44695359593716,67.99465987008966,-20000.0,2.6160882330771296,92.0,-1000.0,0.007240363742959555,0.1902831380324031,0.0,3.254571032145016,normal,0.0
1.065,-0.006973729553182737,3.057629828075874,0.0,0.0,98.49494825580724,47.99465987008966,-20000.0,2.7070882330771298,91.0,-1000.0,0.006973729553182738,0.2014696639618201,0.0,3.1561244154303125,normal,0.0
1.066,-0.006698152548204233,2.959107270567047,0.0,0.0,98.52294291567733,27.994659870089663,-20000.0,2.7970882330771296,90.0,-1000.0,0.006698152548204233,0.21254391738680484,0.0,3.0576298280758607,normal,0.0
1.067,-0.006413783963448694,2.8605767433481977,0.0,0.0,98.53093757554743,7.994659870089663,-20000.0,2.8860882330771296,89.0,-1000.0,0.006413783963448694,0.22350583870271268,0.0,2.9591072705670314,normal,0.0
1.068,-0.0061207803982983545,2.762058246822329,0.0,0.0,98.51893223541751,-12.005340129910337,-20000.0,2.9740882330771297,88.0,-1000.0,0.0061207803982983545,0.2350338181740545,0.0,2.860576743348183,normal,0.0
1.069,-0.005819303696087018,2.6635717813507944,0.0,0.0,98.4869268952876,-32.00534012991034,-20000.0,3.06108823307713,87.0,-1000.0,0.005819303696087018,0.24658756949826394,0.0,2.7620582468223205,normal,0.0
1.07,-0.005509520824094247,2.5651373472530548,0.0,0.0,98.43492155515769,-52.00534012991034,-20000.0,3.1470882330771297,86.0,-1000.0,0.005509520824094247,0.25768474208749614,0.0,2.6635717813507824,normal,0.0
1.071,-0.0051916037535396815,2.4667749448064855,0.0,0.0,98.36291621502778,-72.00534012991034,-20000.0,3.2320882330771297,85.0,-1000.0,0.0051916037535396815,0.2686380219082428,0.0,2.5651373472530494,normal,0.0
1.072,-0.004865729339577555,2.3685045742462374,0.0,0.0,98.27091087489787,-92.00534012991034,-20000.0,3.3160882330771297,84.0,-1000.0,0.004865729339577555,0.279447885797662,0.0,2.466774944806481,normal,0.0
1.073,-0.004534493669939418,2.271056561353587,0.0,0.0,97.44857584282609,-112.00534012991034,-20000.0,3.39908823307713,83.0,-1000.0,0.004534493669939418,0.28300975533647255,0.0,2.3685045742462307,normal,0.0
1.074,-0.004202302335209415,2.175629507898387,0.0,0.0,95.42763164945693,-132.00534012991034,-20000.0,3.48108823307713,82.0,-1000.0,0.004202302335209415,0.2780884876942174,0.0,2.271056561353582,normal,0.0
1.075,-0.0038695817895457642,2.08222386585551,0.0,0.0,93.40623463347411,-152.00534012991034,-20000.0,3.5620882330771297,81.0,-1000.0,0.0038695817895457642,0.27905051750216425,0.0,2.1756295078983783,normal,0.0
1.076,-0.0035367526062319026,1.9908401073151278,0.0,0.0,91.38436463767815,-172.00534012991034,-20000.0,3.64208823307713,80.0,-1000.0,0.0035367526062319026,0.2803655242460576,0.0,2.0822238658555037,normal,0.0
1.077,-0.0032042294864694783,1.901478725866286,0.0,0.0,89.36200012348984,-192.00534012991034,-20000.0,3.72108823307713,79.0,-1000.0,0.003204229486469478,0.29113383206715465,0.0,1.9908401073151225,normal,0.0
1.078,-0.002872421269000454,1.8141402381098446,0.0,0.0,87.33911804154677,-212.00534012991034,-20000.0,3.79908823307713,78.0,-1000.0,0.0028724212690004543,0.316390781426464,0.0,1.9014787258662835,normal,0.0
1.079,-0.0025417309406578137,1.7288251853163534,0.0,0.0,85.31569368673885,-232.00534012991034,-20000.0,3.87608823307713,77.0,-1000.0,0.0025417309406578137,0.3425321935680537,0.0,1.814140238109836,normal,0.0
1.08,-0.0022125556479587445,1.64553413524672,0.0,0.0,83.29170053538041,-252.00534012991034,-20000.0,3.95208823307713,76.0,-1000.0,0.0022125556479587445,0.36692899701784853,0.0,1.7288251853163459,normal,0.0
1.081,-0.0018852867098717281,1.564267684156254,0.0,0.0,81.2671100618015,-272.00534012991034,-20000.0,4.02708823307713,75.0,-1000.0,0.0018852867098717281,0.3906760396934053,0.0,1.645534135246713,normal,0.0
1.082,-0.0015603096319091517,1.4850264590058697,0.0,0.0,79.24189153115336,-292.00534012991034,-20000.0,4.10108823307713,74.0,-1000.0,0.0015603096319091517,0.4153159047026721,0.0,1.564267684156242,normal,0.0
1.083,-0.0015185688707869266,1.475026546120806,0.0,0.0,10.0,-312.00534012991034,-20000.0,4.17408823307713,73.0,-1000.0,0.0015185688707869264,0.44017838251863356,1.0,1.4850264590058586,corner,1.0
1.084,-0.0014773479927588282,1.46531863897481,0.0,0.0,9.70799465987009,-292.00534012991034,20000.0,4.24608823307713,72.0,-1000.0,0.0014773479927588282,0.9045508594779217,1.0,1.4750265461207945,corner,1.0
1.085,-0.0014366121208335208,1.4558827375853831,0.0,0.0,9.43598931974018,-272.00534012991034,20000.0,4.31708823307713,71.0,-1000.0,0.0014366121208335208,0.9056697268956911,1.0,1.4653186389748,corner,1.0
1.086,-0.0013963213020272566,1.446698841985603,0.0,0.0,9.18398397961027,-252.00534012991034,20000.0,4.38708823307713,70.0,-1000.0,0.0013963213020272566,0.9063653494760741,1.0,1.4558827375853767,corner,1.0
1.087,-0.001356430627365758,1.4377469522244528,0.0,0.0,8.951978639480359,-232.00534012991034,20000.0,4.45608823307713,69.0,-1000.0,0.0013564306273657581,0.9066400518002165,1.0,1.4466988419855937,corner,1.0
1.088,-0.0013168903518860173,1.4290070683671023,0.0,0.0,8.73997329935045,-212.00534012991034,20000.0,4.52408823307713,68.0,-1000.0,0.0013168903518860173,0.9064945491238559,1.0,1.437746952224444,corner,1.0
1.089,-0.0012776460146380116,1.4204591904951476,0.0,0.0,8.54796795922054,-192.00534012991034,20000.0,4.59108823307713,67.0,-1000.0,0.0012776460146380114,0.9059309723130428,1.0,1.429007068367092,corner,1.0
1.09,-0.0012386385586863182,1.4120833187068031,0.0,0.0,8.375962619090629,-172.00534012991034,20000.0,4.65708823307713,66.0,-1000.0,0.0012386385586863182,0.9049506624722848,1.0,1.4204591904951371,corner,1.0
1.091,-0.0011998044511116308,1.403859453117054,0.0,0.0,8.223957278960718,-152.00534012991034,20000.0,4.72208823307713,65.0,-1000.0,0.0011998044511116308,0.9035554673455701,1.0,1.4120833187067916,corner,1.0
1.092,-0.0011610758030121662,1.3957675938577636,0.0,0.0,8.091951938830809,-132.00534012991034,20000.0,4.78608823307713,64.0,-1000.0,0.0011610758030121662,0.9017450740085133,1.0,1.4038594531170432,corner,1.0
1.093,-0.0011223804895049566,1.3877877410777413,0.0,0.0,7.979946598700899,-112.00534012991034,20000.0,4.84908823307713,63.0,-1000.0,0.0011223804895049566,0.8995231481467681,1.0,1.395767593857748,corner,1.0
1.094,-0.0010836422697270383,1.3798998949427692,0.0,0.0,7.887941258570988,-92.00534012991034,20000.0,4.91108823307713,62.0,-1000.0,0.0010836422697270383,0.8968917088676767,1.0,1.3877877410777302,corner,1.0
1.095,-0.0010447809068365103,1.3720840556355898,0.0,0.0,7.8159359184410775,-72.00534012991034,20000.0,4.97208823307713,61.0,-1000.0,0.0010447809068365103,0.8938512032060745,1.0,1.3798998949427599,corner,1.0
1.096,-0.0010057122880134702,1.3643202233558545,0.0,0.0,7.763930578311167,-52.00534012991034,20000.0,5.03208823307713,60.0,-1000.0,0.0010057122880134702,0.8904052148912286,1.0,1.3720840556355753,corner,1.0
1.097,-0.0009663485444608366,1.3565883983200355,0.0,0.0,7.731925238181256,-32.00534012991034,20000.0,5.09108823307713,59.0,-1000.0,0.0009663485444608366,0.8865586315040108,1.0,1.3643202233558398,corner,1.0
1.098,-0.000926598171405025,1.3488685807612995,0.0,0.0,7.719919898051346,-12.005340129910337,20000.0,5.14908823307713,58.0,-1000.0,0.0009265981714050251,0.882316545516259,1.0,1.3565883983200209,corner,1.0
1.099,-0.000886366148096512,1.3411407709293461,0.0,0.0,7.7279145579214354,7.994659870089663,20000.0,5.20608823307713,57.0,-1000.0,0.0008863661480965121,0.8776867055317941,1.0,1.348868580761284,corner,1.0
1.1,-0.0008455540578102538,1.3333849690902124,0.0,0.0,7.755909217791525,27.994659870089663,20000.0,5.26208823307713,56.0,-1000.0,0.0008455540578102536,0.8726740913324224,1.0,1.3411407709293357,corner,1.0
1.101,-0.0008040602078459792,1.3255811755260414,0.0,0.0,7.8039038776616145,47.99465987008966,20000.0,5.31708823307713,55.0,-1000.0,0.0008040602078459792,0.8672812202830631,1.0,1.333384969090197,corner,1.0
1.102,-0.0007617797495283425,1.3177093905348187,0.0,0.0,7.871898537531704,67.99465987008966,20000.0,5.37108823307713,54.0,-1000.0,0.0007617797495283425,0.8615120281529166,1.0,1.3255811755260325,corner,1.0
1.103,-0.0007186047982069443,1.3097496144300766,0.0,0.0,7.959893197401794,87.99465987008966,20000.0,5.42408823307713,53.0,-1000.0,0.0007186047982069443,0.8553722500263976,1.0,1.3177093905348087,corner,1.0
1.104,-0.0006744245532562185,1.3016818475405667,0.0,0.0,8.067887857271883,107.99465987008966,20000.0,5.47608823307713,52.0,-1000.0,0.0006744245532562185,0.8488732061294001,1.0,1.3097496144300678,corner,1.0
1.105,-0.0006291254180751766,1.293486090209902,0.0,0.0,8.195882517141973,127.99465987008966,20000.0,5.52708823307713,51.0,-1000.0,0.0006291254180751767,0.8420181849619354,1.0,1.3016818475405572,corner,1.0
1.106,-0.000582591120087023,1.285142342796169,0.0,0.0,8.343877177012063,147.99465987008966,20000.0,5.57708823307713,50.0,-1000.0,0.000582591120087023,0.8348127297559674,1.0,1.293486090209889,corner,1.0
1.107,-0.000534702830738635,1.2766306056715129,0.0,0.0,8.511871836882152,167.99465987008966,20000.0,5.62608823307713,49.0,-1000.0,0.000534702830738635,0.8272626668655233,1.0,1.2851423427961564,corner,1.0
1.108,-0.00048533928549990415,1.267930879221692,0.0,0.0,8.699866496752241,187.99465987008966,20000.0,5.67408823307713,48.0,-1000.0,0.00048533928549990415,0.8193738338205002,1.0,1.2766306056714996,corner,1.0
1.109,-0.0004343769038629445,1.2590231638456082,0.0,0.0,8.907861156622332,207.99465987008966,20000.0,5.72108823307713,47.0,-1000.0,0.0004343769038629445,0.8111500453181639,1.0,1.2679308792216801,corner,1.0
1.11,-0.00038168990934117923,1.24988745995481,0.0,0.0,9.135855816492422,227.99465987008966,20000.0,5.76708823307713,46.0,-1000.0,0.00038168990934117923,0.8025958834655819,1.0,1.2590231638455975,corner,1.0
1.111,-0.0003271504494682852,1.24050376797297,0.0,0.0,9.383850476362511,247.99465987008966,20000.0,5.81208823307713,45.0,-1000.0,0.0003271504494682852,0.793715356675115,1.0,1.2498874599547989,corner,1.0
1.112,-0.0002706287157970192,1.2308520883353402,0.0,0.0,9.6518451362326,267.99465987008966,20000.0,5.85608823307713,44.0,-1000.0,0.0002706287157970192,0.7845130545044109,1.0,1.2405037679729602,corner,1.0
1.113,-0.00021199306389791094,1.2209124214881812,0.0,0.0,9.93983979610269,287.99465987008966,20000.0,5.89908823307713,43.0,-1000.0,0.00021199306389791097,0.7749958091358771,1.0,1.2308520883353253,corner,1.0
1.114,-0.0001525825310661822,1.210912597970309,0.0,0.0,10.0,267.99465987008966,-20000.0,5.94108823307713,42.0,-1000.0,0.0001525825310661822,0.7676526492618172,1.0,1.2209124214881726,corner,1.0
1.115,-9.276200552026831e-05,1.2009127768966736,0.0,0.0,10.0,247.99465987008966,-20000.0,5.98208823307713,41.0,-1000.0,9.276200552026831e-05,0.7779371923687628,1.0,1.2109125979702995,corner,1.0
1.116,-3.2541487179373915e-05,1.1909129582238591,0.0,0.0,10.0,227.99465987008966,-20000.0,6.02208823307713,40.0,-1000.0,3.2541487179373915e-05,0.7884893050857249,1.0,1.200912776896665,corner,1.0
1.117,2.8069024043864913e-05,1.1809131419072496,2.806902404386491e-05,0.0,10.0,207.99465987008966,-20000.0,6.06108823307713,39.0,-1000.0,2.8069024043864913e-05,0.798980521116507,1.0,1.1909129582238478,corner,1.0
1.118,8.905952824328248e-05,1.1709133279010595,8.905952824328248e-05,0.0,10.0,187.99465987008966,-20000.0,6.09908823307713,38.0,-1000.0,8.905952824328248e-05,0.8094241471980559,1.0,1.18091314190724,corner,1.0
1.119,0.00015042002551909732,1.1609135161583628,0.00015042002551909732,0.0,10.0,167.99465987008966,-20000.0,6.13608823307713,37.0,-1000.0,0.00015042002551909732,0.8198235360916396,1.0,1.1709133279010473,corner,1.0
1.12,0.00021214051597780913,1.150913706631124,0.00021214051597780913,0.0,10.0,147.99465987008966,-20000.0,6.17208823307713,36.0,-1000.0,0.00021214051597780913,0.8301597484213811,1.0,1.1609135161583524,corner,1.0
1.121,0.00027421099973209907,1.140913899270227,0.000274210999732099,0.0,10.0,127.99465987008966,-20000.0,6.20708823307713,35.0,-1000.0,0.00027421099973209907,0.8404327096814741,1.0,1.1509137066311155,corner,1.0
1.122,0.0003366214769007182,1.1309140940255065,0.00033662147690071814,0.0,10.0,107.99465987008966,-20000.0,6.24108823307713,34.0,-1000.0,0.0003366214769007182,0.8506419430347608,1.0,1.1409138992702168,corner,1.0
1.123,0.0003993619476083702,1.1209142908457765,0.0003993619476083702,0.0,10.0,87.99465987008966,-20000.0,6.27408823307713,33.0,-1000.0,0.0003993619476083702,0.8607867779289873,1.0,1.1309140940254991,corner,1.0
1.124,0.0004621933872639608,1.110914488237215,0.0004621933872639608,0.0,10.0,67.99465987008966,-20000.0,6.283185307179586,32.0,-1000.0,0.0004621933872639608,0.8672209829092025,1.0,1.1209142908457679,corner,1.0
1.125,0.0005250248269195515,1.1009146856286536,0.0005250248269195514,0.0,10.0,47.99465987008966,-20000.0,6.283185307179586,31.0,-1000.0,0.0005250248269195515,0.8741966485977173,1.0,1.1109144882372064,corner,1.0
1.1260000000000001,0.0005878562665751422,1.090914883020092,0.000587856266575142,0.0,10.0,27.994659870089663,-20000.0,6.283185307179586,30.0,-1000.0,0.0005878562665751422,0.8819411769509315,1.0,1.100914685628645,corner,1.0
1.127,0.0006506877062307328,1.0809150804115306,0.0006506877062307328,0.0,10.0,7.994659870089663,-20000.0,6.283185307179586,29.0,-1000.0,0.0006506877062307328,0.8897028043866159,1.0,1.0909148830200834,corner,1.0
1.1280000000000001,0.0007135191458863234,1.0709152778029691,0.0007135191458863233,0.0,10.0,0.0,-7994.659870089663,6.283185307179586,28.0,-1000.0,0.0007135191458863234,0.8974792510271072,1.0,1.080915080411522,corner,1.0
1.129,0.0007763505855419141,1.0609154751944077,0.000776350585541914,0.0,10.0,0.0,0.0,6.283185307179586,27.0,-1000.0,0.0007763505855419141,0.9003977552056311,1.0,1.0709152778029605,corner,1.0
1.1300000000000001,0.0008391820251975047,1.0509156725858462,0.0008391820251975046,0.0,10.0,0.0,0.0,6.283185307179586,26.0,-1000.0,0.0008391820251975046,0.9000741615891457,1.0,1.060915475194399,corner,1.0
1.131,0.0009020134648530954,1.0409158699772847,0.0009020134648530953,0.0,10.0,0.0,0.0,6.283185307179586,25.0,-1000.0,0.0009020134648530954,0.8997508659958839,1.0,1.0509156725858375,corner,1.0
1.1320000000000001,0.000964844904508686,1.0309160673687232,0.0009648449045086858,0.0,10.0,0.0,0.0,6.283185307179586,24.0,-1000.0,0.000964844904508686,0.899427980184555,1.0,1.040915869977276,corner,1.0
1.133,0.0010276763441642767,1.0209162647601617,0.0010276763441642767,0.0,10.0,0.0,0.0,6.283185307179586,23.0,-1000.0,0.0010276763441642767,0.8991043567657471,1.0,1.0309160673687146,corner,1.0
1.1340000000000001,0.0010905077838198674,1.0109164621516002,0.0010905077838198674,0.0,10.0,0.0,0.0,6.283185307179586,22.0,-1000.0,0.0010905077838198674,0.8987825736403465,1.0,1.020916264760153,corner,1.0
1.135,0.0011533392234754582,1.0009166595430388,0.0011533392234754582,0.0,10.0,0.0,0.0,6.283185307179586,21.0,-1000.0,0.0011533392234754582,0.898458369076252,1.0,1.0109164621515916,corner,1.0
1.1360000000000001,0.001216170663131049,0.9909168569344774,0.001216170663131049,0.0,10.0,0.0,0.0,6.283185307179586,20.0,-1000.0,0.0012161706631310487,0.8981356918811798,1.0,1.00091665954303,corner,1.0
1.137,0.0012790021027866397,0.980917054325916,0.0012790021027866394,0.0,10.0,0.0,0.0,6.283185307179586,19.0,-1000.0,0.0012790021027866397,0.8978125602006912,1.0,0.9909168569344686,corner,1.0
1.1380000000000001,0.0013418335424422304,0.9709172517173547,0.0013418335424422304,0.0,10.0,0.0,0.0,6.283185307179586,18.0,-1000.0,0.0013418335424422304,0.897489883005619,1.0,0.9809170543259143,corner,1.0
1.139,0.0014046649820978212,0.9609174491087933,0.001404664982097821,0.0,10.0,0.0,0.0,6.283185307179586,17.0,-1000.0,0.0014046649820978212,0.8971671387553215,1.0,0.9709172517173528,corner,1.0
1.1400000000000001,0.001467496421753412,0.9509176465002319,0.0014674964217534117,0.0,10.0,0.0,0.0,6.283185307179586,16.0,-1000.0,0.001467496421753412,0.8968447074294089,1.0,0.9609174491087913,corner,1.0
1.141,0.0015303278614090027,0.9409178438916705,0.0015303278614090027,0.0,10.0,0.0,0.0,6.283185307179586,15.0,-1000.0,0.0015303278614090027,0.8965223431587219,1.0,0.9509176465002298,corner,1.0
1.1420000000000001,0.0015931593010645934,0.9309180412831092,0.001593159301064593,0.0,10.0,0.0,0.0,6.283185307179586,14.0,-1000.0,0.0015931593010645932,0.8961998298764229,1.0,0.9409178438916683,corner,1.0
1.143,0.0016559907407201842,0.9209182386745478,0.0016559907407201842,0.0,10.0,0.0,0.0,6.283185307179586,13.0,-1000.0,0.0016559907407201842,0.8958775177598,1.0,0.9309180412831068,corner,1.0
1.1440000000000001,0.001718822180375775,0.9109184360659864,0.001718822180375775,0.0,10.0,0.0,0.0,6.283185307179586,12.0,-1000.0,0.001718822180375775,0.8955553844571114,1.0,0.9209182386745454,corner,1.0
1.145,0.0017816536200313657,0.9009186334574251,0.0017816536200313657,0.0,10.0,0.0,0.0,6.283185307179586,11.0,-1000.0,0.0017816536200313657,0.8952334597706794,1.0,0.9109184360659839,corner,1.0
1.1460000000000001,0.0018444850596869564,0.8909188308488637,0.0018444850596869564,0.0,10.0,0.0,0.0,6.283185307179586,10.0,-1000.0,0.0018444850596869564,0.8949114754796028,1.0,0.9009186334574224,corner,1.0
1.147,0.0019073164993425472,0.8809190282403023,0.0019073164993425467,0.0,10.0,0.0,0.0,6.283185307179586,9.0,-1000.0,0.0019073164993425472,0.8945892825722694,1.0,0.8909188308488609,corner,1.0
1.1480000000000001,0.0019701479389981377,0.870919225631741,0.0019701479389981377,0.0,10.0,0.0,0.0,6.283185307179586,8.0,-1000.0,0.0019701479389981377,0.8942676559090614,1.0,0.8809190282402994,corner,1.0
1.149,0.0020329793786537285,0.8609194230231796,0.0020329793786537285,0.0,10.0,0.0,0.0,6.283185307179586,7.0,-1000.0,0.0020329793786537285,0.8939458578824997,1.0,0.870919225631738,corner,1.0
1.1500000000000001,0.002095810818309319,0.8509196204146182,0.002095810818309319,0.0,10.0,0.0,0.0,6.283185307179586,6.0,-1000.0,0.002095810818309319,0.8936242759227753,1.0,0.8609194230231765,corner,1.0
1.151,0.00215864225796491,0.8409198178060568,0.00215864225796491,0.0,10.0,0.0,0.0,6.283185307179586,5.0,-1000.0,0.00215864225796491,0.8933028876781464,1.0,0.850919620414615,corner,1.0
1.1520000000000001,0.0022214736976205007,0.8309200151974955,0.0022214736976205007,0.0,10.0,0.0,0.0,6.283185307179586,4.0,-1000.0,0.0022214736976205007,0.8929811045527458,1.0,0.8409198178060535,corner,1.0
1.153,0.0022843051372760915,0.8209202125889341,0.0022843051372760915,0.0,10.0,0.0,0.0,6.283185307179586,3.0,-1000.0,0.0022843051372760915,0.892660029232502,1.0,0.830920015197492,corner,1.0
1.154,0.002347136576931682,0.8109204099803727,0.002347136576931682,0.0,10.0,0.0,0.0,6.283185307179586,2.0,-1000.0,0.002347136576931682,0.8923385441303254,1.0,0.8209202125889306,corner,1.0
1.155,0.002409968016587273,0.8009206073718114,0.0024099680165872725,0.0,10.0,0.0,0.0,6.283185307179586,1.0,-1000.0,0.002409968016587273,0.8920171186327934,1.0,0.8109204099803691,corner,1.0
1.156,0.0024727994562428637,0.79092080476325,0.0024727994562428637,0.0,10.0,0.0,0.0,6.283185307179586,0.0,-1000.0,0.0024727994562428637,0.8916961923241615,1.0,0.8009206073718076,corner,1.0
1.157,0.002535620896095813,0.7809210020918622,0.002535620896095813,0.0,10.0,0.0,0.0,6.282185307179586,-1.0,-1000.0,0.0025356208960958127,0.891216289886372,1.0,0.7909208047632461,corner,1.0
1.158,0.0025984223363432956,0.7709211992948515,0.0025984223363432956,0.0,10.0,0.0,0.0,6.280185307179586,-2.0,-1000.0,0.0025984223363432956,0.8906594794647001,1.0,0.7809210020918584,corner,1.0
1.159,0.0026611937771821048,0.7609213963094814,0.0026611937771821043,0.0,10.0,0.0,0.0,6.277185307179586,-3.0,-1000.0,0.0026611937771821048,0.890027087262492,1.0,0.7709211992948468,corner,1.0
1.16,0.002723925218808469,0.7509215930731057,0.0027239252188084686,0.0,10.0,0.0,0.0,6.2731853071795864,-4.0,-1000.0,0.002723925218808469,0.8893185842885253,1.0,0.7609213963094774,corner,1.0
1.161,0.0027866066614178676,0.7409217895231976,0.002786606661417867,0.0,10.0,0.0,0.0,6.2681853071795866,-5.0,-1000.0,0.002786606661417867,0.8885331360777732,1.0,0.7509215930731017,corner,1.0
1.162,0.0028492281052048393,0.730921985597381,0.0028492281052048393,0.0,10.0,0.0,0.0,6.262185307179586,-6.0,-1000.0,0.0028492281052048393,0.8876719347231311,1.0,0.740921789523199,corner,1.0
1.163,0.0029117795503627955,0.7209221812334592,0.002911779550362795,0.0,10.0,0.0,0.0,6.255185307179587,-7.0,-1000.0,0.0029117795503627955,0.8867340116491216,1.0,0.7309219855973765,corner,1.0
1.164,0.0029742509970838394,0.7109223763694459,0.002974250997083839,0.0,10.0,0.0,0.0,6.247185307179587,-8.0,-1000.0,0.0029742509970838394,0.8857198585940639,1.0,0.7209221812334548,corner,1.0
1.165,0.0030366324455585792,0.7009225709435946,0.003036632445558579,0.0,10.0,0.0,0.0,6.238185307179586,-9.0,-1000.0,0.0030366324455585792,0.8846294532062161,1.0,0.7109223763694459,corner,1.0
1.166,0.0030989138959759423,0.6909227648944287,0.0030989138959759423,0.0,10.0,0.0,0.0,6.2281853071795865,-10.0,-1000.0,0.0030989138959759423,0.883463324476801,1.0,0.7009225709435896,corner,1.0
1.167,0.003161085348522999,0.6809229581607719,0.003161085348522999,0.0,10.0,0.0,0.0,6.217185307179586,-11.0,-1000.0,0.003161085348522999,0.8822209955686601,1.0,0.6909227648944238,corner,1.0
1.168,0.0032231368033847794,0.6709231506817777,0.003223136803384779,0.0,10.0,0.0,0.0,6.205185307179587,-12.0,-1000.0,0.0032231368033847794,0.8809020417986994,1.0,0.680922958160771,corner,1.0
1.169,0.0032850582607440925,0.6609233423969595,0.003285058260744092,0.0,10.0,0.0,0.0,6.192185307179587,-13.0,-1000.0,0.0032850582607440925,0.8795077446667816,1.0,0.670923150681773,corner,1.0
1.17,0.003346839720781355,0.6509235332462209,0.003346839720781355,0.0,10.0,0.0,0.0,6.178185307179587,-14.0,-1000.0,0.003346839720781355,0.8780374932252976,1.0,0.6609233423969556,corner,1.0
1.171,0.003408471183674411,0.6409237231698853,0.0034084711836744105,0.0,10.0,0.0,0.0,6.163185307179587,-15.0,-1000.0,0.003408471183674411,0.876491540793988,1.0,0.6509235332462211,corner,1.0
1.172,0.003469942649598363,0.6309239121087263,0.003469942649598363,0.0,10.0,0.0,0.0,6.147185307179587,-16.0,-1000.0,0.0034699426495983627,0.8748701630443348,1.0,0.6409237231698839,corner,1.0
1.173,0.0035312441187254017,0.6209241000039974,0.003531244118725402,0.0,10.0,0.0,0.0,6.130185307179587,-17.0,-1000.0,0.0035312441187254017,0.8731733972292407,1.0,0.6309239121087273,corner,1.0
1.174,0.003592365591224633,0.610924286797462,0.0035923655912246328,0.0,10.0,0.0,0.0,6.112185307179587,-18.0,-1000.0,0.003592365591224633,0.8714015711742524,1.0,0.6209241000039967,corner,1.0
1.175,0.00365329706726192,0.6009244724314237,0.00365329706726192,0.0,10.0,0.0,0.0,6.093185307179587,-19.0,-1000.0,0.00365329706726192,0.8695549605508517,1.0,0.6109242867974629,corner,1.0
1.176,0.0037140285469997136,0.5909246568487557,0.0037140285469997136,0.0,10.0,0.0,0.0,6.073185307179587,-20.0,-1000.0,0.0037140285469997136,0.8676335728096194,1.0,0.6009244724314229,corner,1.0
1.177,0.003774550030596895,0.5809248399929317,0.0037745500305968946,0.0,10.0,0.0,0.0,6.052185307179587,-21.0,-1000.0,0.0037745500305968955,0.8656375122586836,1.0,0.5909246568487561,corner,1.0
1.178,0.0038348515182086203,0.5709250218080549,0.0038348515182086203,0.0,10.0,0.0,0.0,6.030185307179587,-22.0,-1000.0,0.0038348515182086203,0.8635675463078458,1.0,0.5809248399929317,corner,1.0
1.179,0.003894923009986165,0.5609252022388889,0.0038949230099861645,0.0,10.0,0.0,0.0,6.007185307179587,-23.0,-1000.0,0.003894923009986165,0.8614228628438212,1.0,0.5709250218080584,corner,1.0
1.18,0.003954754506076772,0.550925381230887,0.003954754506076771,0.0,10.0,0.0,0.0,5.983185307179587,-24.0,-1000.0,0.003954754506076772,0.8592051755001469,1.0,0.5609252022388915,corner,1.0
1.181,0.004014336006623506,0.5409255587302226,0.004014336006623506,0.0,10.0,0.0,0.0,5.958185307179587,-25.0,-1000.0,0.004014336006623506,0.8569137764716661,1.0,0.5509253812308899,corner,1.0
1.182,0.004073657511765114,0.5309257346838192,0.004073657511765113,0.0,10.0,0.0,0.0,5.932185307179587,-26.0,-1000.0,0.004073657511765114,0.8545489563310223,1.0,0.5409255587302226,corner,1.0
1.183,0.004132709021635881,0.5209259090393801,0.00413270902163588,0.0,10.0,0.0,0.0,5.905185307179587,-27.0,-1000.0,0.004132709021635881,0.8521118252147244,1.0,0.5309257346838194,corner,1.0
1.184,0.004191480536365489,0.5109260817454186,0.004191480536365489,0.0,10.0,0.0,0.0,5.877185307179587,-28.0,-1000.0,0.004191480536365489,0.8496017796257439,1.0,0.5209259090393843,corner,1.0
1.185,0.004249962056078902,0.5009262527512882,0.004249962056078902,0.0,10.0,0.0,0.0,5.8481853071795875,-29.0,-1000.0,0.004249962056078902,0.8470193485553035,1.0,0.5109260817454171,corner,1.0
1.186,0.004308143580896218,0.4909264220072121,0.004308143580896218,0.0,10.0,0.0,0.0,5.818185307179587,-30.0,-1000.0,0.004308143580896218,0.8443647704219818,1.0,0.5009262527512917,corner,1.0
1.187,0.004366015110932561,0.4809265894643136,0.00436601511093256,0.0,10.0,0.0,0.0,5.787185307179588,-31.0,-1000.0,0.004366015110932561,0.8416385965687435,1.0,0.49092642200721315,corner,1.0
1.188,0.0044235666462979556,0.4709267550746461,0.0044235666462979556,0.0,10.0,0.0,0.0,5.7551853071795875,-32.0,-1000.0,0.0044235666462979556,0.8388416316582926,1.0,0.48092658946431754,corner,1.0
1.189,0.004480788187097215,0.46092691879122283,0.004480788187097215,0.0,10.0,0.0,0.0,5.722185307179587,-33.0,-1000.0,0.004480788187097215,0.8359735702168248,1.0,0.4709267550746503,corner,1.0
1.19,0.004537669733429828,0.4509270805680471,0.0045376697334298275,0.0,10.0,0.0,0.0,5.688185307179587,-34.0,-1000.0,0.004537669733429828,0.8330343004856314,1.0,0.4609269187912233,corner,1.0
1.191,0.004594201285389862,0.44092724036014214,0.004594201285389861,0.0,10.0,0.0,0.0,5.653185307179587,-35.0,-1000.0,0.004594201285389862,0.8300256776592808,1.0,0.4509270805680501,corner,1.0
