timestamp,pos_x,pos_y,ref_x,ref_y,velocity,acceleration,jerk,omega,domega,jerk_proxy,contour_error,kcm_intervention,corner_mask,dist_to_corner,mode,mode_proxy,reward_components
0.001,1.999999999999e-05,2.0000000002792228e-11,1.9999999999989996e-05,0.0,0.02,20.0,20000.0,0.001,1.0,1000.0,2.0000000002792224e-11,1.999640845056908,0.0,10.0,normal,0.0,"{""progress_diff"": 4.999999999997506e-07, ""r_progress"": 9.999999999995012e-06, ""r_track"": -3.555555556548347e-21, ""r_dir"": -2.000000000559112e-12, ""r_time"": -1.0, ""r_smooth"": 0.0, ""total"": -0.999990000002}"
0.002,3.9999999999900006e-05,8.000000000220713e-11,3.9999999999900006e-05,0.0,0.02,0.0,-20000.0,0.003,2.0,1000.0,8.000000000220713e-11,0.443143004931619,0.0,9.99998,normal,0.0,"{""progress_diff"": 4.99999999997751e-07, ""r_progress"": 9.99999999995502e-06, ""r_track"": -5.688888889202792e-20, ""r_dir"": -1.7999999999702935e-11, ""r_time"": -1.0, ""r_smooth"": 0.0, ""total"": -0.9999900000180001}"
0.003,7.999999999918001e-05,3.1999999999878677e-10,7.999999999918001e-05,0.0,0.04,20.0,20000.0,0.006,3.0,1000.0,3.199999999987867e-10,1.660961809900622,0.0,9.99996,normal,0.0,"{""progress_diff"": 9.999999999820014e-07, ""r_progress"": 1.9999999999640026e-05, ""r_track"": -9.102222222153198e-19, ""r_dir"": -7.199999999881174e-11, ""r_time"": -1.0, ""r_smooth"": 0.0, ""total"": -0.9999800000720004}"
0.004,0.00015999999999662004,9.599999999748367e-10,0.00015999999999662004,0.0,0.08,40.0,20000.0,0.008,2.0,-1000.0,9.599999999748367e-10,2.000473239544735,0.0,9.999920000000001,normal,0.0,"{""progress_diff"": 1.9999999999360036e-06, ""r_progress"": 3.999999999872007e-05, ""r_track"": -8.191999999570548e-18, ""r_dir"": -1.279999999931506e-10, ""r_time"": -1.0, ""r_smooth"": 0.0, ""total"": -0.9999600001280012}"
0.005,0.00029999999998815,2.499999999972521e-09,0.00029999999998815,0.0,0.14,60.0,20000.0,0.011,3.0,1000.0,2.499999999972521e-09,1.2351044983962223,0.0,9.999840000000003,normal,0.0,"{""progress_diff"": 3.499999999788255e-06, ""r_progress"": 6.99999999957651e-05, ""r_track"": -5.555555555433427e-17, ""r_dir"": -2.4200000000903275e-10, ""r_time"": -1.0, ""r_smooth"": 0.0, ""total"": -0.9999300002420043}"
0.006,0.00051999999996956,5.3599999999009316e-09,0.0005199999999695599,0.0,0.22000000000000003,80.0,20000.0,0.013,2.0,-1000.0,5.3599999999009316e-09,1.9998690142601947,0.0,9.999700000000011,normal,0.0,"{""progress_diff"": 5.499999999535255e-06, ""r_progress"": 0.0001099999999907051, ""r_track"": -2.553742222127821e-16, ""r_dir"": -3.3800000000211936e-10, ""r_time"": -1.0, ""r_smooth"": 0.0, ""total"": -0.9998900003380096}"
0.007,0.0008399999999382001,9.839999999812356e-09,0.0008399999999382001,0.0,0.32000000000000006,100.0,20000.0,0.013999999999999999,1.0,-1000.0,9.839999999812356e-09,1.9990281692032865,0.0,9.99948000000003,normal,0.0,"{""progress_diff"": 7.999999999216015e-06, ""r_progress"": 0.0001599999999843203, ""r_track"": -8.606719999671749e-16, ""r_dir"": -3.9200000001010995e-10, ""r_time"": -1.0, ""r_smooth"": 0.0, ""total"": -0.9998400003920166}"
0.008,0.0012799999998818802,1.6879999999519024e-08,0.00127999999988188,0.0,0.44000000000000006,120.0,20000.0,0.016,2.0,1000.0,1.6879999999519024e-08,1.096710826151161,0.0,9.999160000000062,normal,0.0,"{""progress_diff"": 1.0999999998592014e-05, ""r_progress"": 0.00021999999997184027, ""r_track"": -2.5327502220778868e-15, ""r_dir"": -5.120000000010241e-10, ""r_time"": -1.0, ""r_smooth"": 0.0, ""total"": -0.9997800005120306}"
0.009,0.00181999999980385,2.6059999999160977e-08,0.00181999999980385,0.0,0.54,100.0,-20000.0,0.017,1.0,-1000.0,2.6059999999160977e-08,1.0081056340325623,0.0,9.998720000000118,normal,0.0,"{""progress_diff"": 1.3499999998049272e-05, ""r_progress"": 0.0002699999999609855, ""r_track"": -6.036654221833513e-15, ""r_dir"": -5.780000000105929e-10, ""r_time"": -1.0, ""r_smooth"": 0.0, ""total"": -0.9997300005780451}"
0.01,0.00243999999971426,3.659999999874988e-08,0.00243999999971426,0.0,0.62,80.0,-20000.0,0.017,0.0,-1000.0,3.659999999874988e-08,1.0089056340325622,0.0,9.998180000000197,normal,0.0,"{""progress_diff"": 1.5499999997760273e-05, ""r_progress"": 0.0003099999999552055, ""r_track"": -1.1907199999186592e-14, ""r_dir"": -5.780000000105929e-10, ""r_time"": -1.0, ""r_smooth"": 0.0, ""total"": -0.9996900005780567}"
0.011,0.0031599999996221,4.811999999826988e-08,0.003159999999622099,0.0,0.72,100.0,20000.0,0.016,-1.0,-1000.0,4.811999999826988e-08,1.9953464790894704,0.0,9.997560000000286,normal,0.0,"{""progress_diff"": 1.7999999997696006e-05, ""r_progress"": 0.00035999999995392013, ""r_track"": -2.058252799851994e-14, ""r_dir"": -5.120000000010241e-10, ""r_time"": -1.0, ""r_smooth"": 0.0, ""total"": -0.9996400005120667}"
0.012,0.00399999999953978,5.987999999803738e-08,0.003999999999539779,0.0,0.84,120.0,20000.0,0.014,-2.0,-1000.0,5.987999999803738e-08,1.9938281692032866,0.0,9.996840000000377,normal,0.0,"{""progress_diff"": 2.0999999997942017e-05, ""r_progress"": 0.00041999999995884034, ""r_track"": -3.1872127997910714e-14, ""r_dir"": -3.9200000001010995e-10, ""r_time"": -1.0, ""r_smooth"": 0.0, ""total"": -0.9995800003920731}"
0.013,0.004979999999480489,7.065999999802116e-08,0.004979999999480489,0.0,0.98,140.0,20000.0,0.011,-3.0,-1000.0,7.065999999802116e-08,1.9919507043740108,0.0,9.99600000000046,normal,0.0,"{""progress_diff"": 2.44999999985178e-05, ""r_progress"": 0.0004899999999703559, ""r_track"": -4.438076088640311e-14, ""r_dir"": -2.4200000000903275e-10, ""r_time"": -1.0, ""r_smooth"": 0.0, ""total"": -0.999510000242074}"
0.014,0.00611999999945256,7.863999999805889e-08,0.00611999999945256,0.0,1.14,160.0,20000.0,0.006999999999999999,-4.0,-1000.0,7.863999999805889e-08,1.4664988503220107,0.0,9.995020000000519,normal,0.0,"{""progress_diff"": 2.849999999930179e-05, ""r_progress"": 0.0005699999999860358, ""r_track"": -5.49711075528418e-14, ""r_dir"": -9.800000000252749e-11, ""r_time"": -1.0, ""r_smooth"": 0.0, ""total"": -0.9994300000980689}"
0.015,0.00743999999944992,8.127999999783994e-08,0.007439999999449919,0.0,1.3199999999999998,180.0,20000.0,0.001999999999999999,-5.0,-1000.0,8.127999999783994e-08,1.987118309886184,0.0,9.993880000000548,normal,0.0,"{""progress_diff"": 3.299999999993404e-05, ""r_progress"": 0.0006599999999986808, ""r_track"": -5.872389688576765e-14, ""r_dir"": -7.999999998683734e-12, ""r_time"": -1.0, ""r_smooth"": 0.0, ""total"": -0.99934000000806}"
0.016,0.008919999999438079,7.53599999976855e-08,0.008919999999438077,0.0,1.4799999999999998,160.0,-20000.0,-0.004000000000000001,-6.0,-1000.0,7.53599999976855e-08,0.2451572471481036,0.0,9.99256000000055,normal,0.0,"{""progress_diff"": 3.699999999970399e-05, ""r_progress"": 0.0007399999999940798, ""r_track"": -5.0481151996899194e-14, ""r_dir"": -3.200000000184036e-11, ""r_time"": -1.0, ""r_smooth"": 0.0, ""total"": -0.9992600000320564}"
0.017,0.010539999999340069,5.753999999771231e-08,0.010539999999340067,0.0,1.6199999999999997,140.0,-20000.0,-0.011000000000000001,-7.0,-1000.0,5.7539999997712314e-08,1.0144492956259892,0.0,9.991080000000562,normal,0.0,"{""progress_diff"": 4.049999999754979e-05, ""r_progress"": 0.0008099999999509959, ""r_track"": -2.9429791997659854e-14, ""r_dir"": -2.4200000000903275e-10, ""r_time"": -1.0, ""r_smooth"": 0.0, ""total"": -0.9991900002420784}"
0.018,0.012319999999018779,2.3719999999762728e-08,0.012319999999018777,0.0,1.7799999999999996,160.0,20000.0,-0.019000000000000003,-8.0,-1000.0,2.3719999999762728e-08,1.979176056081254,0.0,9.98946000000066,normal,0.0,"{""progress_diff"": 4.449999999196785e-05, ""r_progress"": 0.000889999999839357, ""r_track"": -5.0012302221221685e-15, ""r_dir"": -7.219999999993347e-10, ""r_time"": -1.0, ""r_smooth"": 0.0, ""total"": -0.9991100007221656}"
0.019,0.01427999999825046,-3.1159999992903554e-08,0.014279999998250456,0.0,1.9599999999999995,180.0,20000.0,-0.028000000000000004,-9.0,-1000.0,3.1159999992903554e-08,1.1795854934682743,0.0,9.987680000000982,normal,0.0,"{""progress_diff"": 4.8999999980792056e-05, ""r_progress"": 0.0009799999996158411, ""r_track"": -8.63062755162444e-15, ""r_dir"": -1.5679999999907018e-09, ""r_time"": -1.0, ""r_smooth"": 0.0, ""total"": -0.9990200015683928}"
0.02,0.01643999999669094,-1.132399999731118e-07,0.01643999999669094,0.0,2.1599999999999997,200.0,20000.0,-0.038000000000000006,-10.0,-1000.0,1.132399999731118e-07,1.972352112162508,0.0,9.98572000000175,normal,0.0,"{""progress_diff"": 5.39999999610121e-05, ""r_progress"": 0.001079999999220242, ""r_track"": -1.139848675014254e-13, ""r_dir"": -2.887999999997339e-09, ""r_time"": -1.0, ""r_smooth"": 0.0, ""total"": -0.9989200028888937}"
0.021,0.018779999993881767,-2.278999999276681e-07,0.018779999993881764,0.0,2.34,180.0,-20000.0,-0.049,-11.0,-1000.0,2.278999999276681e-07,0.45074589183161845,0.0,9.983560000003308,normal,0.0,"{""progress_diff"": 5.849999992977071e-05, ""r_progress"": 0.0011699999985954142, ""r_track"": -4.616747552624988e-13, ""r_dir"": -4.802000000036805e-09, ""r_time"": -1.0, ""r_smooth"": 0.0, ""total"": -0.9988300048038663}"
0.022,0.021279999989230518,-3.803999998333146e-07,0.021279999989230514,0.0,2.5,160.0,-20000.0,-0.061,-12.0,-1000.0,3.8039999983331465e-07,0.9619001514720353,0.0,9.981220000006118,normal,0.0,"{""progress_diff"": 6.249999988371883e-05, ""r_progress"": 0.0012499999976743766, ""r_track"": -1.2862591988727626e-12, ""r_dir"": -7.442000000021658e-09, ""r_time"": -1.0, ""r_smooth"": 0.0, ""total"": -0.9987500074456119}"
0.023,0.023959999981892677,-5.787199996526616e-07,0.023959999981892677,0.0,2.68,180.0,20000.0,-0.074,-13.0,-1000.0,5.787199996526616e-07,1.9614225342111997,0.0,9.97872000001077,normal,0.0,"{""progress_diff"": 6.699999981655419e-05, ""r_progress"": 0.0013399999963310837, ""r_track"": -2.9770385599820145e-12, ""r_dir"": -1.0952000000038338e-08, ""r_time"": -1.0, ""r_smooth"": 0.0, ""total"": -0.998660010958646}"
0.024,0.026799999970896198,-8.286399993297177e-07,0.026799999970896195,0.0,2.8400000000000003,160.0,-20000.0,-0.088,-14.0,-1000.0,8.286399993297177e-07,1.0143943650079132,0.0,9.976040000018108,normal,0.0,"{""progress_diff"": 7.099999972508806e-05, ""r_progress"": 0.0014199999945017612, ""r_track"": -6.103504431014707e-12, ""r_dir"": -1.548799999995282e-08, ""r_time"": -1.0, ""r_smooth"": 0.0, ""total"": -0.9985800154996017}"
0.025,0.029779999955088787,-1.1355799987875518e-06,0.029779999955088784,0.0,2.9800000000000004,140.0,-20000.0,-0.103,-15.0,-1000.0,1.1355799987875518e-06,1.0134070408615348,0.0,9.973200000029104,normal,0.0,"{""progress_diff"": 7.449999960481484e-05, ""r_progress"": 0.0014899999920962967, ""r_track"": -1.1462594965745212e-11, ""r_dir"": -2.1218000000076744e-08, ""r_time"": -1.0, ""r_smooth"": 0.0, ""total"": -0.9985100212373663}"
0.026,0.03287999993313924,-1.5044799979175134e-06,0.03287999993313923,0.0,3.1000000000000005,120.0,-20000.0,-0.119,-16.0,-1000.0,1.5044799979175136e-06,1.0120605617720644,0.0,9.970220000044911,normal,0.0,"{""progress_diff"": 7.74999994512613e-05, ""r_progress"": 0.0015499999890252261, ""r_track"": -2.0119645014523394e-11, ""r_dir"": -2.8322000000096284e-08, ""r_time"": -1.0, ""r_smooth"": 0.0, ""total"": -0.9984500283530944}"
0.027,0.03611999990317572,-1.9451199965588888e-06,0.036119999903175715,0.0,3.2400000000000007,140.0,20000.0,-0.136,-17.0,-1000.0,1.9451199965588888e-06,1.2013003318876039,0.0,9.967120000066862,normal,0.0,"{""progress_diff"": 8.099999925091216e-05, ""r_progress"": 0.0016199999850182432, ""r_track"": -3.36310382312289e-11, ""r_dir"": -3.69919999999532e-08, ""r_time"": -1.0, ""r_smooth"": 0.0, ""total"": -0.9983800370406128}"
0.028,0.03951999986285852,-2.468719994489985e-06,0.039519999862858514,0.0,3.400000000000001,160.0,20000.0,-0.15400000000000003,-18.0,-1000.0,2.468719994489985e-06,1.8458691489643486,0.0,9.963880000096824,normal,0.0,"{""progress_diff"": 8.499999899207016e-05, ""r_progress"": 0.001699999979841403, ""r_track"": -5.4174030321730056e-11, ""r_dir"": -4.7432000000129064e-08, ""r_time"": -1.0, ""r_smooth"": 0.0, ""total"": -0.9983000475063326}"
0.029,0.04309999980928561,-3.0880599914013326e-06,0.04309999980928561,0.0,3.580000000000001,180.0,20000.0,-0.17300000000000001,-19.0,-1000.0,3.088059991401333e-06,0.9923561853655795,0.0,9.960480000137142,normal,0.0,"{""progress_diff"": 8.949999866067742e-05, ""r_progress"": 0.0017899999732135484, ""r_track"": -8.476546231549868e-11, ""r_dir"": -5.985800000013893e-08, ""r_time"": -1.0, ""r_smooth"": 0.0, ""total"": -0.9982100599695519}"
0.03,0.04683999973962998,-3.809879986919734e-06,0.046839999739629976,0.0,3.740000000000001,160.0,-20000.0,-0.193,-20.0,-1000.0,3.809879986919734e-06,0.3911874738252136,0.0,9.956900000190714,normal,0.0,"{""progress_diff"": 9.349999825860938e-05, ""r_progress"": 0.0018699999651721876, ""r_track"": -1.290238712420579e-10, ""r_dir"": -7.449799999991331e-08, ""r_time"": -1.0, ""r_smooth"": 0.0, ""total"": -0.9981300746618517}"
0.031,0.050759999651539746,-4.640919980694216e-06,0.050759999651539746,0.0,3.9200000000000013,180.0,20000.0,-0.212,-19.0,1000.0,4.640919980694216e-06,1.3671175614974935,0.0,9.95316000026037,normal,0.0,"{""progress_diff"": 9.799999779774447e-05, ""r_progress"": 0.0019599999559548895, ""r_track"": -1.9145011793072716e-10, ""r_dir"": -8.988799999989735e-08, ""r_time"": -1.0, ""r_smooth"": 0.0, ""total"": -0.9980400901234953}"
0.032,0.054879999540662305,-5.596759972119735e-06,0.0548799995406623,0.0,4.120000000000001,200.0,20000.0,-0.23199999999999998,-20.0,-1000.0,5.596759972119735e-06,1.9218760532026802,0.0,9.94924000034846,normal,0.0,"{""progress_diff"": 0.0001029999972280639, ""r_progress"": 0.002059999944561278, ""r_track"": -2.784330860935262e-10, ""r_dir"": -1.0764800000000926e-07, ""r_time"": -1.0, ""r_smooth"": 0.0, ""total"": -0.9979401079818718}"
0.033,0.05921999940176278,-6.694779960405166e-06,0.05921999940176277,0.0,4.340000000000001,220.0,20000.0,-0.253,-21.0,-1000.0,6.694779960405166e-06,1.645527844464584,0.0,9.945120000459339,normal,0.0,"{""progress_diff"": 0.00010849999652751195, ""r_progress"": 0.002169999930550239, ""r_track"": -3.98400699717712e-10, ""r_dir"": -1.2801799999983472e-07, ""r_time"": -1.0, ""r_smooth"": 0.0, ""total"": -0.9978301284858505}"
0.034,0.06379999922858152,-7.954279944529318e-06,0.06379999922858152,0.0,4.580000000000001,240.0,20000.0,-0.275,-22.0,-1000.0,7.954279944529318e-06,1.5170677227572729,0.0,9.940780000598238,normal,0.0,"{""progress_diff"": 0.00011449999567046893, ""r_progress"": 0.0022899999134093785, ""r_track"": -5.624050616528118e-10, ""r_dir"": -1.5124999999978348e-07, ""r_time"": -1.0, ""r_smooth"": 0.0, ""total"": -0.9977101518989957}"
0.035,0.06859999901545193,-9.38467992335801e-06,0.06859999901545193,0.0,4.800000000000001,220.0,-20000.0,-0.29800000000000004,-23.0,-1000.0,9.38467992335801e-06,1.0005718269586152,0.0,9.936200000771418,normal,0.0,"{""progress_diff"": 0.0001199999946717603, ""r_progress"": 0.002399999893435206, ""r_track"": -7.828641534567014e-10, ""r_dir"": -1.7760799999989207e-07, ""r_time"": -1.0, ""r_smooth"": 0.0, ""total"": -0.997600178497429}"
0.036,0.07363999875416825,-1.1007559895314346e-05,0.07363999875416824,0.0,5.040000000000001,240.0,20000.0,-0.32200000000000006,-24.0,-1000.0,1.1007559895314346e-05,1.4187255123504412,0.0,9.931400000984548,normal,0.0,"{""progress_diff"": 0.00012599999346790789, ""r_progress"": 0.0025199998693581577, ""r_track"": -1.0770344431016246e-09, ""r_dir"": -2.0736800000020028e-07, ""r_time"": -1.0, ""r_smooth"": 0.0, ""total"": -0.9974802085756763}"
0.037,0.07893999843508441,-1.2846659858407497e-05,0.0789399984350844,0.0,5.300000000000001,260.0,20000.0,-0.3470000000000001,-25.0,-1000.0,1.2846659858407497e-05,1.3353806246740225,0.0,9.926360001245833,normal,0.0,"{""progress_diff"": 0.00013249999202290426, ""r_progress"": 0.002649999840458085, ""r_track"": -1.4669926179343871e-09, ""r_dir"": -2.4081800000013495e-07, ""r_time"": -1.0, ""r_smooth"": 0.0, ""total"": -0.9973502424445345}"
0.038,0.08451999804691451,-1.4927999810146035e-05,0.08451999804691451,0.0,5.580000000000001,280.0,20000.0,-0.3730000000000001,-26.0,-1000.0,1.4927999810146035e-05,0.7760154830974506,0.0,9.921060001564916,normal,0.0,"{""progress_diff"": 0.0001394999902957529, ""r_progress"": 0.0027899998059150583, ""r_track"": -1.980846029615289e-09, ""r_dir"": -2.782580000002667e-07, ""r_time"": -1.0, ""r_smooth"": 0.0, ""total"": -0.9972102804329309}"
0.039,0.09035999757971452,-1.7263999747852447e-05,0.09035999757971451,0.0,5.840000000000001,260.0,-20000.0,-0.40000000000000013,-27.0,-1000.0,1.7263999747852447e-05,0.7555563253946199,0.0,9.915480001953085,normal,0.0,"{""progress_diff"": 0.00014599998832000045, ""r_progress"": 0.002919999766400009, ""r_track"": -2.6492949981675497e-09, ""r_dir"": -3.199999999999295e-07, ""r_time"": -1.0, ""r_smooth"": 0.0, ""total"": -0.9970803228828949}"
0.04,0.09643999702283518,-1.9866239668403554e-05,0.09643999702283518,0.0,6.080000000000001,240.0,-20000.0,-0.42800000000000016,-28.0,-1000.0,1.9866239668403554e-05,0.9926816843566688,0.0,9.909640002420286,normal,0.0,"{""progress_diff"": 0.00015199998607801687, ""r_progress"": 0.0030399997215603373, ""r_track"": -3.5081553649995644e-09, ""r_dir"": -3.6636799999978243e-07, ""r_time"": -1.0, ""r_smooth"": 0.0, ""total"": -0.996960370154595}"
0.041,0.10277999636078386,-2.2763619567550623e-05,0.10277999636078386,0.0,6.340000000000001,260.0,20000.0,-0.4570000000000002,-29.0,-1000.0,2.2763619567550623e-05,1.6266435791028595,0.0,9.903560002977164,normal,0.0,"{""progress_diff"": 0.0001584999834487173, ""r_progress"": 0.003169999668974346, ""r_track"": -4.606065562810431e-09, ""r_dir"": -4.1769799999987145e-07, ""r_time"": -1.0, ""r_smooth"": 0.0, ""total"": -0.9968304226350913}"
0.042,0.10939999558218913,-2.597431944167679e-05,0.10939999558218912,0.0,6.620000000000001,280.0,20000.0,-0.4850000000000002,-28.0,1000.0,2.597431944167679e-05,1.3969762371059902,0.0,9.897220003639216,normal,0.0,"{""progress_diff"": 0.00016549998053513133, ""r_progress"": 0.0033099996107026266, ""r_track"": -5.9970246262957245e-09, ""r_dir"": -4.704499999997025e-07, ""r_time"": -1.0, ""r_smooth"": 0.0, ""total"": -0.996690476836322}"
0.043,0.11631999467517092,-2.9517359286879482e-05,0.1163199946751709,0.0,6.920000000000001,300.0,20000.0,-0.5120000000000002,-27.0,1000.0,2.9517359286879482e-05,0.3689102055998363,0.0,9.890600004417811,normal,0.0,"{""progress_diff"": 0.00017299997732454515, ""r_progress"": 0.003459999546490903, ""r_track"": -7.744662215739827e-09, ""r_dir"": -5.242880000001392e-07, ""r_time"": -1.0, ""r_smooth"": 0.0, ""total"": -0.9965405324861714}"
0.044,0.12355999361957894,-3.342695909687282e-05,0.12355999361957892,0.0,7.240000000000001,320.0,20000.0,-0.5400000000000003,-28.0,-1000.0,3.342695909687282e-05,1.8416563307303766,0.0,9.883680005324829,normal,0.0,"{""progress_diff"": 0.00018099997361020054, ""r_progress"": 0.0036199994722040107, ""r_track"": -9.932103061902297e-09, ""r_dir"": -5.831999999999675e-07, ""r_time"": -1.0, ""r_smooth"": 0.0, ""total"": -0.9963805936598991}"
0.045,0.131099992399,-3.771721886536999e-05,0.13109999239899997,0.0,7.540000000000001,300.0,-20000.0,-0.5690000000000003,-29.0,-1000.0,3.771721886536999e-05,0.9848408373807116,0.0,9.87644000638042,normal,0.0,"{""progress_diff"": 0.00018849996948552654, ""r_progress"": 0.0037699993897105308, ""r_track"": -1.2645231990561973e-08, ""r_dir"": -6.475220000000949e-07, ""r_time"": -1.0, ""r_smooth"": 0.0, ""total"": -0.9962306607775214}"
0.046,0.1389599909889121,-4.242535858382082e-05,0.13895999098891207,0.0,7.860000000000001,320.0,20000.0,-0.5990000000000003,-30.0,-1000.0,4.242535858382082e-05,1.1272290280238066,0.0,9.868900007601,normal,0.0,"{""progress_diff"": 0.00019649996474780263, ""r_progress"": 0.003929999294956053, ""r_track"": -1.5999209341918035e-08, ""r_dir"": -7.176019999995068e-07, ""r_time"": -1.0, ""r_smooth"": 0.0, ""total"": -0.9960707343062533}"
0.047,0.14711998936956017,-4.756615824375797e-05,0.14711998936956014,0.0,8.160000000000002,300.0,-20000.0,-0.6300000000000003,-31.0,-1000.0,4.756615824375797e-05,0.36690374644017965,0.0,9.861040009011088,normal,0.0,"{""progress_diff"": 0.00020399995951620202, ""r_progress"": 0.00407999919032404, ""r_track"": -2.0111461422846443e-08, ""r_dir"": -7.938000000003288e-07, ""r_time"": -1.0, ""r_smooth"": 0.0, ""total"": -0.9959208147211374}"
0.048,0.1555999875114057,-5.317991783372659e-05,0.1555999875114057,0.0,8.480000000000002,320.0,20000.0,-0.6620000000000004,-32.0,-1000.0,5.317991783372659e-05,1.7802958490484397,0.0,9.85288001063044,normal,0.0,"{""progress_diff"": 0.00021199995354613923, ""r_progress"": 0.0042399990709227845, ""r_track"": -2.5138699207128108e-08, ""r_dir"": -8.764880000004302e-07, ""r_time"": -1.0, ""r_smooth"": 0.0, ""total"": -0.9957609025557764}"
0.049,0.16437998539092602,-5.928201734248116e-05,0.16437998539092602,0.0,8.780000000000003,300.0,-20000.0,-0.6950000000000004,-33.0,-1000.0,5.928201734248116e-05,0.9771873145511327,0.0,9.844400012488594,normal,0.0,"{""progress_diff"": 0.000219499946988009, ""r_progress"": 0.00438999893976018, ""r_track"": -3.1238734046171006e-08, ""r_dir"": -9.660499999996947e-07, ""r_time"": -1.0, ""r_smooth"": 0.0, ""total"": -0.9956109983489738}"
0.05,0.1734399829834984,-6.588675675747807e-05,0.1734399829834984,0.0,9.060000000000002,280.0,-20000.0,-0.7290000000000004,-34.0,-1000.0,6.588675675747807e-05,0.9745760464860083,0.0,9.835620014609074,normal,0.0,"{""progress_diff"": 0.0002264999398143095, ""r_progress"": 0.00452999879628619, ""r_track"": -3.858724192016962e-08, ""r_dir"": -1.0628820000005882e-06, ""r_time"": -1.0, ""r_smooth"": 0.0, ""total"": -0.9954711026729557}"
0.051,0.18279998025180125,-7.303779606180781e-05,0.18279998025180122,0.0,9.360000000000003,300.0,20000.0,-0.7640000000000005,-35.0,-1000.0,7.303779606180781e-05,1.784805623477792,0.0,9.8265600170165,normal,0.0,"{""progress_diff"": 0.00023399993170757083, ""r_progress"": 0.004679998634151417, ""r_track"": -4.741795247614426e-08, ""r_dir"": -1.1673920000006385e-06, ""r_time"": -1.0, ""r_smooth"": 0.0, ""total"": -0.995321216175801}"
0.052,0.19247997715420143,-8.078179523578031e-05,0.1924799771542014,0.0,9.680000000000003,320.0,20000.0,-0.8000000000000005,-36.0,-1000.0,8.078179523578031e-05,1.7758760455264835,0.0,9.8172000197482,normal,0.0,"{""progress_diff"": 0.00024199992256000464, ""r_progress"": 0.004839998451200093, ""r_track"": -5.800620836902702e-08, ""r_dir"": -1.279999999999718e-06, ""r_time"": -1.0, ""r_smooth"": 0.0, ""total"": -0.9951613395550083}"
0.053,0.20249997364435093,-8.9168534256534e-05,0.20249997364435093,0.0,10.020000000000003,340.0,20000.0,-0.8370000000000005,-37.0,-1000.0,8.9168534256534e-05,0.9473739222817417,0.0,9.807520022845798,normal,0.0,"{""progress_diff"": 0.0002504999122537391, ""r_progress"": 0.0050099982450747815, ""r_track"": -7.067580001296603e-08, ""r_dir"": -1.4011380000006651e-06, ""r_time"": -1.0, ""r_smooth"": 0.0, ""total"": -0.9949914735687252}"
0.054,0.21287996967075745,-9.825103309757109e-05,0.21287996967075745,0.0,10.380000000000003,360.0,20000.0,-0.8750000000000006,-38.0,-1000.0,9.825103309757109e-05,1.2632449405607353,0.0,9.79750002635565,normal,0.0,"{""progress_diff"": 0.0002594999006601635, ""r_progress"": 0.0051899980132032696, ""r_track"": -8.580680448657784e-08, ""r_dir"": -1.5312500000006342e-06, ""r_time"": -1.0, ""r_smooth"": 0.0, ""total"": -0.9948116190436013}"
0.055,0.22363996517632728,-0.00010808567172826648,0.22363996517632728,0.0,10.760000000000003,380.0,20000.0,-0.9140000000000006,-39.0,-1000.0,0.00010808567172826648,1.7469323820140077,0.0,9.787120030329243,normal,0.0,"{""progress_diff"": 0.00026899988763924576, ""r_progress"": 0.005379997752784915, ""r_track"": -1.0384455495956074e-07, ""r_dir"": -1.6707919999994858e-06, ""r_time"": -1.0, ""r_smooth"": 0.0, ""total"": -0.9946217768837701}"
0.056,0.23475996011608272,-0.00011869415011911001,0.23475996011608272,0.0,11.120000000000003,360.0,-20000.0,-0.9540000000000006,-40.0,-1000.0,0.00011869415011911001,0.9593661842903318,0.0,9.776360034823673,normal,0.0,"{""progress_diff"": 0.00027799987349388586, ""r_progress"": 0.005559997469877717, ""r_track"": -1.2522934464442507e-07, ""r_dir"": -1.8202320000004633e-06, ""r_time"": -1.0, ""r_smooth"": 0.0, ""total"": -0.9944419479914669}"
0.057,0.24625995442343945,-0.00013013664823105083,0.24625995442343945,0.0,11.500000000000004,380.0,20000.0,-0.9950000000000007,-41.0,-1000.0,0.00013013664823105083,1.726640831623564,0.0,9.765240039883917,normal,0.0,"{""progress_diff"": 0.00028749985768391877, ""r_progress"": 0.005749997153678375, ""r_track"": -1.505381974472201e-07, ""r_dir"": -1.980050000000315e-06, ""r_time"": -1.0, ""r_smooth"": 0.0, ""total"": -0.9942521334345191}"
0.058,0.25811994804650185,-0.0001424354660267581,0.25811994804650185,0.0,11.860000000000003,360.0,-20000.0,-1.0370000000000006,-42.0,-1000.0,0.0001424354660267581,0.9535563240137045,0.0,9.75374004557656,normal,0.0,"{""progress_diff"": 0.00029649984057656103, ""r_progress"": 0.005929996811531221, ""r_track"": -1.8033655095342006e-07, ""r_dir"": -2.150738000000733e-06, ""r_time"": -1.0, ""r_smooth"": 0.0, ""total"": -0.9940723342630198}"
0.059,0.2703199409577901,-0.00015558706347954923,0.2703199409577901,0.0,12.200000000000003,340.0,-20000.0,-1.0780000000000005,-41.0,1000.0,0.00015558706347954923,0.34085094956294487,0.0,9.741880051953498,normal,0.0,"{""progress_diff"": 0.0003049998227822063, ""r_progress"": 0.0060999964556441265, ""r_track"": -2.1517630508612693e-07, ""r_dir"": -2.3241680000005795e-06, ""r_time"": -1.0, ""r_smooth"": 0.0, ""total"": -0.993902542888661}"
0.06,0.2828799330801589,-0.00016965426053856412,0.2828799330801589,0.0,12.560000000000002,360.0,20000.0,-1.1200000000000006,-42.0,-1000.0,0.00016965426053856412,1.696146463737077,0.0,9.72968005904221,normal,0.0,"{""progress_diff"": 0.0003139998030592204, ""r_progress"": 0.006279996061184408, ""r_track"": -2.5584504994566214e-07, ""r_dir"": -2.5087999999990496e-06, ""r_time"": -1.0, ""r_smooth"": 0.0, ""total"": -0.9937227685838655}"
0.061,0.2958199243290385,-0.00018470347714604661,0.2958199243290385,0.0,12.940000000000003,380.0,20000.0,-1.1630000000000005,-43.0,-1000.0,0.00018470347714604661,1.206847224478193,0.0,9.717120066919842,normal,0.0,"{""progress_diff"": 0.0003234997812219904, ""r_progress"": 0.006469995624439808, ""r_track"": -3.032477730652459e-07, ""r_dir"": -2.705138000000117e-06, ""r_time"": -1.0, ""r_smooth"": 0.0, ""total"": -0.9935330127613332}"
0.062,0.3091199146409938,-0.00020075657324822256,0.3091199146409938,0.0,13.300000000000002,360.0,-20000.0,-1.2070000000000005,-44.0,-1000.0,0.00020075657324822259,0.8849405801732202,0.0,9.704180075670962,normal,0.0,"{""progress_diff"": 0.00033249975779888353, ""r_progress"": 0.006649995155977671, ""r_track"": -3.5825068179883514e-07, ""r_dir"": -2.9136979999997977e-06, ""r_time"": -1.0, ""r_smooth"": 0.0, ""total"": -0.9933532767927041}"
0.063,0.3227999039534952,-0.0002178565687951006,0.3227999039534952,0.0,13.680000000000003,380.0,20000.0,-1.2500000000000004,-43.0,1000.0,0.0002178565687951006,1.2481756760686962,0.0,9.690880085359007,normal,0.0,"{""progress_diff"": 0.00034199973281253543, ""r_progress"": 0.006839994656250709, ""r_track"": -4.218798628193279e-07, ""r_dir"": -3.125000000000977e-06, ""r_time"": -1.0, ""r_smooth"": 0.0, ""total"": -0.9931635522236121}"
0.064,0.33687989216546743,-0.0002360760837105328,0.33687989216546743,0.0,14.080000000000004,400.0,20000.0,-1.2940000000000005,-44.0,-1000.0,0.0002360760837105328,1.6532535036390872,0.0,9.677200096046505,normal,0.0,"{""progress_diff"": 0.0003519997052993055, ""r_progress"": 0.00703999410598611, ""r_track"": -4.953948204453555e-07, ""r_dir"": -3.3488720000006644e-06, ""r_time"": -1.0, ""r_smooth"": 0.0, ""total"": -0.9929638501608343}"
0.065,0.35133987920265053,-0.0002554380179247981,0.35133987920265053,0.0,14.460000000000004,380.0,-20000.0,-1.3390000000000004,-45.0,-1000.0,0.0002554380179247981,0.4150700939364633,0.0,9.663120107834533,normal,0.0,"{""progress_diff"": 0.00036149967592957917, ""r_progress"": 0.007229993518591583, ""r_track"": -5.799873866786621e-07, ""r_dir"": -3.5858420000010774e-06, ""r_time"": -1.0, ""r_smooth"": 0.0, ""total"": -0.9927741723107951}"
0.066,0.3661998649913735,-0.000275989391373401,0.3661998649913735,0.0,14.860000000000005,400.0,20000.0,-1.3830000000000005,-44.0,1000.0,0.000275989391373401,0.5321784196273901,0.0,9.648660120797349,normal,0.0,"{""progress_diff"": 0.0003714996447180749, ""r_progress"": 0.007429992894361498, ""r_track"": -6.770679480058693e-07, ""r_dir"": -3.825378000000742e-06, ""r_time"": -1.0, ""r_smooth"": 0.0, ""total"": -0.9925745095515865}"
0.067,0.3814798494120104,-0.0002978092239576268,0.3814798494120104,0.0,15.280000000000005,420.0,20000.0,-1.4280000000000004,-45.0,-1000.0,0.0002978092239576268,1.0137303973660001,0.0,9.633800135008627,normal,0.0,"{""progress_diff"": 0.0003819996105159217, ""r_progress"": 0.0076399922103184345, ""r_track"": -7.883585233266127e-07, ""r_dir"": -4.078368000001181e-06, ""r_time"": -1.0, ""r_smooth"": 0.0, ""total"": -0.9923648745162049}"
0.068,0.39715983237823366,-0.00032092153558836353,0.3971598323782336,0.0,15.680000000000005,400.0,-20000.0,-1.4740000000000004,-46.0,-1000.0,0.0003209215355883635,0.9222056138825463,0.0,9.61852015058799,normal,0.0,"{""progress_diff"": 0.00039199957415558123, ""r_progress"": 0.007839991483111625, ""r_track"": -9.154722844834956e-07, ""r_dir"": -4.345351999999855e-06, ""r_time"": -1.0, ""r_smooth"": 0.0, ""total"": -0.9921652693411729}"
0.069,0.4132598138039812,-0.0003453774261836004,0.4132598138039812,0.0,16.100000000000005,420.0,20000.0,-1.5190000000000003,-45.0,1000.0,0.0003453774261836004,1.4424903911875093,0.0,9.602840167621766,normal,0.0,"{""progress_diff"": 0.00040249953564368973, ""r_progress"": 0.008049990712873795, ""r_track"": -1.0603161468196297e-06, ""r_dir"": -4.6147220000002925e-06, ""r_time"": -1.0, ""r_smooth"": 0.0, ""total"": -0.991955684325273}"
0.07,0.4297597935978791,-0.0003711999156427466,0.4297597935978791,0.0,16.500000000000004,400.0,-20000.0,-1.5650000000000004,-46.0,-1000.0,0.00037119991564274664,0.9159225140611837,0.0,9.58674018619602,normal,0.0,"{""progress_diff"": 0.00041249949484744794, ""r_progress"": 0.008249989896948959, ""r_track"": -1.2247944655393972e-06, ""r_dir"": -4.898449999998852e-06, ""r_time"": -1.0, ""r_smooth"": 0.0, ""total"": -0.9917561333475166}"
0.071,0.44663977166617247,-0.0003984104638581114,0.44663977166617247,0.0,16.880000000000003,380.0,-20000.0,-1.6120000000000003,-47.0,-1000.0,0.0003984104638581114,0.9122422317358647,0.0,9.57024020640212,normal,0.0,"{""progress_diff"": 0.00042199945170733576, ""r_progress"": 0.008439989034146715, ""r_track"": -1.4109413129923152e-06, ""r_dir"": -5.197088000001089e-06, ""r_time"": -1.0, ""r_smooth"": 0.0, ""total"": -0.9915666189951663}"
0.072,0.46391974785779394,-0.0004270952506841445,0.46391974785779394,0.0,17.28,400.0,20000.0,-1.6600000000000004,-48.0,-1000.0,0.0004270952506841445,1.5630027944674536,0.0,9.553360228333828,normal,0.0,"{""progress_diff"": 0.0004319994047905368, ""r_progress"": 0.008639988095810736, ""r_track"": -1.6214253613951312e-06, ""r_dir"": -5.51120000000144e-06, ""r_time"": -1.0, ""r_smooth"": 0.0, ""total"": -0.9913671445295507}"
0.073,0.4816197220097734,-0.00045734453595938667,0.4816197220097734,0.0,17.700000000000003,420.0,20000.0,-1.7090000000000003,-49.0,-1000.0,0.00045734453595938667,1.5510042022559507,0.0,9.536080252142206,normal,0.0,"{""progress_diff"": 0.00044249935379948695, ""r_progress"": 0.008849987075989739, ""r_track"": -1.8592357739725046e-06, ""r_dir"": -5.8413619999997305e-06, ""r_time"": -1.0, ""r_smooth"": 0.0, ""total"": -0.9911577135217843}"
0.074,0.49975969394646597,-0.0004892527795049296,0.49975969394646597,0.0,18.140000000000004,440.0,20000.0,-1.7590000000000003,-50.0,-1000.0,0.0004892527795049296,0.7342930987399668,0.0,9.518380277990227,normal,0.0,"{""progress_diff"": 0.00045349929841731473, ""r_progress"": 0.009069985968346295, ""r_track"": -2.1277180644737712e-06, ""r_dir"": -6.188161999998903e-06, ""r_time"": -1.0, ""r_smooth"": 0.0, ""total"": -0.9909383299117182}"
0.075,0.518359663546039,-0.0005228815611836042,0.518359663546039,0.0,18.600000000000005,460.0,20000.0,-1.8080000000000003,-49.0,1000.0,0.0005228815611836042,2.1017521371101466,0.0,9.500240306053534,normal,0.0,"{""progress_diff"": 0.0004649992399893277, ""r_progress"": 0.009299984799786554, ""r_track"": -2.430267795784918e-06, ""r_dir"": -6.53772800000023e-06, ""r_time"": -1.0, ""r_smooth"": 0.0, ""total"": -0.9907089831960092}"
0.076,0.5373996307521617,-0.0005582197808951247,0.5373996307521617,0.0,19.040000000000006,440.0,-20000.0,-1.8560000000000003,-48.0,1000.0,0.0005582197808951247,0.22235245551640576,0.0,9.48164033645396,normal,0.0,"{""progress_diff"": 0.00047599918015306733, ""r_progress"": 0.009519983603061347, ""r_track"": -2.7698606558453427e-06, ""r_dir"": -6.889472000000593e-06, ""r_time"": -1.0, ""r_smooth"": 0.0, ""total"": -0.9904896757295945}"
0.077,0.5568995953691787,-0.0005953672584269244,0.5568995953691787,0.0,19.500000000000007,460.0,20000.0,-1.9050000000000002,-49.0,-1000.0,0.0005953672584269244,1.3517105559136016,0.0,9.462600369247838,normal,0.0,"{""progress_diff"": 0.00048749911542542504, ""r_progress"": 0.0097499823085085, ""r_track"": -3.150774865838153e-06, ""r_dir"": -7.258049999998655e-06, ""r_time"": -1.0, ""r_smooth"": 0.0, ""total"": -0.9902604265163574}"
0.078,0.5768795572652429,-0.0006343881736212564,0.5768795572652429,0.0,19.980000000000008,480.0,20000.0,-1.9530000000000003,-48.0,1000.0,0.0006343881736212564,0.8695593861536985,0.0,9.44310040463082,normal,0.0,"{""progress_diff"": 0.0004994990474016057, ""r_progress"": 0.009989980948032114, ""r_track"": -3.5773187096045634e-06, ""r_dir"": -7.628417999998996e-06, ""r_time"": -1.0, ""r_smooth"": 0.0, ""total"": -0.9900212247886775}"
0.079,0.5973595162232956,-0.0006753891062325945,0.5973595162232956,0.0,20.480000000000008,500.0,20000.0,-2.0020000000000002,-49.0,-1000.0,0.0006753891062325944,1.3854016717698387,0.0,9.423120442734756,normal,0.0,"{""progress_diff"": 0.0005119989739513203, ""r_progress"": 0.010239979479026405, ""r_track"": -4.054670620601446e-06, ""r_dir"": -8.016008000000475e-06, ""r_time"": -1.0, ""r_smooth"": 0.0, ""total"": -0.9897720911995942}"
0.08,0.6183594720109191,-0.0007184810759913236,0.6183594720109191,0.0,21.000000000000007,520.0,20000.0,-2.052,-50.0,-1000.0,0.0007184810759913236,1.4634140567754308,0.0,9.402640483776704,normal,0.0,"{""progress_diff"": 0.0005249988946905877, ""r_progress"": 0.010499977893811754, ""r_track"": -4.588578280512445e-06, ""r_dir"": -8.42140799999953e-06, ""r_time"": -1.0, ""r_smooth"": 0.0, ""total"": -0.9895130320924688}"
0.081,0.6398594245582758,-0.0007636525427586536,0.6398594245582758,0.0,21.500000000000007,500.0,-20000.0,-2.101,-49.0,1000.0,0.0007636525427586535,1.3542731415075444,0.0,9.38164052798908,normal,0.0,"{""progress_diff"": 0.000537498813683918, ""r_progress"": 0.010749976273678359, ""r_track"": -5.183690720548951e-06, ""r_dir"": -8.828402000001097e-06, ""r_time"": -1.0, ""r_smooth"": 0.0, ""total"": -0.9892640358190422}"
0.082,0.6618793736172165,-0.0008110175262339088,0.6618793736172165,0.0,22.020000000000007,520.0,20000.0,-2.151,-50.0,-1000.0,0.0008110175262339088,0.4247748026754464,0.0,9.360140575441724,normal,0.0,"{""progress_diff"": 0.0005504987264735167, ""r_progress"": 0.011009974529470334, ""r_track"": -5.846661580965057e-06, ""r_dir"": -9.25360200000012e-06, ""r_time"": -1.0, ""r_smooth"": 0.0, ""total"": -0.9890051257341106}"
0.083,0.6844393189227295,-0.0008606946060881497,0.6844393189227295,0.0,22.560000000000006,540.0,20000.0,-2.202,-51.0,-1000.0,0.0008606946060881497,1.4239408153116464,0.0,9.338120626382784,normal,0.0,"{""progress_diff"": 0.0005639986326378271, ""r_progress"": 0.011279972652756542, ""r_track"": -6.584846266215424e-06, ""r_dir"": -9.697608000000329e-06, ""r_time"": -1.0, ""r_smooth"": 0.0, ""total"": -0.9887363098015097}"
0.084,0.7075592601919893,-0.0009128070419617842,0.7075592601919893,0.0,23.120000000000005,560.0,20000.0,-2.254,-52.0,-1000.0,0.000912807041961784,1.4100647582708679,0.0,9.31556068107727,normal,0.0,"{""progress_diff"": 0.0005779985317314953, ""r_progress"": 0.011559970634629907, ""r_track"": -7.40637062982242e-06, ""r_dir"": -1.0161032000001807e-05, ""r_time"": -1.0, ""r_smooth"": 0.0, ""total"": -0.9884575967679999}"
0.085,0.731259197232671,-0.0009674354935880274,0.731259197232671,0.0,23.700000000000003,580.0,20000.0,-2.305,-51.0,1000.0,0.0009674354935880274,0.3837403336194518,0.0,9.292440739808011,normal,0.0,"{""progress_diff"": 0.0005924984260170414, ""r_progress"": 0.011849968520340828, ""r_track"": -8.319390526701424e-06, ""r_dir"": -1.0626049999997967e-05, ""r_time"": -1.0, ""r_smooth"": 0.0, ""total"": -0.9881689769201859}"
0.086,0.7555591297339969,-0.001024710540556558,0.7555591297339969,0.0,24.300000000000004,600.0,20000.0,-2.357,-52.0,-1000.0,0.001024710540556558,1.358183959624346,0.0,9.26874080276733,normal,0.0,"{""progress_diff"": 0.0006074983125331501, ""r_progress"": 0.012149966250663002, ""r_track"": -9.33361503935745e-06, ""r_dir"": -1.1110897999999458e-05, ""r_time"": -1.0, ""r_smooth"": 0.0, ""total"": -0.9878704782623764}"
0.087,0.7804390574812679,-0.001084671282513516,0.7804390574812679,0.0,24.880000000000003,580.0,-20000.0,-2.41,-53.0,-1000.0,0.001084671282513516,0.6053652831133454,0.0,9.244440870266002,normal,0.0,"{""progress_diff"": 0.0006219981936817741, ""r_progress"": 0.012439963873635482, ""r_track"": -1.0457882587640137e-05, ""r_dir"": -1.1616199999998083e-05, ""r_time"": -1.0, ""r_smooth"": 0.0, ""total"": -0.9875821102089521}"
0.088,0.8059189801329959,-0.0011474539389847841,0.8059189801329959,0.0,25.480000000000004,600.0,20000.0,-2.464,-54.0,-1000.0,0.0011474539389847841,1.3530422202215697,0.0,9.219560942518733,normal,0.0,"{""progress_diff"": 0.0006369980662932033, ""r_progress"": 0.012739961325864066, ""r_track"": -1.1703560374148413e-05, ""r_dir"": -1.2142591999998026e-05, ""r_time"": -1.0, ""r_smooth"": 0.0, ""total"": -0.9872838848265101}"
0.089,0.8320188974575181,-0.0012131475696200464,0.8320188974575181,0.0,26.100000000000005,620.0,20000.0,-2.517,-53.0,1000.0,0.0012131475696200464,0.9779435262013874,0.0,9.194081019867005,normal,0.0,"{""progress_diff"": 0.0006524979331130575, ""r_progress"": 0.013049958662261149, ""r_track"": -1.3082018006000224e-05, ""r_dir"": -1.2670578000001032e-05, ""r_time"": -1.0, ""r_smooth"": 0.0, ""total"": -0.9869757939337449}"
0.09,0.8587588090813186,-0.0012818960338816295,0.8587588090813186,0.0,26.740000000000006,640.0,20000.0,-2.5709999999999997,-54.0,-1000.0,0.0012818960338816297,0.8082114899397348,0.0,9.167981102542482,normal,0.0,"{""progress_diff"": 0.0006684977905950136, ""r_progress"": 0.013369955811900272, ""r_track"": -1.4606732814946243e-05, ""r_dir"": -1.3220082000001038e-05, ""r_time"": -1.0, ""r_smooth"": 0.0, ""total"": -0.9866578710029147}"
0.091,0.8861187147457892,-0.0013537433113065716,0.8861187147457892,0.0,27.360000000000007,620.0,-20000.0,-2.626,-55.0,-1000.0,0.0013537433113065716,0.855659119440683,0.0,9.14124119091868,normal,0.0,"{""progress_diff"": 0.0006839976416117624, ""r_progress"": 0.013679952832235248, ""r_track"": -1.62899640258425e-05, ""r_dir"": -1.3791751999997848e-05, ""r_time"": -1.0, ""r_smooth"": 0.0, ""total"": -0.9863501288837906}"
0.092,0.9141186140421136,-0.001428839221277466,0.9141186140421136,0.0,28.000000000000007,640.0,20000.0,-2.682,-56.0,-1000.0,0.0014288392212774659,1.1826230995412939,0.0,9.11388128525421,normal,0.0,"{""progress_diff"": 0.0006999974824081143, ""r_progress"": 0.013999949648162285, ""r_track"": -1.8147391291207068e-05, ""r_dir"": -1.4386248000000785e-05, ""r_time"": -1.0, ""r_smooth"": 0.0, ""total"": -0.9860325839911289}"
0.093,0.9427785065367869,-0.0015073388631250796,0.9427785065367869,0.0,28.660000000000007,660.0,20000.0,-2.739,-57.0,-1000.0,0.0015073388631250796,1.2774746108712987,0.0,9.085881385957887,normal,0.0,"{""progress_diff"": 0.0007164973123668303, ""r_progress"": 0.014329946247336606, ""r_track"": -2.0196181762552957e-05, ""r_dir"": -1.5004242000000514e-05, ""r_time"": -1.0, ""r_smooth"": 0.0, ""total"": -0.985705254176426}"
0.094,0.9721183919344547,-0.0015893440563538757,0.9721183919344547,0.0,29.340000000000007,680.0,20000.0,-2.795,-56.0,1000.0,0.0015893440563538757,1.2831076468782794,0.0,9.057221493463214,normal,0.0,"{""progress_diff"": 0.0007334971349416998, ""r_progress"": 0.014669942698833996, ""r_track"": -2.2453462484154594e-05, ""r_dir"": -1.562404999999867e-05, ""r_time"": -1.0, ""r_smooth"": 0.0, ""total"": -0.9853681348136502}"
0.095,1.0021182699259774,-0.0016749039403644475,1.0021182699259774,0.0,30.000000000000007,660.0,-20000.0,-2.852,-57.0,-1000.0,0.0016749039403644475,0.8460901023019145,0.0,9.027881608065545,normal,0.0,"{""progress_diff"": 0.0007499969497880669, ""r_progress"": 0.014999938995761339, ""r_track"": -2.4936028528429798e-05, ""r_dir"": -1.6267807999998342e-05, ""r_time"": -1.0, ""r_smooth"": 0.0, ""total"": -0.985041264840767}"
0.096,1.032798140203911,-0.001764121254620493,1.032798140203911,0.0,30.680000000000007,680.0,20000.0,-2.908,-56.0,1000.0,0.0017641212546204933,0.8057330509096996,0.0,8.997881730074022,normal,0.0,"{""progress_diff"": 0.0007669967569483432, ""r_progress"": 0.015339935138966865, ""r_track"": -2.7663322675589186e-05, ""r_dir"": -1.6912928000001544e-05, ""r_time"": -1.0, ""r_smooth"": 0.0, ""total"": -0.9847046411117087}"
0.097,1.0641780024557121,-0.0018571000585711436,1.0641780024557121,0.0,31.380000000000006,700.0,20000.0,-2.963,-55.0,1000.0,0.0018571000585711436,0.6955972104445488,0.0,8.96720185979609,normal,0.0,"{""progress_diff"": 0.0007844965562950265, ""r_progress"": 0.01568993112590053, ""r_track"": -3.065618335595507e-05, ""r_dir"": -1.755873799999795e-05, ""r_time"": -1.0, ""r_smooth"": 0.0, ""total"": -0.9843582837954554}"
0.098,1.0962778563640845,-0.0019539456116516134,1.0962778563640845,0.0,32.10000000000001,720.0,20000.0,-3.017,-54.0,1000.0,0.0019539456116516134,1.5793830897654626,0.0,8.935821997544288,normal,0.0,"{""progress_diff"": 0.000802496347709309, ""r_progress"": 0.01604992695418618, ""r_track"": -3.393691958482309e-05, ""r_dir"": -1.8204577999997894e-05, ""r_time"": -1.0, ""r_smooth"": 0.0, ""total"": -0.9840022145433986}"
0.099,1.1291177016073481,-0.0020547642532838407,1.1291177016073481,0.0,32.84000000000001,740.0,20000.0,-3.07,-53.0,1000.0,0.0020547642532838407,0.987021220851048,0.0,8.903722143635916,normal,0.0,"{""progress_diff"": 0.0008209961310815944, ""r_progress"": 0.01641992262163189, ""r_track"": -3.752938788064977e-05, ""r_dir"": -1.8849800000001572e-05, ""r_time"": -1.0, ""r_smooth"": 0.0, ""total"": -0.9836364565662488}"
0.1,1.1627175376499648,-0.0021597304825495007,1.1627175376499648,0.0,33.60000000000001,760.0,20000.0,-3.1239999999999997,-54.0,-1000.0,0.0021597304825495007,1.166799957780919,0.0,8.870882298392651,normal,0.0,"{""progress_diff"": 0.0008399959010654164, ""r_progress"": 0.016799918021308327, ""r_track"": -4.1461651175586666e-05, ""r_dir"": -1.9518752000001585e-05, ""r_time"": -1.0, ""r_smooth"": 0.0, ""total"": -0.9832610623818673}"
0.101,1.1970973639272664,-0.0022690243184612796,1.1970973639272664,0.0,34.38000000000001,780.0,20000.0,-3.179,-55.0,-1000.0,0.0022690243184612796,1.1502464359108646,0.0,8.837282462350036,normal,0.0,"{""progress_diff"": 0.0008594956569325414, ""r_progress"": 0.017189913138650828, ""r_track"": -4.576418984683266e-05, ""r_dir"": -2.0212081999997723e-05, ""r_time"": -1.0, ""r_smooth"": 0.0, ""total"": -0.982876063133196}"
0.102,1.2322771798441192,-0.0023828314199582203,1.2322771798441192,0.0,35.18000000000001,800.0,20000.0,-3.235,-56.0,-1000.0,0.0023828314199582203,0.980219499854707,0.0,8.802902636072734,normal,0.0,"{""progress_diff"": 0.0008794953979213219, ""r_progress"": 0.017589907958426437, ""r_track"": -5.0470094008356515e-05, ""r_dir"": -2.093045000000128e-05, ""r_time"": -1.0, ""r_smooth"": 0.0, ""total"": -0.9824814925855819}"
0.103,1.2682369852269768,-0.002501139606528003,1.2682369852269768,0.0,35.96000000000001,780.0,-20000.0,-3.29,-55.0,1000.0,0.002501139606528003,0.7922854265868804,0.0,8.76772282015588,normal,0.0,"{""progress_diff"": 0.0008989951345714439, ""r_progress"": 0.01797990269142888, ""r_track"": -5.5606216278604925e-05, ""r_dir"": -2.1648199999997276e-05, ""r_time"": -1.0, ""r_smooth"": 0.0, ""total"": -0.9820973517248497}"
0.104,1.3049967794499087,-0.002624138337017897,1.3049967794499087,0.0,36.760000000000005,800.0,20000.0,-3.346,-56.0,-1000.0,0.002624138337017897,1.0633079190532815,0.0,8.731763014773023,normal,0.0,"{""progress_diff"": 0.0009189948555732921, ""r_progress"": 0.018379897111465843, ""r_track"": -6.120979566050714e-05, ""r_dir"": -2.2391432000000953e-05, ""r_time"": -1.0, ""r_smooth"": 0.0, ""total"": -0.9817037041161947}"
0.105,1.342536562341263,-0.0027518116308889755,1.342536562341263,0.0,37.540000000000006,780.0,-20000.0,-3.4010000000000002,-55.0,1000.0,0.0027518116308889755,1.1705045330230717,0.0,8.695003220550092,normal,0.0,"{""progress_diff"": 0.0009384945722838642, ""r_progress"": 0.018769891445677284, ""r_track"": -6.731082001685194e-05, ""r_dir"": -2.313360200000285e-05, ""r_time"": -1.0, ""r_smooth"": 0.0, ""total"": -0.9813205529763396}"
0.106,1.3808363334827327,-0.002884214467167559,1.3808363334827327,0.0,38.300000000000004,760.0,-20000.0,-3.4570000000000003,-56.0,-1000.0,0.002884214467167559,0.5911796290195258,0.0,8.657463437658738,normal,0.0,"{""progress_diff"": 0.0009574942785367455, ""r_progress"": 0.01914988557073491, ""r_track"": -7.394393860105462e-05, ""r_dir"": -2.39016980000006e-05, ""r_time"": -1.0, ""r_smooth"": 0.0, ""total"": -0.9809479600658662}"
0.107,1.419916092199231,-0.003021541304544035,1.419916092199231,0.0,39.080000000000005,780.0,20000.0,-3.5140000000000002,-57.0,-1000.0,0.003021541304544035,0.9963975256186954,0.0,8.619163666517267,normal,0.0,"{""progress_diff"": 0.000976993967912461, ""r_progress"": 0.019539879358249218, ""r_track"": -8.115299426725038e-05, ""r_dir"": -2.469639200000024e-05, ""r_time"": -1.0, ""r_smooth"": 0.0, ""total"": -0.980565970028018}"
0.108,1.4597958377813727,-0.003163992361617048,1.4597958377813727,0.0,39.88,800.0,20000.0,-3.572,-58.0,-1000.0,0.0031639923616170484,1.0326985432757498,0.0,8.58008390780077,normal,0.0,"{""progress_diff"": 0.0009969936395535367, ""r_progress"": 0.019939872791070734, ""r_track"": -8.898531257218691e-05, ""r_dir"": -2.5518368000001865e-05, ""r_time"": -1.0, ""r_smooth"": 0.0, ""total"": -0.9801746308895014}"
0.109,1.500455569747674,-0.003311628497206783,1.500455569747674,0.0,40.660000000000004,780.0,-20000.0,-3.6310000000000002,-59.0,-1000.0,0.003311628497206783,0.8287084016333279,0.0,8.540204162218627,normal,0.0,"{""progress_diff"": 0.0010164932991575393, ""r_progress"": 0.020329865983150786, ""r_track"": -9.74834071423294e-05, ""r_dir"": -2.6368321999999126e-05, ""r_time"": -1.0, ""r_smooth"": 0.0, ""total"": -0.9797939857459915}"
0.11,1.5419152873332336,-0.003464657009742721,1.5419152873332336,0.0,41.46,800.0,20000.0,-3.6910000000000003,-60.0,-1000.0,0.003464657009742721,0.8638856091829461,0.0,8.499544430252326,normal,0.0,"{""progress_diff"": 0.0010364929396389846, ""r_progress"": 0.020729858792779693, ""r_track"": -0.00010670087284586106, ""r_dir"": -2.7246961999998358e-05, ""r_time"": -1.0, ""r_smooth"": 0.0, ""total"": -0.9794040890420662}"
0.111,1.5841949897351482,-0.0036232911975465397,1.5841949897351482,0.0,42.28,820.0,20000.0,-3.7520000000000002,-61.0,-1000.0,0.0036232911975465397,0.40349659353690887,0.0,8.458084712666766,normal,0.0,"{""progress_diff"": 0.0010569925600478688, ""r_progress"": 0.021139851200957377, ""r_track"": -0.00011669545868638433, ""r_dir"": -2.8155007999999664e-05, ""r_time"": -1.0, ""r_smooth"": 0.0, ""total"": -0.979004999265729}"
0.112,1.6273146764397508,-0.0037876642394523256,1.6273146764397508,0.0,43.120000000000005,840.0,20000.0,-3.8120000000000003,-60.0,1000.0,0.0037876642394523256,1.0780948187369288,0.0,8.415805010264851,normal,0.0,"{""progress_diff"": 0.0010779921676150675, ""r_progress"": 0.02155984335230135, ""r_track"": -0.00012752355902956414, ""r_dir"": -2.906268799999888e-05, ""r_time"": -1.0, ""r_smooth"": 0.0, ""total"": -0.9785967428947282}"
0.113,1.6712543472275991,-0.003957755554658708,1.6712543472275991,0.0,43.940000000000005,820.0,-20000.0,-3.8710000000000004,-59.0,1000.0,0.003957755554658708,0.6523075894496327,0.0,8.37268532356025,normal,0.0,"{""progress_diff"": 0.0010984917696962096, ""r_progress"": 0.021969835393924192, ""r_track"": -0.00013923403582606094, ""r_dir"": -2.9969282000002784e-05, ""r_time"": -1.0, ""r_smooth"": 0.0, ""total"": -0.9781993679239018}"
0.114,1.7160340012407258,-0.004133785281300348,1.7160340012407258,0.0,44.78000000000001,840.0,20000.0,-3.9310000000000005,-60.0,-1000.0,0.004133785281300348,0.9265619187057592,0.0,8.328745652772401,normal,0.0,"{""progress_diff"": 0.0011194913503281695, ""r_progress"": 0.02238982700656339, ""r_track"": -0.00015189494001684796, ""r_dir"": -3.0905522000002024e-05, ""r_time"": -1.0, ""r_smooth"": 0.0, ""total"": -0.9777929734554535}"
0.115,1.7616736375802282,-0.004315979677389199,1.7616736375802282,0.0,45.64000000000001,860.0,20000.0,-3.9920000000000004,-61.0,-1000.0,0.004315979677389199,0.4426173330295096,0.0,8.283965998759275,normal,0.0,"{""progress_diff"": 0.0011409909084875644, ""r_progress"": 0.022819818169751288, ""r_track"": -0.0001655793828945473, ""r_dir"": -3.1872128000003475e-05, ""r_time"": -1.0, ""r_smooth"": 0.0, ""total"": -0.9773776333411432}"
0.116,1.8081932556816958,-0.004504478201571307,1.8081932556816958,0.0,46.52000000000001,880.0,20000.0,-4.0520000000000005,-60.0,1000.0,0.004504478201571307,0.7737926092316632,0.0,8.238326362419771,normal,0.0,"{""progress_diff"": 0.0011629904525366844, ""r_progress"": 0.023259809050733687, ""r_track"": -0.00018035843438605397, ""r_dir"": -3.28374080000027e-05, ""r_time"": -1.0, ""r_smooth"": 0.0, ""total"": -0.9769533867916523}"
0.117,1.8556128545856683,-0.004699516111668334,1.8556128545856683,0.0,47.42000000000001,900.0,20000.0,-4.113,-61.0,-1000.0,0.004699516111668334,0.8711957190630344,0.0,8.191806744318304,normal,0.0,"{""progress_diff"": 0.0011854899725993184, ""r_progress"": 0.02370979945198637, ""r_track"": -0.00019631512607849117, ""r_dir"": -3.3833537999996894e-05, ""r_time"": -1.0, ""r_smooth"": 0.0, ""total"": -0.9765203492120921}"
0.118,1.9039524336916152,-0.004901238346204376,1.9039524336916152,0.0,48.34000000000001,920.0,20000.0,-4.173,-60.0,1000.0,0.004901238346204376,0.7171781547586548,0.0,8.144387145414331,normal,0.0,"{""progress_diff"": 0.0012084894776486707, ""r_progress"": 0.024169789552973414, ""r_track"": -0.0002135301095671485, ""r_dir"": -3.482785800000341e-05, ""r_time"": -1.0, ""r_smooth"": 0.0, ""total"": -0.9760785684145937}"
0.119,1.9532319919770071,-0.0051098892427974465,1.9532319919770071,0.0,49.28000000000001,940.0,20000.0,-4.234,-61.0,-1000.0,0.0051098892427974465,0.5073089086777969,0.0,8.096047566308386,normal,0.0,"{""progress_diff"": 0.0012319889571348053, ""r_progress"": 0.024639779142696105, ""r_track"": -0.00023209749398806276, ""r_dir"": -3.585351199999744e-05, ""r_time"": -1.0, ""r_smooth"": 0.0, ""total"": -0.975628171863292}"
0.12,2.0034315291729747,-0.005325447380370191,2.0034315291729747,0.0,50.20000000000001,920.0,-20000.0,-4.294,-60.0,1000.0,0.005325447380370191,2.185411325636599,0.0,8.046768008022992,normal,0.0,"{""progress_diff"": 0.0012549884298991912, ""r_progress"": 0.025099768597983824, ""r_track"": -0.00025209235378748204, ""r_dir"": -3.687687199999653e-05, ""r_time"": -1.0, ""r_smooth"": 0.0, ""total"": -0.9751892006278037}"
0.121,2.054571044657808,-0.005548059097338242,2.054571044657808,0.0,51.14000000000001,940.0,20000.0,-4.353,-59.0,1000.0,0.005548059097338242,2.18140146727902,0.0,7.996568470827025,normal,0.0,"{""progress_diff"": 0.00127848788712083, ""r_progress"": 0.0255697577424166, ""r_track"": -0.00027360853108940114, ""r_dir"": -3.789721800000089e-05, ""r_time"": -1.0, ""r_smooth"": 0.0, ""total"": -0.9747417480066728}"
0.122,2.1066305381949753,-0.0057776950126685826,2.1066305381949753,0.0,52.06000000000001,920.0,-20000.0,-4.411,-58.0,1000.0,0.0057776950126685826,1.264463947356036,0.0,7.945428955342193,normal,0.0,"{""progress_diff"": 0.0013014873384291845, ""r_progress"": 0.02602974676858369, ""r_track"": -0.000296726752528137, ""r_dir"": -3.891384200000291e-05, ""r_time"": -1.0, ""r_smooth"": 0.0, ""total"": -0.9743058938259445}"
0.123,2.159590009101624,-0.006014425424318963,2.159590009101624,0.0,52.96000000000001,900.0,-20000.0,-4.47,-59.0,-1000.0,0.006014425424318963,0.8166530155890973,0.0,7.893369461805024,normal,0.0,"{""progress_diff"": 0.0013239867726662219, ""r_progress"": 0.026479735453324438, ""r_track"": -0.0003215405616417274, ""r_dir"": -3.996179999999953e-05, ""r_time"": -1.0, ""r_smooth"": 0.0, ""total"": -0.9738817669083173}"
0.124,2.2134694562695234,-0.0062585009895419165,2.2134694562695234,0.0,53.88000000000001,920.0,20000.0,-4.529999999999999,-60.0,-1000.0,0.0062585009895419165,0.5260528238848702,0.0,7.840409990898376,normal,0.0,"{""progress_diff"": 0.0013469861791974846, ""r_progress"": 0.026939723583949693, ""r_track"": -0.00034816741898753014, ""r_dir"": -4.10417999999986e-05, ""r_time"": -1.0, ""r_smooth"": 0.0, ""total"": -0.9734494856350379}"
0.125,2.268288878542266,-0.006510178725426016,2.268288878542266,0.0,54.82000000000001,940.0,20000.0,-4.590999999999999,-61.0,-1000.0,0.006510178725426015,0.7211196562651085,0.0,7.786530543730477,normal,0.0,"{""progress_diff"": 0.001370485556818575, ""r_progress"": 0.0274097111363715, ""r_track"": -0.0003767326847732399, ""r_dir"": -4.215456200000022e-05, ""r_time"": -1.0, ""r_smooth"": 0.0, ""total"": -0.9730091761104017}"
0.126,2.324068275232424,-0.006769610570093981,2.324068275232424,0.0,55.78000000000001,960.0,20000.0,-4.650999999999999,-60.0,1000.0,0.006769610570093981,1.9248135972295848,0.0,7.731711121457733,normal,0.0,"{""progress_diff"": 0.0013944849172539478, ""r_progress"": 0.027889698345078956, ""r_track"": -0.00040735668685091696, ""r_dir"": -4.326360199999927e-05, ""r_time"": -1.0, ""r_smooth"": 0.0, ""total"": -0.972560921943772}"
0.127,2.3807876460925113,-0.0070367607823436,2.3807876460925113,0.0,56.720000000000006,940.0,-20000.0,-4.709999999999999,-59.0,1000.0,0.0070367607823436,0.6573920199312718,0.0,7.675931724767576,normal,0.0,"{""progress_diff"": 0.001417984271502179, ""r_progress"": 0.02835968543004358, ""r_track"": -0.00044014224273714584, ""r_dir"": -4.436820000000403e-05, ""r_time"": -1.0, ""r_smooth"": 0.0, ""total"": -0.9721248250126936}"
0.128,2.4384669904502694,-0.007311777980308734,2.4384669904502694,0.0,57.68000000000001,960.0,20000.0,-4.767999999999999,-58.0,1000.0,0.007311777980308734,1.6986743848807238,0.0,7.619212353907489,normal,0.0,"{""progress_diff"": 0.0014419836089439586, ""r_progress"": 0.028839672178879172, ""r_track"": -0.00047521864207402363, ""r_dir"": -4.546764799999778e-05, ""r_time"": -1.0, ""r_smooth"": 0.0, ""total"": -0.9716810141111949}"
0.129,2.4971263070646788,-0.0075949287007404725,2.4971263070646788,0.0,58.660000000000004,980.0,20000.0,-4.826999999999999,-59.0,-1000.0,0.0075949287007404725,0.3585185648312245,0.0,7.561533009549731,normal,0.0,"{""progress_diff"": 0.0014664829153602371, ""r_progress"": 0.029329658307204742, ""r_track"": -0.0005127372619496122, ""r_dir"": -4.659985800000264e-05, ""r_time"": -1.0, ""r_smooth"": 0.0, ""total"": -0.9712296788127449}"
0.13,2.5567455951207516,-0.007886290480982897,2.5567455951207516,0.0,59.620000000000005,960.0,-20000.0,-4.886999999999999,-60.0,-1000.0,0.007886290480982897,0.8184097931099077,0.0,7.502873692935321,normal,0.0,"{""progress_diff"": 0.0014904822014018201, ""r_progress"": 0.029809644028036403, ""r_track"": -0.0005528318004483684, ""r_dir"": -4.776553800000167e-05, ""r_time"": -1.0, ""r_smooth"": 0.0, ""total"": -0.970790953310412}"
0.131,2.617344853895908,-0.0081860168589492,2.617344853895908,0.0,60.6,980.0,20000.0,-4.945999999999999,-59.0,1000.0,0.0081860168589492,0.6165506745746894,0.0,7.443254404879248,normal,0.0,"{""progress_diff"": 0.0015149814693789093, ""r_progress"": 0.030299629387578186, ""r_track"": -0.0005956521956888937, ""r_dir"": -4.892583199999792e-05, ""r_time"": -1.0, ""r_smooth"": 0.0, ""total"": -0.9703449486401107}"
0.132,2.6789040831658237,-0.008494061813370347,2.6789040831658237,0.0,61.56,960.0,-20000.0,-5.003999999999999,-58.0,1000.0,0.008494061813370347,0.6759627560158408,0.0,7.382655146104092,normal,0.0,"{""progress_diff"": 0.0015389807317478937, ""r_progress"": 0.030779614634957875, ""r_track"": -0.0006413252096831676, ""r_dir"": -5.008003200000017e-05, ""r_time"": -1.0, ""r_smooth"": 0.0, ""total"": -0.9699117906067253}"
0.133,2.7414432815933254,-0.008810700480581994,2.7414432815933254,0.0,62.54,980.0,20000.0,-5.062999999999999,-59.0,-1000.0,0.008810700480581994,0.5687985231257341,0.0,7.321095916834176,normal,0.0,"{""progress_diff"": 0.00156347996068755, ""r_progress"": 0.031269599213751, ""r_track"": -0.0006900306040758024, ""r_dir"": -5.126793799999631e-05, ""r_time"": -1.0, ""r_smooth"": 0.0, ""total"": -0.9694716993283248}"
0.134,2.8049824484383015,-0.009136087398385121,2.8049824484383015,0.0,63.54,1000.0,20000.0,-5.120999999999999,-58.0,1000.0,0.009136087398385121,2.179632463573596,0.0,7.258556718406675,normal,0.0,"{""progress_diff"": 0.00158847917112441, ""r_progress"": 0.0317695834224882, ""r_track"": -0.0007419386040082791, ""r_dir"": -5.244928199999859e-05, ""r_time"": -1.0, ""r_smooth"": 0.0, ""total"": -0.9690248044635201}"
0.135,2.869501582827013,-0.009470299503761638,2.869501582827013,0.0,64.52,980.0,-20000.0,-5.179999999999999,-59.0,-1000.0,0.009470299503761638,0.5318409586076822,0.0,7.1950175515616985,normal,0.0,"{""progress_diff"": 0.0016129783597177844, ""r_progress"": 0.03225956719435569, ""r_track"": -0.0007972139794750926, ""r_dir"": -5.3664800000003823e-05, ""r_time"": -1.0, ""r_smooth"": 0.0, ""total"": -0.9685913115851195}"
0.136,2.934980683867246,-0.00981341313357715,2.934980683867246,0.0,65.47999999999999,960.0,-20000.0,-5.239999999999998,-60.0,-1000.0,0.00981341313357715,0.49772949828773244,0.0,7.130498417172987,normal,0.0,"{""progress_diff"": 0.00163697752600582, ""r_progress"": 0.0327395505201164, ""r_track"": -0.0008560273540467954, ""r_dir"": -5.49152000000028e-05, ""r_time"": -1.0, ""r_smooth"": 0.0, ""total"": -0.9681713920339304}"
0.137,3.001399751352521,-0.010165371066443761,3.001399751352521,0.0,66.41999999999999,940.0,-20000.0,-5.298999999999999,-59.0,1000.0,0.010165371066443761,1.9918676636374344,0.0,7.065019316132754,normal,0.0,"{""progress_diff"": 0.0016604766871318732, ""r_progress"": 0.033209533742637465, ""r_track"": -0.0009185312792754841, ""r_dir"": -5.615880199999879e-05, ""r_time"": -1.0, ""r_smooth"": 0.0, ""total"": -0.967765156338638}"
0.138,3.068738785111724,-0.010526109721058132,3.068738785111724,0.0,67.33999999999999,920.0,-20000.0,-5.356999999999998,-58.0,1000.0,0.010526109721058132,1.0597414780383332,0.0,6.998600248647479,normal,0.0,"{""progress_diff"": 0.001683475843980084, ""r_progress"": 0.03366951687960168, ""r_track"": -0.000984879874308929, ""r_dir"": -5.73948980000012e-05, ""r_time"": -1.0, ""r_smooth"": 0.0, ""total"": -0.9673727578927073}"
0.139,3.137017784423109,-0.010895775835146983,3.137017784423109,0.0,68.27999999999999,940.0,20000.0,-5.413999999999999,-57.0,1000.0,0.010895775835146983,0.2903163089095616,0.0,6.931261214888276,normal,0.0,"{""progress_diff"": 0.0017069749827846314, ""r_progress"": 0.03413949965569263, ""r_track"": -0.0010552704982202039, ""r_dir"": -5.8622792000000646e-05, ""r_time"": -1.0, ""r_smooth"": 0.0, ""total"": -0.9669743936345275}"
0.14,3.20621674916255,-0.011274297947520006,3.20621674916255,0.0,69.19999999999999,920.0,-20000.0,-5.469999999999999,-56.0,1000.0,0.011274297947520004,2.056494050248312,0.0,6.862982215576891,normal,0.0,"{""progress_diff"": 0.0017299741184860357, ""r_progress"": 0.03459948236972071, ""r_track"": -0.0011298648374173667, ""r_dir"": -5.984179999999702e-05, ""r_time"": -1.0, ""r_smooth"": 0.0, ""total"": -0.9665902242676967}"
0.141,3.2763556778564213,-0.011661959753814993,3.2763556778564213,0.0,70.13999999999999,940.0,20000.0,-5.526999999999999,-57.0,-1000.0,0.011661959753814993,0.3638138297187778,0.0,6.79378325083745,normal,0.0,"{""progress_diff"": 0.0017534732173467849, ""r_progress"": 0.0350694643469357, ""r_track"": -0.0012089004915520059, ""r_dir"": -6.10954579999964e-05, ""r_time"": -1.0, ""r_smooth"": 0.0, ""total"": -0.9662005316026163}"
0.142,3.3474145695995476,-0.012058827790607964,3.3474145695995476,0.0,71.05999999999999,920.0,-20000.0,-5.584999999999999,-58.0,-1000.0,0.012058827790607966,0.3436857425708392,0.0,6.723644322143579,normal,0.0,"{""progress_diff"": 0.001776472293578149, ""r_progress"": 0.03552944587156298, ""r_track"": -0.0012925806905203466, ""r_dir"": -6.238444999999891e-05, ""r_time"": -1.0, ""r_smooth"": 0.0, ""total"": -0.9658255192689573}"
0.143,3.419373424281325,-0.01246482395664387,3.419373424281325,0.0,71.96,900.0,-20000.0,-5.6419999999999995,-57.0,1000.0,0.01246482395664387,1.0806893387352643,0.0,6.652585430400452,normal,0.0,"{""progress_diff"": 0.0017989713670444468, ""r_progress"": 0.035979427340888936, ""r_track"": -0.0013810829890677594, ""r_dir"": -6.36643279999983e-05, ""r_time"": -1.0, ""r_smooth"": 0.0, ""total"": -0.9654653199761788}"
0.144,3.492212240998729,-0.012880009708404505,3.492212240998729,0.0,72.83999999999999,880.0,-20000.0,-5.699999999999999,-58.0,-1000.0,0.012880009708404505,0.7078436640139529,0.0,6.580626575718675,normal,0.0,"{""progress_diff"": 0.0018209704179350944, ""r_progress"": 0.03641940835870189, ""r_track"": -0.0014746191118986157, ""r_dir"": -6.498000000000087e-05, ""r_time"": -1.0, ""r_smooth"": 0.0, ""total"": -0.9651201907531968}"
0.145,3.5659510190178874,-0.01330452854342068,3.5659510190178874,0.0,73.74,900.0,20000.0,-5.757,-57.0,1000.0,0.01330452854342068,0.49405772039273677,0.0,6.507787759001271,normal,0.0,"{""progress_diff"": 0.00184346945047896, ""r_progress"": 0.0368693890095792, ""r_track"": -0.0015734264867795162, ""r_dir"": -6.628609800000028e-05, ""r_time"": -1.0, ""r_smooth"": 0.0, ""total"": -0.9647703235752003}"
0.146,3.6406097576045666,-0.01373852467921937,3.6406097576045666,0.0,74.66,920.0,20000.0,-5.813,-56.0,1000.0,0.01373852467921937,0.434376276035839,0.0,6.434048980982112,normal,0.0,"{""progress_diff"": 0.0018664684646669955, ""r_progress"": 0.03732936929333991, ""r_track"": -0.0016777516476579528, ""r_dir"": -6.758193799999642e-05, ""r_time"": -1.0, ""r_smooth"": 0.0, ""total"": -0.964415964292318}"
0.147,3.7162084560248743,-0.014182142933326569,3.7162084560248743,0.0,75.6,940.0,20000.0,-5.867999999999999,-55.0,1000.0,0.014182142933326569,1.708483904904337,0.0,6.359390242395433,normal,0.0,"{""progress_diff"": 0.0018899674605076938, ""r_progress"": 0.037799349210153876, ""r_track"": -0.0017878504727227085, ""r_dir"": -6.886684799999963e-05, ""r_time"": -1.0, ""r_smooth"": 0.0, ""total"": -0.9640573681105689}"
0.148,3.792727114247382,-0.0146352917246547,3.792727114247382,0.0,76.52,920.0,-20000.0,-5.922,-54.0,1000.0,0.014635291724654702,2.7077155729902045,0.0,6.283791543975125,normal,0.0,"{""progress_diff"": 0.0019129664555626869, ""r_progress"": 0.03825932911125374, ""r_track"": -0.0019039267899177456, ""r_dir"": -7.014016799999959e-05, ""r_time"": -1.0, ""r_smooth"": 0.0, ""total"": -0.963714737846664}"
0.149,3.8701857306404928,-0.015098267388045303,3.8701857306404928,0.0,77.46,940.0,20000.0,-5.976999999999999,-55.0,-1000.0,0.015098267388045303,0.2741309051397417,0.0,6.207272885752618,normal,0.0,"{""progress_diff"": 0.0019364654098277811, ""r_progress"": 0.03872930819655562, ""r_track"": -0.002026290472185887, ""r_dir"": -7.14490580000029e-05, ""r_time"": -1.0, ""r_smooth"": 0.0, ""total"": -0.9633684313336303}"
0.15,3.9486043035149616,-0.015571372378092373,3.9486043035149616,0.0,78.41999999999999,960.0,20000.0,-6.0329999999999995,-56.0,-1000.0,0.015571372378092373,0.25561822832659564,0.0,6.129814269359507,normal,0.0,"{""progress_diff"": 0.001960464321861713, ""r_progress"": 0.03920928643723426, ""r_track"": -0.0021552678909974947, ""r_dir"": -7.279417799999892e-05, ""r_time"": -1.0, ""r_smooth"": 0.0, ""total"": -0.9630187756317632}"
0.151,4.028002831121943,-0.01605491538913084,4.028002831121943,0.0,79.39999999999999,980.0,20000.0,-6.09,-57.0,-1000.0,0.01605491538913084,0.23674639657035745,0.0,6.051395696485038,normal,0.0,"{""progress_diff"": 0.001984963190174535, ""r_progress"": 0.0396992638034907, ""r_track"": -0.002291202739130225, ""r_dir"": -7.417619999999827e-05, ""r_time"": -1.0, ""r_smooth"": 0.0, ""total"": -0.9626661151356395}"
0.152,4.108361313394883,-0.016548804839810107,4.108361313394883,0.0,80.35999999999999,960.0,-20000.0,-6.146,-56.0,1000.0,0.016548804839810107,1.873839601585257,0.0,5.971997168878057,normal,0.0,"{""progress_diff"": 0.0020089620568235073, ""r_progress"": 0.040179241136470145, ""r_track"": -0.0024343372588988663, ""r_dir"": -7.554663200000509e-05, ""r_time"": -1.0, ""r_smooth"": 0.0, ""total"": -0.9623306427544287}"
0.153,4.189699749540745,-0.017053190947319455,4.189699749540745,0.0,81.33999999999999,980.0,20000.0,-6.201,-55.0,1000.0,0.017053190947319455,0.9742713093951001,0.0,5.891638686605117,normal,0.0,"{""progress_diff"": 0.002033460903646561, ""r_progress"": 0.040669218072931224, ""r_track"": -0.0025849895243176733, ""r_dir"": -7.690480199999755e-05, ""r_time"": -1.0, ""r_smooth"": 0.0, ""total"": -0.9619926762533865}"
0.154,4.272038138768718,-0.017568224288855388,4.272038138768718,0.0,82.33999999999999,1000.0,20000.0,-6.255,-54.0,1000.0,0.017568224288855388,0.36602965537555987,0.0,5.810300250459255,normal,0.0,"{""progress_diff"": 0.002058459730699319, ""r_progress"": 0.04116919461398638, ""r_track"": -0.0027434889303424746, ""r_dir"": -7.825004999999749e-05, ""r_time"": -1.0, ""r_smooth"": 0.0, ""total"": -0.961652544366356}"
0.155,4.355396493313685,-0.018091987169824388,4.355396493313685,0.0,83.35999999999999,1020.0,20000.0,-6.283185307179586,-53.0,1000.0,0.018091987169824388,1.7783904518127442,0.0,5.727961861231282,normal,0.0,"{""progress_diff"": 0.002083958863624183, ""r_progress"": 0.04167917727248366, ""r_track"": -0.0029095111089163577, ""r_dir"": -7.89568352087162e-05, ""r_time"": -1.0, ""r_smooth"": 0.0, ""total"": -0.9613092906716414}"
0.156,4.439794827329942,-0.018622284520517566,4.439794827329942,0.0,84.39999999999999,1040.0,20000.0,-6.283185307179586,-52.0,1000.0,0.018622284520517566,0.6655747709274293,0.0,5.644603506686315,normal,0.0,"{""progress_diff"": 0.002109958350406435, ""r_progress"": 0.0421991670081287, ""r_track"": -0.003082573162338739, ""r_dir"": -7.89568352087162e-05, ""r_time"": -1.0, ""r_smooth"": 0.0, ""total"": -0.9609623629894187}"
0.157,4.525253140422707,-0.019159242003814237,4.525253140422707,0.0,85.46,1060.0,20000.0,-6.283185307179586,-51.0,1000.0,0.019159242003814237,0.7707573894500733,0.0,5.560205172670058,normal,0.0,"{""progress_diff"": 0.0021364578273191243, ""r_progress"": 0.042729156546382485, ""r_track"": -0.003262902703650843, ""r_dir"": -7.89568352087162e-05, ""r_time"": -1.0, ""r_smooth"": 0.0, ""total"": -0.960612702992477}"
0.158,4.611791432197197,-0.01970298528259371,4.611791432197197,0.0,86.53999999999999,1080.0,20000.0,-6.283185307179586,-50.0,1000.0,0.01970298528259371,0.13460000000000008,0.0,5.474746859577293,normal,0.0,"{""progress_diff"": 0.0021634572943622504, ""r_progress"": 0.04326914588724501, ""r_track"": -0.003450734480409817, ""r_dir"": -7.89568352087162e-05, ""r_time"": -1.0, ""r_smooth"": 0.0, ""total"": -0.9602605454283735}"
0.159,4.699429702258629,-0.020253640019735304,4.699429702258629,0.0,87.63999999999999,1100.0,20000.0,-6.283185307179586,-49.0,1000.0,0.020253640019735304,0.12360000000000014,0.0,5.388208567802803,normal,0.0,"{""progress_diff"": 0.0021909567515358136, ""r_progress"": 0.04381913503071627, ""r_track"": -0.0036463105248802086, ""r_dir"": -7.89568352087162e-05, ""r_time"": -1.0, ""r_smooth"": 0.0, ""total"": -0.9599061323293726}"
0.16,4.788147951001786,-0.0208110805523597,4.788147951001786,0.0,88.71999999999998,1080.0,-20000.0,-6.283185307179586,-48.0,1000.0,0.0208110805523597,1.5940108916282654,0.0,5.300570297741371,normal,0.0,"{""progress_diff"": 0.002217956218578912, ""r_progress"": 0.04435912437157824, ""r_track"": -0.0038497873222827026, ""r_dir"": -7.89568352087162e-05, ""r_time"": -1.0, ""r_smooth"": 0.0, ""total"": -0.9595696197859132}"
0.161,4.877966178031884,-0.021375432543346208,4.877966178031884,0.0,89.81999999999998,1100.0,20000.0,-6.283185307179586,-47.0,1000.0,0.021375432543346208,0.2552019708633425,0.0,5.211852048998214,normal,0.0,"{""progress_diff"": 0.0022454556757524613, ""r_progress"": 0.044909113515049226, ""r_track"": -0.004061414368134615, ""r_dir"": -7.89568352087162e-05, ""r_time"": -1.0, ""r_smooth"": 0.0, ""total"": -0.9592312576882941}"
0.162,4.9689043829541415,-0.021946821655574145,4.9689043829541415,0.0,90.93999999999998,1120.0,20000.0,-6.283185307179586,-46.0,1000.0,0.021946821655574145,0.09060000000000017,0.0,5.122033821968116,normal,0.0,"{""progress_diff"": 0.0022734551230564337, ""r_progress"": 0.045469102461128674, ""r_track"": -0.004281448718058473, ""r_dir"": -7.89568352087162e-05, ""r_time"": -1.0, ""r_smooth"": 0.0, ""total"": -0.9588913030921385}"
0.163,5.06094256616334,-0.022525122226164197,5.06094256616334,0.0,92.03999999999998,1100.0,-20000.0,-6.283185307179586,-45.0,1000.0,0.022525122226164197,2.8708219889640807,0.0,5.0310956170458585,normal,0.0,"{""progress_diff"": 0.0023009545802299552, ""r_progress"": 0.046019091604599105, ""r_track"": -0.004510054500476767, ""r_dir"": -7.89568352087162e-05, ""r_time"": -1.0, ""r_smooth"": 0.0, ""total"": -0.9585699197310864}"
0.164,5.154060728054263,-0.02311020859223705,5.154060728054263,0.0,93.11999999999998,1080.0,-20000.0,-6.283185307179586,-44.0,1000.0,0.023110208592237055,1.537685605239868,0.0,4.93905743383666,normal,0.0,"{""progress_diff"": 0.0023279540472730953, ""r_progress"": 0.046559080945461906, ""r_track"": -0.004747393254904066, ""r_dir"": -7.89568352087162e-05, ""r_time"": -1.0, ""r_smooth"": 0.0, ""total"": -0.9582672691446509}"
0.165,5.248278868232129,-0.02370220641667202,5.248278868232129,0.0,94.21999999999997,1100.0,20000.0,-6.283185307179586,-43.0,1000.0,0.023702206416672016,0.057800000000000296,0.0,4.845939271945737,normal,0.0,"{""progress_diff"": 0.0023554535044466585, ""r_progress"": 0.04710907008893317, ""r_track"": -0.004993729680164694, ""r_dir"": -7.89568352087162e-05, ""r_time"": -1.0, ""r_smooth"": 0.0, ""total"": -0.9579636164264402}"
0.166,5.343616986302153,-0.024301241362348416,5.343616986302153,0.0,95.33999999999997,1120.0,20000.0,-6.283185307179586,-42.0,1000.0,0.024301241362348416,0.04660000000000025,0.0,4.751721131767871,normal,0.0,"{""progress_diff"": 0.0023834529517505754, ""r_progress"": 0.04766905903501151, ""r_track"": -0.005249336282232121, ""r_dir"": -7.89568352087162e-05, ""r_time"": -1.0, ""r_smooth"": 0.0, ""total"": -0.9576592340824294}"
0.167,5.440055082659119,-0.024907187766386927,5.440055082659119,0.0,96.43999999999997,1100.0,-20000.0,-6.283185307179586,-41.0,1000.0,0.024907187766386927,0.9643999999999997,0.0,4.656383013697847,normal,0.0,"{""progress_diff"": 0.0024109524089241663, ""r_progress"": 0.048219048178483326, ""r_track"": -0.0055143822438227085, ""r_dir"": -7.89568352087162e-05, ""r_time"": -1.0, ""r_smooth"": 0.0, ""total"": -0.957374290900548}"
0.168,5.537613156908243,-0.025520171291666862,5.537613156908243,0.0,97.55999999999997,1120.0,20000.0,-6.283185307179586,-40.0,1000.0,0.025520171291666862,0.024400000000000262,0.0,4.559944917340881,normal,0.0,"{""progress_diff"": 0.002438951856228111, ""r_progress"": 0.04877903712456222, ""r_track"": -0.005789147935609045, ""r_dir"": -7.89568352087162e-05, ""r_time"": -1.0, ""r_smooth"": 0.0, ""total"": -0.9570890676462556}"
0.169,5.636311208654744,-0.026140317601067536,5.636311208654744,0.0,98.69999999999997,1140.0,20000.0,-6.283185307179586,-39.0,1000.0,0.026140317601067536,0.013000000000000256,0.0,4.462386843091757,normal,0.0,"{""progress_diff"": 0.0024674512936625204, ""r_progress"": 0.04934902587325041, ""r_track"": -0.006073921815863832, ""r_dir"": -7.89568352087162e-05, ""r_time"": -1.0, ""r_smooth"": 0.0, ""total"": -0.9568038527778221}"
0.17,5.736129238293404,-0.026767501031709634,5.736129238293404,0.0,99.81999999999998,1120.0,-20000.0,-6.283185307179586,-38.0,1000.0,0.026767501031709634,2.1487444049835203,0.0,4.363688791345256,normal,0.0,"{""progress_diff"": 0.0024954507409664928, ""r_progress"": 0.049909014819329856, ""r_track"": -0.006368880990956234, ""r_dir"": -7.89568352087162e-05, ""r_time"": -1.0, ""r_smooth"": 0.0, ""total"": -0.9565388230068351}"
0.171,5.836127264379018,-0.027395815428265535,5.836127264379018,0.0,100.0,1100.0,-20000.0,-6.283185307179586,-37.0,1000.0,0.027395815428265535,0.17385190725326538,0.0,4.263870761706596,normal,0.0,"{""progress_diff"": 0.0024999506521403703, ""r_progress"": 0.049999013042807405, ""r_track"": -0.006671384026485261, ""r_dir"": -7.89568352087162e-05, ""r_time"": -1.0, ""r_smooth"": 0.0, ""total"": -0.9567513278188866}"
0.172,5.9361252904646316,-0.028024129824821435,5.9361252904646316,0.0,100.0,1080.0,-20000.0,-6.283185307179586,-36.0,1000.0,0.02802412982482144,1.5028674006462097,0.0,4.163872735620982,normal,0.0,"{""progress_diff"": 0.0024999506521403425, ""r_progress"": 0.04999901304280685, ""r_track"": -0.006980905355008414, ""r_dir"": -7.89568352087162e-05, ""r_time"": -1.0, ""r_smooth"": 0.0, ""total"": -0.9570608491474103}"
0.173,6.0361233165502455,-0.028652444221377336,6.0361233165502455,0.0,100.0,1060.0,-20000.0,-6.283185307179586,-35.0,1000.0,0.028652444221377336,0.07716596126556398,0.0,4.0638747095353684,normal,0.0,"{""progress_diff"": 0.0024999506521403425, ""r_progress"": 0.04999901304280685, ""r_track"": -0.007297444976525684, ""r_dir"": -7.89568352087162e-05, ""r_time"": -1.0, ""r_smooth"": 0.0, ""total"": -0.9573773887689275}"
0.174,6.136121342635859,-0.029280758617933236,6.136121342635859,0.0,100.0,1040.0,-20000.0,-6.283185307179586,-34.0,1000.0,0.02928075861793324,1.889860212802887,0.0,3.9638766834497545,normal,0.0,"{""progress_diff"": 0.0024999506521403703, ""r_progress"": 0.049999013042807405, ""r_track"": -0.007621002891037083, ""r_dir"": -7.89568352087162e-05, ""r_time"": -1.0, ""r_smooth"": 0.0, ""total"": -0.9577009466834384}"
0.175,6.236119368721473,-0.029909073014489137,6.236119368721473,0.0,100.0,1020.0,-20000.0,-6.283185307179586,-33.0,1000.0,0.029909073014489137,2.0758825540542603,0.0,3.8638786573641406,normal,0.0,"{""progress_diff"": 0.0024999506521403425, ""r_progress"": 0.04999901304280685, ""r_track"": -0.007951579098542598, ""r_dir"": -7.89568352087162e-05, ""r_time"": -1.0, ""r_smooth"": 0.0, ""total"": -0.9580315228909445}"
0.176,6.336117394807087,-0.030537387411045037,6.336117394807087,0.0,100.0,1000.0,-20000.0,-6.283185307179586,-32.0,1000.0,0.030537387411045037,0.0,0.0,3.7638806312785267,normal,0.0,"{""progress_diff"": 0.0024999506521403425, ""r_progress"": 0.04999901304280685, ""r_track"": -0.00828917359904224, ""r_dir"": -7.89568352087162e-05, ""r_time"": -1.0, ""r_smooth"": 0.0, ""total"": -0.9583691173914441}"
0.177,6.436115420892701,-0.031165701807600938,6.436115420892701,0.0,100.0,980.0,-20000.0,-6.283185307179586,-31.0,1000.0,0.031165701807600938,1.1380910277366638,0.0,3.6638826051929128,normal,0.0,"{""progress_diff"": 0.0024999506521403703, ""r_progress"": 0.049999013042807405, ""r_track"": -0.008633786392536003, ""r_dir"": -7.89568352087162e-05, ""r_time"": -1.0, ""r_smooth"": 0.0, ""total"": -0.9587137301849373}"
0.178,6.536113446978315,-0.03179401620415684,6.536113446978315,0.0,100.0,960.0,-20000.0,-6.283185307179586,-30.0,1000.0,0.03179401620415684,1.0,0.0,3.563884579107299,normal,0.0,"{""progress_diff"": 0.0024999506521403425, ""r_progress"": 0.04999901304280685, ""r_track"": -0.008985417479023889, ""r_dir"": -7.89568352087162e-05, ""r_time"": -1.0, ""r_smooth"": 0.0, ""total"": -0.9590653612714257}"
0.179,6.636111473063929,-0.032422330600712736,6.636111473063929,0.0,100.0,940.0,-20000.0,-6.283185307179586,-29.0,1000.0,0.032422330600712736,1.8198176622390747,0.0,3.463886553021685,normal,0.0,"{""progress_diff"": 0.0024999506521403425, ""r_progress"": 0.04999901304280685, ""r_track"": -0.009344066858505896, ""r_dir"": -7.89568352087162e-05, ""r_time"": -1.0, ""r_smooth"": 0.0, ""total"": -0.9594240106509078}"
0.18,6.736109499149543,-0.03305064499726863,6.736109499149543,0.0,100.0,920.0,-20000.0,-6.283185307179586,-28.0,1000.0,0.03305064499726863,1.849795877933502,0.0,3.363888526936071,normal,0.0,"{""progress_diff"": 0.0024999506521403703, ""r_progress"": 0.049999013042807405, ""r_track"": -0.009709734530982029, ""r_dir"": -7.89568352087162e-05, ""r_time"": -1.0, ""r_smooth"": 0.0, ""total"": -0.9597896783233834}"
0.181,6.836107525235157,-0.03367895939382453,6.836107525235157,0.0,100.0,900.0,-20000.0,-6.283185307179586,-27.0,1000.0,0.03367895939382453,1.0,0.0,3.263890500850457,normal,0.0,"{""progress_diff"": 0.0024999506521403425, ""r_progress"": 0.04999901304280685, ""r_track"": -0.01008242049645228, ""r_dir"": -7.89568352087162e-05, ""r_time"": -1.0, ""r_smooth"": 0.0, ""total"": -0.9601623642888542}"
0.182,6.936105551320771,-0.03430727379038043,6.936105551320771,0.0,100.0,880.0,-20000.0,-6.283185307179586,-26.0,1000.0,0.03430727379038043,1.0,0.0,3.163892474764843,normal,0.0,"{""progress_diff"": 0.0024999506521403425, ""r_progress"": 0.04999901304280685, ""r_track"": -0.010462124754916655, ""r_dir"": -7.89568352087162e-05, ""r_time"": -1.0, ""r_smooth"": 0.0, ""total"": -0.9605420685473185}"
0.183,7.036103577406385,-0.034935588186936324,7.036103577406385,0.0,100.0,860.0,-20000.0,-6.283185307179586,-25.0,1000.0,0.034935588186936324,1.785122275352478,0.0,3.063894448679229,normal,0.0,"{""progress_diff"": 0.0024999506521403703, ""r_progress"": 0.049999013042807405, ""r_track"": -0.010848847306375154, ""r_dir"": -7.89568352087162e-05, ""r_time"": -1.0, ""r_smooth"": 0.0, ""total"": -0.9609287910987765}"
0.184,7.136101603491999,-0.03556390258349222,7.136101603491999,0.0,100.0,840.0,-20000.0,-6.283185307179586,-24.0,1000.0,0.03556390258349222,0.0,0.0,2.9638964225936153,normal,0.0,"{""progress_diff"": 0.0024999506521403425, ""r_progress"": 0.04999901304280685, ""r_track"": -0.011242588150827775, ""r_dir"": -7.89568352087162e-05, ""r_time"": -1.0, ""r_smooth"": 0.0, ""total"": -0.9613225319432297}"
0.185,7.2360996295776125,-0.03619221698004812,7.2360996295776125,0.0,100.0,820.0,-20000.0,-6.283185307179586,-23.0,1000.0,0.03619221698004812,1.6946871280670166,0.0,2.8638983965080014,normal,0.0,"{""progress_diff"": 0.0024999506521403425, ""r_progress"": 0.04999901304280685, ""r_track"": -0.011643347288274517, ""r_dir"": -7.89568352087162e-05, ""r_time"": -1.0, ""r_smooth"": 0.0, ""total"": -0.9617232910806763}"
0.186,7.3360976556632265,-0.036820531376604015,7.3360976556632265,0.0,100.0,800.0,-20000.0,-6.283185307179586,-22.0,1000.0,0.036820531376604015,1.373413324356079,0.0,2.7639003704223875,normal,0.0,"{""progress_diff"": 0.0024999506521403703, ""r_progress"": 0.049999013042807405, ""r_track"": -0.012051124718715386, ""r_dir"": -7.89568352087162e-05, ""r_time"": -1.0, ""r_smooth"": 0.0, ""total"": -0.9621310685111167}"
0.187,7.43609568174884,-0.03744884577315991,7.43609568174884,0.0,100.0,780.0,-20000.0,-6.283185307179586,-21.0,1000.0,0.03744884577315991,2.5099515318870544,0.0,2.6639023443367735,normal,0.0,"{""progress_diff"": 0.0024999506521403425, ""r_progress"": 0.04999901304280685, ""r_track"": -0.012465920442150374, ""r_dir"": -7.89568352087162e-05, ""r_time"": -1.0, ""r_smooth"": 0.0, ""total"": -0.9625458642345522}"
0.188,7.536093707834454,-0.03807716016971581,7.536093707834454,0.0,100.0,760.0,-20000.0,-6.283185307179586,-20.0,1000.0,0.03807716016971581,0.2218342423439026,0.0,2.5639043182511596,normal,0.0,"{""progress_diff"": 0.0024999506521403425, ""r_progress"": 0.04999901304280685, ""r_track"": -0.012887734458579485, ""r_dir"": -7.89568352087162e-05, ""r_time"": -1.0, ""r_smooth"": 0.0, ""total"": -0.9629676782509814}"
0.189,7.635479027924672,-0.038701624770302395,7.635479027924672,0.0,99.38728191007283,740.0,-20000.0,-6.283185307179586,-19.0,1000.0,0.038701624770302395,0.0,0.0,2.4639062921655457,normal,0.0,"{""progress_diff"": 0.002484633002255432, ""r_progress"": 0.04969266004510864, ""r_track"": -0.013313917865433633, ""r_dir"": -7.89568352087162e-05, ""r_time"": -1.0, ""r_smooth"": 0.0, ""total"": -0.9637002146555337}"
0.19,7.732843889467058,-0.03931339428836646,7.732843889467058,0.0,97.36678347933353,720.0,-20000.0,-6.283185307179586,-18.0,1000.0,0.03931339428836646,0.9736678347933353,0.0,2.3645209720753284,normal,0.0,"{""progress_diff"": 0.0024341215385596804, ""r_progress"": 0.04868243077119361, ""r_track"": -0.013738159737533907, ""r_dir"": -7.89568352087162e-05, ""r_time"": -1.0, ""r_smooth"": 0.0, ""total"": -0.965134685801549}"
0.191,7.8281878572470855,-0.03991246598933848,7.8281878572470855,0.0,95.34584982547418,700.0,-20000.0,-6.283185307179586,-17.0,1000.0,0.03991246598933847,2.8569829566630975,0.0,2.267156110532942,normal,0.0,"{""progress_diff"": 0.0023835991945006796, ""r_progress"": 0.04767198389001359, ""r_track"": -0.014160043923112004, ""r_dir"": -7.89568352087162e-05, ""r_time"": -1.0, ""r_smooth"": 0.0, ""total"": -0.9665670168683071}"
0.192,7.921510477103348,-0.04049883701960064,7.921510477103348,0.0,93.32446200124468,680.0,-20000.0,-6.283185307179586,-16.0,1000.0,0.04049883701960064,0.23484098911285406,0.0,2.1718121427529145,normal,0.0,"{""progress_diff"": 0.002333065496406578, ""r_progress"": 0.046661309928131556, ""r_track"": -0.014579162666134892, ""r_dir"": -7.89568352087162e-05, ""r_time"": -1.0, ""r_smooth"": 0.0, ""total"": -0.9679968095732121}"
0.193,8.012811274658107,-0.04107250439851047,8.0,0.0,91.30259978991131,660.0,-20000.0,-6.283185307179586,-15.0,1000.0,0.04107250439851047,0.0,0.0,2.0784895228966516,normal,0.0,"{""progress_diff"": 0.0022825199388689654, ""r_progress"": 0.04565039877737931, ""r_track"": -0.01499511660058366, ""r_dir"": -7.89568352087162e-05, ""r_time"": -1.0, ""r_smooth"": 0.0, ""total"": -0.9694236746584131}"
0.194,8.102089753931503,-0.0416334650096936,8.102089753931503,0.0,89.28024158892984,640.0,-20000.0,-6.283185307179586,-14.0,1000.0,0.0416334650096936,0.8928024158892984,0.0,1.987188725341893,normal,0.0,"{""progress_diff"": 0.0022319619818349234, ""r_progress"": 0.04463923963669847, ""r_track"": -0.015407514744118944, ""r_dir"": -7.89568352087162e-05, ""r_time"": -1.0, ""r_smooth"": 0.0, ""total"": -0.9708472319426292}"
0.195,8.189345395825788,-0.04218171559151976,8.189345395825788,0.0,87.25736427995115,620.0,-20000.0,-6.283185307179586,-13.0,1000.0,0.042181715591519765,0.0,0.0,1.8979102460684967,normal,0.0,"{""progress_diff"": 0.002181391047357095, ""r_progress"": 0.043627820947141904, ""r_track"": -0.01581597449105655, ""r_dir"": -7.89568352087162e-05, ""r_time"": -1.0, ""r_smooth"": 0.0, ""total"": -0.9722671103791234}"
0.196,8.274577656463904,-0.04271725272666365,8.274577656463904,0.0,85.2339430831811,600.0,-20000.0,-6.283185307179586,-12.0,1000.0,0.04271725272666365,0.0,0.0,1.8106546041742124,normal,0.0,"{""progress_diff"": 0.002130806515952932, ""r_progress"": 0.04261613031905864, ""r_track"": -0.016220121604565804, ""r_dir"": -7.89568352087162e-05, ""r_time"": -1.0, ""r_smooth"": 0.0, ""total"": -0.9736829481207159}"
0.197,8.357785965364478,-0.04324007283063791,8.357785965364478,0.0,83.20995139377554,580.0,-20000.0,-6.283185307179586,-11.0,1000.0,0.04324007283063791,0.8933346437709768,0.0,1.7254223435360956,normal,0.0,"{""progress_diff"": 0.0020802077225143267, ""r_progress"": 0.041604154450286535, ""r_track"": -0.016619590207989962, ""r_dir"": -7.89568352087162e-05, ""r_time"": -1.0, ""r_smooth"": 0.0, ""total"": -0.9750943925929122}"
0.198,8.438969723432503,-0.04375017213916806,8.438969723432503,0.0,81.1853605975375,560.0,-20000.0,-6.283185307179586,-10.0,1000.0,0.04375017213916806,0.23681396245956424,0.0,1.642214034635522,normal,0.0,"{""progress_diff"": 0.002029593951700659, ""r_progress"": 0.04059187903401318, ""r_track"": -0.017014022775171885, ""r_dir"": -7.89568352087162e-05, ""r_time"": -1.0, ""r_smooth"": 0.0, ""total"": -0.9765011005763674}"
0.199,8.5181283007418,-0.04424754669425911,8.5181283007418,0.0,79.16013986268653,540.0,-20000.0,-6.283185307179586,-9.0,1000.0,0.04424754669425911,1.469503939151764,0.0,1.5610302765674966,normal,0.0,"{""progress_diff"": 0.001978964432732433, ""r_progress"": 0.03957928865464866, ""r_track"": -0.017403070119650133, ""r_dir"": -7.89568352087162e-05, ""r_time"": -1.0, ""r_smooth"": 0.0, ""total"": -0.9779027383002102}"
0.2,8.59526103408149,-0.04473219232877936,8.59526103408149,0.0,77.13425590386483,520.0,-20000.0,-6.283185307179586,-8.0,1000.0,0.04473219232877936,0.33349911707545243,1.0,1.4818716992581997,corner,1.0,"{""progress_diff"": 0.001928318333492246, ""r_progress"": 0.03856636666984492, ""r_track"": 0.0, ""r_dir"": -3.94784176043581e-05, ""r_time"": -1.0, ""r_smooth"": -0.24031999999999998, ""total"": -1.2017931117477594}"
0.201,8.67036722423414,-0.04520410464935829,8.67036722423414,0.0,75.10767271380564,500.0,-20000.0,-6.283185307179586,-7.0,1000.0,0.0452041046493583,0.0,1.0,1.4047389659185097,corner,1.0,"{""progress_diff"": 0.0018776547538162103, ""r_progress"": 0.037553095076324206, ""r_track"": 0.0, ""r_dir"": -3.94784176043581e-05, ""r_time"": -1.0, ""r_smooth"": -0.240245, ""total"": -1.20273138334128}"
0.202,8.743446132947758,-0.04566327901736081,8.743446132947758,0.0,73.08035125718506,480.0,-20000.0,-6.283185307179586,-6.0,1000.0,0.04566327901736081,0.0,1.0,1.3296327757658606,corner,1.0,"{""progress_diff"": 0.0018269727178404915, ""r_progress"": 0.03653945435680983, ""r_track"": 0.0, ""r_dir"": -3.94784176043581e-05, ""r_time"": -1.0, ""r_smooth"": -0.24018, ""total"": -1.2036800240607946}"
0.203,8.814496979557251,-0.04610971052765891,8.8,0.0,71.05224912006005,460.0,-20000.0,-6.283185307179586,-5.0,1000.0,0.04610971052765891,0.0,1.0,1.2565538670522418,corner,1.0,"{""progress_diff"": 0.0017762711652373198, ""r_progress"": 0.035525423304746395, ""r_track"": 0.0, ""r_dir"": -3.94784176043581e-05, ""r_time"": -1.0, ""r_smooth"": -0.24012499999999998, ""total"": -1.2046390551128578}"
0.204,8.883518937202917,-0.04654339398487149,8.883518937202917,0.0,69.02332010691097,440.0,-20000.0,-6.283185307179586,-4.0,1000.0,0.04654339398487149,0.0,1.0,1.1855030204427486,corner,1.0,"{""progress_diff"": 0.0017255489411416303, ""r_progress"": 0.034510978822832605, ""r_track"": 0.0, ""r_dir"": -3.94784176043581e-05, ""r_time"": -1.0, ""r_smooth"": -0.24008, ""total"": -1.2056084995947718}"
0.205,8.950511128583887,-0.046964323876682104,8.950511128583887,0.0,66.99351377557711,420.0,-20000.0,-6.283185307179586,-3.0,1000.0,0.046964323876682104,0.6699351377557712,1.0,1.1164810627970834,corner,1.0,"{""progress_diff"": 0.0016748047845242808, ""r_progress"": 0.03349609569048562, ""r_track"": 0.0, ""r_dir"": -3.94784176043581e-05, ""r_time"": -1.0, ""r_smooth"": -0.24004499999999998, ""total"": -1.2065883827271187}"
0.206,9.015472621172531,-0.047372494343769715,9.0,0.0,64.96277489820272,400.0,-20000.0,-6.283185307179586,-2.0,1000.0,0.047372494343769715,0.0,1.0,1.0494888714161128,corner,1.0,"{""progress_diff"": 0.0016240373147161091, ""r_progress"": 0.03248074629432218, ""r_track"": 0.0, ""r_dir"": -3.94784176043581e-05, ""r_time"": -1.0, ""r_smooth"": -0.24001999999999998, ""total"": -1.207578732123282}"
0.207,9.078402421801188,-0.04776789914579577,9.078402421801188,0.0,62.93104283356492,380.0,-20000.0,-6.283185307179586,-1.0,1000.0,0.04776789914579577,0.0,1.0,0.9845273788274689,corner,1.0,"{""progress_diff"": 0.001573245015716429, ""r_progress"": 0.03146490031432858, ""r_track"": 0.0, ""r_dir"": -3.94784176043581e-05, ""r_time"": -1.0, ""r_smooth"": -0.240005, ""total"": -1.2085795781032758}"
0.208,9.139299470514512,-0.04815053162277675,9.139299470514512,0.0,60.898250792657024,360.0,-20000.0,-6.283185307179586,0.0,1000.0,0.04815053162277675,0.0,1.0,0.9215975781988117,corner,1.0,"{""progress_diff"": 0.0015224262178330783, ""r_progress"": 0.030448524356661566, ""r_track"": 0.0, ""r_dir"": -3.94784176043581e-05, ""r_time"": -1.0, ""r_smooth"": -0.24, ""total"": -1.2095909540609426}"
0.209,9.198162633927868,-0.04852032578786634,9.198162633927868,0.0,58.86432497491207,340.0,-20000.0,-6.282185307179586,1.0,1000.0,0.04852032578786633,0.4301638497795032,1.0,0.8607005294854879,corner,1.0,"{""progress_diff"": 0.0014715790853339072, ""r_progress"": 0.029431581706678145, ""r_track"": 0.0, ""r_dir"": -3.946585223374199e-05, ""r_time"": -1.0, ""r_smooth"": -0.240005, ""total"": -1.2106128841455555}"
0.21,9.254990696059103,-0.04887733490139133,9.254990696059103,0.0,56.82918353362675,320.0,-20000.0,-6.282185307179586,0.0,-1000.0,0.04887733490139133,0.23373133238141022,1.0,0.8018373660721316,corner,1.0,"{""progress_diff"": 0.0014207015532808898, ""r_progress"": 0.028414031065617795, ""r_track"": 0.0, ""r_dir"": -3.946585223374199e-05, ""r_time"": -1.0, ""r_smooth"": -0.24, ""total"": -1.2116254347866158}"
0.211,9.309782349897045,-0.049221605546173976,9.309782349897045,0.0,54.79273539962842,300.0,-20000.0,-6.283185307179586,-1.0,-1000.0,0.049221605546173976,0.5479273539962842,1.0,0.7450093039408969,corner,1.0,"{""progress_diff"": 0.001369791345948529, ""r_progress"": 0.02739582691897058, ""r_track"": 0.0, ""r_dir"": -3.94784176043581e-05, ""r_time"": -1.0, ""r_smooth"": -0.240005, ""total"": -1.2126486514986337}"
0.212,9.362536187361085,-0.049553072044561136,9.362536187361085,0.0,52.754878800182325,280.0,-20000.0,-6.283185307179586,0.0,1000.0,0.049553072044561136,1.929731784274864,1.0,0.6902176501029551,corner,1.0,"{""progress_diff"": 0.0013188459366010319, ""r_progress"": 0.026376918732020638, ""r_track"": 0.0, ""r_dir"": -3.94784176043581e-05, ""r_time"": -1.0, ""r_smooth"": -0.24, ""total"": -1.2136625596855837}"
0.213,9.413250685759163,-0.04987172482907053,9.4,0.0,50.71549947861862,260.0,-20000.0,-6.283185307179586,0.0,0.0,0.049871724829070534,0.5071549947861862,1.0,0.6374638126389147,corner,1.0,"{""progress_diff"": 0.0012678624599519184, ""r_progress"": 0.025357249199038367, ""r_track"": 0.0, ""r_dir"": -3.94784176043581e-05, ""r_time"": -1.0, ""r_smooth"": -0.12, ""total"": -1.094682229218566}"
0.214,9.461924193875516,-0.05017750484924158,9.461924193875516,0.0,48.67446860288723,240.0,-20000.0,-6.282185307179586,1.0,1000.0,0.05017750484924157,1.3671858801330494,1.0,0.5867493142408371,corner,1.0,"{""progress_diff"": 0.0012168377029088406, ""r_progress"": 0.024336754058176813, ""r_track"": 0.0, ""r_dir"": -3.946585223374199e-05, ""r_time"": -1.0, ""r_smooth"": -0.240005, ""total"": -1.215707711794057}"
0.215,9.508554914416644,-0.05047035826537455,9.508554914416644,0.0,46.6316401310102,220.0,-20000.0,-6.280185307179586,2.0,1000.0,0.05047035826537455,1.2790691529839697,1.0,0.5380758061244837,corner,1.0,"{""progress_diff"": 0.00116576801352819, ""r_progress"": 0.0233153602705638, ""r_track"": 0.0, ""r_dir"": -3.9440727492515334e-05, ""r_time"": -1.0, ""r_smooth"": -0.24001999999999998, ""total"": -1.2167440804569287}"
0.216,9.553140883593183,-0.05075023633202253,9.553140883593183,0.0,44.58684760266788,200.0,-20000.0,-6.277185307179586,3.0,1000.0,0.05075023633202253,0.1343695484908627,1.0,0.4914450855833561,corner,1.0,"{""progress_diff"": 0.0011146492294135113, ""r_progress"": 0.022292984588270226, ""r_track"": 0.0, ""r_dir"": -3.9403055380672564e-05, ""r_time"": -1.0, ""r_smooth"": -0.24004499999999998, ""total"": -1.2177914184671104}"
0.217,9.595679946685252,-0.0510170952581555,9.595679946685252,0.0,42.53990012255991,180.0,-20000.0,-6.2731853071795864,4.0,1000.0,0.0510170952581555,0.4377132196082351,1.0,0.4468591164068165,corner,1.0,"{""progress_diff"": 0.0010634765773016863, ""r_progress"": 0.021269531546033726, ""r_track"": 0.0, ""r_dir"": -3.9352853898213685e-05, ""r_time"": -1.0, ""r_smooth"": -0.24008, ""total"": -1.2188498213078645}"
0.218,9.636169728547264,-0.05127089603787924,9.6,0.0,40.49057729977556,160.0,-20000.0,-6.2681853071795866,5.0,1000.0,0.05127089603787924,1.0558756200751183,1.0,0.4043200533147484,corner,1.0,"{""progress_diff"": 0.0010122445465503283, ""r_progress"": 0.020244890931006565, ""r_track"": 0.0, ""r_dir"": -3.929014704514426e-05, ""r_time"": -1.0, ""r_smooth"": -0.24012499999999998, ""total"": -1.2199193992160386}"
0.219,9.674607597181797,-0.05151168111929749,9.674607597181797,0.0,38.43862279818373,140.0,-20000.0,-6.264185307179587,4.0,-1000.0,0.05151168111929749,0.0030239439187458904,1.0,0.36383027145273594,corner,1.0,"{""progress_diff"": 0.0009609467158633311, ""r_progress"": 0.019218934317266623, ""r_track"": 0.0, ""r_dir"": -3.9240017562685386e-05, ""r_time"": -1.0, ""r_smooth"": -0.24008, ""total"": -1.220900305700296}"
0.22,9.710990620056487,-0.051739484944381096,9.710990620056487,0.0,36.383736038000784,120.0,-20000.0,-6.261185307179587,3.0,-1000.0,0.051739484944381096,0.0035014087480215944,1.0,0.3253924028182027,corner,1.0,"{""progress_diff"": 0.0009095755718672438, ""r_progress"": 0.018191511437344876, ""r_track"": 0.0, ""r_dir"": -3.920244145084262e-05, ""r_time"": -1.0, ""r_smooth"": -0.24004499999999998, ""total"": -1.221892691004106}"
0.221,9.745315508936766,-0.0519543335902756,9.745315508936766,0.0,34.32556127121826,100.0,-20000.0,-6.259185307179587,2.0,-1000.0,0.0519543335902756,0.34707533134638796,1.0,0.28900937994351317,corner,1.0,"{""progress_diff"": 0.0008581222220069851, ""r_progress"": 0.0171624444401397, ""r_track"": 0.0, ""r_dir"": -3.91774007096104e-05, ""r_time"": -1.0, ""r_smooth"": -0.24001999999999998, ""total"": -1.2228967329605698}"
0.222,9.777578550224305,-0.052156244317169774,9.777578550224305,0.0,32.263673086972624,80.0,-20000.0,-6.258185307179587,1.0,-1000.0,0.052156244317169774,0.0039788735772972985,1.0,0.25468449106323376,corner,1.0,"{""progress_diff"": 0.0008065760321884774, ""r_progress"": 0.016131520643769548, ""r_track"": 0.0, ""r_dir"": -3.9164883338999847e-05, ""r_time"": -1.0, ""r_smooth"": -0.240005, ""total"": -1.2239126442395694}"
0.223,9.807775516049388,-0.05234516459586323,9.8,0.0,30.19755678714563,60.0,-20000.0,-6.256185307179587,2.0,1000.0,0.05234516459586323,1.2163864508176774,1.0,0.22242144977569467,corner,1.0,"{""progress_diff"": 0.0007549241456270561, ""r_progress"": 0.015098482912541122, ""r_track"": 0.0, ""r_dir"": -3.913985459776763e-05, ""r_time"": -1.0, ""r_smooth"": -0.24001999999999998, ""total"": -1.2249606569420566}"
0.224,9.835901547390238,-0.052521044174232645,9.8,0.0,28.126581246439393,40.0,-20000.0,-6.253185307179587,3.0,1000.0,0.052521044174232645,0.20505647029092247,1.0,0.19222448395061242,corner,1.0,"{""progress_diff"": 0.0007031507835212614, ""r_progress"": 0.014063015670425227, ""r_track"": 0.0, ""r_dir"": -3.910232648592486e-05, ""r_time"": -1.0, ""r_smooth"": -0.24004499999999998, ""total"": -1.2260210866560608}"
0.225,9.861950999010363,-0.05268388624460976,9.861950999010363,0.0,26.049960599762052,20.0,-20000.0,-6.251185307179587,2.0,-1000.0,0.05268388624460976,0.005092958178940514,1.0,0.1640984526097622,corner,1.0,"{""progress_diff"": 0.000651236290503121, ""r_progress"": 0.01302472581006242, ""r_track"": 0.0, ""r_dir"": -3.907731774469821e-05, ""r_time"": -1.0, ""r_smooth"": -0.24001999999999998, ""total"": -1.2270343515076823}"
0.226,9.88591722946338,-0.05283368157663648,9.88591722946338,0.0,23.96669857883342,0.0,-20000.0,-6.250185307179587,1.0,-1000.0,0.05283368157663648,0.24491909891036667,1.0,0.13804900098963735,corner,1.0,"{""progress_diff"": 0.0005991557613254372, ""r_progress"": 0.011983115226508745, ""r_track"": 0.0, ""r_dir"": -3.9064816374082096e-05, ""r_time"": -1.0, ""r_smooth"": -0.240005, ""total"": -1.2280609495898653}"
0.227,9.907792307455779,-0.05297036289621797,9.907792307455779,0.0,21.875504998892783,-20.0,-20000.0,-6.248185307179587,2.0,1000.0,0.05297036289621797,0.19749705850957555,1.0,0.1140827705366192,corner,1.0,"{""progress_diff"": 0.0005468769498099546, ""r_progress"": 0.010937538996199092, ""r_track"": 0.0, ""r_dir"": -3.903981963285543e-05, ""r_time"": -1.0, ""r_smooth"": -0.24001999999999998, ""total"": -1.2291215008234337}"
0.228,9.927566587614903,-0.05309385854567171,9.927566587614903,0.0,19.774665786985913,-40.0,-20000.0,-6.245185307179587,3.0,1000.0,0.05309385854567171,0.8047421974997133,1.0,0.09220769254422123,corner,1.0,"{""progress_diff"": 0.0004943570039781242, ""r_progress"": 0.009887140079562484, ""r_track"": 0.0, ""r_dir"": -3.900233952101267e-05, ""r_time"": -1.0, ""r_smooth"": -0.24004499999999998, ""total"": -1.2301968622599586}"
0.229,9.945228074972635,-0.053204088592316845,9.945228074972635,0.0,17.66183134192188,-60.0,-20000.0,-6.241185307179587,4.0,1000.0,0.053204088592316845,1.1356917960629311,1.0,0.07243341238509693,corner,1.0,"{""progress_diff"": 0.00044153718394326913, ""r_progress"": 0.008830743678865383, ""r_track"": 0.0, ""r_dir"": -3.8952394038553796e-05, ""r_time"": -1.0, ""r_smooth"": -0.24008, ""total"": -1.231288208715173}"
0.23,9.960761424485309,-0.0533009897619896,9.960761424485309,0.0,15.533651757380436,-80.0,-20000.0,-6.238185307179587,3.0,-1000.0,0.0533009897619896,0.007161972439135138,1.0,0.0547719250273655,corner,1.0,"{""progress_diff"": 0.0003883337378168539, ""r_progress"": 0.0077666747563370775, ""r_track"": 0.0, ""r_dir"": -3.8914955926711025e-05, ""r_time"": -1.0, ""r_smooth"": -0.24004499999999998, ""total"": -1.2323172401995897}"
0.231,9.97414626558967,-0.05338446119349455,9.97414626558967,0.0,13.385101376861918,-100.0,-20000.0,-6.236185307179587,2.0,-1000.0,0.05338446119349455,0.007480282325318894,1.0,0.03923857551469112,corner,1.0,"{""progress_diff"": 0.0003346210276090611, ""r_progress"": 0.006692420552181222, ""r_track"": 0.0, ""r_dir"": -3.889000718548436e-05, ""r_time"": -1.0, ""r_smooth"": -0.24001999999999998, ""total"": -1.2333664694550042}"
0.232,9.985354150789718,-0.05345434534026193,9.985354150789718,0.0,11.20810307105643,-120.0,-20000.0,-6.235185307179587,1.0,-1000.0,0.05345434534026194,0.007639437268410842,1.0,0.025853734410329565,corner,1.0,"{""progress_diff"": 0.00028019713000115853, ""r_progress"": 0.005603942600023171, ""r_track"": 0.0, ""r_dir"": -3.887753581486826e-05, ""r_time"": -1.0, ""r_smooth"": -0.240005, ""total"": -1.2344399349357917}"
0.233,9.994342303814065,-0.05351037088921326,9.994342303814065,0.0,8.988327633727849,-140.0,-20000.0,-6.233185307179587,2.0,1000.0,0.05351037088921326,0.5814631674953687,1.0,0.014645849210282336,corner,1.0,"{""progress_diff"": 0.0002247038256086853, ""r_progress"": 0.004494076512173706, ""r_track"": 0.0, ""r_dir"": -3.885259907364159e-05, ""r_time"": -1.0, ""r_smooth"": -0.24001999999999998, ""total"": -1.2355647760869}"
0.234,10.001038248861999,-0.053552101799838124,10.0,0.0,6.696075085738363,-160.0,-20000.0,-6.232185307179587,1.0,-1000.0,0.053552101799838124,0.008116902097686545,1.0,0.005657696185934924,corner,1.0,"{""progress_diff"": 0.000141442404648362, ""r_progress"": 0.00282884809296724, ""r_track"": 0.0, ""r_dir"": -2.4870189279828883, ""r_time"": -1.0, ""r_smooth"": -0.240005, ""total"": -3.7241950798899213}"
0.235,10.001078844954632,-0.04703615317509874,10.0,0.0,6.516075085738363,-180.0,-20000.0,-6.230185307179587,2.0,1000.0,0.04703615317509874,1.0109735499857264,1.0,9.999999999999975,corner,1.0,"{""progress_diff"": 0.0, ""r_progress"": 0.0, ""r_track"": 0.0, ""r_dir"": -3.881520896179882e-05, ""r_time"": -1.0, ""r_smooth"": -0.24001999999999998, ""total"": -1.2400588152089618}"
0.236,10.00111842515621,-0.040680201326383475,10.0,0.0,6.356075085738363,-160.0,20000.0,-6.227185307179587,3.0,1000.0,0.040680201326383475,2.9275265723294703,1.0,9.999999999999975,corner,1.0,"{""progress_diff"": 0.0, ""r_progress"": 0.0, ""r_track"": 0.0, ""r_dir"": -3.877783684995052e-05, ""r_time"": -1.0, ""r_smooth"": -0.24004499999999998, ""total"": -1.24008377783685}"
0.237,10.001157108693661,-0.03446424660844453,10.0,0.0,6.216075085738363,-140.0,20000.0,-6.2231853071795875,4.0,1000.0,0.03446424660844453,1.185539069454686,1.0,9.999999999999975,corner,1.0,"{""progress_diff"": 0.0, ""r_progress"": 0.0, ""r_track"": 0.0, ""r_dir"": -3.872803536749718e-05, ""r_time"": -1.0, ""r_smooth"": -0.24008, ""total"": -1.2401187280353676}"
0.238,10.001194778360016,-0.0284082886792365,10.0,0.0,6.056075085738363,-160.0,-20000.0,-6.220185307179587,3.0,-1000.0,0.028408288679236504,0.07058751227217286,0.0,9.999999999999975,normal,0.0,"{""progress_diff"": 0.0, ""r_progress"": 0.0, ""r_track"": -0.007173607694958551, ""r_dir"": -7.738141051129776e-05, ""r_time"": -1.0, ""r_smooth"": 0.0, ""total"": -1.00725098910547}"
0.239,10.001231316648314,-0.0225323271947879,10.0,0.0,5.876075085738363,-180.0,-20000.0,-6.218185307179588,2.0,-1000.0,0.022532327194787902,0.0691058221583566,0.0,9.999999999999975,normal,0.0,"{""progress_diff"": 0.0, ""r_progress"": 0.0, ""r_track"": -0.004512940167226476, ""r_dir"": -7.733165702885547e-05, ""r_time"": -1.0, ""r_smooth"": 0.0, ""total"": -1.0045902718242554}"
0.24,10.001266854317409,-0.016816362581542454,10.0,0.0,5.716075085738363,-160.0,20000.0,-6.217185307179587,1.0,-1000.0,0.016816362581542454,0.8958775048704763,0.0,9.999999999999975,normal,0.0,"{""progress_diff"": 0.0, ""r_progress"": 0.0, ""r_track"": -0.002513689337545789, ""r_dir"": -7.730678628762328e-05, ""r_time"": -1.0, ""r_smooth"": 0.0, ""total"": -1.0025909961238335}"
0.241,10.001301272900358,-0.011280394489502833,10.0,0.0,5.536075085738363,-180.0,-20000.0,-6.217185307179587,0.0,-1000.0,0.011280394489502833,0.06586497710144856,0.0,9.999999999999975,normal,0.0,"{""progress_diff"": 0.0, ""r_progress"": 0.0, ""r_track"": -0.0011310871096782745, ""r_dir"": -7.730678628762328e-05, ""r_time"": -1.0, ""r_smooth"": 0.0, ""total"": -1.001208393895966}"
0.242,10.001334453390228,-0.005944422565314169,10.0,0.0,5.336075085738363,-200.0,-20000.0,-6.218185307179588,-1.0,-1000.0,0.00594442256531417,0.06370582215835661,0.0,9.999999999999975,normal,0.0,"{""progress_diff"": 0.0, ""r_progress"": 0.0, ""r_track"": -0.00031409919675570047, ""r_dir"": -7.733165702885547e-05, ""r_time"": -1.0, ""r_smooth"": 0.0, ""total"": -1.0003914308537845}"
0.243,10.001366524925906,-0.0007884472253449114,10.0,0.0,5.1560750857383635,-180.0,20000.0,-6.220185307179587,-2.0,-1000.0,0.0013665249259062762,0.9584660105574055,0.0,9.999999999999975,normal,0.0,"{""progress_diff"": 0.0, ""r_progress"": 0.0, ""r_track"": -1.6599025538872478e-05, ""r_dir"": -7.738141051129776e-05, ""r_time"": -1.0, ""r_smooth"": 0.0, ""total"": -1.0000939804360502}"
0.244,10.001397616226289,0.004207531116619367,10.0,0.0042075311166193665,4.996075085738363,-160.0,20000.0,-6.2231853071795875,-3.0,-1000.0,0.0013976162262885339,0.9595885457281298,0.0,9.999999999999975,normal,0.0,"{""progress_diff"": 0.00010518827791550223, ""r_progress"": 0.0021037655583100445, ""r_track"": -1.7362943253200022e-05, ""r_dir"": -7.745607073499436e-05, ""r_time"": -1.0, ""r_smooth"": 0.0, ""total"": -0.9979910534556782}"
0.245,10.001427845998313,0.009063512109087542,10.0,0.00906351210908754,4.856075085738364,-140.0,20000.0,-6.225185307179587,-2.0,1000.0,0.0014278459983128045,0.9167361578938786,0.0,9.995792468883355,normal,0.0,"{""progress_diff"": 0.00012139952481171612, ""r_progress"": 0.0024279904962343224, ""r_track"": -1.8122170621314573e-05, ""r_dir"": -7.750586421745876e-05, ""r_time"": -1.0, ""r_smooth"": 0.0, ""total"": -0.9976676375386044}"
0.246,10.001457342960876,0.013799495338254558,10.0,0.013799495338254558,4.7360750857383636,-120.0,20000.0,-6.228185307179587,-3.0,-1000.0,0.0014573429608759625,0.9613927710126704,0.0,9.990936487890888,normal,0.0,"{""progress_diff"": 0.00011839958072917822, ""r_progress"": 0.0023679916145835644, ""r_track"": -1.887865338324193e-05, ""r_dir"": -7.758058444113324e-05, ""r_time"": -1.0, ""r_smooth"": 0.0, ""total"": -0.9977284676232409}"
0.247,10.001486235652875,0.018435480391396235,10.0,0.018435480391396235,4.636075085738364,-100.0,20000.0,-6.232185307179587,-4.0,-1000.0,0.0014862356528748677,0.9617561512403029,0.0,9.98620050466172,normal,0.0,"{""progress_diff"": 0.00011589962632851947, ""r_progress"": 0.0023179925265703893, ""r_track"": -1.9634634807790077e-05, ""r_dir"": -7.768026740606204e-05, ""r_time"": -1.0, ""r_smooth"": 0.0, ""total"": -0.9977793223756435}"
0.248,10.00151465255321,0.02299146685611068,10.0,0.022991466856110677,4.556075085738364,-80.0,20000.0,-6.237185307179587,-5.0,-1000.0,0.0015146525532099275,0.3916451082944052,0.0,9.981564519608579,normal,0.0,"{""progress_diff"": 0.00011389966161784448, ""r_progress"": 0.0022779932323568897, ""r_track"": -2.039264317284758e-05, ""r_dir"": -7.780496111220092e-05, ""r_time"": -1.0, ""r_smooth"": 0.0, ""total"": -0.9978202043719282}"
0.249,10.001542713208803,0.027487454375689106,10.0,0.027487454375689103,4.496075085738364,-60.0,20000.0,-6.241185307179586,-4.0,1000.0,0.0015427132088028372,1.1366721000265616,0.0,9.977008533143865,normal,0.0,"{""progress_diff"": 0.00011239968798948397, ""r_progress"": 0.0022479937597896793, ""r_track"": -2.1155235952131077e-05, ""r_dir"": -7.790478807710759e-05, ""r_time"": -1.0, ""r_smooth"": 0.0, ""total"": -0.9978510662642396}"
0.25,10.00157028782078,0.03190344337065427,10.0,0.03190344337065427,4.416075085738364,-80.0,-20000.0,-6.2441853071795865,-3.0,1000.0,0.0015702878207797255,0.536905202770556,0.0,9.972512545624285,normal,0.0,"{""progress_diff"": 0.00011039972487414396, ""r_progress"": 0.002207994497482879, ""r_track"": -2.191825635634791e-05, ""r_dir"": -7.797970030080421e-05, ""r_time"": -1.0, ""r_smooth"": 0.0, ""total"": -0.9978919034591742}"
0.251,10.001597505208032,0.03625943342647643,10.0,0.03625943342647643,4.3560750857383645,-60.0,20000.0,-6.248185307179586,-4.0,-1000.0,0.0015975052080321463,0.4757499732830348,0.0,9.968096556629321,normal,0.0,"{""progress_diff"": 0.00010889975139555252, ""r_progress"": 0.0021779950279110505, ""r_track"": -2.2684647908354058e-05, ""r_dir"": -7.807963926571086e-05, ""r_time"": -1.0, ""r_smooth"": 0.0, ""total"": -0.997922769259263}"
0.252,10.001624494249453,0.04057542412820119,10.0,0.040575424128201185,4.3160750857383645,-40.0,20000.0,-6.253185307179586,-5.0,-1000.0,0.0016244942494534342,0.07414383088797945,0.0,9.963740566573499,normal,0.0,"{""progress_diff"": 0.00010789976754310704, ""r_progress"": 0.0021579953508621408, ""r_track"": -2.3457613924509126e-05, ""r_dir"": -7.820465297184973e-05, ""r_time"": -1.0, ""r_smooth"": 0.0, ""total"": -0.9979436669160342}"
0.253,10.00165138400393,0.044871415059686746,10.0,0.044871415059686746,4.296075085738365,-20.0,20000.0,-6.259185307179586,-6.0,-1000.0,0.0016513840039298344,0.8520909218745696,0.0,9.959424575871774,normal,0.0,"{""progress_diff"": 0.00010739977328716455, ""r_progress"": 0.002147995465743291, ""r_track"": -2.4240614474980726e-05, ""r_dir"": -7.83548014192208e-05, ""r_time"": -1.0, ""r_smooth"": 0.0, ""total"": -0.9979545999501509}"
0.254,10.001678303830342,0.049167405802838765,10.0,0.049167405802838765,4.296075085738365,0.0,20000.0,-6.266185307179586,-7.0,-1000.0,0.001678303830342287,0.6338922506525956,0.0,9.955128584940288,normal,0.0,"{""progress_diff"": 0.00010739976857876421, ""r_progress"": 0.002147995371575284, ""r_track"": -2.5037366639480817e-05, ""r_dir"": -7.853015660782408e-05, ""r_time"": -1.0, ""r_smooth"": 0.0, ""total"": -0.997955572151672}"
0.255,10.001705132541796,0.05344339672414743,10.0,0.05344339672414742,4.276075085738365,-20.0,-20000.0,-6.274185307179586,-8.0,-1000.0,0.0017051325417956065,0.044193145345210766,0.0,9.950832594197136,normal,0.0,"{""progress_diff"": 0.00010689977303268705, ""r_progress"": 0.002137995460653741, ""r_track"": -2.5844239867469744e-05, ""r_dir"": -7.87308025376596e-05, ""r_time"": -1.0, ""r_smooth"": 0.0, ""total"": -0.9979665795817514}"
0.256,10.001731991185185,0.05771938745755034,10.0,0.05771938745755034,4.276075085738365,0.0,20000.0,-6.281185307179586,-7.0,1000.0,0.0017319911851849668,2.1812073166863946,0.0,9.946556603275829,normal,0.0,"{""progress_diff"": 0.00010689976833511139, ""r_progress"": 0.002137995366702228, ""r_track"": -2.666483080496379e-05, ""r_dir"": -7.89065777262629e-05, ""r_time"": -1.0, ""r_smooth"": 0.0, ""total"": -0.997967576041829}"
0.257,10.001758984043436,0.06201537774244455,10.0,0.06201537774244453,4.296075085738365,20.0,20000.0,-6.283185307179586,-6.0,1000.0,0.001758984043435774,0.9570392491426163,0.0,9.942280612542424,normal,0.0,"{""progress_diff"": 0.00010739975712237282, ""r_progress"": 0.0021479951424474564, ""r_track"": -2.750244324499257e-05, ""r_dir"": -7.895683520870505e-05, ""r_time"": -1.0, ""r_smooth"": 0.0, ""total"": -0.9979584641360062}"
0.258,10.001786228227445,0.06635136723777299,10.0,0.06635136723777298,4.336075085738365,40.0,20000.0,-6.283185307179586,-5.0,1000.0,0.001786228227445008,0.9566392491426163,0.0,9.937984622257531,normal,0.0,"{""progress_diff"": 0.00010839973738319131, ""r_progress"": 0.002167994747663826, ""r_track"": -2.8360989160189653e-05, ""r_dir"": -7.895683520870505e-05, ""r_time"": -1.0, ""r_smooth"": 0.0, ""total"": -0.9979393230767051}"
0.259,10.001813849400092,0.0707473555487528,10.0,0.07074735554875279,4.396075085738365,60.0,20000.0,-6.283185307179586,-4.0,1000.0,0.0018138494000918826,2.9560392491426164,0.0,9.933648632762202,normal,0.0,"{""progress_diff"": 0.00010989970777447455, ""r_progress"": 0.002197994155489491, ""r_track"": -2.924488574412162e-05, ""r_dir"": -7.895683520870505e-05, ""r_time"": -1.0, ""r_smooth"": 0.0, ""total"": -0.9979102075654633}"
0.26,10.001841973224256,0.07522334228060111,10.0,0.0752233422806011,4.476075085738365,80.0,20000.0,-6.283185307179586,-3.0,1000.0,0.0018419732242556108,0.4779809245195084,0.0,9.929252644451223,normal,0.0,"{""progress_diff"": 0.00011189966829622255, ""r_progress"": 0.002237993365924451, ""r_track"": -3.0158803189996546e-05, ""r_dir"": -7.895683520870505e-05, ""r_time"": -1.0, ""r_smooth"": 0.0, ""total"": -0.9978711222724742}"
0.261,10.001870725362817,0.07979932703853503,10.0,0.07979932703853503,4.576075085738364,100.0,20000.0,-6.283185307179586,-2.0,1000.0,0.001870725362817183,0.9542392491426164,0.0,9.924776657719374,normal,0.0,"{""progress_diff"": 0.00011439961894832429, ""r_progress"": 0.0022879923789664858, ""r_track"": -3.110767451633316e-05, ""r_dir"": -7.895683520870505e-05, ""r_time"": -1.0, ""r_smooth"": 0.0, ""total"": -0.9978220721307586}"
0.262,10.001899980152896,0.08445531021733743,10.0,0.08445531021733743,4.656075085738364,80.0,-20000.0,-6.283185307179586,-1.0,1000.0,0.0018999801528956084,0.4244257077131576,0.0,9.92020067296144,normal,0.0,"{""progress_diff"": 0.0001163995794701278, ""r_progress"": 0.002327991589402556, ""r_track"": -3.2088218501308615e-05, ""r_dir"": -7.895683520870505e-05, ""r_time"": -1.0, ""r_smooth"": 0.0, ""total"": -0.9977830534643075}"
0.263,10.001929611931612,0.08917129221179121,10.0,0.08917129221179121,4.716075085738364,60.0,-20000.0,-6.283185307179586,0.0,1000.0,0.0019296119316116747,1.2779848041448898,0.0,9.915544689782637,normal,0.0,"{""progress_diff"": 0.00011789954986130002, ""r_progress"": 0.0023579909972260005, ""r_track"": -3.3096908503272344e-05, ""r_dir"": -7.895683520870505e-05, ""r_time"": -1.0, ""r_smooth"": 0.0, ""total"": -0.9977540627464859}"
0.264,10.001959490280106,0.09392727344655996,10.0,0.09392727344655995,4.756075085738364,40.0,-20000.0,-6.282185307179586,1.0,1000.0,0.001959490280105669,0.18587629874937472,0.0,9.910828707788184,normal,0.0,"{""progress_diff"": 0.0001188995308692431, ""r_progress"": 0.002377990617384862, ""r_track"": -3.412979695847638e-05, ""r_dir"": -7.893170446749513e-05, ""r_time"": -1.0, ""r_smooth"": 0.0, ""total"": -0.9977350708840411}"
0.265,10.001989745557239,0.09874325349735703,10.0,0.09874325349735702,4.816075085738364,60.0,20000.0,-6.282185307179586,0.0,-1000.0,0.0019897455572390754,0.9519984040857083,0.0,9.906072726553415,normal,0.0,"{""progress_diff"": 0.00012039950126990773, ""r_progress"": 0.0024079900253981545, ""r_track"": -3.5191887844912345e-05, ""r_dir"": -7.893170446749513e-05, ""r_time"": -1.0, ""r_smooth"": 0.0, ""total"": -0.9977061335669143}"
0.266,10.00202050830187,0.10363923193876491,10.0,0.1036392319387649,4.896075085738364,80.0,20000.0,-6.283185307179586,-1.0,-1000.0,0.002020508301869839,0.10074281140229044,0.0,9.901256746502618,normal,0.0,"{""progress_diff"": 0.00012239946103520527, ""r_progress"": 0.0024479892207041054, ""r_track"": -3.6288478203777245e-05, ""r_dir"": -7.895683520870505e-05, ""r_time"": -1.0, ""r_smooth"": 0.0, ""total"": -0.9976672560927083}"
0.267,10.002051899360897,0.10863520840625841,10.0,0.1086352084062584,4.996075085738363,100.0,20000.0,-6.283185307179586,0.0,1000.0,0.0020518993608966696,0.5646898562516862,0.0,9.89636076806121,normal,0.0,"{""progress_diff"": 0.00012489941168736252, ""r_progress"": 0.0024979882337472503, ""r_track"": -3.742480877553921e-05, ""r_dir"": -7.895683520870505e-05, ""r_time"": -1.0, ""r_smooth"": 0.0, ""total"": -0.997618393410237}"
0.268,10.002084039281225,0.11375118253719713,10.0,0.11375118253719713,5.1160750857383634,120.0,20000.0,-6.282185307179586,1.0,1000.0,0.0020840392812253583,1.1428841862252812,0.0,9.891364791593716,normal,0.0,"{""progress_diff"": 0.00012789935327345292, ""r_progress"": 0.0025579870654690584, ""r_track"": -3.860639756169163e-05, ""r_dir"": -7.893170446749513e-05, ""r_time"": -1.0, ""r_smooth"": 0.0, ""total"": -0.9975595510365601}"
0.269,10.002117048189769,0.1190071539715636,10.0,0.11900715397156358,5.256075085738363,140.0,20000.0,-6.280185307179586,2.0,1000.0,0.0021170481897687665,1.6972353100282151,0.0,9.886248817462779,normal,0.0,"{""progress_diff"": 0.00013139928585914618, ""r_progress"": 0.0026279857171829235, ""r_track"": -3.983904922491743e-05, ""r_dir"": -7.888145498503067e-05, ""r_time"": -1.0, ""r_smooth"": 0.0, ""total"": -0.997490734787027}"
0.27,10.002151056505388,0.12442312228469327,10.0,0.12442312228469327,5.416075085738363,160.0,20000.0,-6.279185307179586,1.0,-1000.0,0.0021510565053883823,0.946475868914984,0.0,9.88099284602841,normal,0.0,"{""progress_diff"": 0.0001353992078282351, ""r_progress"": 0.0027079841565647023, ""r_track"": -4.11292807944327e-05, ""r_dir"": -7.885633624379843e-05, ""r_time"": -1.0, ""r_smooth"": 0.0, ""total"": -0.9974120014604735}"
0.271,10.002185932789242,0.1299790879076239,10.0,0.12997908790762389,5.556075085738363,140.0,-20000.0,-6.277185307179586,2.0,1000.0,0.002185932789242173,0.7604853306478374,0.0,9.875576877715282,normal,0.0,"{""progress_diff"": 0.00013889914057324537, ""r_progress"": 0.0027779828114649074, ""r_track"": -4.247379696963616e-05, ""r_dir"": -7.880611076135628e-05, ""r_time"": -1.0, ""r_smooth"": 0.0, ""total"": -0.9973432970962661}"
0.272,10.002221796268262,0.13569505048593664,10.0,0.13569505048593664,5.716075085738363,160.0,20000.0,-6.274185307179586,3.0,1000.0,0.002221796268262466,1.3438328590645792,0.0,9.870020912092352,normal,0.0,"{""progress_diff"": 0.0001428990644578576, ""r_progress"": 0.002857981289157152, ""r_track"": -4.387892140146683e-05, ""r_dir"": -7.87308025376596e-05, ""r_time"": -1.0, ""r_smooth"": 0.0, ""total"": -0.9972646284347819}"
0.273,10.002258526415543,0.14155101038215231,10.0,0.14155101038215231,5.856075085738363,140.0,-20000.0,-6.272185307179586,2.0,-1000.0,0.0022585264155434714,0.0603114552313945,0.0,9.864304949514038,normal,0.0,"{""progress_diff"": 0.00014639899740537254, ""r_progress"": 0.002927979948107451, ""r_track"": -4.53417028418457e-05, ""r_dir"": -7.868061705519515e-05, ""r_time"": -1.0, ""r_smooth"": 0.0, ""total"": -0.9971960423717896}"
0.274,10.002296242058023,0.14756696724432763,10.0,0.1475669672443276,6.016075085738363,160.0,20000.0,-6.269185307179586,3.0,1000.0,0.0022962420580228127,0.9998572237572314,0.0,9.858448989617823,normal,0.0,"{""progress_diff"": 0.0001503989215543844, ""r_progress"": 0.003007978431087688, ""r_track"": -4.6868689680291934e-05, ""r_dir"": -7.860536883152076e-05, ""r_time"": -1.0, ""r_smooth"": 0.0, ""total"": -0.9971174956274241}"
0.275,10.002334810756878,0.15372292150964809,10.0,0.15372292150964806,6.156075085738363,140.0,-20000.0,-6.265185307179586,4.0,1000.0,0.002334810756877914,1.9018764395009007,0.0,9.852433032755648,normal,0.0,"{""progress_diff"": 0.00015389885663302794, ""r_progress"": 0.0030779771326605587, ""r_track"": -4.845636684829172e-05, ""r_dir"": -7.850509386659186e-05, ""r_time"": -1.0, ""r_smooth"": 0.0, ""total"": -0.9970489843280543}"
0.276,10.002374099893292,0.15999887361634757,10.0,0.15999887361634757,6.276075085738363,120.0,-20000.0,-6.2601853071795865,5.0,1000.0,0.0023740998932915147,0.5710451367931927,0.0,9.846277078490328,normal,0.0,"{""progress_diff"": 0.00015689880266750444, ""r_progress"": 0.003137976053350089, ""r_track"": -5.010089158512694e-05, ""r_dir"": -7.837984016045301e-05, ""r_time"": -1.0, ""r_smooth"": 0.0, ""total"": -0.9969905046783955}"
0.277,10.002414239786127,0.1664148231403725,10.0,0.16641482314037248,6.416075085738362,140.0,20000.0,-6.256185307179587,4.0,-1000.0,0.0024142397861268705,0.9401364326060975,0.0,9.840001126383628,normal,0.0,"{""progress_diff"": 0.0001603987381006422, ""r_progress"": 0.003207974762012844, ""r_track"": -5.180936662149261e-05, ""r_dir"": -7.827970919554638e-05, ""r_time"": -1.0, ""r_smooth"": 0.0, ""total"": -0.9969221143138042}"
0.278,10.002455347782348,0.17299076973884148,10.0,0.17299076973884145,6.5760750857383625,160.0,20000.0,-6.251185307179587,5.0,1000.0,0.0024553477823481273,1.4213977467475198,0.0,9.833585176859602,normal,0.0,"{""progress_diff"": 0.00016439866496170685, ""r_progress"": 0.003287973299234137, ""r_track"": -5.358873539806104e-05, ""r_dir"": -7.815463548940751e-05, ""r_time"": -1.0, ""r_smooth"": 0.0, ""total"": -0.9968437700716534}"
0.279,10.002497540448937,0.1797467130736409,10.0,0.17974671307364087,6.756075085738362,180.0,20000.0,-6.245185307179587,6.0,1000.0,0.00249754044893713,1.1717059593886208,0.0,9.827009230261133,normal,0.0,"{""progress_diff"": 0.00016889858336999186, ""r_progress"": 0.0033779716673998372, ""r_track"": -5.544629594735184e-05, ""r_dir"": -7.800467904201423e-05, ""r_time"": -1.0, ""r_smooth"": 0.0, ""total"": -0.9967554793075896}"
0.28,10.002540933452892,0.1867026528121405,10.0,0.1867026528121405,6.956075085738362,200.0,20000.0,-6.238185307179587,7.0,1000.0,0.002540933452891636,1.1492046296087546,0.0,9.820253286926334,normal,0.0,"{""progress_diff"": 0.00017389849346249875, ""r_progress"": 0.003477969869249975, ""r_track"": -5.738971388465611e-05, ""r_dir"": -7.782991185341096e-05, ""r_time"": -1.0, ""r_smooth"": 0.0, ""total"": -0.9966572497564881}"
0.281,10.0025854065073,0.19383858931527218,10.0,0.19383858931527218,7.136075085738362,180.0,-20000.0,-6.232185307179587,6.0,-1000.0,0.0025854065073005472,0.07947765295507017,0.0,9.813297347187834,normal,0.0,"{""progress_diff"": 0.00017839841257827338, ""r_progress"": 0.0035679682515654676, ""r_track"": -5.941623829326235e-05, ""r_dir"": -7.768026740606204e-05, ""r_time"": -1.0, ""r_smooth"": 0.0, ""total"": -0.9965691282541339}"
0.282,10.002630840225237,0.201134522938463,10.0,0.201134522938463,7.296075085738362,160.0,-20000.0,-6.227185307179587,5.0,-1000.0,0.0026308402252368523,0.08187342767052963,0.0,9.806161410684703,normal,0.0,"{""progress_diff"": 0.00018239834057975912, ""r_progress"": 0.0036479668115951824, ""r_track"": -6.152284702866038e-05, ""r_dir"": -7.755567369990104e-05, ""r_time"": -1.0, ""r_smooth"": 0.0, ""total"": -0.9964911117091334}"
0.283,10.002677364925562,0.2086104532578184,10.0,0.2086104532578184,7.476075085738362,180.0,20000.0,-6.2231853071795875,4.0,-1000.0,0.0026773649255620313,0.793481787801189,0.0,9.798865477061513,normal,0.0,"{""progress_diff"": 0.0001868982579838474, ""r_progress"": 0.003737965159676948, ""r_track"": -6.371807061893139e-05, ""r_dir"": -7.745607073499436e-05, ""r_time"": -1.0, ""r_smooth"": 0.0, ""total"": -0.996403208981677}"
0.284,10.002725111227136,0.21628637984765622,10.0,0.21628637984765622,7.676075085738362,200.0,20000.0,-6.220185307179587,3.0,-1000.0,0.002725111227135812,0.9332660105574055,0.0,9.791389546742158,normal,0.0,"{""progress_diff"": 0.00019189816474596277, ""r_progress"": 0.0038379632949192555, ""r_track"": -6.601094400232579e-05, ""r_dir"": -7.738141051129776e-05, ""r_time"": -1.0, ""r_smooth"": 0.0, ""total"": -0.9963054290595944}"
0.285,10.002774194376963,0.22418230237792594,10.0,0.22418230237792594,7.896075085738362,220.0,20000.0,-6.216185307179588,4.0,1000.0,0.002774194376963024,2.159171317689194,0.0,9.78371362015232,normal,0.0,"{""progress_diff"": 0.00019739806325674847, ""r_progress"": 0.003947961265134969, ""r_track"": -6.841026169931787e-05, ""r_dir"": -7.728191954639108e-05, ""r_time"": -1.0, ""r_smooth"": 0.0, ""total"": -0.9961977309161107}"
0.286,10.002824744993902,0.2323182204229839,10.0,0.2323182204229839,8.136075085738362,240.0,20000.0,-6.213185307179588,3.0,-1000.0,0.0028247449939016174,0.9297800951590488,0.0,9.77581769762205,normal,0.0,"{""progress_diff"": 0.00020339795112644943, ""r_progress"": 0.0040679590225289886, ""r_track"": -7.092608249397554e-05, ""r_dir"": -7.720734332271658e-05, ""r_time"": -1.0, ""r_smooth"": 0.0, ""total"": -0.9960801744032877}"
0.287,10.002876645790986,0.2406741343254699,10.0,0.2406741343254699,8.356075085738363,220.0,-20000.0,-6.211185307179588,2.0,-1000.0,0.002876645790985677,0.09501990675999981,0.0,9.767681779576993,normal,0.0,"{""progress_diff"": 0.00020889784756211727, ""r_progress"": 0.004177956951242345, ""r_track"": -7.355636450484987e-05, ""r_dir"": -7.715764584025219e-05, ""r_time"": -1.0, ""r_smooth"": 0.0, ""total"": -0.9959727570591027}"
0.288,10.00293002866705,0.24927004365189925,10.0,0.24927004365189925,8.596075085738363,240.0,20000.0,-6.210185307179588,1.0,-1000.0,0.0029300286670501667,0.9256575599883246,0.0,9.759325865674507,normal,0.0,"{""progress_diff"": 0.00021489773316080152, ""r_progress"": 0.00429795466321603, ""r_track"": -7.631171546431801e-05, ""r_dir"": -7.713280309902e-05, ""r_time"": -1.0, ""r_smooth"": 0.0, ""total"": -0.9958554898553473}"
0.289,10.002985026180916,0.2581259479647125,10.0,0.2581259479647125,8.856075085738363,260.0,20000.0,-6.210185307179588,0.0,-1000.0,0.002985026180915895,0.6524825134490179,0.0,9.750729956348076,normal,0.0,"{""progress_diff"": 0.00022139760782025064, ""r_progress"": 0.004427952156405013, ""r_track"": -7.920338934002964e-05, ""r_dir"": -7.713280309902e-05, ""r_time"": -1.0, ""r_smooth"": 0.0, ""total"": -0.995728384036034}"
0.29,10.00304177167139,0.26726184682150594,10.0,0.26726184682150594,9.136075085738362,280.0,20000.0,-6.211185307179588,-1.0,-1000.0,0.003041771671389526,0.9200984050452325,0.0,9.741874052035264,normal,0.0,"{""progress_diff"": 0.00022839747141989442, ""r_progress"": 0.004567949428397888, ""r_track"": -8.224333245215849e-05, ""r_dir"": -7.715764584025219e-05, ""r_time"": -1.0, ""r_smooth"": 0.0, ""total"": -0.9955914515498945}"
0.291,10.003100380505474,0.2766977398914946,10.0,0.2766977398914946,9.436075085738363,300.0,20000.0,-6.211185307179588,0.0,1000.0,0.0031003805054741207,1.335065994691111,0.0,9.73273815317847,normal,0.0,"{""progress_diff"": 0.0002358973267497233, ""r_progress"": 0.004717946534994466, ""r_track"": -8.544319358865746e-05, ""r_dir"": -7.715764584025219e-05, ""r_time"": -1.0, ""r_smooth"": 0.0, ""total"": -0.9954446543044344}"
0.292,10.003160986661964,0.2864536267282901,10.0,0.2864536267282901,9.756075085738363,320.0,20000.0,-6.212185307179588,-1.0,-1000.0,0.0031609866619639604,0.7115728119994185,0.0,9.72330226010848,normal,0.0,"{""progress_diff"": 0.00024389717091982677, ""r_progress"": 0.004877943418396535, ""r_track"": -8.881632601879166e-05, ""r_dir"": -7.718249258146232e-05, ""r_time"": -1.0, ""r_smooth"": 0.0, ""total"": -0.9952880554002037}"
0.293,10.003223725139634,0.2965495068791381,10.0,0.2965495068791381,10.096075085738363,340.0,20000.0,-6.214185307179588,-2.0,-1000.0,0.0032237251396338706,0.9100209402159568,0.0,9.713546373271686,normal,0.0,"{""progress_diff"": 0.0002523970037712209, ""r_progress"": 0.0050479400754244175, ""r_track"": -9.237692245251038e-05, ""r_dir"": -7.723219806392669e-05, ""r_time"": -1.0, ""r_smooth"": 0.0, ""total"": -0.995121669045092}"
0.294,10.00328871116549,0.30700538001412986,10.0,0.30700538001412986,10.456075085738362,360.0,20000.0,-6.215185307179588,-1.0,1000.0,0.003288711165490455,1.321724752868325,0.0,9.703450493120839,normal,0.0,"{""progress_diff"": 0.0002613968283747825, ""r_progress"": 0.00522793656749565, ""r_track"": -9.613885448908076e-05, ""r_dir"": -7.72570568051589e-05, ""r_time"": -1.0, ""r_smooth"": 0.0, ""total"": -0.9949454593437986}"
0.295,10.003356058946558,0.31784124580972484,10.0,0.31784124580972484,10.836075085738363,380.0,20000.0,-6.215185307179588,0.0,1000.0,0.003356058946557994,1.0318143517147604,0.0,9.692994619985846,normal,0.0,"{""progress_diff"": 0.0002708966448898842, ""r_progress"": 0.005417932897797684, ""r_track"": -0.00010011672580241736, ""r_dir"": -7.72570568051589e-05, ""r_time"": -1.0, ""r_smooth"": 0.0, ""total"": -0.9947594408848099}"
0.296,10.0034259040216,0.32907710380979954,10.0,0.3290771038097995,11.236075085738364,400.0,20000.0,-6.216185307179589,-1.0,-1000.0,0.003425904021600701,0.898302630329773,0.0,9.682158754190251,normal,0.0,"{""progress_diff"": 0.00028089645000184404, ""r_progress"": 0.005617929000036881, ""r_track"": -0.00010432727435750982, ""r_dir"": -7.728191954639108e-05, ""r_time"": -1.0, ""r_smooth"": 0.0, ""total"": -0.994563680193867}"
0.297,10.003498359877659,0.3407329536952988,10.0,0.34073295369529877,11.656075085738363,420.0,20000.0,-6.216185307179589,0.0,1000.0,0.003498359877658786,1.3193218264744417,0.0,9.670922896190177,normal,0.0,"{""progress_diff"": 0.000291396247137532, ""r_progress"": 0.00582792494275064, ""r_track"": -0.00010878686074322484, ""r_dir"": -7.728191954639108e-05, ""r_time"": -1.0, ""r_smooth"": 0.0, ""total"": -0.994358143837539}"
0.298,10.003573562933479,0.35282879500461733,10.0,0.35282879500461733,12.096075085738363,440.0,20000.0,-6.217185307179589,-1.0,-1000.0,0.003573562933478769,0.8653721826048512,0.0,9.659267046304677,normal,0.0,"{""progress_diff"": 0.00030239603273296556, ""r_progress"": 0.006047920654659311, ""r_track"": -0.00011351424035140787, ""r_dir"": -7.730678628762328e-05, ""r_time"": -1.0, ""r_smooth"": 0.0, ""total"": -0.9941429003719797}"
0.299,10.003651377190305,0.3653446281967494,10.0,0.3653446281967494,12.516075085738363,420.0,-20000.0,-6.217185307179589,0.0,1000.0,0.0036513771903052827,1.3772869276551585,0.0,9.647171204995358,normal,0.0,"{""progress_diff"": 0.00031289582980326136, ""r_progress"": 0.006257916596065227, ""r_track"": -0.00011851160343005955, ""r_dir"": -7.730678628762328e-05, ""r_time"": -1.0, ""r_smooth"": 0.0, ""total"": -0.9939379017936525}"
0.3,10.00373191403522,0.3783004529657057,10.0,0.3783004529657057,12.956075085738362,440.0,20000.0,-6.216185307179589,1.0,1000.0,0.0037319140352192197,1.0769153504536286,0.0,9.634655371803227,normal,0.0,"{""progress_diff"": 0.00032389561922396837, ""r_progress"": 0.006477912384479367, ""r_track"": -0.00012379717658903287, ""r_dir"": -7.728191954639108e-05, ""r_time"": -1.0, ""r_smooth"": 0.0, ""total"": -0.9937231667116561}"
0.301,10.003815283475328,0.39171626901403556,10.0,0.39171626901403556,13.416075085738363,460.0,20000.0,-6.214185307179589,2.0,1000.0,0.003815283475328002,0.7738237917995922,0.0,9.62169954703427,normal,0.0,"{""progress_diff"": 0.0003353954012081939, ""r_progress"": 0.006707908024163878, ""r_track"": -0.00012939011552987482, ""r_dir"": -7.723219806392669e-05, ""r_time"": -1.0, ""r_smooth"": 0.0, ""total"": -0.9934987142894299}"
0.302,10.003901594017766,0.40561207605352567,10.0,0.40561207605352567,13.896075085738364,480.0,20000.0,-6.211185307179589,3.0,1000.0,0.0039015940177655746,1.8271775086872353,0.0,9.60828373098594,normal,0.0,"{""progress_diff"": 0.0003473951759872529, ""r_progress"": 0.006947903519745058, ""r_track"": -0.00013531054115079218, ""r_dir"": -7.715764584025219e-05, ""r_time"": -1.0, ""r_smooth"": 0.0, ""total"": -0.993264564667246}"
0.303,10.003990704263881,0.41996787457647083,10.0,0.41996787457647083,14.356075085738365,460.0,-20000.0,-6.207185307179589,4.0,1000.0,0.003990704263880929,1.923749583069668,0.0,9.594387923946451,normal,0.0,"{""progress_diff"": 0.00035889496307361934, ""r_progress"": 0.007177899261472387, ""r_track"": -0.0001415619601933993, ""r_dir"": -7.705829887532344e-05, ""r_time"": -1.0, ""r_smooth"": 0.0, ""total"": -0.9930407209975963}"
0.304,10.004082749432442,0.4348036641286521,10.0,0.4348036641286521,14.836075085738365,480.0,20000.0,-6.204185307179589,3.0,-1000.0,0.004082749432441801,0.8642124896468755,0.0,9.580032125423505,normal,0.0,"{""progress_diff"": 0.00037089473880458357, ""r_progress"": 0.007417894776091671, ""r_track"": -0.00014816749269425645, ""r_dir"": -7.698383065164892e-05, ""r_time"": -1.0, ""r_smooth"": 0.0, ""total"": -0.9928072565472542}"
0.305,10.004177866002196,0.4501394442481492,10.0,0.4501394442481492,15.336075085738365,500.0,20000.0,-6.202185307179589,2.0,-1000.0,0.004177866002196495,0.8595307995330592,0.0,9.565196335871324,normal,0.0,"{""progress_diff"": 0.00038339450298741085, ""r_progress"": 0.007667890059748217, ""r_track"": -0.00015515168295386067, ""r_dir"": -7.693420516918454e-05, ""r_time"": -1.0, ""r_smooth"": 0.0, ""total"": -0.9925641958283749}"
0.306,10.004276191831863,0.4659952144645655,10.0,0.4659952144645655,15.856075085738365,520.0,20000.0,-6.201185307179589,1.0,-1000.0,0.00427619183186323,0.6826214513824318,0.0,9.549860555751827,normal,0.0,"{""progress_diff"": 0.00039639425541038165, ""r_progress"": 0.007927885108207633, ""r_track"": -0.00016254059184794492, ""r_dir"": -7.690939842795237e-05, ""r_time"": -1.0, ""r_smooth"": 0.0, ""total"": -0.9923115648820683}"
0.307,10.004377866280134,0.48239097429824623,10.0,0.48239097429824623,16.396075085738364,540.0,20000.0,-6.201185307179589,0.0,-1000.0,0.004377866280133702,0.8490899544761513,0.0,9.53400478553541,normal,0.0,"{""progress_diff"": 0.00040989399584201447, ""r_progress"": 0.00819787991684029, ""r_track"": -0.0001703618948153929, ""r_dir"": -7.690939842795237e-05, ""r_time"": -1.0, ""r_smooth"": 0.0, ""total"": -0.992049391376403}"
0.308,10.004482748408348,0.4993067242386278,10.0,0.4993067242386278,16.916075085738363,520.0,-20000.0,-6.200185307179589,1.0,1000.0,0.004482748408348058,1.7465814814964367,0.0,9.51760902570173,normal,0.0,"{""progress_diff"": 0.0004228937485095674, ""r_progress"": 0.008457874970191348, ""r_track"": -0.00017862251815597383, ""r_dir"": -7.688459568672018e-05, ""r_time"": -1.0, ""r_smooth"": 0.0, ""total"": -0.9917976321436514}"
0.309,10.004590943703697,0.5167624640160478,10.0,0.5167624640160478,17.456075085738362,540.0,20000.0,-6.198185307179589,2.0,1000.0,0.004590943703696837,0.8750734653971945,0.0,9.500693275761348,normal,0.0,"{""progress_diff"": 0.00043639349443552744, ""r_progress"": 0.008727869888710549, ""r_track"": -0.00018734901413789893, ""r_dir"": -7.683500220427784e-05, ""r_time"": -1.0, ""r_smooth"": 0.0, ""total"": -0.9915363141276317}"
0.31,10.004702308107579,0.5347381941391235,10.0,0.5347381941391235,17.976075085738362,520.0,-20000.0,-6.195185307179589,3.0,1000.0,0.0047023081075785456,1.0028049577460956,0.0,9.483237535983928,normal,0.0,"{""progress_diff"": 0.0004493932530768574, ""r_progress"": 0.008987865061537148, ""r_track"": -0.00019654845812087932, ""r_dir"": -7.676064198058129e-05, ""r_time"": -1.0, ""r_smooth"": 0.0, ""total"": -0.9912854440385643}"
0.311,10.004816980858687,0.5532539141289282,10.0,0.5532539141289282,18.51607508573836,540.0,20000.0,-6.193185307179589,2.0,-1000.0,0.004816980858686648,0.8291631940208866,0.0,9.465261805860854,normal,0.0,"{""progress_diff"": 0.00046289299974511255, ""r_progress"": 0.009257859994902251, ""r_track"": -0.0002062515963818094, ""r_dir"": -7.671108849811692e-05, ""r_time"": -1.0, ""r_smooth"": 0.0, ""total"": -0.9910251026899777}"
0.312,10.004935064544268,0.5723296237335518,10.0,0.5723296237335518,19.07607508573836,560.0,20000.0,-6.190185307179589,3.0,1000.0,0.004935064544268286,0.8814516801104246,0.0,9.446746085871048,normal,0.0,"{""progress_diff"": 0.00047689274011558647, ""r_progress"": 0.00953785480231173, ""r_track"": -0.0002164876627208351, ""r_dir"": -7.663678827444239e-05, ""r_time"": -1.0, ""r_smooth"": 0.0, ""total"": -0.9907552696486835}"
0.313,10.005056699203001,0.5919853224691851,10.0,0.5919853224691851,19.656075085738358,580.0,20000.0,-6.188185307179589,2.0,-1000.0,0.005056699203001003,0.8185589687363459,0.0,9.427670376266425,normal,0.0,"{""progress_diff"": 0.0004913924683908055, ""r_progress"": 0.00982784936781611, ""r_track"": -0.00022729072737449755, ""r_dir"": -7.658727479197804e-05, ""r_time"": -1.0, ""r_smooth"": 0.0, ""total"": -0.9904760286343504}"
0.314,10.005181738576324,0.6122010108578433,10.0,0.6122010108578433,20.216075085738357,560.0,-20000.0,-6.185185307179589,3.0,1000.0,0.00518173857632398,0.9917171747565219,0.0,9.408014677530792,normal,0.0,"{""progress_diff"": 0.0005053922097164598, ""r_progress"": 0.010107844194329196, ""r_track"": -0.00023867035265212502, ""r_dir"": -7.651303456830348e-05, ""r_time"": -1.0, ""r_smooth"": 0.0, ""total"": -0.9902073391928913}"
0.315,10.005310282151543,0.6329966886664875,10.0,0.6329966886664875,20.796075085738355,580.0,20000.0,-6.1811853071795895,4.0,1000.0,0.005310282151542722,0.9036906673822412,0.0,9.387798989142134,normal,0.0,"{""progress_diff"": 0.0005198919452161221, ""r_progress"": 0.010397838904322443, ""r_track"": -0.000250658635813273, ""r_dir"": -7.641410360337478e-05, ""r_time"": -1.0, ""r_smooth"": 0.0, ""total"": -0.9899292338350942}"
0.316,10.005442427435995,0.6543923556740465,10.0,0.6543923556740465,21.396075085738357,600.0,20000.0,-6.17618530717959,5.0,1000.0,0.005442427435994545,2.5638274755220065,0.0,9.36700331133349,normal,0.0,"{""progress_diff"": 0.0005348916751889976, ""r_progress"": 0.010697833503779952, ""r_track"": -0.0002632890346316992, ""r_dir"": -7.629052989723588e-05, ""r_time"": -1.0, ""r_smooth"": 0.0, ""total"": -0.989641746060749}"
0.317,10.005578023031214,0.676368012433483,10.0,0.676368012433483,21.976075085738355,580.0,-20000.0,-6.170185307179589,6.0,1000.0,0.00557802303121413,1.4407406211217706,0.0,9.34560764432593,normal,0.0,"{""progress_diff"": 0.0005493914189858562, ""r_progress"": 0.010987828379717124, ""r_track"": -0.0002765719194378246, ""r_dir"": -7.614237344986479e-05, ""r_time"": -1.0, ""r_smooth"": 0.0, ""total"": -0.9893648859131705}"
0.318,10.005717207835898,0.6989436584678059,10.0,0.6989436584678059,22.576075085738356,600.0,20000.0,-6.1651853071795895,5.0,-1000.0,0.0057172078358984635,0.7930195324274596,0.0,9.323631987566495,normal,0.0,"{""progress_diff"": 0.0005643911508581012, ""r_progress"": 0.011287823017162024, ""r_track"": -0.0002905463594565226, ""r_dir"": -7.601901974372587e-05, ""r_time"": -1.0, ""r_smooth"": 0.0, ""total"": -0.9890787423620382}"
0.319,10.00586012224872,0.7221392932910613,10.0,0.7221392932910613,23.196075085738357,620.0,20000.0,-6.16118530717959,4.0,-1000.0,0.00586012224871979,0.7874561521998271,0.0,9.30105634153217,normal,0.0,"{""progress_diff"": 0.0005798908705814121, ""r_progress"": 0.011597817411628242, ""r_track"": -0.0003052536246216951, ""r_dir"": -7.592040877881911e-05, ""r_time"": -1.0, ""r_smooth"": 0.0, ""total"": -0.9887833566217723}"
0.32,10.006006908288322,0.7459749164075551,10.0,0.7459749164075551,23.836075085738358,640.0,20000.0,-6.15818530717959,3.0,-1000.0,0.006006908288322066,0.6153549137209973,0.0,9.277860706708916,normal,0.0,"{""progress_diff"": 0.0005958905779123169, ""r_progress"": 0.011917811558246338, ""r_track"": -0.00032073730830499853, ""r_dir"": -7.584649255512262e-05, ""r_time"": -1.0, ""r_smooth"": 0.0, ""total"": -0.9884787722426138}"
0.321,10.006157709713317,0.770470527311069,10.0,0.770470527311069,24.496075085738358,660.0,20000.0,-6.15618530717959,2.0,-1000.0,0.0061577097133174155,0.7752519269152865,0.0,9.254025083592422,normal,0.0,"{""progress_diff"": 0.0006123902725878594, ""r_progress"": 0.012247805451757188, ""r_track"": -0.0003370434570087435, ""r_dir"": -7.579723507268017e-05, ""r_time"": -1.0, ""r_smooth"": 0.0, ""total"": -0.9881650352403243}"
0.322,10.006312425936423,0.7956061262417924,10.0,0.8,25.13607508573836,640.0,-20000.0,-6.15518530717959,1.0,-1000.0,0.006312425936423338,0.2717325835731456,0.0,9.229529472688908,normal,0.0,"{""progress_diff"": 0.0006283899732680842, ""r_progress"": 0.012567799465361684, ""r_track"": -0.00035419307735848945, ""r_dir"": -7.577261233142614e-05, ""r_time"": -1.0, ""r_smooth"": 0.0, ""total"": -0.9878621662243282}"
0.323,10.00647120455618,0.8214017126700742,10.0,0.8214017126700742,25.79607508573836,660.0,20000.0,-6.15518530717959,0.0,-1000.0,0.006471204556179444,0.48209186799119097,0.0,9.204393873758185,normal,0.0,"{""progress_diff"": 0.0006448896607070265, ""r_progress"": 0.01289779321414053, ""r_track"": -0.0003722354525148231, ""r_dir"": -7.577261233142614e-05, ""r_time"": -1.0, ""r_smooth"": 0.0, ""total"": -0.9875502148507057}"
0.324,10.00663419515109,0.8478772860540753,10.0,0.8478772860540753,26.47607508573836,680.0,20000.0,-6.15618530717959,-1.0,-1000.0,0.006634195151089983,0.3775101992770419,0.0,9.178598287329903,normal,0.0,"{""progress_diff"": 0.0006618893345999854, ""r_progress"": 0.013237786691999709, ""r_track"": -0.0003912226249132964, ""r_dir"": -7.579723507268017e-05, ""r_time"": -1.0, ""r_smooth"": 0.0, ""total"": -0.9872292331679863}"
0.325,10.006801248802638,0.8750128469315721,10.0,0.8750128469315721,27.13607508573836,660.0,-20000.0,-6.15618530717959,0.0,1000.0,0.006801248802638326,0.4698269647434965,0.0,9.152122713945904,normal,0.0,"{""progress_diff"": 0.0006783890219374533, ""r_progress"": 0.013567780438749066, ""r_track"": -0.00041117320244790455, ""r_dir"": -7.579723507268017e-05, ""r_time"": -1.0, ""r_smooth"": 0.0, ""total"": -0.9869191899987715}"
0.326,10.006972214612349,0.9027883958525292,10.0,0.9027883958525292,27.77607508573836,640.0,-20000.0,-6.15518530717959,1.0,1000.0,0.006972214612348538,0.3054917738239945,0.0,9.124987153068407,normal,0.0,"{""progress_diff"": 0.0006943887230239643, ""r_progress"": 0.013887774460479285, ""r_track"": -0.0004321046808946354, ""r_dir"": -7.577261233142614e-05, ""r_time"": -1.0, ""r_smooth"": 0.0, ""total"": -0.9866201028327468}"
0.327,10.00714724281871,0.9312239322710448,10.0,0.9312239322710448,28.43607508573836,660.0,20000.0,-6.15518530717959,0.0,-1000.0,0.0071472428187107084,0.7360110818583784,0.0,9.097211604147448,normal,0.0,"{""progress_diff"": 0.000710888410462851, ""r_progress"": 0.01421776820925702, ""r_track"": -0.00045407182141877145, ""r_dir"": -7.577261233142614e-05, ""r_time"": -1.0, ""r_smooth"": 0.0, ""total"": -0.9863120762244931}"
0.328,10.007326427409128,0.9603394559874562,10.0,0.9603394559874562,29.11607508573836,680.0,20000.0,-6.154185307179589,1.0,1000.0,0.007326427409127589,2.2234243379531837,0.0,9.068776067728933,normal,0.0,"{""progress_diff"": 0.0007278880929103004, ""r_progress"": 0.014557761858206009, ""r_track"": -0.00047712478738858667, ""r_dir"": -7.574799359021585e-05, ""r_time"": -1.0, ""r_smooth"": 0.0, ""total"": -0.9859951109227728}"
0.329,10.007509919902068,0.9901549664480105,10.0,0.9901549664480105,29.81607508573836,700.0,20000.0,-6.154185307179589,0.0,-1000.0,0.007509919902068063,0.721453755783404,0.0,9.039660544012522,normal,0.0,"{""progress_diff"": 0.0007453877615138937, ""r_progress"": 0.014907755230277875, ""r_track"": -0.0005013235283153598, ""r_dir"": -7.574799359021585e-05, ""r_time"": -1.0, ""r_smooth"": 0.0, ""total"": -0.9856693162916277}"
0.33,10.007697812844961,1.0206904634618772,10.0,1.0206904634618772,30.536075085738357,720.0,20000.0,-6.153185307179589,1.0,1000.0,0.007697812844961405,2.5373866399192715,0.0,9.009845033551967,normal,0.0,"{""progress_diff"": 0.0007633874253465955, ""r_progress"": 0.01526774850693191, ""r_track"": -0.0005267228675204693, ""r_dir"": -7.572337884898369e-05, ""r_time"": -1.0, ""r_smooth"": 0.0, ""total"": -0.9853346977394375}"
0.331,10.00789025911625,1.051965946466963,10.0,1.051965946466963,31.276075085738356,740.0,20000.0,-6.153185307179589,0.0,-1000.0,0.007890259116249965,0.16429199683947207,0.0,8.979309536538102,normal,0.0,"{""progress_diff"": 0.0007818870751271634, ""r_progress"": 0.015637741502543268, ""r_track"": -0.0005533883459694726, ""r_dir"": -7.572337884898369e-05, ""r_time"": -1.0, ""r_smooth"": 0.0, ""total"": -0.9849913702222752}"
0.332,10.00808741381433,1.0840014148875137,10.0,1.0840014148875137,32.036075085738354,760.0,20000.0,-6.154185307179589,-1.0,-1000.0,0.008087413814330091,0.7001702368014704,0.0,8.948034053533016,normal,0.0,"{""progress_diff"": 0.0008008867105137596, ""r_progress"": 0.016017734210275192, ""r_track"": -0.0005813889973708195, ""r_dir"": -7.574799359021585e-05, ""r_time"": -1.0, ""r_smooth"": 0.0, ""total"": -0.9846394027806858}"
0.333,10.008289434377557,1.1168168681332766,10.0,1.1168168681332766,32.816075085738355,780.0,20000.0,-6.156185307179589,-2.0,-1000.0,0.00828943437755747,0.6920519269152866,0.0,8.915998585112465,normal,0.0,"{""progress_diff"": 0.0008203863311441184, ""r_progress"": 0.016407726622882368, ""r_track"": -0.0006107975315540587, ""r_dir"": -7.579723507268017e-05, ""r_time"": -1.0, ""r_smooth"": 0.0, ""total"": -0.9842788681437443}"
0.334,10.00849623433838,1.1503923063573616,10.0,1.1503923063573616,33.57607508573835,760.0,-20000.0,-6.159185307179589,-3.0,-1000.0,0.00849623433838076,0.3554959638007781,0.0,8.883183131866701,normal,0.0,"{""progress_diff"": 0.0008393859556020677, ""r_progress"": 0.016787719112041355, ""r_track"": -0.0006416533149571587, ""r_dir"": -7.587112729635478e-05, ""r_time"": -1.0, ""r_smooth"": 0.0, ""total"": -0.9839298053302121}"
0.335,10.008707907144215,1.1847477293633466,10.0,1.1847477293633466,34.356075085738354,780.0,20000.0,-6.161185307179589,-2.0,1000.0,0.008707907144215099,1.4228603540123466,0.0,8.849607693642618,normal,0.0,"{""progress_diff"": 0.000858885575149626, ""r_progress"": 0.01717771150299252, ""r_track"": -0.0006740235273979766, ""r_dir"": -7.592040877881911e-05, ""r_time"": -1.0, ""r_smooth"": 0.0, ""total"": -0.9835722324331843}"
0.336,10.008924614333333,1.2199031365353346,10.0,1.2199031365353346,35.15607508573835,800.0,20000.0,-6.164185307179589,-3.0,-1000.0,0.008924614333333025,0.6673786873705516,0.0,8.815252270636632,normal,0.0,"{""progress_diff"": 0.0008788851792997376, ""r_progress"": 0.017577703585994753, ""r_track"": -0.000707988808877629, ""r_dir"": -7.59943610024937e-05, ""r_time"": -1.0, ""r_smooth"": 0.0, ""total"": -0.9832062795838854}"
0.337,10.009146520023958,1.2558785272411928,10.0,1.2558785272411928,35.97607508573835,820.0,20000.0,-6.168185307179589,-4.0,-1000.0,0.00914652002395755,0.658542067598184,0.0,8.780096863464644,normal,0.0,"{""progress_diff"": 0.0008993847676464495, ""r_progress"": 0.01798769535292899, ""r_track"": -0.0007436340315436126, ""r_dir"": -7.609301996742237e-05, ""r_time"": -1.0, ""r_smooth"": 0.0, ""total"": -0.982832031698582}"
0.338,10.00937371740351,1.292693901286141,10.0,1.292693901286141,36.816075085738355,840.0,20000.0,-6.171185307179589,-3.0,1000.0,0.009373717403509119,1.1389778108643775,0.0,8.744121472758787,normal,0.0,"{""progress_diff"": 0.000920384351123682, ""r_progress"": 0.01840768702247364, ""r_track"": -0.0007810362485408866, ""r_dir"": -7.616705619109696e-05, ""r_time"": -1.0, ""r_smooth"": 0.0, ""total"": -0.9824495162822583}"
0.339,10.009606372670167,1.3303692580249045,10.0,1.3303692580249045,37.676075085738354,860.0,20000.0,-6.175185307179588,-4.0,-1000.0,0.009606372670166508,0.6404279829965408,0.0,8.707306098713838,normal,0.0,"{""progress_diff"": 0.0009418839184691108, ""r_progress"": 0.018837678369382216, ""r_track"": -0.0008202879633610844, ""r_dir"": -7.626582715602564e-05, ""r_time"": -1.0, ""r_smooth"": 0.0, ""total"": -0.9820588754211349}"
0.34,10.009844654842055,1.3689245967943104,10.0,1.3689245967943104,38.55607508573836,880.0,20000.0,-6.180185307179588,-5.0,-1000.0,0.009844654842055434,0.24950404274992288,0.0,8.669630741975075,normal,0.0,"{""progress_diff"": 0.0009638834692351494, ""r_progress"": 0.01927766938470299, ""r_track"": -0.0008614864796373821, ""r_dir"": -7.638938086216456e-05, ""r_time"": -1.0, ""r_smooth"": 0.0, ""total"": -0.9816602064757965}"
0.341,10.010088735877238,1.4083799169123843,10.0,1.4083799169123843,39.456075085738355,900.0,20000.0,-6.1861853071795885,-6.0,-1000.0,0.010088735877237909,0.62087727862253,0.0,8.631075403205669,normal,0.0,"{""progress_diff"": 0.000986383002951785, ""r_progress"": 0.0197276600590357, ""r_track"": -0.0009047341475614877, ""r_dir"": -7.653777730953566e-05, ""r_time"": -1.0, ""r_smooth"": 0.0, ""total"": -0.9812536118658354}"
0.342,10.010338790793714,1.4487552176774303,10.0,1.4487552176774303,40.37607508573836,920.0,20000.0,-6.193185307179588,-7.0,-1000.0,0.010338790793714026,0.6105631940208867,0.0,8.591620083087596,normal,0.0,"{""progress_diff"": 0.0010093825191261896, ""r_progress"": 0.020187650382523792, ""r_track"": -0.0009501386228994302, ""r_dir"": -7.671108849811692e-05, ""r_time"": -1.0, ""r_smooth"": 0.0, ""total"": -0.9808391993288738}"
0.343,10.010594997789418,1.4900704983670943,10.0,1.4900704983670943,41.316075085738355,940.0,20000.0,-6.201185307179588,-8.0,-1000.0,0.010594997789418414,0.5998899544761516,0.0,8.55124478232255,normal,0.0,"{""progress_diff"": 0.0010328820172416098, ""r_progress"": 0.020657640344832195, ""r_track"": -0.0009978131391802764, ""r_dir"": -7.690939842795237e-05, ""r_time"": -1.0, ""r_smooth"": 0.0, ""total"": -0.980417082192776}"
0.344,10.010857453811692,1.5323457587624054,10.0,1.5323457587624054,42.276075085738356,960.0,20000.0,-6.208185307179588,-7.0,1000.0,0.010857453811691897,1.2400983156093635,0.0,8.509929501632886,normal,0.0,"{""progress_diff"": 0.0010568815098827566, ""r_progress"": 0.021137630197655133, ""r_track"": -0.0010478604735379815, ""r_dir"": -7.708312961655563e-05, ""r_time"": -1.0, ""r_smooth"": 0.0, ""total"": -0.9799873134054994}"
0.345,10.011126091212597,1.575560998895523,10.0,1.575560998895523,43.21607508573835,940.0,-20000.0,-6.216185307179588,-8.0,-1000.0,0.011126091212597443,0.44282413204454024,0.0,8.467654241237575,normal,0.0,"{""progress_diff"": 0.0010803810033279682, ""r_progress"": 0.021607620066559363, ""r_track"": -0.0011003547170758935, ""r_dir"": -7.728191954639108e-05, ""r_time"": -1.0, ""r_smooth"": 0.0, ""total"": -0.9795700165700629}"
0.346,10.011400756413705,1.6196962193322813,10.0,1.6196962193322813,44.136075085738355,920.0,-20000.0,-6.2231853071795875,-7.0,1000.0,0.011400756413705084,1.233600320791798,0.0,8.424439001104457,normal,0.0,"{""progress_diff"": 0.0011033805109189054, ""r_progress"": 0.02206761021837811, ""r_track"": -0.001155353304930112, ""r_dir"": -7.745607073499436e-05, ""r_time"": -1.0, ""r_smooth"": 0.0, ""total"": -0.979165199157287}"
0.347,10.01168129265665,1.6647314206590729,10.0,1.6647314206590729,45.036075085738354,900.0,-20000.0,-6.229185307179588,-6.0,1000.0,0.0116812926566503,0.8210188773119216,0.0,8.380303780667699,normal,0.0,"{""progress_diff"": 0.0011258800331697683, ""r_progress"": 0.022517600663395365, ""r_track"": -0.001212911983380553, ""r_dir"": -7.760549918236543e-05, ""r_time"": -1.0, ""r_smooth"": 0.0, ""total"": -0.9787729168191676}"
0.348,10.011967881399293,1.7106866021316622,10.0,1.7106866021316622,45.956075085738355,920.0,20000.0,-6.236185307179587,-7.0,-1000.0,0.011967881399293388,0.25987585366108107,0.0,8.335268579340909,normal,0.0,"{""progress_diff"": 0.0011488795368147509, ""r_progress"": 0.022977590736295017, ""r_track"": -0.0012731572016671348, ""r_dir"": -7.778001437096872e-05, ""r_time"": -1.0, ""r_smooth"": 0.0, ""total"": -0.9783733464797431}"
0.349,10.012260613489104,1.757581763570459,10.0,1.757581763570459,46.89607508573835,940.0,20000.0,-6.242185307179588,-6.0,1000.0,0.012260613489104344,0.8128804526434514,0.0,8.28931339786832,normal,0.0,"{""progress_diff"": 0.0011723790359699504, ""r_progress"": 0.023447580719399008, ""r_track"": -0.0013362012722596215, ""r_dir"": -7.79297548183398e-05, ""r_time"": -1.0, ""r_smooth"": 0.0, ""total"": -0.977966550307679}"
0.35,10.012559673023885,1.8054369042139309,10.0,1.8054369042139309,47.856075085738354,960.0,20000.0,-6.249185307179587,-7.0,-1000.0,0.012559673023885054,0.04586857121622462,0.0,8.242418236429522,normal,0.0,"{""progress_diff"": 0.0011963785160867824, ""r_progress"": 0.023927570321735647, ""r_track"": -0.0014021812130391637, ""r_dir"": -7.810463400694308e-05, ""r_time"": -1.0, ""r_smooth"": 0.0, ""total"": -0.9775527155253104}"
0.351,10.01286524740137,1.8542720232787975,10.0,1.8542720232787975,48.83607508573835,980.0,20000.0,-6.257185307179587,-8.0,-1000.0,0.012865247401370183,0.5157772776630056,0.0,8.19456309578605,normal,0.0,"{""progress_diff"": 0.0012208779766216815, ""r_progress"": 0.02441755953243363, ""r_track"": -0.0014712408062085537, ""r_dir"": -7.830473593675636e-05, ""r_time"": -1.0, ""r_smooth"": 0.0, ""total"": -0.9771319860097116}"
0.352,10.013177177203247,1.9040671213683003,10.0,1.9040671213683003,49.79607508573835,960.0,-20000.0,-6.264185307179587,-7.0,1000.0,0.013177177203246515,1.609778625748147,0.0,8.145727976721183,normal,0.0,"{""progress_diff"": 0.0012448774522375583, ""r_progress"": 0.024897549044751166, ""r_track"": -0.0015434488804067525, ""r_dir"": -7.848003512535965e-05, ""r_time"": -1.0, ""r_smooth"": 0.0, ""total"": -0.976724379870781}"
0.353,10.013495550517042,1.9548421983209312,10.0,1.9548421983209312,50.77607508573835,980.0,20000.0,-6.270185307179587,-6.0,1000.0,0.013495550517042432,2.4901702348824224,0.0,8.09593287863168,normal,0.0,"{""progress_diff"": 0.0012693769238157904, ""r_progress"": 0.025387538476315807, ""r_track"": -0.0016189323000715043, ""r_dir"": -7.863044757275297e-05, ""r_time"": -1.0, ""r_smooth"": 0.0, ""total"": -0.9763100242713284}"
0.354,10.013820556400454,2.006617253342242,10.0,2.006617253342242,51.77607508573835,1000.0,20000.0,-6.277185307179587,-7.0,-1000.0,0.013820556400453654,0.4831941788011678,0.0,8.04515780167905,normal,0.0,"{""progress_diff"": 0.001294376375532702, ""r_progress"": 0.02588752751065404, ""r_track"": -0.0016978469263832932, ""r_dir"": -7.880611076135628e-05, ""r_time"": -1.0, ""r_smooth"": 0.0, ""total"": -0.9758891255264907}"
0.355,10.014152281741033,2.059412286278659,10.0,2.059412286278659,52.79607508573835,1020.0,20000.0,-6.283185307179586,-6.0,1000.0,0.014152281741033335,0.47203924914261647,0.0,7.9933827466577405,normal,0.0,"{""progress_diff"": 0.0013198758234104768, ""r_progress"": 0.026397516468209536, ""r_track"": -0.001780329586467427, ""r_dir"": -7.895683520870505e-05, ""r_time"": -1.0, ""r_smooth"": 0.0, ""total"": -0.9754617699534666}"
0.356,10.014490541551337,2.113247298686366,10.0,2.113247298686366,53.83607508573835,1040.0,20000.0,-6.283185307179586,-5.0,1000.0,0.014490541551337444,1.4936511157121355,0.0,7.940587713721323,normal,0.0,"{""progress_diff"": 0.0013458753101926457, ""r_progress"": 0.026917506203852914, ""r_track"": -0.0018664515062314397, ""r_dir"": -7.895683520870505e-05, ""r_time"": -1.0, ""r_smooth"": 0.0, ""total"": -0.9750279021375873}"
0.357,10.014835461494245,2.168142290170581,10.0,2.168142290170581,54.89607508573835,1060.0,20000.0,-6.283185307179586,-4.0,1000.0,0.014835461494245195,1.65243046923539,0.0,7.8867527013136165,normal,0.0,"{""progress_diff"": 0.0013723747871053904, ""r_progress"": 0.027447495742107808, ""r_track"": -0.001956363713308728, ""r_dir"": -7.895683520870505e-05, ""r_time"": -1.0, ""r_smooth"": 0.0, ""total"": -0.9745878248064096}"
0.358,10.015186915906877,2.224077261126086,10.0,2.224077261126086,55.93607508573835,1040.0,-20000.0,-6.283185307179586,-3.0,1000.0,0.015186915906877374,0.5593607508573836,0.0,7.831857709829402,normal,0.0,"{""progress_diff"": 0.0013983742738876148, ""r_progress"": 0.027967485477752296, ""r_track"": -0.002050154797889467, ""r_dir"": -7.895683520870505e-05, ""r_time"": -1.0, ""r_smooth"": 0.0, ""total"": -0.9741616261553459}"
0.359,10.015545030452113,2.2810722111580986,10.0,2.2810722111580986,56.996075085738354,1060.0,20000.0,-6.283185307179586,-2.0,1000.0,0.015545030452113194,1.2955452425088578,0.0,7.775922738873897,normal,0.0,"{""progress_diff"": 0.001424873750800304, ""r_progress"": 0.02849747501600608, ""r_track"": -0.002147981971174458, ""r_dir"": -7.895683520870505e-05, ""r_time"": -1.0, ""r_smooth"": 0.0, ""total"": -0.9737294637903771}"
0.36,10.015909679467073,2.3391071406614015,10.0,2.3391071406614015,58.036075085738354,1040.0,-20000.0,-6.283185307179586,-1.0,1000.0,0.015909679467073445,1.4634157225523299,0.0,7.718927788841885,normal,0.0,"{""progress_diff"": 0.001450873237582584, ""r_progress"": 0.029017464751651678, ""r_track"": -0.0022499368955112746, ""r_dir"": -7.895683520870505e-05, ""r_time"": -1.0, ""r_smooth"": 0.0, ""total"": -0.9733114289790683}"
0.361,10.016280988614637,2.398202049241212,10.0,2.4,59.096075085738356,1060.0,20000.0,-6.283185307179586,0.0,1000.0,0.016280988614637337,0.40903924914261647,0.0,7.660892859338581,normal,0.0,"{""progress_diff"": 0.001477372714495273, ""r_progress"": 0.02954745428990546, ""r_track"": -0.0023561830246217833, ""r_dir"": -7.895683520870505e-05, ""r_time"": -1.0, ""r_smooth"": 0.0, ""total"": -0.972887685569925}"
0.362,10.016659023382795,2.458376936880812,10.0,2.458376936880812,60.176075085738354,1080.0,20000.0,-6.282185307179586,1.0,1000.0,0.016659023382795013,1.5020917490533452,0.0,7.601797950758771,normal,0.0,"{""progress_diff"": 0.0015043721909899777, ""r_progress"": 0.030087443819799553, ""r_track"": -0.002466871645053431, ""r_dir"": -7.893170446749513e-05, ""r_time"": -1.0, ""r_smooth"": 0.0, ""total"": -0.9724583595297214}"
0.363,10.017043968509338,2.5196518028142645,10.0,2.5196518028142645,61.276075085738356,1100.0,20000.0,-6.282185307179586,0.0,-1000.0,0.01704396850933776,0.11067907234437538,0.0,7.541623063119172,normal,0.0,"{""progress_diff"": 0.0015318716483362915, ""r_progress"": 0.03063743296672583, ""r_track"": -0.0025821943337537524, ""r_dir"": -7.893170446749513e-05, ""r_time"": -1.0, ""r_smooth"": 0.0, ""total"": -0.9720236930714954}"
0.364,10.01743576070623,2.582006647044466,10.0,2.582006647044466,62.356075085738354,1080.0,-20000.0,-6.283185307179586,-1.0,-1000.0,0.01743576070622943,0.2924397829923933,0.0,7.4803481971857195,normal,0.0,"{""progress_diff"": 0.001558871105755033, ""r_progress"": 0.03117742211510066, ""r_track"": -0.002702273345821282, ""r_dir"": -7.895683520870505e-05, ""r_time"": -1.0, ""r_smooth"": 0.0, ""total"": -0.9716038080659293}"
0.365,10.017834213035723,2.6454214703511747,10.0,2.6454214703511747,63.416075085738356,1060.0,-20000.0,-6.283185307179586,0.0,1000.0,0.017834213035722968,1.0029548344526593,0.0,7.417993352955518,normal,0.0,"{""progress_diff"": 0.0015853705826677222, ""r_progress"": 0.031707411653354445, ""r_track"": -0.0028271924853648985, ""r_dir"": -7.895683520870505e-05, ""r_time"": -1.0, ""r_smooth"": 0.0, ""total"": -0.9711987376672192}"
0.366,10.018239199834941,2.709876273129174,10.0,2.709876273129174,64.45607508573836,1040.0,-20000.0,-6.283185307179586,0.0,0.0,0.018239199834940933,0.6445607508573836,0.0,7.35457852964881,normal,0.0,"{""progress_diff"": 0.0016113700694500022, ""r_progress"": 0.03222740138900004, ""r_track"": -0.0029570525388347493, ""r_dir"": -7.895683520870505e-05, ""r_time"": -1.0, ""r_smooth"": 0.0, ""total"": -0.9708086079850434}"
0.367,10.018650781251981,2.775391055395295,10.0,2.775391055395295,65.51607508573836,1060.0,20000.0,-6.282185307179586,1.0,1000.0,0.018650781251981385,0.5053820247224432,0.0,7.29012372687081,normal,0.0,"{""progress_diff"": 0.0016378695566530155, ""r_progress"": 0.03275739113306031, ""r_track"": -0.0030920145894156475, ""r_dir"": -7.893170446749513e-05, ""r_time"": -1.0, ""r_smooth"": 0.0, ""total"": -0.9704135551608228}"
0.368,10.019069147384526,2.841985816349926,10.0,2.841985816349926,66.59607508573836,1080.0,20000.0,-6.282185307179586,0.0,-1000.0,0.01906914738452592,0.3341984040857083,0.0,7.2246089446046895,normal,0.0,"{""progress_diff"": 0.0016648690238657005, ""r_progress"": 0.03329738047731401, ""r_track"": -0.003232287839757971, ""r_dir"": -7.893170446749513e-05, ""r_time"": -1.0, ""r_smooth"": 0.0, ""total"": -0.9700138390669114}"
0.369,10.019494240244434,2.9096405559626652,10.0,2.9096405559626652,67.65607508573837,1060.0,-20000.0,-6.283185307179586,-1.0,-1000.0,0.019494240244434025,0.4090944441709823,0.0,7.15801418365006,normal,0.0,"{""progress_diff"": 0.0016913684903185344, ""r_progress"": 0.03382736980637069, ""r_track"": -0.003378003579624099, ""r_dir"": -7.895683520870505e-05, ""r_time"": -1.0, ""r_smooth"": 0.0, ""total"": -0.9696295906084621}"
0.37,10.019925867574067,2.9783352750466947,10.0,2.9783352750466947,68.69607508573837,1040.0,-20000.0,-6.283185307179586,0.0,1000.0,0.019925867574066558,0.7847815692816086,0.0,7.09035944403732,normal,0.0,"{""progress_diff"": 0.0017173679771007033, ""r_progress"": 0.034347359542014066, ""r_track"": -0.0035292462095932184, ""r_dir"": -7.895683520870505e-05, ""r_time"": -1.0, ""r_smooth"": 0.0, ""total"": -0.9692608435027878}"
0.371,10.020364085281605,3.0480899736454843,10.0,3.0480899736454843,69.75607508573837,1060.0,20000.0,-6.282185307179586,1.0,1000.0,0.020364085281604716,1.057954575591431,0.0,7.0216647249532915,normal,0.0,"{""progress_diff"": 0.001743867464969795, ""r_progress"": 0.0348773492993959, ""r_track"": -0.0036861863942797314, ""r_dir"": -7.893170446749513e-05, ""r_time"": -1.0, ""r_smooth"": 0.0, ""total"": -0.9688877687993513}"
0.372,10.020808946035292,3.1189246518226468,10.0,3.1189246518226468,70.83607508573837,1080.0,20000.0,-6.280185307179586,2.0,1000.0,0.020808946035291598,1.989677735946794,0.0,6.951910026354501,normal,0.0,"{""progress_diff"": 0.0017708669544290179, ""r_progress"": 0.03541733908858036, ""r_track"": -0.0038489976453304703, ""r_dir"": -7.888145498503067e-05, ""r_time"": -1.0, ""r_smooth"": 0.0, ""total"": -0.9685105400117351}"
0.373,10.021260391846987,3.1908193095477744,10.0,3.1908193095477744,71.89607508573837,1060.0,-20000.0,-6.279185307179586,1.0,-1000.0,0.021260391846986693,0.5183933687262174,0.0,6.881075348177339,normal,0.0,"{""progress_diff"": 0.0017973664431282232, ""r_progress"": 0.035947328862564465, ""r_track"": -0.00401781565766594, ""r_dir"": -7.885633624379843e-05, ""r_time"": -1.0, ""r_smooth"": 0.0, ""total"": -0.9681493431313453}"
0.374,10.02171861913425,3.263793945981761,10.0,3.263793945981761,72.97607508573837,1080.0,20000.0,-6.279185307179586,0.0,-1000.0,0.02171861913424955,0.27087586891498394,0.0,6.8091806904522105,normal,0.0,"{""progress_diff"": 0.0018243659108496124, ""r_progress"": 0.03648731821699225, ""r_track"": -0.004192874818654139, ""r_dir"": -7.885633624379843e-05, ""r_time"": -1.0, ""r_smooth"": 0.0, ""total"": -0.9677844129379057}"
0.375,10.022183679405346,3.3378685611954237,10.0,3.3378685611954237,74.07607508573837,1100.0,20000.0,-6.2781853071795855,1.0,1000.0,0.022183679405346268,1.7178915735635092,0.0,6.736206054018226,normal,0.0,"{""progress_diff"": 0.0018518653803415996, ""r_progress"": 0.03703730760683199, ""r_track"": -0.004374361172970526, ""r_dir"": -7.883122150256621e-05, ""r_time"": -1.0, ""r_smooth"": 0.0, ""total"": -0.9674158847876411}"
0.376,10.022655771197796,3.413063154336417,10.0,3.413063154336417,75.19607508573837,1120.0,20000.0,-6.2781853071795855,0.0,-1000.0,0.022655771197795715,0.2488350238580759,0.0,6.662131438804563,normal,0.0,"{""progress_diff"": 0.0018798648285248132, ""r_progress"": 0.037597296570496264, ""r_track"": -0.004562524165038843, ""r_dir"": -7.883122150256621e-05, ""r_time"": -1.0, ""r_smooth"": 0.0, ""total"": -0.9670440588160452}"
0.377,10.023134845243286,3.4893577253198598,10.0,3.4893577253198598,76.29607508573837,1100.0,-20000.0,-6.279185307179586,-1.0,-1000.0,0.023134845243285795,0.6499737515501615,0.0,6.586936845663571,normal,0.0,"{""progress_diff"": 0.001907364274586043, ""r_progress"": 0.03814728549172086, ""r_track"": -0.004757520572718075, ""r_dir"": -7.885633624379843e-05, ""r_time"": -1.0, ""r_smooth"": 0.0, ""total"": -0.966689091417241}"
0.378,10.023620951930106,3.566772274223601,10.0,3.566772274223601,77.41607508573837,1120.0,20000.0,-6.279185307179586,0.0,1000.0,0.023620951930105605,1.5830847118325595,0.0,6.510642274680128,normal,0.0,"{""progress_diff"": 0.0019353637225935083, ""r_progress"": 0.038707274451870166, ""r_track"": -0.004959549956305419, ""r_dir"": -7.885633624379843e-05, ""r_time"": -1.0, ""r_smooth"": 0.0, ""total"": -0.9663311318406791}"
0.379,10.024114295395663,3.645326800160056,10.0,3.645326800160056,78.55607508573837,1140.0,20000.0,-6.280185307179586,-1.0,-1000.0,0.02411429539566257,0.214916713971892,0.0,6.433227725776387,normal,0.0,"{""progress_diff"": 0.0019638631484114044, ""r_progress"": 0.03927726296822809, ""r_track"": -0.005168882154926872, ""r_dir"": -7.888145498503067e-05, ""r_time"": -1.0, ""r_smooth"": 0.0, ""total"": -0.9659705006416838}"
0.38,10.024615083257293,3.7250413022195477,10.0,3.7250413022195477,79.71607508573837,1160.0,20000.0,-6.282185307179586,-2.0,-1000.0,0.024615083257293335,0.08743763405091823,0.0,6.354673199839931,normal,0.0,"{""progress_diff"": 0.00199286255148734, ""r_progress"": 0.0398572510297468, ""r_track"": -0.00538579843345318, ""r_dir"": -7.893170446749513e-05, ""r_time"": -1.0, ""r_smooth"": 0.0, ""total"": -0.9656074791081739}"
0.381,10.025123364943306,3.805935780486022,10.0,3.805935780486022,80.89607508573837,1180.0,20000.0,-6.283185307179586,-1.000000000000334,999.999999999666,0.02512336494330647,0.19103924914261625,0.0,6.2749586977804395,normal,0.0,"{""progress_diff"": 0.002022361956661778, ""r_progress"": 0.04044723913323556, ""r_track"": -0.005610519698440538, ""r_dir"": -7.895683520870505e-05, ""r_time"": -1.0, ""r_smooth"": 0.0, ""total"": -0.9652422374004137}"
0.382,10.025639186402078,3.8880302350655236,10.0,3.8880302350655236,82.09607508573838,1200.0,20000.0,-6.283185307179586,-3.339550858072471e-13,1000.0,0.02563918640207774,2.1342433187570267,0.0,6.194064219513967,normal,0.0,"{""progress_diff"": 0.002052361364487554, ""r_progress"": 0.041047227289751076, ""r_track"": -0.005843270038759894, ""r_dir"": -7.895683520870505e-05, ""r_time"": -1.0, ""r_smooth"": 0.0, ""total"": -0.9648749995842175}"
0.383,10.026162673296486,3.9713446655632696,10.0,3.9713446655632696,83.31607508573838,1220.0,20000.0,-6.283185307179586,0.0,3.339550858072471e-10,0.02616267329648636,0.16683924914261625,0.0,6.111969764934464,normal,0.0,"{""progress_diff"": 0.0020828607624436835, ""r_progress"": 0.04165721524887367, ""r_track"": -0.006084315324610493, ""r_dir"": -7.895683520870505e-05, ""r_time"": -1.0, ""r_smooth"": 0.0, ""total"": -0.9645060569109455}"
0.384,10.026693615449247,4.055859072905028,10.0,4.055859072905028,84.51607508573838,1200.0,-20000.0,-6.282185307179586,1.0,1000.0,0.026693615449246973,1.4774320301412815,0.0,6.028655334436719,normal,0.0,"{""progress_diff"": 0.0021128601835438965, ""r_progress"": 0.04225720367087793, ""r_track"": -0.006333769828909125, ""r_dir"": -7.893170446749513e-05, ""r_time"": -1.0, ""r_smooth"": 0.0, ""total"": -0.9641554978624987}"
0.385,10.02723222181767,4.141593456172695,10.0,4.141593456172695,85.73607508573838,1220.0,20000.0,-6.282185307179586,0.0,-1000.0,0.02723222181766971,0.14279840408570818,0.0,5.944140927094962,normal,0.0,"{""progress_diff"": 0.002143359581691706, ""r_progress"": 0.04286719163383412, ""r_track"": -0.006591945823349033, ""r_dir"": -7.893170446749513e-05, ""r_time"": -1.0, ""r_smooth"": 0.0, ""total"": -0.9638036858939824}"
0.386,10.027778705018992,4.228567814425174,10.0,4.228567814425174,86.97607508573837,1240.0,20000.0,-6.283185307179586,-1.0,-1000.0,0.027778705018992156,0.13023924914261628,0.0,5.858406543827295,normal,0.0,"{""progress_diff"": 0.002174358956312017, ""r_progress"": 0.04348717912624034, ""r_track"": -0.0068591684669527106, ""r_dir"": -7.895683520870505e-05, ""r_time"": -1.0, ""r_smooth"": 0.0, ""total"": -0.9634509461759211}"
0.387,10.028332853655954,4.316762148595899,10.0,4.316762148595899,88.19607508573837,1220.0,-20000.0,-6.283185307179586,0.0,1000.0,0.028332853655953727,2.3289005768690414,0.0,5.771432185574815,normal,0.0,"{""progress_diff"": 0.0022048583542680356, ""r_progress"": 0.04409716708536071, ""r_track"": -0.007135560855908359, ""r_dir"": -7.895683520870505e-05, ""r_time"": -1.0, ""r_smooth"": 0.0, ""total"": -0.9631173506057563}"
0.388,10.028894542065673,4.40615645907965,10.0,4.40615645907965,89.39607508573837,1200.0,-20000.0,-6.283185307179586,0.0,0.0,0.028894542065673438,0.8939607508573837,0.0,5.683237851404092,normal,0.0,"{""progress_diff"": 0.0022348577620938115, ""r_progress"": 0.04469715524187623, ""r_track"": -0.0074212849883108604, ""r_dir"": -7.895683520870505e-05, ""r_time"": -1.0, ""r_smooth"": 0.0, ""total"": -0.9628030865816434}"
0.389,10.029463805296745,4.496770746050955,10.0,4.496770746050955,90.61607508573837,1220.0,20000.0,-6.282185307179586,1.0,1000.0,0.02946380529674464,1.8368150100282292,0.0,5.593843540920341,normal,0.0,"{""progress_diff"": 0.0022653571742825562, ""r_progress"": 0.045307143485651125, ""r_track"": -0.007716585089462021, ""r_dir"": -7.893170446749513e-05, ""r_time"": -1.0, ""r_smooth"": 0.0, ""total"": -0.9624883733082784}"
0.39,10.030040674677831,4.588625009707434,10.0,4.588625009707434,91.85607508573837,1240.0,20000.0,-6.280185307179586,2.0,1000.0,0.030040674677831447,1.0432638730508283,0.0,5.503229253949037,normal,0.0,"{""progress_diff"": 0.00229635659141203, ""r_progress"": 0.0459271318282406, ""r_track"": -0.008021707867549365, ""r_dir"": -7.888145498503067e-05, ""r_time"": -1.0, ""r_smooth"": 0.0, ""total"": -0.9621734574942938}"
0.391,10.030625112760388,4.6816992498896335,10.0,4.6816992498896335,93.07607508573837,1220.0,-20000.0,-6.279185307179586,1.0,-1000.0,0.030625112760388262,0.9313973706297513,0.0,5.411374990292558,normal,0.0,"{""progress_diff"": 0.0023268560045549558, ""r_progress"": 0.046537120091099116, ""r_track"": -0.008336866947435519, ""r_dir"": -7.885633624379843e-05, ""r_time"": -1.0, ""r_smooth"": 0.0, ""total"": -0.9618786031925802}"
0.392,10.03121733698156,4.776013465626448,10.0,4.776013465626448,94.31607508573836,1240.0,20000.0,-6.279185307179586,0.0,-1000.0,0.031217336981560706,0.05747586891498403,0.0,5.3183007501103585,normal,0.0,"{""progress_diff"": 0.0023578553934203716, ""r_progress"": 0.04715710786840743, ""r_track"": -0.008662418917513934, ""r_dir"": -7.885633624379843e-05, ""r_time"": -1.0, ""r_smooth"": 0.0, ""total"": -0.9615841673853502}"
0.393,10.031817317292658,4.871547656712227,10.0,4.871547656712227,95.53607508573836,1220.0,-20000.0,-6.280185307179586,-1.0,-1000.0,0.03181731729265813,0.9558382156866593,0.0,5.2239865343735445,normal,0.0,"{""progress_diff"": 0.002388354777144497, ""r_progress"": 0.04776709554288994, ""r_track"": -0.008998592708459395, ""r_dir"": -7.888145498503067e-05, ""r_time"": -1.0, ""r_smooth"": 0.0, ""total"": -0.9613103786205545}"
0.394,10.032424833776586,4.968281824133648,10.0,4.968281824133648,96.73607508573836,1200.0,-20000.0,-6.280185307179586,0.0,1000.0,0.032424833776586226,1.3309157929708568,0.0,5.128452343287766,normal,0.0,"{""progress_diff"": 0.002418354185535543, ""r_progress"": 0.048367083710710856, ""r_track"": -0.009345509737237752, ""r_dir"": -7.888145498503067e-05, ""r_time"": -1.0, ""r_smooth"": 0.0, ""total"": -0.961057307481512}"
0.395,10.033039858744607,5.066195967670139,10.0,5.066195967670139,97.91607508573837,1180.0,-20000.0,-6.2811853071795865,-1.0,-1000.0,0.033039858744606576,0.7863904696447821,0.0,5.031718175866343,normal,0.0,"{""progress_diff"": 0.002447853588412263, ""r_progress"": 0.048957071768245264, ""r_track"": -0.009703397918787162, ""r_dir"": -7.89065777262629e-05, ""r_time"": -1.0, ""r_smooth"": 0.0, ""total"": -0.9608252327282681}"
0.396,10.033662367987914,5.165270087078978,10.0,5.165270087078978,99.07607508573837,1160.0,-20000.0,-6.283185307179586,-1.9999999999997797,-999.9999999997797,0.033662367987913555,0.7610694838438339,0.0,4.933804032329853,normal,0.0,"{""progress_diff"": 0.0024768529852209342, ""r_progress"": 0.049537059704418684, ""r_track"": -0.01007248905381073, ""r_dir"": -7.895683520870505e-05, ""r_time"": -1.0, ""r_smooth"": 0.0, ""total"": -0.9606143861846007}"
0.397,10.03429068238447,5.265268113164592,10.0,5.265268113164592,100.0,1140.0,-20000.0,-6.283185307179586,-0.9999999999997797,1000.0,0.034290682384469306,1.1519742012023926,0.0,4.834729912921015,normal,0.0,"{""progress_diff"": 0.0024999506521403703, ""r_progress"": 0.049999013042807405, ""r_track"": -0.010452007985711588, ""r_dir"": -7.895683520870505e-05, ""r_time"": -1.0, ""r_smooth"": 0.0, ""total"": -0.9605319517781129}"
0.398,10.034918996781025,5.365266139250206,10.0,5.365266139250206,100.0,1120.0,-20000.0,-6.283185307179586,2.2026824808563106e-13,1000.0,0.03491899678102506,3.0,0.0,4.734731886835402,normal,0.0,"{""progress_diff"": 0.0024999506521403703, ""r_progress"": 0.049999013042807405, ""r_track"": -0.010838545210606565, ""r_dir"": -7.895683520870505e-05, ""r_time"": -1.0, ""r_smooth"": 0.0, ""total"": -0.9609184890030079}"
0.399,10.03554731117758,5.46526416533582,10.0,5.46526416533582,100.0,1100.0,-20000.0,-6.283185307179586,0.0,-2.2026824808563106e-10,0.03554731117758081,0.0,0.0,4.634733860749787,normal,0.0,"{""progress_diff"": 0.0024999506521402592, ""r_progress"": 0.049999013042805185, ""r_track"": -0.011232100728495658, ""r_dir"": -7.895683520870505e-05, ""r_time"": -1.0, ""r_smooth"": 0.0, ""total"": -0.9613120445208991}"
0.4,10.036175625574137,5.565262191421434,10.0,5.565262191421434,100.0,1080.0,-20000.0,-6.283185307179586,0.0,0.0,0.03617562557413656,0.0,0.0,4.5347358346641755,normal,0.0,"{""progress_diff"": 0.0024999506521403703, ""r_progress"": 0.049999013042807405, ""r_track"": -0.011632674539378874, ""r_dir"": -7.895683520870505e-05, ""r_time"": -1.0, ""r_smooth"": 0.0, ""total"": -0.9617126183317801}"
0.401,10.036803839972666,5.665260218135312,10.0,5.665260218135312,100.0,1060.0,-20000.0,-6.282185307179586,1.0,1000.0,0.03680383997266645,0.8491881384338307,0.0,4.434737808578561,normal,0.0,"{""progress_diff"": 0.0024999506678469174, ""r_progress"": 0.04999901335693835, ""r_track"": -0.012040201215410141, ""r_dir"": -7.893170446749513e-05, ""r_time"": -1.0, ""r_smooth"": 0.0, ""total"": -0.9621201195629393}"
0.402,10.037431854375141,5.765258246105419,10.0,5.765258246105419,100.0,1040.0,-20000.0,-6.280185307179586,2.0,1000.0,0.03743185437514107,1.0963176172630096,0.0,4.334739781864684,normal,0.0,"{""progress_diff"": 0.0024999506992526843, ""r_progress"": 0.049999013985053686, ""r_track"": -0.012454610861882383, ""r_dir"": -7.888145498503067e-05, ""r_time"": -1.0, ""r_smooth"": 0.0, ""total"": -0.9625344783318137}"
0.403,10.038059768779588,5.865256274703491,10.0,5.865256274703491,100.0,1020.0,-20000.0,-6.279185307179586,1.0,-1000.0,0.038059768779588055,0.0006366197723676526,0.0,4.234741753894577,normal,0.0,"{""progress_diff"": 0.002499950714951793, ""r_progress"": 0.04999901429903586, ""r_track"": -0.012875964440495161, ""r_dir"": -7.885633624379843e-05, ""r_time"": -1.0, ""r_smooth"": 0.0, ""total"": -0.9629558064777031}"
0.404,10.038687683184035,5.965254303301562,10.0,5.965254303301562,100.0,1000.0,-20000.0,-6.279185307179586,0.0,-1000.0,0.03868768318403504,0.0006366197723676526,0.0,4.134743725296506,normal,0.0,"{""progress_diff"": 0.002499950714951793, ""r_progress"": 0.04999901429903586, ""r_track"": -0.013304327379095711, ""r_dir"": -7.885633624379843e-05, ""r_time"": -1.0, ""r_smooth"": 0.0, ""total"": -0.9633841694163037}"
0.405,10.03931569758651,6.065252331271669,10.0,6.065252331271669,100.0,980.0,-20000.0,-6.280185307179586,-1.0,-1000.0,0.03931569758650966,0.16479548994142781,0.0,4.034745696698433,normal,0.0,"{""progress_diff"": 0.0024999506992526843, ""r_progress"": 0.049999013985053686, ""r_track"": -0.013739769570790055, ""r_dir"": -7.888145498503067e-05, ""r_time"": -1.0, ""r_smooth"": 0.0, ""total"": -0.9638196370407214}"
0.406,10.03994391198504,6.165250357985547,10.0,6.165250357985547,100.0,960.0,-20000.0,-6.282185307179586,-2.0,-1000.0,0.03994391198503954,1.000159154943092,0.0,3.9347476687283276,normal,0.0,"{""progress_diff"": 0.002499950667846973, ""r_progress"": 0.04999901335693946, ""r_track"": -0.014182365374831871, ""r_dir"": -7.893170446749513e-05, ""r_time"": -1.0, ""r_smooth"": 0.0, ""total"": -0.9642622837223599}"
0.407,10.040572226381595,6.265248384071161,10.0,6.265248384071161,100.0,940.0,-20000.0,-6.283185307179586,-1.0,1000.0,0.04057222638159531,0.762052059173584,0.0,3.8347496420144473,normal,0.0,"{""progress_diff"": 0.0024999506521403148, ""r_progress"": 0.049999013042806295, ""r_track"": -0.014632049364972607, ""r_dir"": -7.895683520870505e-05, ""r_time"": -1.0, ""r_smooth"": 0.0, ""total"": -0.964711993157375}"
0.408,10.041200540778151,6.365246410156775,10.0,6.365246410156775,100.0,920.0,-20000.0,-6.283185307179586,0.0,1000.0,0.04120054077815105,0.818936824798584,0.0,3.734751615928836,normal,0.0,"{""progress_diff"": 0.0024999506521403703, ""r_progress"": 0.049999013042807405, ""r_track"": -0.015088751648107445, ""r_dir"": -7.895683520870505e-05, ""r_time"": -1.0, ""r_smooth"": 0.0, ""total"": -0.9651686954405088}"
0.409,10.041828755176681,6.465244436870654,10.0,6.465244436870654,100.0,900.0,-20000.0,-6.282185307179586,1.0,1000.0,0.041828755176680936,0.2908082498992848,0.0,3.6347535898432213,normal,0.0,"{""progress_diff"": 0.0024999506678469174, ""r_progress"": 0.04999901335693835, ""r_track"": -0.015552397863384108, ""r_dir"": -7.893170446749513e-05, ""r_time"": -1.0, ""r_smooth"": 0.0, ""total"": -0.9656323162109133}"
0.41,10.04245696957521,6.565242463584532,10.0,6.565242463584532,100.0,880.0,-20000.0,-6.282185307179586,0.0,-1000.0,0.042456969575210834,0.5348081694160534,0.0,3.5347555631293446,normal,0.0,"{""progress_diff"": 0.0024999506678470285, ""r_progress"": 0.04999901335694057, ""r_track"": -0.016023060137870034, ""r_dir"": -7.893170446749513e-05, ""r_time"": -1.0, ""r_smooth"": 0.0, ""total"": -0.966102978485397}"
0.411,10.043085283971767,6.665240489670146,10.0,6.665240489670146,100.0,860.0,-20000.0,-6.283185307179586,-1.0,-1000.0,0.04308528397176658,0.41754502058029175,0.0,3.4347575364154643,normal,0.0,"{""progress_diff"": 0.0024999506521402592, ""r_progress"": 0.049999013042805185, ""r_track"": -0.016500815066024587, ""r_dir"": -7.895683520870505e-05, ""r_time"": -1.0, ""r_smooth"": 0.0, ""total"": -0.9665807588584281}"
0.412,10.043713598368322,6.76523851575576,10.0,6.76523851575576,100.0,840.0,-20000.0,-6.283185307179586,0.0,1000.0,0.04371359836832233,0.0,0.0,3.334759510329853,normal,0.0,"{""progress_diff"": 0.0024999506521403703, ""r_progress"": 0.049999013042807405, ""r_track"": -0.01698558828717327, ""r_dir"": -7.895683520870505e-05, ""r_time"": -1.0, ""r_smooth"": 0.0, ""total"": -0.9670655320795746}"
0.413,10.044341812766852,6.865236542469638,10.0,6.865236542469638,100.0,820.0,-20000.0,-6.282185307179586,1.0,1000.0,0.04434181276685223,1.4948673738922047,0.0,3.2347614842442383,normal,0.0,"{""progress_diff"": 0.0024999506678469174, ""r_progress"": 0.04999901335693835, ""r_track"": -0.01747730097289404, ""r_dir"": -7.893170446749513e-05, ""r_time"": -1.0, ""r_smooth"": 0.0, ""total"": -0.9675572193204232}"
0.414,10.044970027165382,6.965234569183517,10.0,6.965234569183517,100.0,800.0,-20000.0,-6.282185307179586,0.0,-1000.0,0.04497002716538212,0.0001591549430919485,0.0,3.1347634575303616,normal,0.0,"{""progress_diff"": 0.0024999506678470285, ""r_progress"": 0.04999901335694057, ""r_track"": -0.01797602971782405, ""r_dir"": -7.893170446749513e-05, ""r_time"": -1.0, ""r_smooth"": 0.0, ""total"": -0.968055948065351}"
0.415,10.045598141565884,7.06523259652556,10.0,7.06523259652556,100.0,780.0,-20000.0,-6.281185307179586,1.0,1000.0,0.045598141565884376,1.6931767848899697,0.0,3.0347654308164813,normal,0.0,"{""progress_diff"": 0.0024999506835509666, ""r_progress"": 0.04999901367101933, ""r_track"": -0.01848169346011051, ""r_dir"": -7.89065777262629e-05, ""r_time"": -1.0, ""r_smooth"": 0.0, ""total"": -0.9685615863668174}"
0.416,10.046226055970331,7.165230625123631,10.0,7.165230625123631,100.0,760.0,-20000.0,-6.279185307179586,2.0,1000.0,0.046226055970331366,0.7508125479560565,0.0,2.934767403474442,normal,0.0,"{""progress_diff"": 0.0024999507149518485, ""r_progress"": 0.04999901429903697, ""r_track"": -0.018994206671752962, ""r_dir"": -7.885633624379843e-05, ""r_time"": -1.0, ""r_smooth"": 0.0, ""total"": -0.9690740487089597}"
0.417,10.04685367038069,7.265228655604996,10.0,7.265228655604996,100.0,740.0,-20000.0,-6.276185307179586,3.0,1000.0,0.046853670380690104,0.775742337822673,0.0,2.8347693748763696,normal,0.0,"{""progress_diff"": 0.002499950762034131, ""r_progress"": 0.04999901524068262, ""r_track"": -0.0195134793612654, ""r_dir"": -7.878100402010176e-05, ""r_time"": -1.0, ""r_smooth"": 0.0, ""total"": -0.9695932451246029}"
0.418,10.047481084794986,7.365226687341389,10.0,7.365226687341389,100.0,720.0,-20000.0,-6.274185307179586,2.0,-1000.0,0.04748108479498647,0.0014323944878271123,0.0,2.7347713443950035,normal,0.0,"{""progress_diff"": 0.0024999507934098664, ""r_progress"": 0.04999901586819733, ""r_track"": -0.020039585896077294, ""r_dir"": -7.87308025376596e-05, ""r_time"": -1.0, ""r_smooth"": 0.0, ""total"": -0.9701193008304176}"
0.419,10.04810839921125,7.465224719705147,10.0,7.465224719705147,100.0,700.0,-20000.0,-6.273185307179586,1.0,-1000.0,0.048108399211249875,0.001591549430919061,0.0,2.6347733126586093,normal,0.0,"{""progress_diff"": 0.0024999508090939315, ""r_progress"": 0.04999901618187863, ""r_track"": -0.02057260510816878, ""r_dir"": -7.870570779642737e-05, ""r_time"": -1.0, ""r_smooth"": 0.0, ""total"": -0.9706522946340865}"
0.42,10.048735713627513,7.565222752068905,10.0,7.565222752068905,100.0,680.0,-20000.0,-6.273185307179586,0.0,-1000.0,0.04873571362751327,0.8815697889672045,0.0,2.534775280294852,normal,0.0,"{""progress_diff"": 0.0024999508090940425, ""r_progress"": 0.04999901618188085, ""r_track"": -0.021112620291404288, ""r_dir"": -7.870570779642737e-05, ""r_time"": -1.0, ""r_smooth"": 0.0, ""total"": -0.9711923098173199}"
0.421,10.04935539752496,7.664020179264161,10.0,7.664020179264161,98.79937058774449,660.0,-20000.0,-6.272185307179585,1.0,1000.0,0.049355397524960765,1.3195387157538576,0.0,2.434777247931091,normal,0.0,"{""progress_diff"": 0.002469935679881352, ""r_progress"": 0.04939871359762704, ""r_track"": -0.021652935687528026, ""r_dir"": -7.868061705519515e-05, ""r_time"": -1.0, ""r_smooth"": 0.0, ""total"": -0.9723329027069562}"
0.422,10.04996240778151,7.760797022869963,10.0,7.760797022869963,96.77874725244925,640.0,-20000.0,-6.272185307179585,0.0,-1000.0,0.04996240778151062,0.10393937910034677,0.0,2.3359798207358367,normal,0.0,"{""progress_diff"": 0.0024194210901450353, ""r_progress"": 0.048388421802900705, ""r_track"": -0.02218881947845291, ""r_dir"": -7.868061705519515e-05, ""r_time"": -1.0, ""r_smooth"": 0.0, ""total"": -0.9738790782926074}"
0.423,10.0505568363894,7.855552841688442,10.0,7.855552841688442,94.75768330499773,620.0,-20000.0,-6.273185307179586,-1.0,-1000.0,0.05055683638940067,0.9491683824808964,0.0,2.2392029771300344,normal,0.0,"{""progress_diff"": 0.002368895470461929, ""r_progress"": 0.04737790940923858, ""r_track"": -0.022719944050707805, ""r_dir"": -7.870570779642737e-05, ""r_time"": -1.0, ""r_smooth"": 0.0, ""total"": -0.9754207403492656}"
0.424,10.051138583686738,7.9482871764309655,10.0,7.9482871764309655,92.7361594528064,600.0,-20000.0,-6.273185307179586,0.0,1000.0,0.05113858368673796,1.117801011379036,0.0,2.144447158311557,normal,0.0,"{""progress_diff"": 0.0023183583685630893, ""r_progress"": 0.046367167371261786, ""r_track"": -0.02324581992431557, ""r_dir"": -7.870570779642737e-05, ""r_time"": -1.0, ""r_smooth"": 0.0, ""total"": -0.9769573582608502}"
0.425,10.051707555946749,8.038999547151025,10.0,8.038999547151025,90.71415507563437,580.0,-20000.0,-6.272185307179585,1.0,1000.0,0.051707555946748585,2.3874906774866114,0.0,2.0517128235690336,normal,0.0,"{""progress_diff"": 0.0022678092680015194, ""r_progress"": 0.04535618536003039, ""r_track"": -0.0237659674843212, ""r_dir"": -7.868061705519515e-05, ""r_time"": -1.0, ""r_smooth"": 0.0, ""total"": -0.978488462741346}"
0.426,10.052263665371784,8.127689451821812,10.0,8.127689451821812,88.69164813107267,560.0,-20000.0,-6.270185307179585,2.0,1000.0,0.05226366537178429,1.323646669492701,0.0,1.9610004528489746,normal,0.0,"{""progress_diff"": 0.0022172476167696686, ""r_progress"": 0.04434495233539337, ""r_track"": -0.024279917494167504, ""r_dir"": -7.863044757275297e-05, ""r_time"": -1.0, ""r_smooth"": 0.0, ""total"": -0.9800135956063469}"
0.427,10.052806830086714,8.2143563647795,10.0,8.200000000000001,86.66861502021858,540.0,-20000.0,-6.267185307179585,3.0,1000.0,0.052806830086714385,1.7668259690062396,0.0,1.8723105481781879,normal,0.0,"{""progress_diff"": 0.0021666728239421174, ""r_progress"": 0.04333345647884235, ""r_track"": -0.024787211589396653, ""r_dir"": -7.85552233490563e-05, ""r_time"": -1.0, ""r_smooth"": 0.0, ""total"": -0.9815323103339033}"
0.428,10.053336974131621,8.298999735015943,10.0,8.298999735015943,84.64503043706769,520.0,-20000.0,-6.263185307179586,4.0,1000.0,0.05333697413162142,1.0015307940748686,0.0,1.7856436352205023,normal,0.0,"{""progress_diff"": 0.0021160842559111437, ""r_progress"": 0.042321685118222874, ""r_track"": -0.02528740275126446, ""r_dir"": -7.845498038414967e-05, ""r_time"": -1.0, ""r_smooth"": 0.0, ""total"": -0.9830441726134257}"
0.429,10.053854027453722,8.381618984302103,10.0,8.381618984302103,82.62086719919087,500.0,-20000.0,-6.258185307179586,5.0,1000.0,0.05385402745372225,2.3664890485786434,0.0,1.7010002649840565,normal,0.0,"{""progress_diff"": 0.002065481232153943, ""r_progress"": 0.04130962464307886, ""r_track"": -0.025780055759877955, ""r_dir"": -7.832976667798858e-05, ""r_time"": -1.0, ""r_smooth"": 0.0, ""total"": -0.9845487608834771}"
0.43,10.054357925898406,8.462213505120575,10.0,8.462213505120575,80.59609605682961,480.0,-20000.0,-6.252185307179586,6.0,1000.0,0.05435792589840638,0.4399072240239778,0.0,1.6183810156978993,normal,0.0,"{""progress_diff"": 0.0020148630204618323, ""r_progress"": 0.040297260409236646, ""r_track"": -0.026264747626459015, ""r_dir"": -7.817964223061752e-05, ""r_time"": -1.0, ""r_smooth"": 0.0, ""total"": -0.9860456668594529}"
0.431,10.054848768337568,8.540782657400765,10.0,8.540782657400765,78.57068547701371,460.0,-20000.0,-6.247185307179586,5.0,-1000.0,0.054848768337567584,0.7914364327214455,0.0,1.5377864948794269,normal,0.0,"{""progress_diff"": 0.0019642288070048086, ""r_progress"": 0.03928457614009617, ""r_track"": -0.026741221227983614, ""r_dir"": -7.805464852447866e-05, ""r_time"": -1.0, ""r_smooth"": 0.0, ""total"": -0.987534699736412}"
0.432,10.055326494277878,8.61732576803218,10.0,8.6,76.5446014243137,440.0,-20000.0,-6.2411853071795855,6.0,1000.0,0.05532649427787817,2.017141442851539,1.0,1.459217342599235,corner,1.0,"{""progress_diff"": 0.0019135777657853237, ""r_progress"": 0.038271555315706474, ""r_track"": 0.0, ""r_dir"": -3.8952394038553796e-05, ""r_time"": -1.0, ""r_smooth"": -0.24018, ""total"": -1.201947397078332}"
0.433,10.055791198119138,8.691842126068662,10.0,8.691842126068662,74.51780703081242,420.0,-20000.0,-6.236185307179586,5.0,-1000.0,0.05579119811913813,0.007480282325319176,1.0,1.3826742319678225,corner,1.0,"{""progress_diff"": 0.0018629089509120678, ""r_progress"": 0.037258179018241355, ""r_track"": 0.0, ""r_dir"": -3.889000718548436e-05, ""r_time"": -1.0, ""r_smooth"": -0.24012499999999998, ""total"": -1.202905710988944}"
0.434,10.05624296794246,8.764330980636535,10.0,8.764330980636535,72.49026232905675,400.0,-20000.0,-6.232185307179586,4.0,-1000.0,0.05624296794245964,0.008116902097686687,1.0,1.3081578739313393,corner,1.0,"{""progress_diff"": 0.0018122213641967866, ""r_progress"": 0.03624442728393573, ""r_track"": 0.0, ""r_dir"": -3.884013370303102e-05, ""r_time"": -1.0, ""r_smooth"": -0.24008, ""total"": -1.2038744128497674}"
0.435,10.056681885484746,8.834791537444262,10.0,8.8,70.46192386150108,380.0,-20000.0,-6.229185307179586,3.0,-1000.0,0.056681885484746175,0.5151419469306755,1.0,1.235669019363467,corner,1.0,"{""progress_diff"": 0.0017615139201933028, ""r_progress"": 0.035230278403866055, ""r_track"": 0.0, ""r_dir"": -3.8802749591182716e-05, ""r_time"": -1.0, ""r_smooth"": -0.24004499999999998, ""total"": -1.2048535243457252}"
0.436,10.057107889247352,8.903222955724372,10.0,8.903222955724372,68.43274426057346,360.0,-20000.0,-6.225185307179586,4.0,1000.0,0.057107889247351544,1.6116929687008992,1.0,1.1652084625557357,corner,1.0,"{""progress_diff"": 0.001710785457002706, ""r_progress"": 0.03421570914005412, ""r_track"": 0.0, ""r_dir"": -3.875293210872938e-05, ""r_time"": -1.0, ""r_smooth"": -0.24008, ""total"": -1.2059030437920546}"
0.437,10.057521056309783,8.96962434205697,10.0,8.96962434205697,66.40267173775925,340.0,-20000.0,-6.222185307179586,3.0,-1000.0,0.05752105630978299,0.009708451528605607,1.0,1.0967770442756262,corner,1.0,"{""progress_diff"": 0.001660034658314935, ""r_progress"": 0.0332006931662987, ""r_track"": 0.0, ""r_dir"": -3.871558999688108e-05, ""r_time"": -1.0, ""r_smooth"": -0.24004499999999998, ""total"": -1.2068830224236982}"
0.438,10.05792132857586,9.033994747141103,10.0,9.0,64.37164957170371,320.0,-20000.0,-6.218185307179587,4.0,1000.0,0.05792132857586019,1.2473382654337986,1.0,1.0303756579430292,corner,1.0,"{""progress_diff"": 0.0016092601271033846, ""r_progress"": 0.03218520254206769, ""r_track"": 0.0, ""r_dir"": -3.8665828514427735e-05, ""r_time"": -1.0, ""r_smooth"": -0.24008, ""total"": -1.2079334632864467}"
0.439,10.05830865366628,9.096333159276158,10.0,9.096333159276158,62.339615400206704,300.0,-20000.0,-6.213185307179587,5.0,1000.0,0.058308653666280456,1.1734512221789104,1.0,0.9660052528588956,corner,1.0,"{""progress_diff"": 0.0015584603033763633, ""r_progress"": 0.031169206067527266, ""r_track"": 0.0, ""r_dir"": -3.860367166135829e-05, ""r_time"": -1.0, ""r_smooth"": -0.24012499999999998, ""total"": -1.208994397604134}"
0.44,10.058682984886177,9.156638497977166,10.0,9.156638497977166,60.30650047636213,280.0,-20000.0,-6.207185307179587,6.0,1000.0,0.05868298488617718,1.4834751223810463,1.0,0.9036668407238402,corner,1.0,"{""progress_diff"": 0.001507633467525138, ""r_progress"": 0.03015266935050276, ""r_track"": 0.0, ""r_dir"": -3.852914943766172e-05, ""r_time"": -1.0, ""r_smooth"": -0.24018, ""total"": -1.2100658597989349}"
0.441,10.059044397730128,9.21490960596095,10.0,9.200000000000001,58.27222876209079,260.0,-20000.0,-6.202185307179587,5.0,-1000.0,0.05904439773012804,0.012891550390443447,1.0,0.8433615020228338,corner,1.0,"{""progress_diff"": 0.0014567776995945692, ""r_progress"": 0.029135553991891383, ""r_track"": 0.0, ""r_dir"": -3.846710258459227e-05, ""r_time"": -1.0, ""r_smooth"": -0.24012499999999998, ""total"": -1.2110279131106931}"
0.442,10.059392848613115,9.271145242304362,10.0,9.271145242304362,56.23671587998641,240.0,-20000.0,-6.1961853071795865,6.0,1000.0,0.05939284861311478,0.12506882032026778,1.0,0.7850903940390523,corner,1.0,"{""progress_diff"": 0.0014058909085853388, ""r_progress"": 0.028117818171706777, ""r_track"": 0.0, ""r_dir"": -3.8392712360906734e-05, ""r_time"": -1.0, ""r_smooth"": -0.24018, ""total"": -1.2121005745406541}"
0.443,10.059728407894461,9.325344071328256,10.0,9.325344071328256,54.19986778205889,220.0,-20000.0,-6.191185307179587,5.0,-1000.0,0.0597284078944611,0.014642254764454314,1.0,0.7288547576956397,corner,1.0,"{""progress_diff"": 0.0013549707255973709, ""r_progress"": 0.027099414511947417, ""r_track"": 0.0, ""r_dir"": -3.833077550783728e-05, ""r_time"": -1.0, ""r_smooth"": -0.24012499999999998, ""total"": -1.2130639162635604}"
0.444,10.06005113919219,9.37750465219165,10.0,9.37750465219165,52.161579265749616,200.0,-20000.0,-6.187185307179587,4.0,-1000.0,0.060051139192189844,0.015278874536821824,1.0,0.6746559286717435,corner,1.0,"{""progress_diff"": 0.0013040145215848509, ""r_progress"": 0.026080290431697017, ""r_track"": 0.0, ""r_dir"": -3.8281262025383915e-05, ""r_time"": -1.0, ""r_smooth"": -0.24008, ""total"": -1.2140379908303285}"
0.445,10.060360999054122,9.427625426476466,10.0,9.4,50.12173209340941,180.0,-20000.0,-6.182185307179587,5.0,1000.0,0.06036099905412229,1.9839253507477188,1.0,0.6224953478083499,corner,1.0,"{""progress_diff"": 0.0012530193571203552, ""r_progress"": 0.025060387142407103, ""r_track"": 0.0, ""r_dir"": -3.821941517230348e-05, ""r_time"": -1.0, ""r_smooth"": -0.24012499999999998, ""total"": -1.2151028322727653}"
0.446,10.060658045504564,9.475704701578223,10.0,9.475704701578223,48.080192708684635,160.0,-20000.0,-6.178185307179588,4.0,-1000.0,0.06065804550456377,0.1711016508348533,1.0,0.5723745735235362,corner,1.0,"{""progress_diff"": 0.0012019818775438895, ""r_progress"": 0.02403963755087779, ""r_track"": 0.0, ""r_dir"": -3.816997368985011e-05, ""r_time"": -1.0, ""r_smooth"": -0.24008, ""total"": -1.216078532422812}"
0.447,10.060942237455647,9.52174063390757,10.0,9.52174063390757,46.036809516920556,140.0,-20000.0,-6.173185307179588,5.0,1000.0,0.060942237455646975,1.2172509757072185,1.0,0.5242952984217801,corner,1.0,"{""progress_diff"": 0.0011508983082337276, ""r_progress"": 0.023017966164674553, ""r_track"": 0.0, ""r_dir"": -3.810821683678065e-05, ""r_time"": -1.0, ""r_smooth"": -0.24012499999999998, ""total"": -1.2171451420521622}"
0.448,10.061213538909557,9.56573120672381,10.0,9.56573120672381,43.991409402062,120.0,-20000.0,-6.1671853071795875,6.0,1000.0,0.061213538909557386,0.9093931606116552,1.0,0.4782593660924306,corner,1.0,"{""progress_diff"": 0.0010997643204059826, ""r_progress"": 0.021995286408119652, ""r_track"": 0.0, ""r_dir"": -3.80341746130951e-05, ""r_time"": -1.0, ""r_smooth"": -0.24018, ""total"": -1.2182227477664935}"
0.449,10.061471918815595,9.607674204348431,10.0,9.6,41.943793461188946,100.0,-20000.0,-6.160185307179588,7.0,1000.0,0.06147191881559522,0.394080176740908,1.0,0.4342687932761926,corner,1.0,"{""progress_diff"": 0.0010485749406155542, ""r_progress"": 0.020971498812311085, ""r_track"": 0.0, ""r_dir"": -3.794788301879347e-05, ""r_time"": -1.0, ""r_smooth"": -0.240245, ""total"": -1.2193114490707078}"
0.45,10.061717430682577,9.647567180463776,10.0,9.6,39.89373158049248,80.0,-20000.0,-6.154185307179588,6.0,-1000.0,0.0617174306825774,0.020530987658854288,1.0,0.3923257956515691,corner,1.0,"{""progress_diff"": 0.0009973244028835815, ""r_progress"": 0.01994648805767163, ""r_track"": 0.0, ""r_dir"": -3.787399679510792e-05, ""r_time"": -1.0, ""r_smooth"": -0.24018, ""total"": -1.2202713859391234}"
0.451,10.061950044583378,9.685407421024959,10.0,9.685407421024959,37.84095552381057,60.0,-20000.0,-6.147185307179588,7.0,1000.0,0.06195004458337827,0.3261970250219122,1.0,0.35243281953622585,corner,1.0,"{""progress_diff"": 0.00094600601402961, ""r_progress"": 0.0189201202805922, ""r_track"": 0.0, ""r_dir"": -3.77878872008063e-05, ""r_time"": -1.0, ""r_smooth"": -0.240245, ""total"": -1.2213626676066085}"
0.452,10.06216973486979,9.721191896553997,10.0,9.721191896553997,35.785149890845396,40.0,-20000.0,-6.139185307179588,8.0,1000.0,0.062169734869790716,1.866419466286198,1.0,0.31459257897504145,corner,1.0,"{""progress_diff"": 0.0008946118882258713, ""r_progress"": 0.017892237764517427, ""r_track"": 0.0, ""r_dir"": -3.7689596235888594e-05, ""r_time"": -1.0, ""r_smooth"": -0.24031999999999998, ""total"": -1.2224654518317184}"
0.453,10.062376547289345,9.754917202767837,10.0,9.754917202767837,33.72594032186701,20.0,-20000.0,-6.132185307179588,7.0,-1000.0,0.06237654728934495,0.02403239640687588,1.0,0.27880810344600704,corner,1.0,"{""progress_diff"": 0.0008431326553460794, ""r_progress"": 0.016862653106921588, ""r_track"": 0.0, ""r_dir"": -3.760369664158698e-05, ""r_time"": -1.0, ""r_smooth"": -0.240245, ""total"": -1.22341995058972}"
0.454,10.062570518732336,9.786579486337063,10.0,9.786579486337063,31.662877723586107,0.0,-20000.0,-6.126185307179588,6.0,-1000.0,0.06257051873233621,0.3416161033012884,1.0,0.24508279723216475,corner,1.0,"{""progress_diff"": 0.0007915570892306212, ""r_progress"": 0.015831141784612424, ""r_track"": 0.0, ""r_dir"": -3.753014641790143e-05, ""r_time"": -1.0, ""r_smooth"": -0.24018, ""total"": -1.2243863883618056}"
0.455,10.062751676631084,9.816174348615466,10.0,9.8,29.595416730667313,-20.0,-20000.0,-6.121185307179588,5.0,-1000.0,0.06275167663108405,0.32173726808755987,1.0,0.21342051366293902,corner,1.0,"{""progress_diff"": 0.0007398715569601477, ""r_progress"": 0.014797431139202954, ""r_track"": 0.0, ""r_dir"": -3.7468909564831955e-05, ""r_time"": -1.0, ""r_smooth"": -0.24012499999999998, ""total"": -1.2253650377703618}"
0.456,10.062919983128905,9.843696719793673,10.0,9.8,27.522885792522633,-40.0,-20000.0,-6.115185307179588,6.0,1000.0,0.06291998312890534,1.9091864995210055,1.0,0.18382565138453444,corner,1.0,"{""progress_diff"": 0.0006880592794551443, ""r_progress"": 0.013761185589102887, ""r_track"": 0.0, ""r_dir"": -3.73954913411464e-05, ""r_time"": -1.0, ""r_smooth"": -0.24018, ""total"": -1.2264562099022382}"
0.457,10.06307540154471,9.86914068966379,10.0,9.86914068966379,25.44444453383516,-60.0,-20000.0,-6.108185307179588,7.0,1000.0,0.06307540154470992,1.0949091595018297,1.0,0.1563032802063269,corner,1.0,"{""progress_diff"": 0.0006360992467529525, ""r_progress"": 0.01272198493505905, ""r_track"": 0.0, ""r_dir"": -3.7309927746844786e-05, ""r_time"": -1.0, ""r_smooth"": -0.240245, ""total"": -1.2275603249926879}"
0.458,10.063217941736921,9.892499276103226,10.0,9.892499276103226,23.359021344117636,-80.0,-20000.0,-6.102185307179588,6.0,-1000.0,0.06321794173692119,0.11175235972619733,1.0,0.13085931033620923,corner,1.0,"{""progress_diff"": 0.000583964660985925, ""r_progress"": 0.0116792932197185, ""r_track"": 0.0, ""r_dir"": -3.7236665523159234e-05, ""r_time"": -1.0, ""r_smooth"": -0.24018, ""total"": -1.2285379434458046}"
0.459,10.063347598913447,9.913764099672063,10.0,9.913764099672063,21.265218841977635,-100.0,-20000.0,-6.097185307179588,5.0,-1000.0,0.0633475989134471,0.24225500783486859,1.0,0.10750072389677356,corner,1.0,"{""progress_diff"": 0.0005316205892208492, ""r_progress"": 0.010632411784416984, ""r_track"": 0.0, ""r_dir"": -3.7175668670089746e-05, ""r_time"": -1.0, ""r_smooth"": -0.24012499999999998, ""total"": -1.229529763884253}"
0.46,10.063464350719093,9.93292490881828,10.0,9.93292490881828,19.16116484251052,-120.0,-20000.0,-6.0931853071795885,4.0,-1000.0,0.06346435071909262,0.22185108761256495,1.0,0.08623590032793871,corner,1.0,"{""progress_diff"": 0.0004790202286554801, ""r_progress"": 0.009580404573109602, ""r_track"": 0.0, ""r_dir"": -3.712690718762549e-05, ""r_time"": -1.0, ""r_smooth"": -0.24008, ""total"": -1.230536722334078}"
0.461,10.063568118727531,9.94996885888091,10.0,9.94996885888091,17.044265943037548,-140.0,-20000.0,-6.088185307179589,5.0,1000.0,0.06356811872753099,2.1394074455274565,1.0,0.06707509118172084,corner,1.0,"{""progress_diff"": 0.00042609875156579546, ""r_progress"": 0.00852197503131591, ""r_track"": 0.0, ""r_dir"": -3.7066000334556005e-05, ""r_time"": -1.0, ""r_smooth"": -0.24012499999999998, ""total"": -1.2316400909690186}"
0.462,10.063658808263005,9.964879357755683,10.0,9.964879357755683,14.91077467090361,-160.0,-20000.0,-6.082185307179588,6.0,1000.0,0.06365880826300518,1.1521993473415961,1.0,0.050031141119088574,corner,1.0,"{""progress_diff"": 0.00037276247186923683, ""r_progress"": 0.007455249437384737, ""r_track"": 0.0, ""r_dir"": -3.6992978110870456e-05, ""r_time"": -1.0, ""r_smooth"": -0.24018, ""total"": -1.232761743540726}"
0.463,10.063736296579846,9.977634090263585,10.0,9.977634090263585,12.75496788656807,-180.0,-20000.0,-6.075185307179589,7.0,1000.0,0.06373629657984559,1.0178823308142613,1.0,0.0351206422443191,corner,1.0,"{""progress_diff"": 0.00031886831269761773, ""r_progress"": 0.006377366253952355, ""r_track"": 0.0, ""r_dir"": -3.6907876516568844e-05, ""r_time"": -1.0, ""r_smooth"": -0.240245, ""total"": -1.2339045416225642}"
0.464,10.063800431790547,9.98820131139454,10.0,9.98820131139454,10.56741575579222,-200.0,-20000.0,-6.0691853071795885,6.0,-1000.0,0.06380043179054695,0.03405915782166524,1.0,0.022365909736414835,corner,1.0,"{""progress_diff"": 0.00026418052827387184, ""r_progress"": 0.005283610565477437, ""r_track"": 0.0, ""r_dir"": -3.6835010292883295e-05, ""r_time"": -1.0, ""r_smooth"": -0.24018, ""total"": -1.2349332244448155}"
0.465,10.063850950691084,9.99653190795617,10.0,9.99653190795617,8.330749740086086,-220.0,-20000.0,-6.064185307179589,5.0,-1000.0,0.0638509506910836,0.11816242993798556,1.0,0.011798688605459517,corner,1.0,"{""progress_diff"": 0.00020826491404074554, ""r_progress"": 0.004165298280814911, ""r_track"": 0.0, ""r_dir"": -2.4864890746268222, ""r_time"": -1.0, ""r_smooth"": -0.24012499999999998, ""total"": -3.722448776346007}"
0.466,10.057844480848518,9.996568308722075,10.0,9.996568308722075,6.006580140597458,-240.0,-20000.0,-6.060185307179589,4.0,-1000.0,0.057844480848517676,0.03549155230949221,1.0,0.0034680920438283636,corner,1.0,"{""progress_diff"": 9.10019147593033e-07, ""r_progress"": 1.820038295186066e-05, ""r_track"": 0.0, ""r_dir"": -3.672584595734958e-05, ""r_time"": -1.0, ""r_smooth"": -0.24008, ""total"": -1.2400985254630055}"
0.467,10.052058006790855,9.996603347323004,10.0,9.996603347323004,5.786580140597458,-220.0,20000.0,-6.055185307179589,5.0,1000.0,0.052058006790854705,0.8133758334872306,1.0,0.0034316912779246422,corner,1.0,"{""progress_diff"": 8.759650232947891e-07, ""r_progress"": 1.7519300465895782e-05, ""r_track"": 0.0, ""r_dir"": -3.666526910428008e-05, ""r_time"": -1.0, ""r_smooth"": -0.24012499999999998, ""total"": -1.2401441459686382}"
0.468,10.046471528863812,9.996637141375405,10.0,9.996637141375405,5.586580140597458,-200.0,20000.0,-6.049185307179589,6.0,1000.0,0.046471528863811784,0.9226346127178072,1.0,0.003396652676993739,corner,1.0,"{""progress_diff"": 8.448513099668098e-07, ""r_progress"": 1.6897026199336196e-05, ""r_track"": 0.0, ""r_dir"": -3.6592642880605275e-05, ""r_time"": -1.0, ""r_smooth"": -0.24018, ""total"": -1.2401996956166814}"
0.469,10.041065047479982,9.996669819548686,10.0,9.996669819548686,5.406580140597458,-180.0,20000.0,-6.044185307179589,5.0,-1000.0,0.0410650474799823,0.04368660959161128,1.0,0.0033628586245946224,corner,1.0,"{""progress_diff"": 8.169543320168948e-07, ""r_progress"": 1.6339086640337896e-05, ""r_track"": 0.0, ""r_dir"": -3.6532176027525023e-05, ""r_time"": -1.0, ""r_smooth"": -0.24012499999999998, ""total"": -1.2401451930893872}"
0.47,10.035818562983415,9.996701499179299,10.0,9.996701499179299,5.246580140597458,-160.0,20000.0,-6.038185307179589,6.0,1000.0,0.03581856298341535,1.7762817566987885,1.0,0.0033301804513143907,corner,1.0,"{""progress_diff"": 7.919907653031188e-07, ""r_progress"": 1.5839815306062377e-05, ""r_track"": 0.0, ""r_dir"": -3.6459681803839465e-05, ""r_time"": -1.0, ""r_smooth"": -0.24018, ""total"": -1.2402006198664979}"
0.471,10.03071207578057,9.99673230793667,10.0,9.99673230793667,5.106580140597458,-140.0,20000.0,-6.033185307179589,5.0,-1000.0,0.030712075780570558,0.04822137139933761,1.0,0.0032985008207013777,corner,1.0,"{""progress_diff"": 7.702189343539168e-07, ""r_progress"": 1.5404378687078335e-05, ""r_track"": 0.0, ""r_dir"": -3.6399324950769955e-05, ""r_time"": -1.0, ""r_smooth"": -0.24012499999999998, ""total"": -1.2401459949462637}"
0.472,10.025725586213355,9.99676236279726,10.0,9.99676236279726,4.986580140597458,-120.0,20000.0,-6.027185307179589,6.0,1000.0,0.025725586213354745,1.5779623117105674,1.0,0.0032676920633285533,corner,1.0,"{""progress_diff"": 7.513715146734157e-07, ""r_progress"": 1.5027430293468313e-05, ""r_track"": 0.0, ""r_dir"": -3.6326962727073684e-05, ""r_time"": -1.0, ""r_smooth"": -0.24018, ""total"": -1.2402012995324336}"
0.473,10.0208790938989,9.996791539931568,10.0,9.996791539931568,4.8465801405974585,-140.0,-20000.0,-6.020185307179589,7.0,1000.0,0.02087909389890008,0.27768687636975475,1.0,0.0032376372027407285,corner,1.0,"{""progress_diff"": 7.294283577152783e-07, ""r_progress"": 1.4588567154305565e-05, ""r_track"": 0.0, ""r_dir"": -3.624263113278279e-05, ""r_time"": -1.0, ""r_smooth"": -0.240245, ""total"": -1.2402666540639786}"
0.474,10.016152599182409,9.996819956836047,10.0,9.996819956836047,4.726580140597458,-120.0,20000.0,-6.012185307179589,8.0,1000.0,0.016152599182408522,1.1157572727327614,1.0,0.0032084600684321174,corner,1.0,"{""progress_diff"": 7.104226119603041e-07, ""r_progress"": 1.4208452239206082e-05, ""r_track"": 0.0, ""r_dir"": -3.6146372167865145e-05, ""r_time"": -1.0, ""r_smooth"": -0.24031999999999998, ""total"": -1.2403419379199287}"
0.475,10.011566101742764,9.996847499934173,10.0,9.996847499934173,4.586580140597459,-140.0,-20000.0,-6.005185307179589,7.0,-1000.0,0.011566101742763735,0.090110875585521,1.0,0.0031800431639545934,corner,1.0,"{""progress_diff"": 6.88577453167305e-07, ""r_progress"": 1.37715490633461e-05, ""r_track"": 0.0, ""r_dir"": -3.606225057356355e-05, ""r_time"": -1.0, ""r_smooth"": -0.240245, ""total"": -1.2402672907015102}"
0.476,10.007099601924953,9.996874286682395,10.0,9.996874286682395,4.466580140597459,-120.0,20000.0,-5.997185307179589,8.0,1000.0,0.007099601924952737,0.8233566120843879,1.0,0.003152500065827013,corner,1.0,"{""progress_diff"": 6.696687055440798e-07, ""r_progress"": 1.3393374110881595e-05, ""r_track"": 0.0, ""r_dir"": -3.596623160865657e-05, ""r_time"": -1.0, ""r_smooth"": -0.24031999999999998, ""total"": -1.240342572857498}"
0.477,10.002733100125633,9.99690044315017,10.0,9.99690044315017,4.366580140597459,-100.0,20000.0,-5.99018530717959,7.0,-1000.0,0.0027331001256332144,0.06188135744778868,1.0,0.0031257133176048058,corner,1.0,"{""progress_diff"": 6.539116944037637e-07, ""r_progress"": 1.3078233888075275e-05, ""r_track"": 0.0, ""r_dir"": -3.588232001435497e-05, ""r_time"": -1.0, ""r_smooth"": -0.240245, ""total"": -1.2402678040861264}"
0.478,9.998486596020832,9.996925855320981,10.0,9.996925855320981,4.246580140597459,-120.0,-20000.0,-5.984185307179589,6.0,-1000.0,0.001513403979167549,0.09005312939045079,1.0,0.0030995568498290993,corner,1.0,"{""progress_diff"": 6.353042702467171e-07, ""r_progress"": 1.2706085404934342e-05, ""r_track"": 0.0, ""r_dir"": -3.581047379065877e-05, ""r_time"": -1.0, ""r_smooth"": -0.24018, ""total"": -1.2402031043883859}"
0.479,9.994340090001495,9.996950648344304,9.994340090001495,10.0,4.146580140597459,-100.0,20000.0,-5.9791853071795895,5.0,-1000.0,0.0030493516556955313,0.06565673909019935,1.0,0.0030741446790187865,corner,1.0,"{""progress_diff"": 0.00021835136693804102, ""r_progress"": 0.0043670273387608205, ""r_track"": 0.0, ""r_dir"": -3.575065693758924e-05, ""r_time"": -1.0, ""r_smooth"": -0.24012499999999998, ""total"": -1.2357937233181768}"
0.48,9.990313581740857,9.996974707763632,9.990313581740857,10.0,4.026580140597459,-120.0,-20000.0,-5.97518530717959,4.0,-1000.0,0.003025292236367605,0.08928552387827776,1.0,9.994340090001483,corner,1.0,"{""progress_diff"": 0.00010066270651598597, ""r_progress"": 0.0020132541303197193, ""r_track"": 0.0, ""r_dir"": -3.570283945513574e-05, ""r_time"": -1.0, ""r_smooth"": -0.24008, ""total"": -1.2381024487091354}"
0.481,9.986387071624712,9.996998157888456,9.986387071624712,10.0,3.926580140597459,-100.0,20000.0,-5.97218530717959,3.0,-1000.0,0.003001842111544306,1.0102313858956042,1.0,9.990313581740843,corner,1.0,"{""progress_diff"": 9.816275290364107e-05, ""r_progress"": 0.0019632550580728214, ""r_track"": 0.0, ""r_dir"": -3.5666997343287655e-05, ""r_time"": -1.0, ""r_smooth"": -0.24004499999999998, ""total"": -1.2381174119392704}"
0.482,9.982540559990033,9.997021114855249,9.982540559990033,10.0,3.846580140597459,-80.0,20000.0,-5.96818530717959,4.0,1000.0,0.0029788851447509752,0.6532694239030441,0.0,9.986387071624698,normal,0.0,"{""progress_diff"": 9.616279086699375e-05, ""r_progress"": 0.001923255817339875, ""r_track"": -7.887783738327147e-05, ""r_dir"": -7.12384717216683e-05, ""r_time"": -1.0, ""r_smooth"": 0.0, ""total"": -0.998226860491765}"
0.483,9.978754047173835,9.997043694800485,9.978754047173835,10.0,3.786580140597459,-60.0,20000.0,-5.96318530717959,5.0,1000.0,0.00295630519951473,2.9112046168046195,0.0,9.982540559990017,normal,0.0,"{""progress_diff"": 9.466282040504481e-05, ""r_progress"": 0.0018932564081008962, ""r_track"": -7.768658162380293e-05, ""r_dir"": -7.111915801552922e-05, ""r_time"": -1.0, ""r_smooth"": 0.0, ""total"": -0.9982555493315385}"
0.484,9.975007533557111,9.99706602123367,9.975007533557111,10.0,3.746580140597459,-40.0,20000.0,-5.959185307179591,4.0,-1000.0,0.002933978766330725,0.8975569879472417,0.0,9.978754047173819,normal,0.0,"{""progress_diff"": 9.366284041800732e-05, ""r_progress"": 0.0018732568083601464, ""r_track"": -7.651761245581835e-05, ""r_dir"": -7.102377905062219e-05, ""r_time"": -1.0, ""r_smooth"": 0.0, ""total"": -0.9982742845831463}"
0.485,9.971281019518663,9.99708821730431,9.971281019518663,10.0,3.726580140597459,-20.0,20000.0,-5.956185307179591,3.0,-1000.0,0.0029117826956905906,1.0147778649850745,0.0,9.975007533557097,normal,0.0,"{""progress_diff"": 9.316285096117038e-05, ""r_progress"": 0.0018632570192234077, ""r_track"": -7.5364253039317e-05, ""r_dir"": -7.095228682692604e-05, ""r_time"": -1.0, ""r_smooth"": 0.0, ""total"": -0.9982830595206429}"
0.486,9.967594504726787,9.997110167755917,9.967594504726787,10.0,3.6865801405974588,-40.0,-20000.0,-5.954185307179591,2.0,-1000.0,0.0028898322440831237,0.08922777768320742,0.0,9.97128101951865,normal,0.0,"{""progress_diff"": 9.216286979696342e-05, ""r_progress"": 0.0018432573959392684, ""r_track"": -7.423227021282224e-05, ""r_dir"": -7.090464534446195e-05, ""r_time"": -1.0, ""r_smooth"": 0.0, ""total"": -0.998301879519618}"
0.487,9.96392798951491,9.997131988124977,9.96392798951491,10.0,3.6665801405974587,-20.0,20000.0,-5.951185307179591,3.0,1000.0,0.0028680118750230577,1.977109564139586,0.0,9.967594504726772,normal,0.0,"{""progress_diff"": 9.166288029682779e-05, ""r_progress"": 0.0018332576059365557, ""r_track"": -7.311548546909578e-05, ""r_dir"": -7.08332131207658e-05, ""r_time"": -1.0, ""r_smooth"": 0.0, ""total"": -0.9983106910926534}"
0.488,9.960261474215782,9.997153793827975,9.960261474215782,10.0,3.6665801405974587,0.0,20000.0,-5.947185307179591,4.0,1000.0,0.0028462061720251346,2.7984994951370243,0.0,9.963927989514897,normal,0.0,"{""progress_diff"": 9.166288247830501e-05, ""r_progress"": 0.0018332576495661002, ""r_track"": -7.20079073215464e-05, ""r_dir"": -7.07380261558799e-05, ""r_time"": -1.0, ""r_smooth"": 0.0, ""total"": -0.9983094882839113}"
0.489,9.956614958497921,9.997175469648422,9.956614958497921,10.0,3.6465801405974587,-20.0,-20000.0,-5.944185307179591,3.0,-1000.0,0.0028245303515781472,0.09041932711412633,0.0,9.960261474215766,normal,0.0,"{""progress_diff"": 9.116289294652802e-05, ""r_progress"": 0.0018232578589305604, ""r_track"": -7.09153040620993e-05, ""r_dir"": -7.066667793218377e-05, ""r_time"": -1.0, ""r_smooth"": 0.0, ""total"": -0.9983183241230638}"
0.49,9.952968442736715,9.997197138175837,9.952968442736715,10.0,3.6465801405974587,0.0,20000.0,-5.942185307179591,2.0,-1000.0,0.0028028618241631165,1.0178060341883608,0.0,9.956614958497905,normal,0.0,"{""progress_diff"": 9.116289403010569e-05, ""r_progress"": 0.0018232578806021138, ""r_track"": -6.983141693645326e-05, ""r_dir"": -7.061913244971969e-05, ""r_time"": -1.0, ""r_smooth"": 0.0, ""total"": -0.998317192668784}"
0.491,9.949301927306818,9.997218921879742,9.949301927306818,10.0,3.6665801405974587,20.0,20000.0,-5.941185307179591,1.0,-1000.0,0.0027810781202575185,1.0177651891314528,0.0,9.952968442736701,normal,0.0,"{""progress_diff"": 9.166288574746773e-05, ""r_progress"": 0.0018332577149493545, ""r_track"": -6.875018231977861e-05, ""r_dir"": -7.059536570848765e-05, ""r_time"": -1.0, ""r_smooth"": 0.0, ""total"": -0.998306087833079}"
0.492,9.945595412538838,9.997240935816633,9.945595412538838,10.0,3.7065801405974588,40.0,20000.0,-5.939185307179591,2.0,1000.0,0.0027590641833672436,2.1629309776152996,0.0,9.949301927306802,normal,0.0,"{""progress_diff"": 9.266286919940026e-05, ""r_progress"": 0.001853257383988005, ""r_track"": -6.766609038168849e-05, ""r_dir"": -7.054784422602358e-05, ""r_time"": -1.0, ""r_smooth"": 0.0, ""total"": -0.9982849565506197}"
0.493,9.941828898806705,9.997263302336034,9.941828898806705,10.0,3.766580140597459,60.0,20000.0,-5.938185307179591,1.0,-1000.0,0.002736697663966225,0.904114707107091,0.0,9.945595412538825,normal,0.0,"{""progress_diff"": 9.416284330343583e-05, ""r_progress"": 0.0018832568660687166, ""r_track"": -6.65734587018506e-05, ""r_dir"": -7.052408948481263e-05, ""r_time"": -1.0, ""r_smooth"": 0.0, ""total"": -0.998253840682118}"
0.494,9.937982386439373,9.997286136214441,9.937982386439373,10.0,3.846580140597459,80.0,20000.0,-5.936185307179591,2.0,1000.0,0.002713863785558601,0.8033190114241768,0.0,9.94182889880669,normal,0.0,"{""progress_diff"": 9.616280918323117e-05, ""r_progress"": 0.0019232561836646234, ""r_track"": -6.546717019170188e-05, ""r_dir"": -7.047659200234856e-05, ""r_time"": -1.0, ""r_smooth"": 0.0, ""total"": -0.9982126875785294}"
0.495,9.934035875763685,9.997309551868362,9.934035875763685,10.0,3.946580140597459,100.0,20000.0,-5.933185307179591,3.0,1000.0,0.002690448131637879,1.763618101179404,0.0,9.937982386439359,normal,0.0,"{""progress_diff"": 9.8662766892188e-05, ""r_progress"": 0.00197325533784376, ""r_track"": -6.434232132474448e-05, ""r_dir"": -7.040537577867353e-05, ""r_time"": -1.0, ""r_smooth"": 0.0, ""total"": -0.9981614923592597}"
0.496,9.93000936644833,9.997333434121304,9.93000936644833,10.0,4.026580140597459,80.0,-20000.0,-5.931185307179591,2.0,-1000.0,0.002666565878696403,0.09628834137432096,0.0,9.934035875763673,normal,0.0,"{""progress_diff"": 0.00010066273288400485, ""r_progress"": 0.002013254657680097, ""r_track"": -6.320509853713707e-05, ""r_dir"": -7.035791829620945e-05, ""r_time"": -1.0, ""r_smooth"": 0.0, ""total"": -0.9981203083591532}"
0.497,9.92588285881851,9.997357897109776,9.92588285881851,10.0,4.126580140597459,100.0,20000.0,-5.928185307179591,3.0,1000.0,0.0026421028902241512,2.0011750431006026,0.0,9.930009366448314,normal,0.0,"{""progress_diff"": 0.0001031626907453953, ""r_progress"": 0.002063253814907906, ""r_track"": -6.205073495582945e-05, ""r_dir"": -7.028676207253441e-05, ""r_time"": -1.0, ""r_smooth"": 0.0, ""total"": -0.9980690836821204}"
0.498,9.921636353246946,9.997383062983307,9.921636353246946,10.0,4.246580140597459,120.0,20000.0,-5.926185307179591,2.0,-1000.0,0.0026169370166932993,1.0143525132778313,0.0,9.925882858818497,normal,0.0,"{""progress_diff"": 0.00010616263928908687, ""r_progress"": 0.0021232527857817374, ""r_track"": -6.087430532746333e-05, ""r_dir"": -7.023934459007035e-05, ""r_time"": -1.0, ""r_smooth"": 0.0, ""total"": -0.9980078608641358}"
0.499,9.917249850055784,9.997409045358415,9.917249850055784,10.0,4.3865801405974585,140.0,20000.0,-5.923185307179591,3.0,1000.0,0.002590954641584986,1.962678450704784,0.0,9.921636353246932,normal,0.0,"{""progress_diff"": 0.00010966257977906846, ""r_progress"": 0.002193251595581369, ""r_track"": -5.967151959778474e-05, ""r_dir"": -7.016824836637426e-05, ""r_time"": -1.0, ""r_smooth"": 0.0, ""total"": -0.9979365881723828}"
0.5,9.912703349617493,9.99743596634463,9.912703349617493,10.0,4.546580140597459,160.0,20000.0,-5.9211853071795915,2.0,-1000.0,0.002564033655369613,1.0121482879932908,0.0,9.917249850055772,normal,0.0,"{""progress_diff"": 0.00011366251095734636, ""r_progress"": 0.0022732502191469273, ""r_track"": -5.843794298549386e-05, ""r_dir"": -7.012087088393123e-05, ""r_time"": -1.0, ""r_smooth"": 0.0, ""total"": -0.9978553085947225}"
0.501,9.908016851605678,9.997463711605446,9.908016851605678,10.0,4.686580140597458,140.0,-20000.0,-5.920185307179591,1.0,-1000.0,0.002536288394553665,0.10463904574833181,0.0,9.912703349617477,normal,0.0,"{""progress_diff"": 0.00011716245029536054, ""r_progress"": 0.002343249005907211, ""r_track"": -5.718007840308985e-05, ""r_dir"": -7.009718814267817e-05, ""r_time"": -1.0, ""r_smooth"": 0.0, ""total"": -0.9977840282606386}"
0.502,9.903170356397743,9.997492404090378,9.903170356397743,10.0,4.8465801405974585,160.0,20000.0,-5.920185307179591,0.0,-1000.0,0.002507595909621685,1.0093074429363826,0.0,9.908016851605662,normal,0.0,"{""progress_diff"": 0.00012116238019832526, ""r_progress"": 0.002423247603966505, ""r_track"": -5.589366440845694e-05, ""r_dir"": -7.009718814267817e-05, ""r_time"": -1.0, ""r_smooth"": 0.0, ""total"": -0.9977027432485847}"
0.503,9.898143864314417,9.997522157175949,9.898143864314417,10.0,5.026580140597458,180.0,20000.0,-5.919185307179591,1.0,1000.0,0.0024778428240512795,2.486254597675123,0.0,9.90317035639773,normal,0.0,"{""progress_diff"": 0.00012566230208310714, ""r_progress"": 0.0025132460416621427, ""r_track"": -5.457515609513263e-05, ""r_dir"": -7.007350940146717e-05, ""r_time"": -1.0, ""r_smooth"": 0.0, ""total"": -0.9976114026238344}"
0.504,9.892917375734754,9.997553094091668,9.892917375734754,10.0,5.226580140597458,200.0,20000.0,-5.919185307179591,0.0,-1000.0,0.002446905908332298,1.0056665978794745,0.0,9.898143864314402,normal,0.0,"{""progress_diff"": 0.00013066221449165027, ""r_progress"": 0.0026132442898330055, ""r_track"": -5.322087577094674e-05, ""r_dir"": -7.007350940146717e-05, ""r_time"": -1.0, ""r_smooth"": 0.0, ""total"": -0.9975100500953394}"
0.505,9.887470890976887,9.997585327774066,9.887470890976887,10.0,5.446580140597458,220.0,20000.0,-5.9181853071795905,1.0,1000.0,0.0024146722259335007,1.9976474602300471,0.0,9.89291737573474,normal,0.0,"{""progress_diff"": 0.00013616211894662555, ""r_progress"": 0.002723242378932511, ""r_track"": -5.1827928521730204e-05, ""r_dir"": -7.004983466023514e-05, ""r_time"": -1.0, ""r_smooth"": 0.0, ""total"": -0.9973986353842494}"
0.506,9.881784410421998,9.997618981812646,9.881784410421998,10.0,5.686580140597458,240.0,20000.0,-5.9181853071795905,0.0,-1000.0,0.0023810181873535896,1.0012257528225665,0.0,9.887470890976875,normal,0.0,"{""progress_diff"": 0.00014216201387229344, ""r_progress"": 0.0028432402774458687, ""r_track"": -5.0393312075631765e-05, ""r_dir"": -7.004983466023514e-05, ""r_time"": -1.0, ""r_smooth"": 0.0, ""total"": -0.99727720286929}"
0.507,9.875877933754799,9.997653943750871,9.875877933754799,10.0,5.906580140597458,220.0,-20000.0,-5.919185307179591,-1.0,-1000.0,0.0023460562491290915,0.11699820069142376,0.0,9.881784410421982,normal,0.0,"{""progress_diff"": 0.0001476619166799198, ""r_progress"": 0.002953238333598396, ""r_track"": -4.892426599180144e-05, ""r_dir"": -7.007350940146717e-05, ""r_time"": -1.0, ""r_smooth"": 0.0, ""total"": -0.9971657594417949}"
0.508,9.869731461364776,9.997690338578218,9.869731461364776,10.0,6.146580140597458,240.0,20000.0,-5.921185307179591,-2.0,-1000.0,0.0023096614217816835,0.9961482879932907,0.0,9.875877933754783,normal,0.0,"{""progress_diff"": 0.00015366180975062704, ""r_progress"": 0.003073236195012541, ""r_track"": -4.741809674014745e-05, ""r_dir"": -7.012087088393123e-05, ""r_time"": -1.0, ""r_smooth"": 0.0, ""total"": -0.9970443027726116}"
0.509,9.863324993646426,9.997728292124153,9.863324993646426,10.0,6.406580140597458,260.0,20000.0,-5.924185307179591,-3.0,-1000.0,0.0022717078758471843,0.5818538489055923,0.0,9.869731461364761,normal,0.0,"{""progress_diff"": 0.00016016169295873794, ""r_progress"": 0.003203233859174759, ""r_track"": -4.587250376165446e-05, ""r_dir"": -7.019194310760629e-05, ""r_time"": -1.0, ""r_smooth"": 0.0, ""total"": -0.9969128305876945}"
0.51,9.856638531000002,9.997767931178121,9.856638531000002,10.0,6.686580140597458,280.0,20000.0,-5.92818530717959,-4.0,-1000.0,0.0022320688218790963,0.5967508430057529,0.0,9.863324993646412,normal,0.0,"{""progress_diff"": 0.00016716156616058964, ""r_progress"": 0.0033432313232117927, ""r_track"": -4.428561089426433e-05, ""r_dir"": -7.028676207253441e-05, ""r_time"": -1.0, ""r_smooth"": 0.0, ""total"": -0.996771341049755}"
0.511,9.849652073832244,9.997809383609551,9.849652073832244,10.0,6.986580140597458,300.0,20000.0,-5.93318530717959,-5.0,-1000.0,0.0021906163904485965,0.48972214812046305,0.0,9.856638530999987,normal,0.0,"{""progress_diff"": 0.00017466142919397853, ""r_progress"": 0.0034932285838795707, ""r_track"": -4.2656001512018124e-05, ""r_dir"": -7.040537577867353e-05, ""r_time"": -1.0, ""r_smooth"": 0.0, ""total"": -0.9966198327934112}"
0.512,9.84238562185166,9.997852540921834,9.84238562185166,10.0,7.266580140597458,280.0,-20000.0,-5.93918530717959,-6.0,-1000.0,0.0021474590781664915,0.12741510182958593,0.0,9.849652073832228,normal,0.0,"{""progress_diff"": 0.00018166129951457943, ""r_progress"": 0.0036332259902915887, ""r_track"": -4.099182659910824e-05, ""r_dir"": -7.054784422602358e-05, ""r_time"": -1.0, ""r_smooth"": 0.0, ""total"": -0.9964783136805335}"
0.513,9.834859174769768,9.997897295098348,9.834859174769768,10.0,7.526580140597458,260.0,-20000.0,-5.94618530717959,-7.0,-1000.0,0.00210270490165243,0.1289010172279427,0.0,9.842385621851644,normal,0.0,"{""progress_diff"": 0.00018816117704723023, ""r_progress"": 0.0037632235409446047, ""r_track"": -3.930104803051694e-05, ""r_dir"": -7.071423941462673e-05, ""r_time"": -1.0, ""r_smooth"": 0.0, ""total"": -0.9963467917465005}"
0.514,9.827092732300416,9.997943538482467,9.827092732300416,10.0,7.766580140597458,240.0,-20000.0,-5.95418530717959,-8.0,-1000.0,0.002056461517533137,0.13002777768320756,0.0,9.834859174769754,normal,0.0,"{""progress_diff"": 0.00019416106173375525, ""r_progress"": 0.003883221234675105, ""r_track"": -3.7591413094175044e-05, ""r_dir"": -7.090464534446195e-05, ""r_time"": -1.0, ""r_smooth"": 0.0, ""total"": -0.9962252748237636}"
0.515,9.819106294063877,9.997991147684683,9.819106294063877,10.0,7.986580140597458,220.0,-20000.0,-5.96118530717959,-7.0,1000.0,0.002008852315317,1.8157241852888566,0.0,9.827092732300404,normal,0.0,"{""progress_diff"": 0.0001996609559135054, ""r_progress"": 0.003993219118270108, ""r_track"": -3.587100110892864e-05, ""r_dir"": -7.107146053306512e-05, ""r_time"": -1.0, ""r_smooth"": 0.0, ""total"": -0.9961137233433719}"
0.516,9.810879860386,9.998040236921502,9.810879860386,10.0,8.226580140597457,240.0,20000.0,-5.96718530717959,-6.0,1000.0,0.001959763078497545,1.9250443573808202,0.0,9.819106294063864,normal,0.0,"{""progress_diff"": 0.000205660841946953, ""r_progress"": 0.00411321683893906, ""r_track"": -3.4139300656374884e-05, ""r_dir"": -7.121460098043625e-05, ""r_time"": -1.0, ""r_smooth"": 0.0, ""total"": -0.9959921370626977}"
0.517,9.80239343159037,9.998090920049439,9.80239343159037,10.0,8.486580140597457,260.0,20000.0,-5.97218530717959,-5.0,1000.0,0.0019090799505612213,2.3794075915841946,0.0,9.810879860385985,normal,0.0,"{""progress_diff"": 0.00021216071989071938, ""r_progress"": 0.004243214397814388, ""r_track"": -3.2396322290087426e-05, ""r_dir"": -7.133399468657531e-05, ""r_time"": -1.0, ""r_smooth"": 0.0, ""total"": -0.9958605159191622}"
0.518,9.793627007997594,9.998143310445016,9.793627007997594,10.0,8.766580140597457,280.0,20000.0,-5.976185307179589,-4.0,1000.0,0.0018566895549838591,1.3273406993555246,0.0,9.802393431590357,normal,0.0,"{""progress_diff"": 0.00021916058981952258, ""r_progress"": 0.0043832117963904516, ""r_track"": -3.0642632031876985e-05, ""r_dir"": -7.142958165150354e-05, ""r_time"": -1.0, ""r_smooth"": 0.0, ""total"": -0.995718860417293}"
0.519,9.784600589317561,9.998197299771618,9.784600589317561,10.0,9.026580140597456,260.0,-20000.0,-5.981185307179589,-5.0,-1000.0,0.0018027002283815816,0.1383305942197265,0.0,9.793627007997578,normal,0.0,"{""progress_diff"": 0.0002256604670007878, ""r_progress"": 0.004513209340015756, ""r_track"": -2.8886472119173394e-05, ""r_dir"": -7.15491553576426e-05, ""r_time"": -1.0, ""r_smooth"": 0.0, ""total"": -0.9955872262874611}"
0.52,9.775294175868686,9.998253001045775,9.775294175868686,10.0,9.306580140597456,280.0,20000.0,-5.985185307179589,-4.0,1000.0,0.001746998954224921,1.2417193796633588,0.0,9.784600589317545,normal,0.0,"{""progress_diff"": 0.00023266033622193483, ""r_progress"": 0.0046532067244386965, ""r_track"": -2.71289364094486e-05, ""r_dir"": -7.164488632257087e-05, ""r_time"": -1.0, ""r_smooth"": 0.0, ""total"": -0.9954455670982933}"
0.521,9.765727767248528,9.998310287158047,9.765727767248528,10.0,9.566580140597456,260.0,-20000.0,-5.988185307179589,-3.0,1000.0,0.0016897128419532947,0.1618065024002563,0.0,9.77529417586867,normal,0.0,"{""progress_diff"": 0.00023916021550385302, ""r_progress"": 0.0047832043100770605, ""r_track"": -2.5378928784550046e-05, ""r_dir"": -7.17167265462458e-05, ""r_time"": -1.0, ""r_smooth"": 0.0, ""total"": -0.9953138913452537}"
0.522,9.755881363884457,9.998369289337798,9.755881363884457,10.0,9.846580140597455,280.0,20000.0,-5.9921853071795885,-4.0,-1000.0,0.001630710662201551,0.9478482870337667,0.0,9.765727767248514,normal,0.0,"{""progress_diff"": 0.0002461600841018319, ""r_progress"": 0.0049232016820366375, ""r_track"": -2.3637486789491736e-05, ""r_dir"": -7.181256951115279e-05, ""r_time"": -1.0, ""r_smooth"": 0.0, ""total"": -0.995172248374264}"
0.523,9.745734966210438,9.998430139894374,9.745734966210438,10.0,10.146580140597456,300.0,20000.0,-5.997185307179588,-5.0,-1000.0,0.0015698601056257644,0.9440525123183072,0.0,9.755881363884441,normal,0.0,"{""progress_diff"": 0.00025365994185044816, ""r_progress"": 0.005073198837008963, ""r_track"": -2.1906317788758548e-05, ""r_dir"": -7.193246321731314e-05, ""r_time"": -1.0, ""r_smooth"": 0.0, ""total"": -0.9950206399439971}"
0.524,9.735268574667806,9.998492972337093,9.735268574667806,10.0,10.466580140597456,320.0,20000.0,-6.003185307179589,-6.0,-1000.0,0.001507027662906779,0.9398975826597558,0.0,9.745734966210424,normal,0.0,"{""progress_diff"": 0.0002616597885657379, ""r_progress"": 0.005233195771314758, ""r_track"": -2.018784334903349e-05, ""r_dir"": -7.207646766466296e-05, ""r_time"": -1.0, ""r_smooth"": 0.0, ""total"": -0.994859068539699}"
0.525,9.724462189576158,9.998557899882485,9.724462189576158,10.0,10.806580140597456,340.0,20000.0,-6.0081853071795885,-5.0,1000.0,0.0014421001175151105,1.7818640513256638,0.0,9.735268574667792,normal,0.0,"{""progress_diff"": 0.0002701596272912665, ""r_progress"": 0.0054031925458253305, ""r_track"": -1.8485802212774182e-05, ""r_dir"": -7.219658137080199e-05, ""r_time"": -1.0, ""r_smooth"": 0.0, ""total"": -0.9946874898377582}"
0.526,9.713295811250633,9.998625035027088,9.713295811250633,10.0,11.166580140597455,360.0,20000.0,-6.012185307179588,-4.0,1000.0,0.0013749649729124513,1.8177637935612576,0.0,9.724462189576144,normal,0.0,"{""progress_diff"": 0.0002791594581380563, ""r_progress"": 0.005583189162761126, ""r_track"": -1.680469934876567e-05, ""r_dir"": -7.229274433573029e-05, ""r_time"": -1.0, ""r_smooth"": 0.0, ""total"": -0.9945059082809233}"
0.527,9.70174944000121,9.998694489427457,9.70174944000121,10.0,11.546580140597456,380.0,20000.0,-6.015185307179588,-3.0,1000.0,0.0013055105725428007,1.7111511177617187,0.0,9.713295811250621,normal,0.0,"{""progress_diff"": 0.0002886592812355593, ""r_progress"": 0.005773185624711186, ""r_track"": -1.5149847600186944e-05, ""r_dir"": -7.236490855940516e-05, ""r_time"": -1.0, ""r_smooth"": 0.0, ""total"": -0.9943143291314485}"
0.528,9.689803076132,9.998766373780168,9.689803076132,10.0,11.946580140597456,400.0,20000.0,-6.017185307179588,-2.0,1000.0,0.0012336262198324732,2.8381989837315817,0.0,9.701749440001198,normal,0.0,"{""progress_diff"": 0.00029865909673032487, ""r_progress"": 0.005973181934606497, ""r_track"": -1.3527410224516958e-05, ""r_dir"": -7.241303804186932e-05, ""r_time"": -1.0, ""r_smooth"": 0.0, ""total"": -0.9941127585136599}"
0.529,9.677436720089426,9.998840822434525,9.677436720089426,10.0,12.366580140597456,420.0,20000.0,-6.020185307179588,-3.0,-1000.0,0.0011591775654746783,0.33469239780779664,0.0,9.689803076131984,normal,0.0,"{""progress_diff"": 0.00030915890106442134, ""r_progress"": 0.006183178021288427, ""r_track"": -1.1943934473776018e-05, ""r_dir"": -7.248526226556558e-05, ""r_time"": -1.0, ""r_smooth"": 0.0, ""total"": -0.9939012511754509}"
0.53,9.664630372174429,9.998917945567115,9.664630372174429,10.0,12.806580140597456,440.0,20000.0,-6.022185307179588,-2.0,1000.0,0.0010820544328851156,1.0576104061444898,0.0,9.67743672008941,normal,0.0,"{""progress_diff"": 0.0003201586978748283, ""r_progress"": 0.006403173957496566, ""r_track"": -1.040748262867848e-05, ""r_dir"": -7.253343174800835e-05, ""r_time"": -1.0, ""r_smooth"": 0.0, ""total"": -0.9936797669568801}"
0.531,9.65136403268065,9.99899785215454,9.65136403268065,10.0,13.266580140597457,460.0,20000.0,-6.023185307179588,-1.0,1000.0,0.001002147845460044,1.7765309936399194,0.0,9.664630372174415,normal,0.0,"{""progress_diff"": 0.00033165848734451053, ""r_progress"": 0.006633169746890211, ""r_track"": -8.92711381475741e-06, ""r_dir"": -7.255752248926183e-05, ""r_time"": -1.0, ""r_smooth"": 0.0, ""total"": -0.9934483148894138}"
0.532,9.637657701333316,9.999080436340138,9.637657701333316,10.0,13.706580140597456,440.0,-20000.0,-6.025185307179588,-2.0,-1000.0,0.0009195636598615665,0.10298461828786173,0.0,9.651364032680636,normal,0.0,"{""progress_diff"": 0.0003426582836834058, ""r_progress"": 0.006853165673668116, ""r_track"": -7.516420662559989e-06, ""r_dir"": -7.260571597170461e-05, ""r_time"": -1.0, ""r_smooth"": 0.0, ""total"": -0.9932269564629661}"
0.533,9.623491378591744,9.999165834593178,9.623491378591744,10.0,14.166580140597457,460.0,20000.0,-6.028185307179588,-3.0,-1000.0,0.0008341654068217963,0.8989187090824584,0.0,9.6376577013333,normal,0.0,"{""progress_diff"": 0.00035415806853922316, ""r_progress"": 0.007083161370784463, ""r_track"": -6.1851726750059815e-06, ""r_dir"": -7.267803619540088e-05, ""r_time"": -1.0, ""r_smooth"": 0.0, ""total"": -0.9929957018380859}"
0.534,9.608845064748124,9.999254155650268,9.608845064748124,10.0,14.646580140597457,480.0,20000.0,-6.030185307179588,-2.0,1000.0,0.0007458443497316837,1.1653178255674599,0.0,9.62349137859173,normal,0.0,"{""progress_diff"": 0.00036615784609050905, ""r_progress"": 0.007323156921810181, ""r_track"": -4.944744835792695e-06, ""r_dir"": -7.272626967786506e-05, ""r_time"": -1.0, ""r_smooth"": 0.0, ""total"": -0.9927545140927034}"
0.535,9.593698760086603,9.999345506928044,9.593698760086603,10.0,15.146580140597457,500.0,20000.0,-6.031185307179588,-1.0,1000.0,0.0006544930719556419,1.4183896759184191,0.0,9.60884506474811,normal,0.0,"{""progress_diff"": 0.0003786576165381028, ""r_progress"": 0.007573152330762056, ""r_track"": -3.807654944337183e-06, ""r_dir"": -7.275039241907573e-05, ""r_time"": -1.0, ""r_smooth"": 0.0, ""total"": -0.9925034057166013}"
0.536,9.578032465071612,9.999440025735757,9.578032465071612,10.0,15.666580140597457,520.0,20000.0,-6.033185307179588,-2.0,-1000.0,0.0005599742642434791,0.883122934366999,0.0,9.593698760086586,normal,0.0,"{""progress_diff"": 0.000391657375374721, ""r_progress"": 0.00783314750749442, ""r_track"": -2.787299347689118e-06, ""r_dir"": -7.279864990153991e-05, ""r_time"": -1.0, ""r_smooth"": 0.0, ""total"": -0.9922424384417549}"
0.537,9.561826179982193,9.999537818650055,9.561826179982193,10.0,16.206580140597456,540.0,20000.0,-6.034185307179588,-1.0,1000.0,0.00046218134994546745,2.7983046177641437,0.0,9.578032465071598,normal,0.0,"{""progress_diff"": 0.00040515712723554476, ""r_progress"": 0.008103142544710895, ""r_track"": -1.89876977988813e-06, ""r_dir"": -7.282278464275056e-05, ""r_time"": -1.0, ""r_smooth"": 0.0, ""total"": -0.9919715790097118}"
0.538,9.545059905087932,9.999638990687618,9.545059905087932,10.0,16.766580140597455,560.0,20000.0,-6.034185307179588,0.0,1000.0,0.00036100931238181033,1.1276134608046102,0.0,9.561826179982177,normal,0.0,"{""progress_diff"": 0.00041915687235638543, ""r_progress"": 0.008383137447127709, ""r_track"": -1.158468654456778e-06, ""r_dir"": -7.282278464275056e-05, ""r_time"": -1.0, ""r_smooth"": 0.0, ""total"": -0.9916908438061695}"
0.539,9.527713640857625,9.999743679877685,9.527713640857625,10.0,17.346580140597453,580.0,20000.0,-6.035185307179589,-1.0,-1000.0,0.0002563201223146905,0.7613963867374374,0.0,9.545059905087918,normal,0.0,"{""progress_diff"": 0.00043365660575778175, ""r_progress"": 0.008673132115155635, ""r_track"": -5.840000453637146e-07, ""r_dir"": -7.284692338400409e-05, ""r_time"": -1.0, ""r_smooth"": 0.0, ""total"": -0.9914002988082737}"
0.54,9.509807386825855,9.99985174875101,9.509807386825855,10.0,17.906580140597452,560.0,-20000.0,-6.035185307179589,0.0,1000.0,0.0001482512489907606,2.098301158409505,0.0,9.527713640857609,normal,0.0,"{""progress_diff"": 0.0004476563507942455, ""r_progress"": 0.00895312701588491, ""r_track"": -1.953638473539599e-07, ""r_dir"": -7.284692338400409e-05, ""r_time"": -1.0, ""r_smooth"": 0.0, ""total"": -0.9911199152713465}"
0.541,9.491361142517071,9.99996305815837,9.491361142517071,10.0,18.44658014059745,540.0,-20000.0,-6.034185307179588,1.0,1000.0,3.6941841630167005e-05,1.0842992399471256,0.0,9.509807386825837,normal,0.0,"{""progress_diff"": 0.0004611561077195736, ""r_progress"": 0.009223122154391472, ""r_track"": -1.2130663671363022e-08, ""r_dir"": -7.282278464275056e-05, ""r_time"": -1.0, ""r_smooth"": 0.0, ""total"": -0.9908497127609149}"
0.542,9.472354908403448,10.000077746688996,9.472354908403448,10.0,19.00658014059745,560.0,20000.0,-6.034185307179588,0.0,-1000.0,7.774668899607207e-05,0.18665039737053185,0.0,9.491361142517057,normal,0.0,"{""progress_diff"": 0.00047515585284063633, ""r_progress"": 0.009503117056812727, ""r_track"": -5.3729312443128474e-08, ""r_dir"": -7.282278464275056e-05, ""r_time"": -1.0, ""r_smooth"": 0.0, ""total"": -0.9905697594571424}"
0.543,9.452768684730916,10.000195915439638,9.452768684730916,10.0,19.586580140597448,580.0,20000.0,-6.033185307179588,1.0,1000.0,0.00019591543963848324,1.3436976628523325,0.0,9.472354908403432,normal,0.0,"{""progress_diff"": 0.0004896555918132428, ""r_progress"": 0.009793111836264856, ""r_track"": -3.41180973233246e-07, ""r_dir"": -7.279864990153991e-05, ""r_time"": -1.0, ""r_smooth"": 0.0, ""total"": -0.9902800279946099}"
0.544,9.432582471978149,10.000317704079505,9.432582471978149,10.0,20.18658014059745,600.0,20000.0,-6.033185307179588,0.0,-1000.0,0.0003177040795048214,0.17785555489235916,0.0,9.452768684730902,normal,0.0,"{""progress_diff"": 0.0005046553188191583, ""r_progress"": 0.010093106376383165, ""r_track"": -8.972078411911633e-07, ""r_dir"": -7.279864990153991e-05, ""r_time"": -1.0, ""r_smooth"": 0.0, ""total"": -0.9899805894813596}"
0.545,9.411816269906453,10.000443012711823,9.411816269906453,10.0,20.766580140597448,580.0,-20000.0,-6.034185307179588,-1.0,-1000.0,0.0004430127118233429,0.2472953822358561,0.0,9.432582471978133,normal,0.0,"{""progress_diff"": 0.0005191550517924526, ""r_progress"": 0.010383101035849052, ""r_track"": -1.7445356696628642e-06, ""r_dir"": -7.282278464275056e-05, ""r_time"": -1.0, ""r_smooth"": 0.0, ""total"": -0.9896914662844634}"
0.546,9.39045007875814,10.000571941833353,9.39045007875814,10.0,21.36658014059745,600.0,20000.0,-6.034185307179588,0.0,1000.0,0.0005719418333534065,2.7030077970282127,0.0,9.411816269906435,normal,0.0,"{""progress_diff"": 0.0005341547787077738, ""r_progress"": 0.010683095574155477, ""r_track"": -2.9077107621302745e-06, ""r_dir"": -7.282278464275056e-05, ""r_time"": -1.0, ""r_smooth"": 0.0, ""total"": -0.9893926349212494}"
0.547,9.368463899030008,10.000704634113252,9.368463899030008,10.0,21.98658014059745,620.0,20000.0,-6.035185307179589,-1.0,-1000.0,0.0007046341132515012,0.8196046244808151,0.0,9.390450078758125,normal,0.0,"{""progress_diff"": 0.000549654493203322, ""r_progress"": 0.010993089864066441, ""r_track"": -4.413415409402039e-06, ""r_dir"": -7.284692338400409e-05, ""r_time"": -1.0, ""r_smooth"": 0.0, ""total"": -0.989084170474727}"
0.548,9.34587773022888,10.00084094748235,9.34587773022888,10.0,22.58658014059745,600.0,-20000.0,-6.035185307179589,0.0,1000.0,0.0008409474823505292,1.008822886734395,0.0,9.368463899029994,normal,0.0,"{""progress_diff"": 0.0005646542200281601, ""r_progress"": 0.011293084400563203, ""r_track"": -6.2861570495261654e-06, ""r_dir"": -7.284692338400409e-05, ""r_time"": -1.0, ""r_smooth"": 0.0, ""total"": -0.9887860486798703}"
0.549,9.322711571850721,10.00098073807152,9.322711571850721,10.0,23.16658014059745,580.0,-20000.0,-6.034185307179588,1.0,1000.0,0.0009807380715205483,0.6258977742450688,0.0,9.345877730228864,normal,0.0,"{""progress_diff"": 0.0005791539594539596, ""r_progress"": 0.011583079189079193, ""r_track"": -8.549752577154169e-06, ""r_dir"": -7.282278464275056e-05, ""r_time"": -1.0, ""r_smooth"": 0.0, ""total"": -0.9884982933481408}"
0.55,9.29898542338143,10.00112386033166,9.29898542338143,10.0,23.72658014059745,560.0,-20000.0,-6.032185307179589,2.0,1000.0,0.0011238603316598983,0.9122629885860274,0.0,9.322711571850707,normal,0.0,"{""progress_diff"": 0.0005931537117322971, ""r_progress"": 0.011863074234645943, ""r_track"": -1.1227218178477302e-05, ""r_dir"": -7.277451916030782e-05, ""r_time"": -1.0, ""r_smooth"": 0.0, ""total"": -0.9882209275026929}"
0.551,9.2747192845903,10.001270215685972,9.2747192845903,10.0,24.266580140597448,540.0,-20000.0,-6.031185307179588,1.0,-1000.0,0.001270215685972076,0.2827728470651318,0.0,9.298985423381414,normal,0.0,"{""progress_diff"": 0.0006066534697781734, ""r_progress"": 0.012133069395563467, ""r_track"": -1.4341759012351212e-05, ""r_dir"": -7.275039241907573e-05, ""r_time"": -1.0, ""r_smooth"": 0.0, ""total"": -0.987954022755868}"
0.552,9.249893155984196,10.00141994848358,9.249893155984196,10.0,24.826580140597446,560.0,20000.0,-6.031185307179588,0.0,-1000.0,0.001419948483579958,0.7918412442531829,0.0,9.274719284590287,normal,0.0,"{""progress_diff"": 0.0006206532151527, ""r_progress"": 0.012413064303054, ""r_track"": -1.792225507574242e-05, ""r_dir"": -7.275039241907573e-05, ""r_time"": -1.0, ""r_smooth"": 0.0, ""total"": -0.9876776083444408}"
0.553,9.224527037352368,10.001572963467627,9.224527037352368,10.0,25.366580140597446,540.0,-20000.0,-6.032185307179589,-1.0,-1000.0,0.00157296346762692,0.2936136921220398,0.0,9.249893155984179,normal,0.0,"{""progress_diff"": 0.0006341529657957201, ""r_progress"": 0.012683059315914402, ""r_track"": -2.1993013959901375e-05, ""r_dir"": -7.277451916030782e-05, ""r_time"": -1.0, ""r_smooth"": 0.0, ""total"": -0.9874117082172058}"
0.554,9.19860092922178,10.001729408307177,9.19860092922178,10.0,25.926580140597444,560.0,20000.0,-6.034185307179588,-2.0,-1000.0,0.0017294083071774937,0.7803637794239071,0.0,9.224527037352352,normal,0.0,"{""progress_diff"": 0.0006481527032646817, ""r_progress"": 0.012963054065293633, ""r_track"": -2.658536082608466e-05, ""r_dir"": -7.282278464275056e-05, ""r_time"": -1.0, ""r_smooth"": 0.0, ""total"": -0.9871363540801752}"
0.555,9.17209483181042,10.001889379459064,9.17209483181042,10.0,26.506580140597443,580.0,20000.0,-6.035185307179589,-1.0,1000.0,0.0018893794590635338,1.2656073531439427,0.0,9.198600929221765,normal,0.0,"{""progress_diff"": 0.0006626524352839613, ""r_progress"": 0.013253048705679227, ""r_track"": -3.1731153247388546e-05, ""r_dir"": -7.284692338400409e-05, ""r_time"": -1.0, ""r_smooth"": 0.0, ""total"": -0.9868515293709522}"
0.556,9.144988745326065,10.002052971700152,9.144988745326065,10.0,27.106580140597444,600.0,20000.0,-6.035185307179589,0.0,1000.0,0.002052971700152284,2.181499161653769,0.0,9.172094831810405,normal,0.0,"{""progress_diff"": 0.0006776521621089104, ""r_progress"": 0.013553043242178209, ""r_track"": -3.746393601445476e-05, ""r_dir"": -7.284692338400409e-05, ""r_time"": -1.0, ""r_smooth"": 0.0, ""total"": -0.9865572676172203}"
0.557,9.11726266996563,10.002220278007341,9.11726266996563,10.0,27.726580140597445,620.0,20000.0,-6.034185307179588,1.0,1000.0,0.0022202780073410366,0.864237590004592,0.0,9.14498874532605,normal,0.0,"{""progress_diff"": 0.0006931518840108675, ""r_progress"": 0.01386303768021735, ""r_track"": -4.381897271006475e-05, ""r_dir"": -7.282278464275056e-05, ""r_time"": -1.0, ""r_smooth"": 0.0, ""total"": -0.9862536040771355}"
0.558,9.088896605914526,10.002391389437562,9.088896605914526,10.0,28.366580140597446,640.0,20000.0,-6.032185307179589,2.0,1000.0,0.0023913894375624523,2.5850747338957216,0.0,9.117262669965616,normal,0.0,"{""progress_diff"": 0.0007091516012776022, ""r_progress"": 0.014183032025552045, ""r_track"": -5.0833275040757875e-05, ""r_dir"": -7.277451916030782e-05, ""r_time"": -1.0, ""r_smooth"": 0.0, ""total"": -0.985940575768649}"
0.559,9.059870553696102,10.00256645305989,9.059870553696102,10.0,29.026580140597446,660.0,20000.0,-6.031185307179588,1.0,-1000.0,0.0025664530598898954,0.43660679582026046,0.0,9.08889660591451,normal,0.0,"{""progress_diff"": 0.0007256513054605396, ""r_progress"": 0.014513026109210792, ""r_track"": -5.8548278298828504e-05, ""r_dir"": -7.275039241907573e-05, ""r_time"": -1.0, ""r_smooth"": 0.0, ""total"": -0.9856182725615071}"
0.56,9.030204512759918,10.002745317285331,9.030204512759918,10.0,29.666580140597446,640.0,-20000.0,-6.0291853071795884,2.0,1000.0,0.002745317285331339,2.22502585101963,0.0,9.05987055369609,normal,0.0,"{""progress_diff"": 0.0007416510234046214, ""r_progress"": 0.014833020468092428, ""r_track"": -6.699348441901362e-05, ""r_dir"": -7.270215093661154e-05, ""r_time"": -1.0, ""r_smooth"": 0.0, ""total"": -0.9853066751672632}"
0.561,8.999878483636724,10.002928130422939,8.999878483636724,10.0,30.326580140597446,660.0,20000.0,-6.028185307179588,1.0,-1000.0,0.002928130422938935,0.6190583254765015,0.0,9.030204512759905,normal,0.0,"{""progress_diff"": 0.0007581507280798316, ""r_progress"": 0.015163014561596633, ""r_track"": -7.621286909991597e-05, ""r_dir"": -7.267803619540088e-05, ""r_time"": -1.0, ""r_smooth"": 0.0, ""total"": -0.9849858763436987}"
0.562,8.968872466494997,10.003114980689695,8.968872466494997,10.0,31.006580140597446,680.0,20000.0,-6.026185307179588,2.0,1000.0,0.003114980689694846,2.6490313782194086,0.0,8.99987848363671,normal,0.0,"{""progress_diff"": 0.0007751504285432587, ""r_progress"": 0.015503008570865173, ""r_track"": -8.624981953041583e-05, ""r_dir"": -7.262981871293669e-05, ""r_time"": -1.0, ""r_smooth"": 0.0, ""total"": -0.9846558710673782}"
0.563,8.937166461872396,10.00330601755463,8.937166461872396,10.0,31.706580140597445,700.0,20000.0,-6.025185307179588,1.0,-1000.0,0.0033060175546300035,0.5708662386471469,0.0,8.968872466494982,normal,0.0,"{""progress_diff"": 0.0007926501155649524, ""r_progress"": 0.015853002311299047, ""r_track"": -9.715335174685997e-05, ""r_dir"": -7.260571597170461e-05, ""r_time"": -1.0, ""r_smooth"": 0.0, ""total"": -0.9843167567564195}"
0.564,8.9047404699281,10.003501327674755,8.9047404699281,10.0,32.426580140597444,720.0,20000.0,-6.023185307179588,2.0,1000.0,0.0035013276747548616,1.1342503205175134,0.0,8.937166461872383,normal,0.0,"{""progress_diff"": 0.0008106497986074546, ""r_progress"": 0.01621299597214909, ""r_track"": -0.00010897151543114923, ""r_dir"": -7.255752248926183e-05, ""r_time"": -1.0, ""r_smooth"": 0.0, ""total"": -0.9839685330657714}"
0.565,8.871574490807753,10.00370099542712,8.871574490807753,10.0,33.166580140597446,740.0,20000.0,-6.020185307179588,3.0,1000.0,0.003700995427120546,2.626476448560857,0.0,8.904740469928086,normal,0.0,"{""progress_diff"": 0.0008291494780087172, ""r_progress"": 0.016582989560174344, ""r_track"": -0.00012175437468059724, ""r_dir"": -7.248526226556558e-05, ""r_time"": -1.0, ""r_smooth"": 0.0, ""total"": -0.9836112500767719}"
0.566,8.837648524642862,10.00390510278882,8.837648524642862,10.0,33.926580140597444,760.0,20000.0,-6.0161853071795885,4.0,1000.0,0.0039051027888206136,0.9900527684323497,0.0,8.871574490807738,normal,0.0,"{""progress_diff"": 0.0008481491541222352, ""r_progress"": 0.016962983082444705, ""r_track"": -0.0001355540248111514, ""r_dir"": -7.238897130065862e-05, ""r_time"": -1.0, ""r_smooth"": 0.0, ""total"": -0.9832449599136671}"
0.567,8.802982570827528,10.004113488771024,8.8,10.0,34.666580140597446,740.0,-20000.0,-6.011185307179589,5.0,1000.0,0.00411348877102391,1.5416974380434265,0.0,8.837648524642848,normal,0.0,"{""progress_diff"": 0.0008666488453833443, ""r_progress"": 0.017332976907666886, ""r_track"": -0.00015040702106079818, ""r_dir"": -7.226869759449822e-05, ""r_time"": -1.0, ""r_smooth"": 0.0, ""total"": -0.9828896988109884}"
0.568,8.76755662989167,10.004326301522786,8.76755662989167,10.0,35.426580140597444,760.0,20000.0,-6.007185307179589,4.0,-1000.0,0.0043263015227861246,0.5390827024656353,0.0,8.802982570827513,normal,0.0,"{""progress_diff"": 0.000885648523396454, ""r_progress"": 0.01771297046792908, ""r_track"": -0.00016637230992054702, ""r_dir"": -7.217255062959125e-05, ""r_time"": -1.0, ""r_smooth"": 0.0, ""total"": -0.9825255743926211}"
0.569,8.731350702377085,10.004543691233126,8.731350702377085,10.0,36.206580140597445,780.0,20000.0,-6.004185307179589,3.0,-1000.0,0.004543691233125813,0.4013442508520399,0.0,8.767556629891654,normal,0.0,"{""progress_diff"": 0.0009051481878645795, ""r_progress"": 0.01810296375729159, ""r_track"": -0.00018351226686208325, ""r_dir"": -7.210048240591635e-05, ""r_time"": -1.0, ""r_smooth"": 0.0, ""total"": -0.9821526489919764}"
0.57,8.694344788838242,10.004765810251024,8.694344788838242,10.0,37.00658014059744,800.0,20000.0,-6.002185307179589,2.0,-1000.0,0.004765810251024405,0.6746567376028476,0.0,8.731350702377071,normal,0.0,"{""progress_diff"": 0.0009251478384711964, ""r_progress"": 0.01850295676942393, ""r_track"": -0.00020189286532239377, ""r_dir"": -7.205245692345221e-05, ""r_time"": -1.0, ""r_smooth"": 0.0, ""total"": -0.981770988552822}"
0.571,8.656518889843086,10.004992813205423,8.656518889843086,10.0,37.82658014059744,820.0,20000.0,-6.001185307179589,1.0,-1000.0,0.004992813205422664,0.6254373084471236,0.0,8.694344788838226,normal,0.0,"{""progress_diff"": 0.0009456474748787969, ""r_progress"": 0.018912949497575937, ""r_track"": -0.00022158385514882607, ""r_dir"": -7.202845018222012e-05, ""r_time"": -1.0, ""r_smooth"": 0.0, ""total"": -0.9813806628077552}"
0.572,8.61785300597386,10.005224857125222,8.61785300597386,10.0,38.666580140597446,840.0,20000.0,-6.001185307179589,0.0,-1000.0,0.00522485712522247,0.6582158925459396,0.0,8.656518889843074,normal,0.0,"{""progress_diff"": 0.0009666470967306662, ""r_progress"": 0.019332941934613324, ""r_track"": -0.0002426589509243379, ""r_dir"": -7.202845018222012e-05, ""r_time"": -1.0, ""r_smooth"": 0.0, ""total"": -0.9809817454664932}"
0.573,8.578367137107406,10.005461861473306,8.578367137107406,10.0,39.48658014059745,820.0,-20000.0,-6.002185307179589,-1.0,-1000.0,0.005461861473305519,0.4395883404147966,0.0,8.617853005973846,normal,0.0,"{""progress_diff"": 0.000987146721661336, ""r_progress"": 0.019742934433226722, ""r_track"": -0.0002651727178095923, ""r_dir"": -7.205245692345221e-05, ""r_time"": -1.0, ""r_smooth"": 0.0, ""total"": -0.9805942907415063}"
0.574,8.538041283856096,10.00570398827848,8.538041283856096,10.0,40.32658014059745,840.0,20000.0,-6.004185307179589,-2.0,-1000.0,0.0057039882784799545,0.5561893515409742,0.0,8.578367137107392,normal,0.0,"{""progress_diff"": 0.0010081463312828776, ""r_progress"": 0.02016292662565755, ""r_track"": -0.0002892042869425486, ""r_dir"": -7.210048240591635e-05, ""r_time"": -1.0, ""r_smooth"": 0.0, ""total"": -0.9801983781436909}"
0.575,8.496855446353653,10.005951319837832,8.496855446353653,10.0,41.18658014059745,860.0,20000.0,-6.005185307179589,-1.0,1000.0,0.0059513198378322585,2.5438891244144792,0.0,8.538041283856078,normal,0.0,"{""progress_diff"": 0.0010296459375609412, ""r_progress"": 0.020592918751218825, ""r_track"": -0.000314828513886007, ""r_dir"": -7.21245011471271e-05, ""r_time"": -1.0, ""r_smooth"": 0.0, ""total"": -0.9797940342638143}"
0.576,8.454789624718552,10.006203935928491,8.454789624718552,10.0,42.06658014059745,880.0,20000.0,-6.005185307179589,0.0,1000.0,0.006203935928491333,2.535089124414479,0.0,8.496855446353639,normal,0.0,"{""progress_diff"": 0.001051645540877555, ""r_progress"": 0.021032910817551098, ""r_track"": -0.00034212285337622774, ""r_dir"": -7.21245011471271e-05, ""r_time"": -1.0, ""r_smooth"": 0.0, ""total"": -0.9793813365369722}"
0.577,8.411823819569458,10.00646199961925,8.411823819569458,10.0,42.96658014059745,900.0,20000.0,-6.00618530717959,-1.0,-1000.0,0.0064619996192494256,0.6144201178304799,0.0,8.454789624718536,normal,0.0,"{""progress_diff"": 0.0010741451287273884, ""r_progress"": 0.02148290257454777, ""r_track"": -0.00037117723625937533, ""r_dir"": -7.214852388835917e-05, ""r_time"": -1.0, ""r_smooth"": 0.0, ""total"": -0.9789604231856}"
0.578,8.367938031014475,10.006725588967267,8.367938031014475,10.0,43.88658014059745,920.0,20000.0,-6.00618530717959,0.0,1000.0,0.006725588967267271,0.8381711641079371,0.0,8.411823819569442,normal,0.0,"{""progress_diff"": 0.001097144713874676, ""r_progress"": 0.02194289427749352, ""r_track"": -0.0004020759729477977, ""r_dir"": -7.214852388835917e-05, ""r_time"": -1.0, ""r_smooth"": 0.0, ""total"": -0.9785313302193427}"
0.579,8.323112259683601,10.0069948689213,8.323112259683601,10.0,44.82658014059745,940.0,20000.0,-6.00718530717959,-1.0,-1000.0,0.006994868921299968,0.595660962887388,0.0,8.367938031014457,normal,0.0,"{""progress_diff"": 0.0011206442832718544, ""r_progress"": 0.022412885665437088, ""r_track"": -0.0004349172553437172, ""r_dir"": -7.217255062959125e-05, ""r_time"": -1.0, ""r_smooth"": 0.0, ""total"": -0.9780942041405363}"
0.58,8.277326505674088,10.007269915738544,8.277326505674088,10.0,45.78658014059745,960.0,20000.0,-6.00718530717959,0.0,1000.0,0.007269915738543631,1.4649945937435644,0.0,8.323112259683583,normal,0.0,"{""progress_diff"": 0.0011446438502377143, ""r_progress"": 0.022892877004754286, ""r_track"": -0.00046979266529355003, ""r_dir"": -7.217255062959125e-05, ""r_time"": -1.0, ""r_smooth"": 0.0, ""total"": -0.9776490882111688}"
0.581,8.230560769627754,10.007550896327718,8.230560769627754,10.0,46.76658014059745,980.0,20000.0,-6.00818530717959,-1.0,-1000.0,0.007550896327717993,0.4048015159292204,0.0,8.277326505674072,normal,0.0,"{""progress_diff"": 0.001169143401158368, ""r_progress"": 0.023382868023167358, ""r_track"": -0.0005068092031284006, ""r_dir"": -7.219658137080199e-05, ""r_time"": -1.0, ""r_smooth"": 0.0, ""total"": -0.9771961377613319}"
0.582,8.182835051482138,10.007837740191523,8.182835051482138,10.0,47.72658014059745,960.0,-20000.0,-6.01018530717959,-2.0,-1000.0,0.007837740191522613,0.3835128379916433,0.0,8.230560769627736,normal,0.0,"{""progress_diff"": 0.0011931429536402582, ""r_progress"": 0.023862859072805165, ""r_track"": -0.0005460459671983017, ""r_dir"": -7.224465485326613e-05, ""r_time"": -1.0, ""r_smooth"": 0.0, ""total"": -0.9767554315492464}"
0.583,8.134169351191666,10.008130379592606,8.134169351191666,10.0,48.666580140597446,940.0,-20000.0,-6.01318530717959,-3.0,-1000.0,0.008130379592605763,0.16851413378629948,0.0,8.182835051482126,normal,0.0,"{""progress_diff"": 0.0012166425072619447, ""r_progress"": 0.024332850145238893, ""r_track"": -0.0005875828650654245, ""r_dir"": -7.231679507696237e-05, ""r_time"": -1.0, ""r_smooth"": 0.0, ""total"": -0.9763270495149035}"
0.584,8.084583668727088,10.008428749433564,8.084583668727088,10.0,49.58658014059745,920.0,-20000.0,-6.01718530717959,-4.0,-1000.0,0.00842874943356442,0.12289122947184826,0.0,8.134169351191652,normal,0.0,"{""progress_diff"": 0.001239642061614421, ""r_progress"": 0.02479284123228842, ""r_track"": -0.0006315005956783336, ""r_dir"": -7.241303804186932e-05, ""r_time"": -1.0, ""r_smooth"": 0.0, ""total"": -0.9759110724014318}"
0.585,8.034058004191829,10.008732926971575,8.034058004191829,10.0,50.526580140597446,940.0,20000.0,-6.02018530717959,-3.0,1000.0,0.008732926971575239,1.4481286405812739,0.0,8.084583668727074,normal,0.0,"{""progress_diff"": 0.0012631416133813689, ""r_progress"": 0.025262832267627378, ""r_track"": -0.0006779023421410337, ""r_dir"": -7.248526226556558e-05, ""r_time"": -1.0, ""r_smooth"": 0.0, ""total"": -0.9754875553367792}"
0.586,7.982572357672996,10.009042986823864,7.982572357672996,10.0,51.48658014059745,960.0,20000.0,-6.02218530717959,-2.0,1000.0,0.009042986823864396,1.6813138174375197,0.0,8.034058004191817,normal,0.0,"{""progress_diff"": 0.0012871411629709062, ""r_progress"": 0.025742823259418124, ""r_track"": -0.0007268943173029786, ""r_dir"": -7.253343174800835e-05, ""r_time"": -1.0, ""r_smooth"": 0.0, ""total"": -0.9750566044896328}"
0.587,7.930106729240789,10.009359000847711,7.930106729240789,10.0,52.46658014059744,980.0,20000.0,-6.02318530717959,-1.0,1000.0,0.00935900084771113,1.7058545672292447,0.0,7.982572357672982,normal,0.0,"{""progress_diff"": 0.0013116407108052508, ""r_progress"": 0.026232814216105016, ""r_track"": -0.0007785857499329568, ""r_dir"": -7.255752248926183e-05, ""r_time"": -1.0, ""r_smooth"": 0.0, ""total"": -0.9746183290563172}"
0.588,7.8766411195920885,10.009681144951665,7.8766411195920885,10.0,53.46658014059744,1000.0,20000.0,-6.02518530717959,-2.0,-1000.0,0.009681144951665388,0.506396173911734,0.0,7.930106729240773,normal,0.0,"{""progress_diff"": 0.0013366402412173795, ""r_progress"": 0.02673280482434759, ""r_track"": -0.000833107267334722, ""r_dir"": -7.260571597170461e-05, ""r_time"": -1.0, ""r_smooth"": 0.0, ""total"": -0.9741729081589589}"
0.589,7.822195528059811,10.010009248147087,7.822195528059811,10.0,54.44658014059744,980.0,-20000.0,-6.02618530717959,-1.0,1000.0,0.010009248147087035,0.7250935973147746,0.0,7.876641119592076,normal,0.0,"{""progress_diff"": 0.0013611397883069865, ""r_progress"": 0.02722279576613973, ""r_track"": -0.0008905337641774688, ""r_dir"": -7.262981871293669e-05, ""r_time"": -1.0, ""r_smooth"": 0.0, ""total"": -0.9737403678167507}"
0.59,7.766789953958637,10.010343136445389,7.766789953958637,10.0,55.40658014059744,960.0,-20000.0,-6.02618530717959,0.0,1000.0,0.010343136445388978,1.7422548041324017,0.0,7.8221955280597975,normal,0.0,"{""progress_diff"": 0.0013851393525293743, ""r_progress"": 0.027702787050587485, ""r_track"": -0.0009509375246927443, ""r_dir"": -7.262981871293669e-05, ""r_time"": -1.0, ""r_smooth"": 0.0, ""total"": -0.9733207802928182}"
0.591,7.710404397991536,10.010682986755103,7.710404397991536,10.0,56.38658014059744,980.0,20000.0,-6.0271853071795904,-1.0,-1000.0,0.010682986755103487,0.47687786402555016,0.0,7.766789953958625,normal,0.0,"{""progress_diff"": 0.0014096388991775566, ""r_progress"": 0.02819277798355113, ""r_track"": -0.0010144551645308135, ""r_dir"": -7.265392545414737e-05, ""r_time"": -1.0, ""r_smooth"": 0.0, ""total"": -0.9728943311064339}"
0.592,7.653018860879732,10.01102897898471,7.653018860879732,10.0,57.38658014059744,1000.0,20000.0,-6.02918530717959,-2.0,-1000.0,0.01102897898470978,0.4665595541393664,0.0,7.710404397991521,normal,0.0,"{""progress_diff"": 0.0014346384277950097, ""r_progress"": 0.028692768555900194, ""r_track"": -0.0010812300217348443, ""r_dir"": -7.270215093661154e-05, ""r_time"": -1.0, ""r_smooth"": 0.0, ""total"": -0.9724611636167713}"
0.593,7.594613342659091,10.01138117935159,7.594613342659091,10.0,58.40658014059744,1020.0,20000.0,-6.030185307179591,-1.0,1000.0,0.011381179351589665,2.3756679979917767,0.0,7.653018860879719,normal,0.0,"{""progress_diff"": 0.0014601379555161387, ""r_progress"": 0.029202759110322773, ""r_track"": -0.0011513888305160085, ""r_dir"": -7.272626967786506e-05, ""r_time"": -1.0, ""r_smooth"": 0.0, ""total"": -0.972021355989871}"
0.594,7.5351678440642855,10.011739769964178,7.5351678440642855,10.0,59.44658014059744,1040.0,20000.0,-6.03218530717959,-2.0,-1000.0,0.011739769964178137,0.4454820893100907,0.0,7.594613342659077,normal,0.0,"{""progress_diff"": 0.0014861374648700298, ""r_progress"": 0.029722749297400597, ""r_track"": -0.0012250862116606144, ""r_dir"": -7.277451916030782e-05, ""r_time"": -1.0, ""r_smooth"": 0.0, ""total"": -0.9715751114334203}"
0.595,7.474662365849896,10.012104936170852,7.474662365849896,10.0,60.50658014059744,1060.0,20000.0,-6.0351853071795905,-3.0,-1000.0,0.012104936170851843,0.43440462448081496,0.0,7.535167844064272,normal,0.0,"{""progress_diff"": 0.0015126369553597474, ""r_progress"": 0.030252739107194948, ""r_track"": -0.0013024842640035317, ""r_dir"": -7.284692338400409e-05, ""r_time"": -1.0, ""r_smooth"": 0.0, ""total"": -0.9711225920801926}"
0.596,7.413076908047606,10.012476743509005,7.413076908047606,10.0,61.58658014059744,1080.0,20000.0,-6.03718530717959,-2.0,1000.0,0.012476743509004962,0.7309241840719967,0.0,7.474662365849884,normal,0.0,"{""progress_diff"": 0.0015396364450572797, ""r_progress"": 0.030792728901145594, ""r_track"": -0.0013837255874621995, ""r_dir"": -7.289521286644684e-05, ""r_time"": -1.0, ""r_smooth"": 0.0, ""total"": -0.970663891899183}"
0.597,7.350391470669919,10.012855254396094,7.350391470669919,10.0,62.68658014059744,1100.0,20000.0,-6.038185307179591,-1.0,1000.0,0.012855254396093587,0.7493313382063728,0.0,7.413076908047593,normal,0.0,"{""progress_diff"": 0.001567135934442132, ""r_progress"": 0.03134271868884264, ""r_track"": -0.0014689561385625195, ""r_dir"": -7.291936360767893e-05, ""r_time"": -1.0, ""r_smooth"": 0.0, ""total"": -0.9701991568133276}"
0.598,7.286586054480267,10.013240655620464,7.286586054480267,10.0,63.80658014059744,1120.0,20000.0,-6.04018530717959,-2.0,-1000.0,0.013240655620464281,0.4006088497653555,0.0,7.3503914706699085,normal,0.0,"{""progress_diff"": 0.0015951354047413213, ""r_progress"": 0.031902708094826426, ""r_track"": -0.0015583552111976206, ""r_dir"": -7.296767709014312e-05, ""r_time"": -1.0, ""r_smooth"": 0.0, ""total"": -0.9697286147934613}"
0.599,7.221680658748743,10.013632765913668,7.221680658748743,10.0,64.90658014059744,1100.0,-20000.0,-6.041185307179591,-1.0,1000.0,0.01363276591366791,0.8809747903843403,0.0,7.2865860544802565,normal,0.0,"{""progress_diff"": 0.0016226348932880663, ""r_progress"": 0.032452697865761326, ""r_track"": -0.0016520205018388061, ""r_dir"": -7.299183983135376e-05, ""r_time"": -1.0, ""r_smooth"": 0.0, ""total"": -0.9692723144759088}"
0.6,7.155695283522356,10.014031532618068,7.155695283522356,10.0,65.98658014059744,1080.0,-20000.0,-6.0431853071795905,-2.0,-1000.0,0.014031532618067999,0.21138641399467167,0.0,7.221680658748731,normal,0.0,"{""progress_diff"": 0.0016496343806597924, ""r_progress"": 0.03299268761319585, ""r_track"": -0.0017500791787724993, ""r_dir"": -7.304017731381794e-05, ""r_time"": -1.0, ""r_smooth"": 0.0, ""total"": -0.9688304317428905}"
0.601,7.088649928056764,10.01443677210526,7.088649928056764,10.0,67.04658014059744,1060.0,-20000.0,-6.044185307179591,-1.0,1000.0,0.014436772105259621,1.5420140207890252,0.0,7.155695283522341,normal,0.0,"{""progress_diff"": 0.0016761338866397857, ""r_progress"": 0.033522677732795714, ""r_track"": -0.0018526256783929097, ""r_dir"": -7.306435205505005e-05, ""r_time"": -1.0, ""r_smooth"": 0.0, ""total"": -0.9684030122976522}"
0.602,7.020564591587846,10.014848297506898,7.020564591587846,10.0,68.08658014059745,1040.0,-20000.0,-6.044185307179591,0.0,1000.0,0.014848297506897977,1.6235950200680473,0.0,7.08864992805675,normal,0.0,"{""progress_diff"": 0.0017021334117229836, ""r_progress"": 0.03404266823445967, ""r_track"": -0.001959750567585357, ""r_dir"": -7.306435205505005e-05, ""r_time"": -1.0, ""r_smooth"": 0.0, ""total"": -0.9679901466851807}"
0.603,6.951419274898888,10.01526629885127,6.951419274898888,10.0,69.14658014059745,1060.0,20000.0,-6.045185307179591,-1.0,-1000.0,0.01526629885126951,0.34641307504989577,0.0,7.020564591587831,normal,0.0,"{""progress_diff"": 0.0017286329172239157, ""r_progress"": 0.03457265834447831, ""r_track"": -0.0020716433832557576, ""r_dir"": -7.308853079628215e-05, ""r_time"": -1.0, ""r_smooth"": 0.0, ""total"": -0.9675720735695738}"
0.604,6.8811939779437745,10.015690828956007,6.8811939779437745,10.0,70.22658014059745,1080.0,20000.0,-6.045185307179591,0.0,1000.0,0.015690828956007152,1.3984569828666098,0.0,6.951419274898875,normal,0.0,"{""progress_diff"": 0.0017556324238778842, ""r_progress"": 0.035112648477557684, ""r_track"": -0.0021884632295704224, ""r_dir"": -7.308853079628215e-05, ""r_time"": -1.0, ""r_smooth"": 0.0, ""total"": -0.967148903282809}"
0.605,6.809868700656802,10.016121937398806,6.809868700656802,10.0,71.32658014059744,1100.0,20000.0,-6.044185307179591,1.0,1000.0,0.01612193739880574,1.5903972575309093,0.0,6.881193977943759,normal,0.0,"{""progress_diff"": 0.0017831319321742756, ""r_progress"": 0.03566263864348551, ""r_track"": -0.0023103721376978776, ""r_dir"": -7.306435205505005e-05, ""r_time"": -1.0, ""r_smooth"": 0.0, ""total"": -0.9667207978462674}"
0.606,6.737463443097144,10.01655957352199,6.737463443097144,10.0,72.40658014059744,1080.0,-20000.0,-6.044185307179591,0.0,-1000.0,0.01655957352198989,0.7621038328049367,0.0,6.809868700656789,normal,0.0,"{""progress_diff"": 0.001810131438991447, ""r_progress"": 0.03620262877982894, ""r_track"": -0.0024375064464905653, ""r_dir"": -7.306435205505005e-05, ""r_time"": -1.0, ""r_smooth"": 0.0, ""total"": -0.9663079420187167}"
0.607,6.663958205185874,10.017003784703293,6.663958205185874,10.0,73.50658014059744,1100.0,20000.0,-6.0431853071795905,1.0,1000.0,0.017003784703293334,0.41693543373024294,0.0,6.7374634430971305,normal,0.0,"{""progress_diff"": 0.0018376309477817765, ""r_progress"": 0.03675261895563553, ""r_track"": -0.0025700328376529104, ""r_dir"": -7.304017731381794e-05, ""r_time"": -1.0, ""r_smooth"": 0.0, ""total"": -0.9658904540593312}"
0.608,6.5893329868239805,10.017454614960508,6.5893329868239805,10.0,74.62658014059744,1120.0,20000.0,-6.041185307179591,2.0,1000.0,0.017454614960508152,0.7662955914038735,0.0,6.66395820518586,normal,0.0,"{""progress_diff"": 0.0018656304590471962, ""r_progress"": 0.03731260918094392, ""r_track"": -0.0027081207415075113, ""r_dir"": -7.299183983135376e-05, ""r_time"": -1.0, ""r_smooth"": 0.0, ""total"": -0.9654685034003949}"
0.609,6.513567787891888,10.017912104831487,6.513567787891888,10.0,75.76658014059744,1140.0,20000.0,-6.038185307179591,3.0,1000.0,0.01791210483148653,1.6379984536085948,0.0,6.589332986823969,normal,0.0,"{""progress_diff"": 0.0018941299733024053, ""r_progress"": 0.037882599466048106, ""r_track"": -0.0028519422177258943, ""r_dir"": -7.291936360767893e-05, ""r_time"": -1.0, ""r_smooth"": 0.0, ""total"": -0.9650422621152854}"
0.61,6.436642608248985,10.018376291254144,6.436642608248985,10.0,76.92658014059744,1160.0,20000.0,-6.034185307179591,4.0,1000.0,0.018376291254144306,0.7035650283590846,0.0,6.513567787891876,normal,0.0,"{""progress_diff"": 0.0019231294910725394, ""r_progress"": 0.03846258982145079, ""r_track"": -0.003001671824507915, ""r_dir"": -7.282278464275056e-05, ""r_time"": -1.0, ""r_smooth"": 0.0, ""total"": -0.9646119047876999}"
0.611,6.358537447733182,10.018847207446457,6.358537447733182,10.0,78.10658014059744,1180.0,20000.0,-6.029185307179591,5.0,1000.0,0.018847207446457404,0.6646372924886873,0.0,6.436642608248974,normal,0.0,"{""progress_diff"": 0.0019526290128950574, ""r_progress"": 0.03905258025790115, ""r_track"": -0.0031574864758204388, ""r_dir"": -7.270215093661154e-05, ""r_time"": -1.0, ""r_smooth"": 0.0, ""total"": -0.9641776083688559}"
0.612,6.279232307115988,10.019325041396748,6.279232307115988,10.0,79.30658014059745,1200.0,20000.0,-6.0251853071795916,4.0,-1000.0,0.019325041396747622,0.24799617391173367,0.0,6.35853744773317,normal,0.0,"{""progress_diff"": 0.0019826285154298517, ""r_progress"": 0.039652570308597035, ""r_track"": -0.0033196197776534154, ""r_dir"": -7.260571597170461e-05, ""r_time"": -1.0, ""r_smooth"": 0.0, ""total"": -0.9637396551850281}"
0.613,6.198747185493703,10.019809582597082,6.198747185493703,10.0,80.48658014059745,1180.0,-20000.0,-6.020185307179592,5.0,1000.0,0.019809582597082098,0.9051474265826154,0.0,6.279232307115976,normal,0.0,"{""progress_diff"": 0.0020121280405571706, ""r_progress"": 0.04024256081114341, ""r_track"": -0.003488173890405493, ""r_dir"": -7.248526226556558e-05, ""r_time"": -1.0, ""r_smooth"": 0.0, ""total"": -0.9633180983415277}"
0.614,6.117102082926635,10.020300780589784,6.117102082926635,10.0,81.64658014059745,1160.0,-20000.0,-6.016185307179592,4.0,-1000.0,0.020300780589783685,0.8589601712115096,0.0,6.198747185493691,normal,0.0,"{""progress_diff"": 0.0020411275641766258, ""r_progress"": 0.040822551283532515, ""r_track"": -0.0036633039338181163, ""r_dir"": -7.238897130065862e-05, ""r_time"": -1.0, ""r_smooth"": 0.0, ""total"": -0.9629131416215863}"
0.615,6.0342769992238,10.02079866351291,6.0342769992238,10.0,82.82658014059746,1180.0,20000.0,-6.011185307179592,5.0,1000.0,0.0207986635129096,2.1284440540730305,0.0,6.117102082926625,normal,0.0,"{""progress_diff"": 0.002070627092570887, ""r_progress"": 0.04141254185141774, ""r_track"": -0.0038451947015398845, ""r_dir"": -7.226869759451956e-05, ""r_time"": -1.0, ""r_smooth"": 0.0, ""total"": -0.9625049215477166}"
0.616,5.950251935181796,10.021303423714711,5.950251935181796,10.0,84.02658014059746,1200.0,20000.0,-6.007185307179593,4.0,-1000.0,0.021303423714710945,0.17143547327099345,0.0,6.034276999223788,normal,0.0,"{""progress_diff"": 0.0021006266010501484, ""r_progress"": 0.04201253202100297, ""r_track"": -0.004034096550831188, ""r_dir"": -7.217255062959125e-05, ""r_time"": -1.0, ""r_smooth"": 0.0, ""total"": -0.9620937370804579}"
0.617,5.86500689161647,10.02181525690338,5.86500689161647,10.0,85.24658014059746,1220.0,20000.0,-6.0041853071795925,3.0,-1000.0,0.021815256903380487,0.19193842771666322,0.0,5.950251935181786,normal,0.0,"{""progress_diff"": 0.0021311260891331285, ""r_progress"": 0.04262252178266257, ""r_track"": -0.004230270522315466, ""r_dir"": -7.210048240591635e-05, ""r_time"": -1.0, ""r_smooth"": 0.0, ""total"": -0.9616798492220588}"
0.618,5.778561867605762,10.022333949291037,5.778561867605762,10.0,86.44658014059746,1200.0,-20000.0,-6.000185307179593,4.0,1000.0,0.022333949291036603,1.926685596946852,0.0,5.86500689161646,normal,0.0,"{""progress_diff"": 0.0021611256002677104, ""r_progress"": 0.04322251200535421, ""r_track"": -0.004433824808307505, ""r_dir"": -7.200444744098805e-05, ""r_time"": -1.0, ""r_smooth"": 0.0, ""total"": -0.9612833172503943}"
0.619,5.6909368622085355,10.02285928372985,5.6909368622085355,10.0,87.62658014059747,1180.0,-20000.0,-5.995185307179593,5.0,1000.0,0.022859283729850688,1.4896566682206198,0.0,5.778561867605752,normal,0.0,"{""progress_diff"": 0.002190625134930624, ""r_progress"": 0.04381250269861248, ""r_track"": -0.004644860912371701, ""r_dir"": -7.1884493734849e-05, ""r_time"": -1.0, ""r_smooth"": 0.0, ""total"": -0.9609042427074941}"
0.62,5.602151875529305,10.023391217402018,5.6,10.0,88.78658014059747,1160.0,-20000.0,-5.9911853071795935,4.0,-1000.0,0.023391217402018327,0.23181032965513992,0.0,5.6909368622085275,normal,0.0,"{""progress_diff"": 0.0022196246669807795, ""r_progress"": 0.04439249333961559, ""r_track"": -0.004863547124875423, ""r_dir"": -7.178860276992073e-05, ""r_time"": -1.0, ""r_smooth"": 0.0, ""total"": -0.9605428423880298}"
0.621,5.512186908411044,10.023929950735658,5.512186908411044,10.0,89.96658014059747,1180.0,20000.0,-5.988185307179593,3.0,-1000.0,0.023929950735658068,0.14728490680613326,0.0,5.6021518755292945,normal,0.0,"{""progress_diff"": 0.0022491241779565296, ""r_progress"": 0.04498248355913059, ""r_track"": -0.0050901559307646406, ""r_dir"": -7.17167265462458e-05, ""r_time"": -1.0, ""r_smooth"": 0.0, ""total"": -0.9601793890981802}"
0.622,5.421061959908582,10.02447526582295,5.421061959908582,10.0,91.12658014059747,1160.0,-20000.0,-5.984185307179594,4.0,1000.0,0.024475265822950117,1.1141925038780423,0.0,5.512186908411035,normal,0.0,"{""progress_diff"": 0.0022781237125615306, ""r_progress"": 0.04556247425123061, ""r_track"": -0.005324787885369511, ""r_dir"": -7.162094758131754e-05, ""r_time"": -1.0, ""r_smooth"": 0.0, ""total"": -0.9598339345817202}"
0.623,5.3287570297735085,10.025027180682116,5.3287570297735085,10.0,92.30658014059748,1180.0,20000.0,-5.979185307179594,5.0,1000.0,0.025027180682116068,0.5009453238756577,0.0,5.421061959908574,normal,0.0,"{""progress_diff"": 0.002307623253376745, ""r_progress"": 0.0461524650675349, ""r_track"": -0.005567642425735854, ""r_dir"": -7.150131387517848e-05, ""r_time"": -1.0, ""r_smooth"": 0.0, ""total"": -0.9594866786720762}"
0.624,5.235252118853154,10.025585896501259,5.235252118853154,10.0,93.50658014059748,1200.0,20000.0,-5.975185307179594,4.0,-1000.0,0.02558589650125853,0.11395392106632768,0.0,5.328757029773502,normal,0.0,"{""progress_diff"": 0.002337622773008974, ""r_progress"": 0.046752455460179476, ""r_track"": -0.005819005331316566, ""r_dir"": -7.140567891027148e-05, ""r_time"": -1.0, ""r_smooth"": 0.0, ""total"": -0.9591379555500473}"
0.625,5.140527228013877,10.026151617828429,5.140527228013877,10.0,94.72658014059748,1220.0,20000.0,-5.972185307179594,3.0,-1000.0,0.026151617828428897,0.1022313858956034,0.0,5.235252118853147,normal,0.0,"{""progress_diff"": 0.0023681222709819316, ""r_progress"": 0.04736244541963863, ""r_track"": -0.006079174355948446, ""r_dir"": -7.133399468657531e-05, ""r_time"": -1.0, ""r_smooth"": 0.0, ""total"": -0.9587880629309964}"
0.626,5.04456235814201,10.02672455269162,5.04456235814201,10.0,95.96658014059747,1240.0,20000.0,-5.9701853071795945,2.0,-1000.0,0.026724552691620218,0.0901496957817872,0.0,5.14052722801387,normal,0.0,"{""progress_diff"": 0.002399121746796684, ""r_progress"": 0.04798243493593368, ""r_track"": -0.006348459702819427, ""r_dir"": -7.12862252041112e-05, ""r_time"": -1.0, ""r_smooth"": 0.0, ""total"": -0.9584373109920898}"
0.627,4.94737750827216,10.027304479583071,4.94737750827216,10.0,97.18658014059747,1220.0,-20000.0,-5.967185307179594,3.0,1000.0,0.02730447958307103,1.4019174925185147,0.0,5.044562358142002,normal,0.0,"{""progress_diff"": 0.002429621246746283, ""r_progress"": 0.04859242493492566, ""r_track"": -0.006626974269354158, ""r_dir"": -7.121460098043625e-05, ""r_time"": -1.0, ""r_smooth"": 0.0, ""total"": -0.9581057639354089}"
0.628,4.848952679304315,10.027891608890734,4.848952679304315,10.0,98.42658014059747,1240.0,20000.0,-5.965185307179595,2.0,-1000.0,0.02789160889073372,0.06634547049724673,0.0,4.947377508272151,normal,0.0,"{""progress_diff"": 0.002460620724196061, ""r_progress"": 0.04921241448392122, ""r_track"": -0.006915038635676947, ""r_dir"": -7.116687149797214e-05, ""r_time"": -1.0, ""r_smooth"": 0.0, ""total"": -0.9577737910232537}"
0.629,4.74926787097048,10.028485955232886,4.74926787097048,10.0,99.68658014059747,1260.0,20000.0,-5.9621853071795945,3.0,1000.0,0.02848595523288644,1.3027429196519027,0.0,4.848952679304308,normal,0.0,"{""progress_diff"": 0.0024921202083457716, ""r_progress"": 0.04984240416691543, ""r_track"": -0.007212885738044537, ""r_dir"": -7.109530727429718e-05, ""r_time"": -1.0, ""r_smooth"": 0.0, ""total"": -0.9574415768784034}"
0.63,4.649269647155667,10.029081970234802,4.649269647155667,10.0,100.0,1240.0,-20000.0,-5.960185307179595,2.0,-1000.0,0.029081970234802412,0.05140704661868085,0.0,4.749267870970474,normal,0.0,"{""progress_diff"": 0.0024999555953704178, ""r_progress"": 0.049999111907408356, ""r_track"": -0.007517875491003852, ""r_dir"": -7.104761779183307e-05, ""r_time"": -1.0, ""r_smooth"": 0.0, ""total"": -0.9575898112013873}"
0.631,4.549271421553259,10.029677685242044,4.549271421553259,10.0,100.0,1220.0,-20000.0,-5.957185307179595,3.0,1000.0,0.02967768524204395,2.9481154885520438,0.0,4.649269647155659,normal,0.0,"{""progress_diff"": 0.002499955640060114, ""r_progress"": 0.04999911280120228, ""r_track"": -0.007829022234007407, ""r_dir"": -7.097611356815808e-05, ""r_time"": -1.0, ""r_smooth"": 0.0, ""total"": -0.9579008855463733}"
0.632,4.449273193568791,10.03027300025638,4.449273193568791,10.0,100.0,1200.0,-20000.0,-5.953185307179595,4.0,1000.0,0.030273000256379134,2.15764043551399,0.0,4.549271421553254,normal,0.0,"{""progress_diff"": 0.0024999556996117, ""r_progress"": 0.049999113992234, ""r_track"": -0.008146262617979834, ""r_dir"": -7.08808306032299e-05, ""r_time"": -1.0, ""r_smooth"": 0.0, ""total"": -0.958218029456349}"
0.633,4.349274963798828,10.030868015276027,4.349274963798828,10.0,100.0,1180.0,-20000.0,-5.950185307179595,3.0,-1000.0,0.030868015276027453,0.052998596049599764,0.0,4.449273193568786,normal,0.0,"{""progress_diff"": 0.002499955744249105, ""r_progress"": 0.0499991148849821, ""r_track"": -0.008469638818498347, ""r_dir"": -7.08094103795549e-05, ""r_time"": -1.0, ""r_smooth"": 0.0, ""total"": -0.9585413333438958}"
0.634,4.249276731649604,10.031462630302752,4.249276731649604,10.0,100.0,1160.0,-20000.0,-5.946185307179595,4.0,1000.0,0.03146263030275165,0.410277271208062,0.0,4.349274963798823,normal,0.0,"{""progress_diff"": 0.0024999558037306358, ""r_progress"": 0.049999116074612715, ""r_track"": -0.008799085382823344, ""r_dir"": -7.071423941462673e-05, ""r_time"": -1.0, ""r_smooth"": 0.0, ""total"": -0.9588706835476253}"
0.635,4.149278496528556,10.032056745338307,4.149278496528556,10.0,100.0,1140.0,-20000.0,-5.9411853071795955,5.0,1000.0,0.03205674533830738,0.3439274140989563,0.0,4.249276731649598,normal,0.0,"{""progress_diff"": 0.0024999558780260944, ""r_progress"": 0.04999911756052189, ""r_track"": -0.009134532637200817, ""r_dir"": -7.059536570848765e-05, ""r_time"": -1.0, ""r_smooth"": 0.0, ""total"": -0.9592060104423874}"
0.636,4.049280259031847,10.032650460380918,4.049280259031847,10.0,100.0,1120.0,-20000.0,-5.937185307179596,4.0,-1000.0,0.03265046038091768,0.05506761030979425,0.0,4.149278496528552,normal,0.0,"{""progress_diff"": 0.002499955937417808, ""r_progress"": 0.049999118748356164, ""r_track"": -0.009476022782985555, ""r_dir"": -7.05003387435806e-05, ""r_time"": -1.0, ""r_smooth"": 0.0, ""total"": -0.9595474043733729}"
0.637,3.949282019754443,10.033243875428813,3.949282019754443,10.0,100.0,1100.0,-20000.0,-5.934185307179596,3.0,-1000.0,0.033243875428812686,0.05554507513906995,0.0,4.049280259031843,normal,0.0,"{""progress_diff"": 0.002499955981935087, ""r_progress"": 0.04999911963870174, ""r_track"": -0.009823602253568143, ""r_dir"": -7.042911051988448e-05, ""r_time"": -1.0, ""r_smooth"": 0.0, ""total"": -0.9598949117253863}"
0.638,3.849283778104179,10.033836890483746,3.849283778104179,10.0,100.0,1080.0,-20000.0,-5.930185307179596,4.0,1000.0,0.033836890483746274,0.17523798759130907,0.0,3.9492820197544383,normal,0.0,"{""progress_diff"": 0.0024999560412565236, ""r_progress"": 0.04999912082513047, ""r_track"": -0.010177201400969237, ""r_dir"": -7.033419555497742e-05, ""r_time"": -1.0, ""r_smooth"": 0.0, ""total"": -0.9602484147713938}"
0.639,3.7492855346753196,10.034429605543952,3.7492855346753196,10.0,100.0,1060.0,-20000.0,-5.927185307179596,3.0,-1000.0,0.034429605543952135,0.848352847179678,0.0,3.8492837781041764,normal,0.0,"{""progress_diff"": 0.002499956085721511, ""r_progress"": 0.04999912171443022, ""r_track"": -0.010536868781441241, ""r_dir"": -7.026305133128132e-05, ""r_time"": -1.0, ""r_smooth"": 0.0, ""total"": -0.9606080101183423}"
0.64,3.6492872888764,10.03502192061118,3.6492872888764,10.0,100.0,1040.0,-20000.0,-5.923185307179597,4.0,1000.0,0.03502192061118059,1.4544335205090446,0.0,3.749285534675316,normal,0.0,"{""progress_diff"": 0.0024999561449730034, ""r_progress"": 0.04999912289946007, ""r_track"": -0.010902532651518543, ""r_dir"": -7.016824836637426e-05, ""r_time"": -1.0, ""r_smooth"": 0.0, ""total"": -0.9609735780004248}"
0.641,3.549289040117155,10.035613735687171,3.549289040117155,10.0,100.0,1020.0,-20000.0,-5.918185307179597,5.0,1000.0,0.0356137356871713,1.0483398703892273,0.0,3.6492872888763976,normal,0.0,"{""progress_diff"": 0.0024999562189811364, ""r_progress"": 0.04999912437962273, ""r_track"": -0.011274117063072877, ""r_dir"": -7.004983466023514e-05, ""r_time"": -1.0, ""r_smooth"": 0.0, ""total"": -0.9613450425181104}"
0.642,3.4492907878088195,10.03620495077366,3.4492907878088195,10.0,100.0,1000.0,-20000.0,-5.9121853071795964,6.0,1000.0,0.03620495077366037,2.9409535161129083,0.0,3.549289040117152,normal,0.0,"{""progress_diff"": 0.002499956307708384, ""r_progress"": 0.04999912615416768, ""r_track"": -0.011651541871317074, ""r_dir"": -6.9907870212864e-05, ""r_time"": -1.0, ""r_smooth"": 0.0, ""total"": -0.9617223235873622}"
0.643,3.3492925325456584,10.03679566586888,3.3492925325456584,10.0,100.0,980.0,-20000.0,-5.907185307179597,5.0,-1000.0,0.03679566586887972,0.5942402779163632,0.0,3.449290787808817,normal,0.0,"{""progress_diff"": 0.0024999563815789605, ""r_progress"": 0.04999912763157921, ""r_track"": -0.012034853570971024, ""r_dir"": -6.978967650672489e-05, ""r_time"": -1.0, ""r_smooth"": 0.0, ""total"": -0.9621055156158985}"
0.644,3.249294274920437,10.037385980971074,3.249294274920437,10.0,100.0,960.0,-20000.0,-5.903185307179597,4.0,-1000.0,0.03738598097107371,1.0604788783749186,0.0,3.3492925325456575,normal,0.0,"{""progress_diff"": 0.002499956440630502, ""r_progress"": 0.04999912881261004, ""r_track"": -0.012424102872617648, ""r_dir"": -6.96951935417968e-05, ""r_time"": -1.0, ""r_smooth"": 0.0, ""total"": -0.9624946692535494}"
0.645,3.1492960155247203,10.037975996078492,3.1492960155247203,10.0,100.0,940.0,-20000.0,-5.900185307179597,3.0,-1000.0,0.037975996078492,0.7393880925480663,0.0,3.2492942749204374,normal,0.0,"{""progress_diff"": 0.0024999564848929845, ""r_progress"": 0.04999912969785969, ""r_track"": -0.012819344694699022, ""r_dir"": -6.96243733181217e-05, ""r_time"": -1.0, ""r_smooth"": 0.0, ""total"": -0.9628898393701575}"
0.646,3.049297753769743,10.038565611192867,3.049297753769743,10.0,100.0,920.0,-20000.0,-5.896185307179597,4.0,1000.0,0.038565611192867166,0.661349448923005,0.0,3.149296015524719,normal,0.0,"{""progress_diff"": 0.002499956543874471, ""r_progress"": 0.04999913087748942, ""r_track"": -0.013220501037150233, ""r_dir"": -6.953000235319364e-05, ""r_time"": -1.0, ""r_smooth"": 0.0, ""total"": -0.963290900162014}"
0.647,2.949299490246371,10.039154926312454,2.949299490246371,10.0,100.0,900.0,-20000.0,-5.893185307179597,3.0,-1000.0,0.03915492631245421,0.062070427805837436,0.0,3.0492977537697428,normal,0.0,"{""progress_diff"": 0.002499956588084218, ""r_progress"": 0.04999913176168436, ""r_track"": -0.013627628929188612, ""r_dir"": -6.945926612951854e-05, ""r_time"": -1.0, ""r_smooth"": 0.0, ""total"": -0.9636979564336338}"
0.648,2.8493012255445684,10.039744041435513,2.8493012255445684,10.0,100.0,880.0,-20000.0,-5.891185307179597,2.0,-1000.0,0.039744041435513466,1.0623887376920211,0.0,2.9492994902463714,normal,0.0,"{""progress_diff"": 0.002499956617545096, ""r_progress"": 0.04999913235090192, ""r_track"": -0.014040789596691656, ""r_dir"": -6.941212864705452e-05, ""r_time"": -1.0, ""r_smooth"": 0.0, ""total"": -0.9641110693744368}"
0.649,2.7493029590758704,10.040332856563776,2.7493029590758704,10.0,100.0,860.0,-20000.0,-5.888185307179597,3.0,1000.0,0.04033285656377573,1.6590694869280134,0.0,2.8493012255445684,normal,0.0,"{""progress_diff"": 0.0024999566617175395, ""r_progress"": 0.04999913323435079, ""r_track"": -0.014459905054169839, ""r_dir"": -6.934145242337941e-05, ""r_time"": -1.0, ""r_smooth"": 0.0, ""total"": -0.9645301132722425}"
0.65,2.6493046902527118,10.040921271698968,2.6493046902527118,10.0,100.0,840.0,-20000.0,-5.884185307179598,4.0,1000.0,0.0409212716989682,1.290826644526099,0.0,2.7493029590758695,normal,0.0,"{""progress_diff"": 0.0024999567205788997, ""r_progress"": 0.049999134411577995, ""r_track"": -0.01488489313298467, ""r_dir"": -6.924727345845137e-05, ""r_time"": -1.0, ""r_smooth"": 0.0, ""total"": -0.9649550059948652}"
0.651,2.5493064196647577,10.041509386839351,2.5493064196647577,10.0,100.0,820.0,-20000.0,-5.881185307179598,3.0,-1000.0,0.04150938683935124,0.3343985734464875,0.0,2.6493046902527126,normal,0.0,"{""progress_diff"": 0.0024999567646989407, ""r_progress"": 0.049999135293978814, ""r_track"": -0.015315815073590271, ""r_dir"": -6.917668123477625e-05, ""r_time"": -1.0, ""r_smooth"": 0.0, ""total"": -0.9653858564608462}"
0.652,2.4493081479007737,10.042097301983192,2.4493081479007737,10.0,100.0,800.0,-20000.0,-5.879185307179598,2.0,-1000.0,0.04209730198319229,0.06429859700912387,0.0,2.549306419664756,normal,0.0,"{""progress_diff"": 0.0024999567940995338, ""r_progress"": 0.049999135881990675, ""r_track"": -0.015752736304569647, ""r_dir"": -6.912963975231224e-05, ""r_time"": -1.0, ""r_smooth"": 0.0, ""total"": -0.9658227300623313}"
0.653,2.350216776224812,10.042679786137132,2.350216776224812,10.0,99.093083655789,780.0,-20000.0,-5.8781853071795975,1.0,-1000.0,0.04267978613713197,0.06445775195221581,0.0,2.449308147900773,normal,0.0,"{""progress_diff"": 0.0024772842918990845, ""r_progress"": 0.04954568583798169, ""r_track"": -0.016191681286322864, ""r_dir"": -6.910612501108024e-05, ""r_time"": -1.0, ""r_smooth"": 0.0, ""total"": -0.9667151015733523}"
0.654,2.253145935343508,10.043250393099845,2.253145935343508,10.0,97.07251795286523,760.0,-20000.0,-5.8781853071795975,0.0,-1000.0,0.043250393099844686,0.06445775195221581,0.0,2.3502167762248085,normal,0.0,"{""progress_diff"": 0.002426771022032592, ""r_progress"": 0.048535420440651844, ""r_track"": -0.016627524473698602, ""r_dir"": -6.910612501108024e-05, ""r_time"": -1.0, ""r_smooth"": 0.0, ""total"": -0.9681612101580578}"
0.655,2.1580960626013104,10.04380902524735,2.1580960626013104,10.0,95.0515143392473,740.0,-20000.0,-5.877185307179597,1.0,1000.0,0.04380902524735042,0.6992464778283555,0.0,2.2531459353435075,normal,0.0,"{""progress_diff"": 0.0023762468185549723, ""r_progress"": 0.04752493637109945, ""r_track"": -0.017059828383315434, ""r_dir"": -6.908261426984823e-05, ""r_time"": -1.0, ""r_smooth"": 0.0, ""total"": -0.9696039746264858}"
0.656,2.0650676156091388,10.04435577696435,2.0650676156091388,10.0,93.03005367737538,720.0,-20000.0,-5.877185307179597,0.0,-1000.0,0.044355776964350106,0.9949174436690615,0.0,2.1580960626013095,normal,0.0,"{""progress_diff"": 0.0023257111748042902, ""r_progress"": 0.046514223496085805, ""r_track"": -0.01748831066765486, ""r_dir"": -6.908261426984823e-05, ""r_time"": -1.0, ""r_smooth"": 0.0, ""total"": -0.9710431697858389}"
0.657,1.9740610712713822,10.044890554438268,2.0,10.0,91.00811556804511,700.0,-20000.0,-5.876185307179597,1.0,1000.0,0.04489055443826828,0.3845713225178937,0.0,2.065067615609138,normal,0.0,"{""progress_diff"": 0.00227516360844382, ""r_progress"": 0.045503272168876396, ""r_track"": -0.017912550024667805, ""r_dir"": -6.90591075286371e-05, ""r_time"": -1.0, ""r_smooth"": 0.0, ""total"": -0.9724783369633201}"
0.658,1.8850769283550681,10.045413269795455,1.8850769283550681,10.0,88.9856781841642,680.0,-20000.0,-5.874185307179597,2.0,1000.0,0.045413269795455236,1.7025871934422536,0.0,1.9740610712713824,normal,0.0,"{""progress_diff"": 0.0022246035729078795, ""r_progress"": 0.04449207145815759, ""r_track"": -0.018332133986798282, ""r_dir"": -6.901210604617309e-05, ""r_time"": -1.0, ""r_smooth"": 0.0, ""total"": -0.9739090746346869}"
0.659,1.7981157090261157,10.045923841095291,1.799999999999999,10.0,86.96271816261485,660.0,-20000.0,-5.871185307179597,3.0,1000.0,0.04592384109529135,0.6175987800728804,0.0,1.885076928355069,normal,0.0,"{""progress_diff"": 0.0021740304832237323, ""r_progress"": 0.043480609664474645, ""r_track"": -0.01874665938618285, ""r_dir"": -6.894163382249795e-05, ""r_time"": -1.0, ""r_smooth"": 0.0, ""total"": -0.9753349913555307}"
0.66,1.7131779615305318,10.046422362199172,1.7131779615305318,10.0,84.93921045615255,640.0,-20000.0,-5.869185307179597,2.0,-1000.0,0.04642236219917173,0.9152822510015683,0.0,1.798115709026117,normal,0.0,"{""progress_diff"": 0.0021234436873895923, ""r_progress"": 0.04246887374779185, ""r_track"": -0.01915587299689856, ""r_dir"": -6.889467234003394e-05, ""r_time"": -1.0, ""r_smooth"": 0.0, ""total"": -0.9767558939214468}"
0.661,1.6302642609514657,10.046908920743665,1.6302642609514657,10.0,82.91512819101374,620.0,-20000.0,-5.868185307179597,1.0,-1000.0,0.046908920743664595,0.06604930138313488,0.0,1.7131779615305334,normal,0.0,"{""progress_diff"": 0.0020728425144767026, ""r_progress"": 0.04145685028953405, ""r_track"": -0.019559527514092505, ""r_dir"": -6.887119759880194e-05, ""r_time"": -1.0, ""r_smooth"": 0.0, ""total"": -0.9781715484221573}"
0.662,1.5493752102983767,10.047383436347161,1.5493752102983767,10.0,80.89044245531097,600.0,-20000.0,-5.866185307179597,2.0,1000.0,0.04738343634716102,0.5138486176926259,0.0,1.630264260951467,normal,0.0,"{""progress_diff"": 0.0020222262663271984, ""r_progress"": 0.04044452532654397, ""r_track"": -0.019957244800581867, ""r_dir"": -6.882426011633794e-05, ""r_time"": -1.0, ""r_smooth"": 0.0, ""total"": -0.9795815437341542}"
0.663,1.470511444727361,10.047845992250306,1.470511444727361,10.0,78.86512206294759,580.0,-20000.0,-5.865185307179597,1.0,-1000.0,0.04784599225030561,0.5305784823710613,0.0,1.549375210298379,normal,0.0,"{""progress_diff"": 0.00197159413927539, ""r_progress"": 0.0394318827855078, ""r_track"": -0.020348790883700486, ""r_dir"": -6.880079737510594e-05, ""r_time"": -1.0, ""r_smooth"": 0.0, ""total"": -0.9809857088955678}"
0.664,1.3936736321094654,10.04829651174679,1.4000000000000004,10.0,76.8391333613255,560.0,-20000.0,-5.863185307179597,2.0,1000.0,0.048296511746789506,1.9331549239014056,1.0,1.4705114447273644,corner,1.0,"{""progress_diff"": 0.0019209453154473977, ""r_progress"": 0.03841890630894795, ""r_track"": 0.0, ""r_dir"": -3.4376941946320975e-05, ""r_time"": -1.0, ""r_smooth"": -0.24001999999999998, ""total"": -1.2016354706329984}"
0.665,1.3188624776688973,10.048735073620934,1.3188624776688973,10.0,74.81243990973681,540.0,-20000.0,-5.862185307179597,1.0,-1000.0,0.04873507362093399,0.06700423104168629,1.0,1.3936736321094685,corner,1.0,"{""progress_diff"": 0.0018702788610143184, ""r_progress"": 0.03740557722028637, ""r_track"": 0.0, ""r_dir"": -3.436521657571539e-05, ""r_time"": -1.0, ""r_smooth"": -0.240005, ""total"": -1.2026337879962894}"
0.666,1.2460787252329595,10.049161604780183,1.2460787252329595,10.0,72.78500221533072,520.0,-20000.0,-5.860185307179597,2.0,1000.0,0.049161604780183055,0.2587906234970262,1.0,1.3188624776688975,corner,1.0,"{""progress_diff"": 0.0018195938108983567, ""r_progress"": 0.036391876217967134, ""r_track"": 0.0, ""r_dir"": -3.43417718344834e-05, ""r_time"": -1.0, ""r_smooth"": -0.24001999999999998, ""total"": -1.2036624655538672}"
0.667,1.175323162444146,10.049576179478212,1.1999999999999993,10.0,70.75677732727767,500.0,-20000.0,-5.8591853071795965,1.0,-1000.0,0.04957617947821191,0.06748169587096199,1.0,1.2460787252329624,corner,1.0,"{""progress_diff"": 0.0017688890697203918, ""r_progress"": 0.03537778139440784, ""r_track"": 0.0, ""r_dir"": -3.43300524638674e-05, ""r_time"": -1.0, ""r_smooth"": -0.240005, ""total"": -1.204661548658056}"
0.668,1.1065966236802596,10.04997886561244,1.1065966236802596,10.0,68.72771847360202,480.0,-20000.0,-5.8591853071795965,0.0,-1000.0,0.049978865612439805,0.6873436431802245,1.0,1.1753231624441476,corner,1.0,"{""progress_diff"": 0.0017181634690971448, ""r_progress"": 0.034363269381942896, ""r_track"": 0.0, ""r_dir"": -3.43300524638674e-05, ""r_time"": -1.0, ""r_smooth"": -0.24, ""total"": -1.205671060670521}"
0.669,1.0398999943748017,10.050369724693809,1.0398999943748017,10.0,66.6977745620583,460.0,-20000.0,-5.860185307179597,-1.0,-1000.0,0.050369724693808855,0.06732254092787004,1.0,1.106596623680261,corner,1.0,"{""progress_diff"": 0.0016674157326364014, ""r_progress"": 0.03334831465272803, ""r_track"": 0.0, ""r_dir"": -3.43417718344834e-05, ""r_time"": -1.0, ""r_smooth"": -0.240005, ""total"": -1.2066910271191065}"
0.67,0.9752342151302534,10.050748682481252,1.0,10.0,64.66688962915504,440.0,-20000.0,-5.860185307179597,0.0,1000.0,0.05074868248125241,1.3938024156799484,1.0,1.039899994374803,corner,1.0,"{""progress_diff"": 0.0016166444811137604, ""r_progress"": 0.03233288962227521, ""r_track"": 0.0, ""r_dir"": -3.43417718344834e-05, ""r_time"": -1.0, ""r_smooth"": -0.24, ""total"": -1.2077014521495593}"
0.671,0.9126002888187811,10.051115795733764,0.9126002888187811,10.0,62.63500217395319,420.0,-20000.0,-5.861185307179597,-1.0,-1000.0,0.05111579573376446,0.0671633859847781,1.0,0.9752342151302535,corner,1.0,"{""progress_diff"": 0.00156584815778682, ""r_progress"": 0.0313169631557364, ""r_track"": 0.0, ""r_dir"": -3.4353493205099396e-05, ""r_time"": -1.0, ""r_smooth"": -0.240005, ""total"": -1.2087223903374686}"
0.672,0.8519992860176138,10.051471114714591,0.8519992860176138,10.0,60.60204445466527,400.0,-20000.0,-5.863185307179597,-2.0,-1000.0,0.05147111471459098,0.06684507609859433,1.0,0.9126002888187799,corner,1.0,"{""progress_diff"": 0.0015150250700292078, ""r_progress"": 0.030300501400584157, ""r_track"": 0.0, ""r_dir"": -3.4376941946320975e-05, ""r_time"": -1.0, ""r_smooth"": -0.24001999999999998, ""total"": -1.2097538755413622}"
0.673,0.7934323521588575,10.051814683142462,0.7999999999999989,10.0,58.56794157967784,380.0,-20000.0,-5.866185307179597,-3.0,-1000.0,0.05181468314246196,0.06636761126931863,1.0,0.8519992860176124,corner,1.0,"{""progress_diff"": 0.0014641733464688667, ""r_progress"": 0.029283466929377333, ""r_track"": 0.0, ""r_dir"": -3.441213005816897e-05, ""r_time"": -1.0, ""r_smooth"": -0.24004499999999998, ""total"": -1.210795945200681}"
0.674,0.7369007157266003,10.052146538135851,0.7369007157266003,10.0,56.532610460207344,360.0,-20000.0,-5.870185307179597,-4.0,-1000.0,0.05214653813585102,0.06573099149695112,1.0,0.7934323521588595,corner,1.0,"{""progress_diff"": 0.0014132909108064418, ""r_progress"": 0.028265818216128835, ""r_track"": 0.0, ""r_dir"": -3.445907554062254e-05, ""r_time"": -1.0, ""r_smooth"": -0.24008, ""total"": -1.2118486408594118}"
0.675,0.6824056970608747,10.052466601158919,0.6824056970608747,10.0,54.49595856314956,340.0,-20000.0,-5.873185307179597,-3.0,1000.0,0.05246660115891899,1.6676750879135578,1.0,0.7369007157266019,corner,1.0,"{""progress_diff"": 0.0013623754666430843, ""r_progress"": 0.027247509332861686, ""r_track"": 0.0, ""r_dir"": -3.449430565247054e-05, ""r_time"": -1.0, ""r_smooth"": -0.24004499999999998, ""total"": -1.2128319849727909}"
0.676,0.6299487206481739,10.052774904079687,0.6299487206481739,10.0,52.457882392006724,320.0,-20000.0,-5.877185307179596,-4.0,-1000.0,0.052774904079687,0.5891957308153751,1.0,0.6824056970608758,corner,1.0,"{""progress_diff"": 0.0013114244103175077, ""r_progress"": 0.026228488206350153, ""r_track"": 0.0, ""r_dir"": -3.4541307134924115e-05, ""r_time"": -1.0, ""r_smooth"": -0.24008, ""total"": -1.2138860531007847}"
0.677,0.5795313271524735,10.053071471951368,0.5999999999999996,10.0,50.4182657318041,300.0,-20000.0,-5.882185307179596,-5.0,-1000.0,0.053071471951367855,0.06382113217984844,1.0,0.6299487206481764,corner,1.0,"{""progress_diff"": 0.0012604348373924656, ""r_progress"": 0.025208696747849313, ""r_track"": 0.0, ""r_dir"": -3.460010398799368e-05, ""r_time"": -1.0, ""r_smooth"": -0.24012499999999998, ""total"": -1.2149509033561388}"
0.678,0.5311551883508946,10.053356322913082,0.5311551883508946,10.0,48.37697743162561,280.0,-20000.0,-5.888185307179596,-6.0,-1000.0,0.05335632291308201,0.06286620252129704,1.0,0.5795313271524769,corner,1.0,"{""progress_diff"": 0.001209403470039505, ""r_progress"": 0.024188069400790102, ""r_track"": 0.0, ""r_dir"": -3.4670726211689706e-05, ""r_time"": -1.0, ""r_smooth"": -0.24018, ""total"": -1.2160266013254215}"
0.679,0.48482212421145626,10.053629375406917,0.48482212421145626,10.0,46.33386871623927,260.0,-20000.0,-5.893185307179596,-5.0,1000.0,0.05362937540691703,0.9943420446615783,1.0,0.5311551883508976,corner,1.0,"{""progress_diff"": 0.0011583266034860262, ""r_progress"": 0.023166532069720525, ""r_track"": 0.0, ""r_dir"": -3.472963306475927e-05, ""r_time"": -1.0, ""r_smooth"": -0.24012499999999998, ""total"": -1.2169931975633441}"
0.68,0.4405341244831616,10.053890552975846,0.4405341244831616,10.0,44.288769836787516,240.0,-20000.0,-5.897185307179596,-4.0,1000.0,0.05389055297584555,1.0339363403427975,1.0,0.4848221242114583,corner,1.0,"{""progress_diff"": 0.0011071999932072973, ""r_progress"": 0.022143999864145947, ""r_track"": 0.0, ""r_dir"": -3.477679454721283e-05, ""r_time"": -1.0, ""r_smooth"": -0.24008, ""total"": -1.2179707769304013}"
0.681,0.3982933737964456,10.054139784124512,0.40000000000000036,10.0,42.24148594382974,220.0,-20000.0,-5.900185307179596,-3.0,1000.0,0.05413978412451215,1.0662465848620593,1.0,0.44053412448316465,corner,1.0,"{""progress_diff"": 0.0010560187671678767, ""r_progress"": 0.021120375343357534, ""r_track"": 0.0, ""r_dir"": -3.481218665906085e-05, ""r_time"": -1.0, ""r_smooth"": -0.24004499999999998, ""total"": -1.2189594368433014}"
0.682,0.35810228247683396,10.054377082532728,0.40000000000000036,10.0,40.191791848534216,200.0,-20000.0,-5.9041853071795956,-4.0,-1000.0,0.05437708253272789,0.06031972343182685,1.0,0.3982933737964487,corner,1.0,"{""progress_diff"": 0.0010047772829904211, ""r_progress"": 0.020095545659808423, ""r_track"": 0.0, ""r_dir"": -3.485940414151441e-05, ""r_time"": -1.0, ""r_smooth"": -0.24008, ""total"": -1.2200193137443331}"
0.683,0.31996352255040283,10.054602377875554,0.31996352255040283,10.0,38.1394253590356,180.0,-20000.0,-5.907185307179596,-3.0,1000.0,0.054602377875554,1.7966111601291384,1.0,0.3581022824768354,corner,1.0,"{""progress_diff"": 0.0009534689981607336, ""r_progress"": 0.019069379963214672, ""r_track"": 0.0, ""r_dir"": -3.489483825336244e-05, ""r_time"": -1.0, ""r_smooth"": -0.24004499999999998, ""total"": -1.2210105148750388}"
0.684,0.28388007439490864,10.054815676308495,0.28388007439490864,10.0,36.08407858061129,160.0,-20000.0,-5.911185307179595,-4.0,-1000.0,0.05481567630849504,0.059205638830183635,1.0,0.31996352255040605,corner,1.0,"{""progress_diff"": 0.0009020862038873201, ""r_progress"": 0.0180417240777464, ""r_track"": 0.0, ""r_dir"": -3.4942111735815985e-05, ""r_time"": -1.0, ""r_smooth"": -0.24008, ""total"": -1.2220732180339895}"
0.685,0.2498552832423638,10.055016975626573,0.2498552832423638,10.0,34.02538661631565,140.0,-20000.0,-5.916185307179595,-5.0,-1000.0,0.05501697562657348,0.05840986411472417,1.0,0.2838800743949115,corner,1.0,"{""progress_diff"": 0.0008506197788137326, ""r_progress"": 0.017012395576274653, ""r_track"": 0.0, ""r_dir"": -3.5001248588885546e-05, ""r_time"": -1.0, ""r_smooth"": -0.24012499999999998, ""total"": -1.2231476056723143}"
0.686,0.2178929313360277,10.055206264810355,0.2178929313360277,10.0,31.96291241078581,120.0,-20000.0,-5.922185307179595,-6.0,-1000.0,0.055206264810355066,0.057454934456172765,1.0,0.24985528324236483,corner,1.0,"{""progress_diff"": 0.0007990587976584029, ""r_progress"": 0.01598117595316806, ""r_track"": 0.0, ""r_dir"": -3.507227881257111e-05, ""r_time"": -1.0, ""r_smooth"": -0.24018, ""total"": -1.2242338963256445}"
0.687,0.1879973302762655,10.055383463652799,0.1999999999999993,10.0,29.896126206487317,100.0,-20000.0,-5.927185307179595,-5.0,1000.0,0.05538346365279878,1.668142241713198,1.0,0.21789293133602783,corner,1.0,"{""progress_diff"": 0.0007473900264940436, ""r_progress"": 0.014947800529880872, ""r_track"": 0.0, ""r_dir"": -3.513152566564066e-05, ""r_time"": -1.0, ""r_smooth"": -0.24012499999999998, ""total"": -1.2252123309957847}"
0.688,0.16017344297674727,10.055548549869277,0.1999999999999993,10.0,27.824377044511948,80.0,-20000.0,-5.9331853071795955,-6.0,-1000.0,0.05554854986927715,0.3339480005272814,1.0,0.1879973302762643,corner,1.0,"{""progress_diff"": 0.0006955971824879059, ""r_progress"": 0.013911943649758118, ""r_track"": 0.0, ""r_dir"": -3.5202687889336766e-05, ""r_time"": -1.0, ""r_smooth"": -0.24018, ""total"": -1.2263032590381313}"
0.689,0.1344270445146714,10.055701438551397,0.1344270445146714,10.0,25.746852404072662,60.0,-20000.0,-5.938185307179595,-5.0,1000.0,0.055701438551396976,0.9005457749418303,1.0,0.16017344297674896,corner,1.0,"{""progress_diff"": 0.0006436599615520233, ""r_progress"": 0.012873199231040466, ""r_track"": 0.0, ""r_dir"": -3.5262044742406315e-05, ""r_time"": -1.0, ""r_smooth"": -0.24012499999999998, ""total"": -1.2272870628137018}"
0.69,0.11076494335180243,10.055842092122058,0.11076494335180243,10.0,23.66251919954394,40.0,-20000.0,-5.944185307179596,-6.0,-1000.0,0.05584209212205771,0.05395352570815103,1.0,0.1344270445146698,corner,1.0,"{""progress_diff"": 0.000591552529071615, ""r_progress"": 0.0118310505814323, ""r_track"": 0.0, ""r_dir"": -3.5333338966091885e-05, ""r_time"": -1.0, ""r_smooth"": -0.24018, ""total"": -1.2283842827575338}"
0.691,0.08919529031206959,10.055970458639747,0.08919529031206958,10.0,21.570035007327178,20.0,-20000.0,-5.951185307179595,-7.0,-1000.0,0.05597045863974692,0.05283944110650782,1.0,0.11076494335180342,corner,1.0,"{""progress_diff"": 0.000539241325993367, ""r_progress"": 0.010784826519867341, ""r_track"": 0.0, ""r_dir"": -3.54166065603829e-05, ""r_time"": -1.0, ""r_smooth"": -0.240245, ""total"": -1.229495590086693}"
0.692,0.06972802703124654,10.056086469042313,0.06972802703124653,10.0,19.467608945589205,0.0,-20000.0,-5.959185307179595,-8.0,-1000.0,0.05608646904231307,0.051566201561772655,1.0,0.08919529031206963,corner,1.0,"{""progress_diff"": 0.0004866815820205872, ""r_progress"": 0.009733631640411744, ""r_track"": 0.0, ""r_dir"": -3.5511889525311095e-05, ""r_time"": -1.0, ""r_smooth"": -0.24031999999999998, ""total"": -1.2306218802491136}"
0.693,0.0523755624619125,10.05618999828986,0.052375562461912495,10.0,17.352773407587932,-20.0,-20000.0,-5.966185307179595,-7.0,1000.0,0.05618999828985949,0.8462736733367582,1.0,0.06972802703124614,corner,1.0,"{""progress_diff"": 0.00043381161423339254, ""r_progress"": 0.00867623228466785, ""r_track"": 0.0, ""r_dir"": -3.559536711961269e-05, ""r_time"": -1.0, ""r_smooth"": -0.240245, ""total"": -1.2316043630824518}"
0.694,0.037153846973973524,10.056280906276255,0.03715384697397353,10.0,15.22198694841615,-40.0,-20000.0,-5.972185307179595,-6.0,1000.0,0.056280906276255045,2.1027226821825837,1.0,0.05237556246191133,corner,1.0,"{""progress_diff"": 0.0003805428871984651, ""r_progress"": 0.0076108577439693015, ""r_track"": 0.0, ""r_dir"": -3.5666997343287655e-05, ""r_time"": -1.0, ""r_smooth"": -0.24018, ""total"": -1.232604809253374}"
0.695,0.024084190441994856,10.056359026965582,0.02408419044199489,10.0,13.069890003591986,-60.0,-20000.0,-5.977185307179595,-5.0,1000.0,0.05635902696558226,1.9512985874138815,1.0,0.03715384697397184,corner,1.0,"{""progress_diff"": 0.00032674141329935846, ""r_progress"": 0.006534828265987169, ""r_track"": 0.0, ""r_dir"": -3.5726744196357184e-05, ""r_time"": -1.0, ""r_smooth"": -0.24012499999999998, ""total"": -1.2336258984782091}"
0.696,0.01319662161547915,10.05642417008476,0.013196621615479187,10.0,10.887763708773843,-80.0,-20000.0,-5.983185307179595,-6.0,-1000.0,0.0564241700847603,0.04774648292756716,1.0,0.02408419044199661,corner,1.0,"{""progress_diff"": 0.00027218922066296614, ""r_progress"": 0.005443784413259323, ""r_track"": 0.0, ""r_dir"": -3.579850642005337e-05, ""r_time"": -1.0, ""r_smooth"": -0.24018, ""total"": -1.2347720140931608}"
0.697,0.004536919982226681,10.056476043922702,0.004536919982226689,10.0,8.659857000667978,-100.0,-20000.0,-5.990185307179595,-7.0,-1000.0,0.05647604392270189,0.046632398325923946,1.0,0.013196621615477966,corner,1.0,"{""progress_diff"": 0.00021649254083133673, ""r_progress"": 0.004329850816626735, ""r_track"": 0.0, ""r_dir"": -3.588232001435497e-05, ""r_time"": -1.0, ""r_smooth"": -0.240245, ""total"": -1.2359510315033877}"
0.698,-0.0018154705032246464,10.05651414719494,0.0,10.0,6.352504761037796,-120.0,-20000.0,-5.998185307179595,-8.0,-1000.0,0.05651414719494063,0.045359158781188784,1.0,0.004536919982225385,corner,1.0,"{""progress_diff"": 0.00011342299955563462, ""r_progress"": 0.0022684599911126924, ""r_track"": 0.0, ""r_dir"": -2.4862809333952236, ""r_time"": -1.0, ""r_smooth"": -0.24031999999999998, ""total"": -3.724332473404111}"
0.699,-0.0018530177272748512,10.050261755173262,0.0,10.0,6.252504761037796,-100.0,20000.0,-6.005185307179595,-7.0,1000.0,0.05026175517326159,2.115574336313256,1.0,9.999999999999982,corner,1.0,"{""progress_diff"": 0.0, ""r_progress"": 0.0, ""r_track"": 0.0, ""r_dir"": -3.606225057356355e-05, ""r_time"": -1.0, ""r_smooth"": -0.240245, ""total"": -1.2402810622505736}"
0.7,-0.0018901339185344763,10.044089362005828,0.0,10.0,6.172504761037796,-80.0,20000.0,-6.013185307179595,-8.0,-1000.0,0.04408936200582758,0.9812467870244324,1.0,9.999999999999982,corner,1.0,"{""progress_diff"": 0.0, ""r_progress"": 0.0, ""r_track"": 0.0, ""r_dir"": -3.615839753848119e-05, ""r_time"": -1.0, ""r_smooth"": -0.24031999999999998, ""total"": -1.2403561583975384}"
0.701,-0.001926944332396718,10.037976968084692,0.0,10.0,6.112504761037797,-60.0,20000.0,-6.022185307179595,-9.0,-1000.0,0.037976968084691975,0.9804143925366053,1.0,9.999999999999982,corner,1.0,"{""progress_diff"": 0.0, ""r_progress"": 0.0, ""r_track"": 0.0, ""r_dir"": -3.626671587400953e-05, ""r_time"": -1.0, ""r_smooth"": -0.24040499999999998, ""total"": -1.240441266715874}"
0.702,-0.0019633332982983464,10.03194457307648,0.0,10.0,6.032504761037797,-80.0,-20000.0,-6.032185307179595,-10.0,-1000.0,0.0319445730764798,0.10027293832644232,0.0,9.999999999999982,normal,0.0,"{""progress_diff"": 0.0, ""r_progress"": 0.0, ""r_track"": -0.009070717769231629, ""r_dir"": -7.277451916030782e-05, ""r_time"": -1.0, ""r_smooth"": 0.0, ""total"": -1.009143492288392}"
0.703,-0.0019994260316314036,10.025972177373312,0.0,10.0,5.972504761037797,-60.0,20000.0,-6.043185307179595,-11.0,-1000.0,0.025972177373311922,0.9784721387316755,0.0,9.999999999999982,normal,0.0,"{""progress_diff"": 0.0, ""r_progress"": 0.0, ""r_track"": -0.005996035533429119, ""r_dir"": -7.304017731381794e-05, ""r_time"": -1.0, ""r_smooth"": 0.0, ""total"": -1.0060690757107429}"
0.704,-0.0020353363629860314,10.020039781298552,0.0,10.0,5.932504761037797,-40.0,20000.0,-6.053185307179595,-10.0,1000.0,0.020039781298551773,2.9040693154784876,0.0,9.999999999999982,normal,0.0,"{""progress_diff"": 0.0, ""r_progress"": 0.0, ""r_track"": -0.003569714084389204, ""r_dir"": -7.328210472611746e-05, ""r_time"": -1.0, ""r_smooth"": 0.0, ""total"": -1.0036429961891153}"
0.705,-0.002071178842940351,10.014127385179725,0.0,10.0,5.912504761037797,-20.0,20000.0,-6.062185307179595,-9.0,1000.0,0.014127385179724783,1.5435330402656922,0.0,9.999999999999982,normal,0.0,"{""progress_diff"": 0.0, ""r_progress"": 0.0, ""r_track"": -0.001774071217922733, ""r_dir"": -7.350018139716337e-05, ""r_time"": -1.0, ""r_smooth"": 0.0, ""total"": -1.0018475713993198}"
0.706,-0.002106837560934378,10.008254988682191,0.0,10.0,5.872504761037797,-40.0,-20000.0,-6.072185307179595,-10.0,-1000.0,0.008254988682191211,0.09230674060276653,0.0,9.999999999999982,normal,0.0,"{""progress_diff"": 0.0, ""r_progress"": 0.0, ""r_track"": -0.0006057318946053776, ""r_dir"": -7.374286880946292e-05, ""r_time"": -1.0, ""r_smooth"": 0.0, ""total"": -1.000679474763415}"
0.707,-0.002142195886420375,10.002442591467108,0.0,10.0,5.812504761037798,-60.0,-20000.0,-6.083185307179595,-11.0,-1000.0,0.002442591467108457,0.08995603622875566,0.0,9.999999999999982,normal,0.0,"{""progress_diff"": 0.0, ""r_progress"": 0.0, ""r_track"": -5.3033360668364835e-05, ""r_dir"": -7.401028696297303e-05, ""r_time"": -1.0, ""r_smooth"": 0.0, ""total"": -1.0001270436476313}"
0.708,-0.002177368609972604,9.996670193863363,0.0,9.996670193863363,5.772504761037798,-40.0,20000.0,-6.093185307179595,-10.0,1000.0,0.002177368609972604,0.6721995952524868,0.0,9.999999999999982,normal,0.0,"{""progress_diff"": 8.324515341595617e-05, ""r_progress"": 0.0016649030683191235, ""r_track"": -4.21416361217247e-05, ""r_dir"": -7.425381437525099e-05, ""r_time"": -1.0, ""r_smooth"": 0.0, ""total"": -0.9984514923821779}"
0.709,-0.002212471242153114,9.990917796204041,0.0,9.990917796204041,5.752504761037798,-20.0,20000.0,-6.102185307179595,-9.0,1000.0,0.002212471242153114,1.9434562825908084,0.0,9.996670193863345,normal,0.0,"{""progress_diff"": 0.00014380994148299742, ""r_progress"": 0.0028761988296599483, ""r_track"": -4.351136886537373e-05, ""r_dir"": -7.447333104631847e-05, ""r_time"": -1.0, ""r_smooth"": 0.0, ""total"": -0.9972417858702517}"
0.71,-0.0022476198935137753,9.985165398825723,0.0,9.985165398825723,5.752504761037798,0.0,20000.0,-6.110185307179595,-8.0,1000.0,0.0022476198935137753,0.4231655749347682,0.0,9.990917796204023,normal,0.0,"{""progress_diff"": 0.0001438099344579502, ""r_progress"": 0.002876198689159004, ""r_track"": -4.4904846095278884e-05, ""r_dir"": -7.466872897615384e-05, ""r_time"": -1.0, ""r_smooth"": 0.0, ""total"": -0.9972433748859124}"
0.711,-0.0022829311545983512,9.979393002067786,0.0,9.979393002067786,5.772504761037798,20.0,20000.0,-6.117185307179595,-7.0,1000.0,0.0022829311545983512,2.1746122866421245,0.0,9.985165398825707,normal,0.0,"{""progress_diff"": 0.00014430991894842649, ""r_progress"": 0.0028861983789685297, ""r_track"": -4.632688583676232e-05, ""r_dir"": -7.483991216474622e-05, ""r_time"": -1.0, ""r_smooth"": 0.0, ""total"": -0.997234968419033}"
0.712,-0.0023185219759446034,9.973580606271685,0.0,9.973580606271685,5.812504761037798,40.0,20000.0,-6.123185307179595,-6.0,1000.0,0.0023185219759446034,1.4748742117878888,0.0,9.97939300206777,normal,0.0,"{""progress_diff"": 0.00014530989490246782, ""r_progress"": 0.0029061978980493564, ""r_track"": -4.7782614692782824e-05, ""r_dir"": -7.49867966121282e-05, ""r_time"": -1.0, ""r_smooth"": 0.0, ""total"": -0.9972165715132556}"
0.713,-0.002354509548086406,9.967708211780248,0.0,9.967708211780248,5.872504761037797,60.0,20000.0,-6.128185307179595,-5.0,1000.0,0.002354509548086406,1.112884865920768,0.0,9.973580606271668,normal,0.0,"{""progress_diff"": 0.00014680986228599036, ""r_progress"": 0.002936197245719807, ""r_track"": -4.927746855137823e-05, ""r_dir"": -7.510931031826715e-05, ""r_time"": -1.0, ""r_smooth"": 0.0, ""total"": -0.9971881895331498}"
0.714,-0.00239102308634151,9.961755819009968,0.0,9.961755819009968,5.9525047610377975,80.0,20000.0,-6.134185307179595,-6.0,-1000.0,0.00239102308634151,0.9641890389103129,0.0,9.96770821178023,normal,0.0,"{""progress_diff"": 0.00014880981925691206, ""r_progress"": 0.002976196385138241, ""r_track"": -5.081770132816071e-05, ""r_dir"": -7.525645876563824e-05, ""r_time"": -1.0, ""r_smooth"": 0.0, ""total"": -0.9971498777749556}"
0.715,-0.002428192406015675,9.955703428381128,0.0,9.955703428381128,6.052504761037797,100.0,20000.0,-6.141185307179595,-7.0,-1000.0,0.002428192406015675,0.9620749543086698,0.0,9.961755819009952,normal,0.0,"{""progress_diff"": 0.000151309765721086, ""r_progress"": 0.00302619531442172, ""r_track"": -5.240994098339727e-05, ""r_dir"": -7.54283139542415e-05, ""r_time"": -1.0, ""r_smooth"": 0.0, ""total"": -0.997101642940516}"
0.716,-0.0024659020765380488,9.949571039562331,0.0,9.949571039562331,6.132504761037797,80.0,-20000.0,-6.149185307179595,-8.0,-1000.0,0.0024659020765380483,0.08265180998469059,0.0,9.95570342838111,normal,0.0,"{""progress_diff"": 0.00015330972046989633, ""r_progress"": 0.0030661944093979265, ""r_track"": -5.405042712066363e-05, ""r_dir"": -7.562495988406598e-05, ""r_time"": -1.0, ""r_smooth"": 0.0, ""total"": -0.9970634809776068}"
0.717,-0.002504282753196682,9.943338652979326,0.0,9.943338652979326,6.232504761037797,100.0,20000.0,-6.158185307179595,-9.0,-1000.0,0.0025042827531966826,0.9575693202761074,0.0,9.949571039562315,normal,0.0,"{""progress_diff"": 0.00015580966457517942, ""r_progress"": 0.0031161932915035884, ""r_track"": -5.5746063181852055e-05, ""r_dir"": -7.584649255512262e-05, ""r_time"": -1.0, ""r_smooth"": 0.0, ""total"": -0.9970153992642334}"
0.718,-0.002543206580645335,9.937026268224436,0.0,9.937026268224436,6.312504761037797,80.0,-20000.0,-6.166185307179595,-8.0,1000.0,0.0025432065806453353,0.5205936352262692,0.0,9.943338652979307,normal,0.0,"{""progress_diff"": 0.00015780961887224, ""r_progress"": 0.0031561923774447997, ""r_track"": -5.749244188300211e-05, ""r_dir"": -7.604368248495804e-05, ""r_time"": -1.0, ""r_smooth"": 0.0, ""total"": -0.9969773437469232}"
0.719,-0.0025828047341613005,9.930613885726755,0.0,9.930613885726755,6.4125047610377965,100.0,20000.0,-6.1751853071795955,-9.0,-1000.0,0.0025828047341613005,0.9530636862435453,0.0,9.937026268224418,normal,0.0,"{""progress_diff"": 0.0001603095624419515, ""r_progress"": 0.00320619124883903, ""r_track"": -5.929671373160912e-05, ""r_dir"": -7.626582715601468e-05, ""r_time"": -1.0, ""r_smooth"": 0.0, ""total"": -0.9969293712920486}"
0.72,-0.002623196164244967,9.924081505839963,0.0,9.924081505839963,6.532504761037797,120.0,20000.0,-6.1831853071795955,-8.0,1000.0,0.002623196164244967,1.9966835904275408,0.0,9.93061388572674,normal,0.0,"{""progress_diff"": 0.00016330949716991672, ""r_progress"": 0.0032661899433983343, ""r_track"": -6.11658499209734e-05, ""r_dir"": -7.646356108583913e-05, ""r_time"": -1.0, ""r_smooth"": 0.0, ""total"": -0.9968714394676085}"
0.721,-0.0026644999413952468,9.91740912891835,0.0,9.91740912891835,6.672504761037796,140.0,20000.0,-6.190185307179595,-7.0,1000.0,0.0026644999413952468,2.5931704053796785,0.0,9.924081505839943,normal,0.0,"{""progress_diff"": 0.00016680942304025947, ""r_progress"": 0.0033361884608051895, ""r_track"": -6.310719944618021e-05, ""r_dir"": -7.663678827444239e-05, ""r_time"": -1.0, ""r_smooth"": 0.0, ""total"": -0.9968035555269155}"
0.722,-0.002706835136111785,9.910576755316088,0.0,9.910576755316088,6.8325047610377965,160.0,20000.0,-6.196185307179595,-6.0,1000.0,0.0027068351361117845,2.532318325722739,0.0,9.917409128918333,normal,0.0,"{""progress_diff"": 0.00017080934005653248, ""r_progress"": 0.0034161868011306495, ""r_track"": -6.512850181412713e-05, ""r_dir"": -7.678542472181347e-05, ""r_time"": -1.0, ""r_smooth"": 0.0, ""total"": -0.9967257271254053}"
0.723,-0.0027503206988971685,9.903564385386499,0.0,9.903564385386499,7.012504761037796,180.0,20000.0,-6.201185307179595,-5.0,1000.0,0.0027503206988971685,1.0997238413630337,0.0,9.910576755316072,normal,0.0,"{""progress_diff"": 0.00017530924823971894, ""r_progress"": 0.003506184964794379, ""r_track"": -6.72379017491752e-05, ""r_dir"": -7.690939842795237e-05, ""r_time"": -1.0, ""r_smooth"": 0.0, ""total"": -0.9966379623353827}"
0.724,-0.0027950753402591587,9.896352019481329,0.0,9.896352019481329,7.212504761037796,200.0,20000.0,-6.205185307179595,-4.0,1000.0,0.0027950753402591587,2.5315123022990367,0.0,9.903564385386481,normal,0.0,"{""progress_diff"": 0.00018030914762923178, ""r_progress"": 0.0036061829525846356, ""r_track"": -6.944396584644313e-05, ""r_dir"": -7.700864939288111e-05, ""r_time"": -1.0, ""r_smooth"": 0.0, ""total"": -0.9965402696626547}"
0.725,-0.0028412322754358802,9.888919658042312,0.0,9.888919658042312,7.432504761037796,220.0,20000.0,-6.210185307179595,-5.0,-1000.0,0.0028412322754358802,0.1377986987020954,0.0,9.896352019481313,normal,0.0,"{""progress_diff"": 0.00018580903597542608, ""r_progress"": 0.0037161807195085217, ""r_track"": -7.17564519375871e-05, ""r_dir"": -7.713280309902e-05, ""r_time"": -1.0, ""r_smooth"": 0.0, ""total"": -0.9964327085355281}"
0.726,-0.0028886617691205193,9.88128730064958,0.0,9.88128730064958,7.632504761037796,200.0,-20000.0,-6.214185307179594,-4.0,1000.0,0.0028886617691205193,2.034990942882711,0.0,9.888919658042294,normal,0.0,"{""progress_diff"": 0.0001908089348182651, ""r_progress"": 0.003816178696365302, ""r_track"": -7.41721494789199e-05, ""r_dir"": -7.723219806392669e-05, ""r_time"": -1.0, ""r_smooth"": 0.0, ""total"": -0.9963352256511775}"
0.727,-0.00293723324602297,9.873474946877964,0.0,9.873474946877964,7.812504761037796,180.0,-20000.0,-6.217185307179594,-3.0,1000.0,0.00293723324602297,0.4761481956338923,0.0,9.881287300649564,normal,0.0,"{""progress_diff"": 0.0001953088442904205, ""r_progress"": 0.00390617688580841, ""r_track"": -7.668745903593451e-05, ""r_dir"": -7.730678628762328e-05, ""r_time"": -1.0, ""r_smooth"": 0.0, ""total"": -0.9962478173595152}"
0.728,-0.002986831355568495,9.86550259639694,0.0,9.86550259639694,7.972504761037796,160.0,-20000.0,-6.221185307179594,-4.0,-1000.0,0.002986831355568495,0.08959265408207424,0.0,9.873474946877948,normal,0.0,"{""progress_diff"": 0.00019930876202567394, ""r_progress"": 0.003986175240513479, ""r_track"": -7.929921374761896e-05, ""r_dir"": -7.740629325252996e-05, ""r_time"": -1.0, ""r_smooth"": 0.0, ""total"": -0.9961705302664867}"
0.729,-0.0030373409871770774,9.857390248877573,0.0,9.857390248877573,8.112504761037796,140.0,-20000.0,-6.226185307179594,-5.0,-1000.0,0.0030373409871770774,0.09019687936661479,0.0,9.865502596396922,normal,0.0,"{""progress_diff"": 0.00020280868798405738, ""r_progress"": 0.004056173759681148, ""r_track"": -8.200391353231842e-05, ""r_dir"": -7.75307669586799e-05, ""r_time"": -1.0, ""r_smooth"": 0.0, ""total"": -0.9961033609208099}"
0.73,-0.003088896436064123,9.849117904768612,0.0,9.849117904768612,8.272504761037796,160.0,20000.0,-6.232185307179594,-6.0,-1000.0,0.0030888964360641226,0.9253918544873075,0.0,9.857390248877557,normal,0.0,"{""progress_diff"": 0.00020680860272415114, ""r_progress"": 0.004136172054483023, ""r_track"": -8.481138837981901e-05, ""r_dir"": -7.768026740605097e-05, ""r_time"": -1.0, ""r_smooth"": 0.0, ""total"": -0.9960263196013028}"
0.731,-0.0031416328374277093,9.840665564524198,0.0,9.840665564524198,8.452504761037796,180.0,20000.0,-6.239185307179594,-7.0,-1000.0,0.0031416328374277093,0.2065386653286269,0.0,9.849117904768594,normal,0.0,"{""progress_diff"": 0.00021130850611028595, ""r_progress"": 0.004226170122205719, ""r_track"": -8.773206120181406e-05, ""r_dir"": -7.785486659464318e-05, ""r_time"": -1.0, ""r_smooth"": 0.0, ""total"": -0.9959394168055907}"
0.732,-0.003195419175985593,9.832053227716532,0.0,9.832053227716532,8.612504761037796,160.0,-20000.0,-6.245185307179594,-6.0,1000.0,0.003195419175985593,0.13837699926949967,0.0,9.84066556452418,normal,0.0,"{""progress_diff"": 0.0002153084201916844, ""r_progress"": 0.004306168403833688, ""r_track"": -9.076181075783509e-05, ""r_dir"": -7.800467904202533e-05, ""r_time"": -1.0, ""r_smooth"": 0.0, ""total"": -0.9958625980859662}"
0.733,-0.0032501235964727377,9.823300893912434,0.0,9.823300893912434,8.752504761037796,140.0,-20000.0,-6.250185307179594,-5.0,1000.0,0.0032501235964727372,0.13372640567212352,0.0,9.832053227716514,normal,0.0,"{""progress_diff"": 0.0002188083451024614, ""r_progress"": 0.004376166902049228, ""r_track"": -9.389603015421227e-05, ""r_dir"": -7.81296327481753e-05, ""r_time"": -1.0, ""r_smooth"": 0.0, ""total"": -0.9957958587608532}"
0.734,-0.0033058636894203173,9.814388563456399,0.0,9.814388563456399,8.912504761037797,160.0,20000.0,-6.254185307179593,-4.0,1000.0,0.0033058636894203173,2.430324715158733,0.0,9.823300893912418,normal,0.0,"{""progress_diff"": 0.00022280826140086418, ""r_progress"": 0.004456165228017284, ""r_track"": -9.714430873802411e-05, ""r_dir"": -7.822966771308194e-05, ""r_time"": -1.0, ""r_smooth"": 0.0, ""total"": -0.9957192087484338}"
0.735,-0.0033625065195857454,9.805336235908282,0.0,9.805336235908282,9.052504761037797,140.0,-20000.0,-6.2571853071795935,-3.0,1000.0,0.0033625065195857454,0.19837174885683556,0.0,9.814388563456383,normal,0.0,"{""progress_diff"": 0.00022630818870295055, ""r_progress"": 0.004526163774059011, ""r_track"": -0.0001005017786156146, ""r_dir"": -7.830473593676747e-05, ""r_time"": -1.0, ""r_smooth"": 0.0, ""total"": -0.9956526427404934}"
0.736,-0.003420168917516156,9.79612391160765,0.0,9.795918367346939,9.212504761037797,160.0,20000.0,-6.259185307179593,-2.0,1000.0,0.003420168917516156,1.2392905910399636,0.0,9.805336235908264,normal,0.0,"{""progress_diff"": 0.00023030810751578645, ""r_progress"": 0.004606162150315729, ""r_track"": -0.00010397827043861009, ""r_dir"": -7.83548014192208e-05, ""r_time"": -1.0, ""r_smooth"": 0.0, ""total"": -0.995576170921542}"
0.737,-0.0034789861384073736,9.786731591009382,0.0,9.786731591009382,9.392504761037797,180.0,20000.0,-6.262185307179593,-3.0,-1000.0,0.0034789861384073736,0.9094172061945507,0.0,9.79612391160763,normal,0.0,"{""progress_diff"": 0.0002348080149566778, ""r_progress"": 0.004696160299133556, ""r_track"": -0.00010758528489982801, ""r_dir"": -7.842992964291745e-05, ""r_time"": -1.0, ""r_smooth"": 0.0, ""total"": -0.9954898549154092}"
0.738,-0.0035388435116685477,9.777179273787654,0.0,9.777179273787654,9.552504761037797,160.0,-20000.0,-6.266185307179593,-4.0,-1000.0,0.003538843511668548,0.09823068164293912,0.0,9.786731591009364,normal,0.0,"{""progress_diff"": 0.0002388079305432056, ""r_progress"": 0.004776158610864112, ""r_track"": -0.00011131923022292073, ""r_dir"": -7.853015660782408e-05, ""r_time"": -1.0, ""r_smooth"": 0.0, ""total"": -0.9954136907759666}"
0.739,-0.003599857987844552,9.767446960282772,0.0,9.767446960282772,9.732504761037797,180.0,20000.0,-6.269185307179593,-3.0,1000.0,0.003599857987844552,0.7618012832416496,0.0,9.777179273787638,normal,0.0,"{""progress_diff"": 0.0002433078376220532, ""r_progress"": 0.004866156752441064, ""r_track"": -0.00011519091140131755, ""r_dir"": -7.860536883152076e-05, ""r_time"": -1.0, ""r_smooth"": 0.0, ""total"": -0.9953276395277918}"
0.74,-0.0036621660221066135,9.757514650957297,0.0,9.757514650957297,9.932504761037796,200.0,20000.0,-6.273185307179593,-4.0,-1000.0,0.0036621660221066135,0.90226650182054,0.0,9.767446960282754,normal,0.0,"{""progress_diff"": 0.0002483077331368877, ""r_progress"": 0.004966154662737754, ""r_track"": -0.00011921297754197491, ""r_dir"": -7.870570779642737e-05, ""r_time"": -1.0, ""r_smooth"": 0.0, ""total"": -0.9952317640226006}"
0.741,-0.0037256335592350154,9.747402345363925,0.0,9.747402345363925,10.112504761037796,180.0,-20000.0,-6.276185307179593,-3.0,1000.0,0.0037256335592350154,2.1000109630087356,0.0,9.75751465095728,normal,0.0,"{""progress_diff"": 0.0002528076398342627, ""r_progress"": 0.005056152796685254, ""r_track"": -0.00012338084815731703, ""r_dir"": -7.87810040201129e-05, ""r_time"": -1.0, ""r_smooth"": 0.0, ""total"": -0.9951460090554922}"
0.742,-0.0037903975743902333,9.737090043968564,0.0,9.737090043968564,10.312504761037795,200.0,20000.0,-6.280185307179592,-4.0,-1000.0,0.0037903975743902333,0.8973524172188967,0.0,9.74740234536391,normal,0.0,"{""progress_diff"": 0.00025780753488402475, ""r_progress"": 0.005156150697680495, ""r_track"": -0.00012770767797282988, ""r_dir"": -7.888145498503067e-05, ""r_time"": -1.0, ""r_smooth"": 0.0, ""total"": -0.9950504384352774}"
0.743,-0.003856574818121769,9.726557747110153,0.0,9.726557747110153,10.532504761037796,220.0,20000.0,-6.283185307179586,-3.0,1000.0,0.003856574818121769,0.894674952389622,0.0,9.737090043968546,normal,0.0,"{""progress_diff"": 0.0002633074214603015, ""r_progress"": 0.00526614842920603, ""r_track"": -0.00013220594958018625, ""r_dir"": -7.89568352087162e-05, ""r_time"": -1.0, ""r_smooth"": 0.0, ""total"": -0.9949450143555829}"
0.744,-0.0039240086906464165,9.715825454199571,0.0,9.715825454199571,10.732504761037795,200.0,-20000.0,-6.283185307179586,-2.0,1000.0,0.0039240086906464165,0.06592223083791701,0.0,9.726557747110135,normal,0.0,"{""progress_diff"": 0.000268307322764505, ""r_progress"": 0.0053661464552900995, ""r_track"": -0.00013686972626016536, ""r_dir"": -7.89568352087162e-05, ""r_time"": -1.0, ""r_smooth"": 0.0, ""total"": -0.9948496801061788}"
0.745,-0.003992824854843487,9.7048731656316,0.0,9.7048731656316,10.952504761037796,220.0,20000.0,-6.283185307179586,-1.0,1000.0,0.003992824854843487,2.1167430650490764,0.0,9.715825454199553,normal,0.0,"{""progress_diff"": 0.00027380721419933973, ""r_progress"": 0.005476144283986795, ""r_track"": -0.00014171244730183031, ""r_dir"": -7.89568352087162e-05, ""r_time"": -1.0, ""r_smooth"": 0.0, ""total"": -0.9947445249985237}"
0.746,-0.004063148973592291,9.693680881801024,0.0,9.693680881801024,11.192504761037796,240.0,20000.0,-6.283185307179586,0.0,1000.0,0.004063148973592291,2.888074952389622,0.0,9.704873165631582,normal,0.0,"{""progress_diff"": 0.0002798070957643617, ""r_progress"": 0.005596141915287234, ""r_track"": -0.00014674826294759185, ""r_dir"": -7.89568352087162e-05, ""r_time"": -1.0, ""r_smooth"": 0.0, ""total"": -0.9946295631828691}"
0.747,-0.004134843971733993,9.682268602241358,0.0,9.682268602241358,11.412504761037797,220.0,-20000.0,-6.282185307179586,1.0,1000.0,0.004134843971733993,0.4116793512053414,0.0,9.693680881801008,normal,0.0,"{""progress_diff"": 0.0002853069889916515, ""r_progress"": 0.0057061397798330304, ""r_track"": -0.0001519727526274217, ""r_dir"": -7.893170446748397e-05, ""r_time"": -1.0, ""r_smooth"": 0.0, ""total"": -0.9945247646772619}"
0.748,-0.0042080466844321655,9.67061632741758,0.0,9.67061632741758,11.652504761037797,240.0,20000.0,-6.282185307179586,0.0,-1000.0,0.0042080466844321655,0.8836341073327141,0.0,9.68226860224134,normal,0.0,"{""progress_diff"": 0.0002913068705945321, ""r_progress"": 0.005826137411890642, ""r_track"": -0.0001574013946520937, ""r_dir"": -7.893170446748397e-05, ""r_time"": -1.0, ""r_smooth"": 0.0, ""total"": -0.9944101956872289}"
0.749,-0.0042826195965365845,9.658744056860453,0.0,9.658744056860453,11.872504761037797,220.0,-20000.0,-6.281185307179586,1.0,1000.0,0.0042826195965365845,0.35655268518055394,0.0,9.670616327417562,normal,0.0,"{""progress_diff"": 0.0002968067639281813, ""r_progress"": 0.005936135278563626, ""r_track"": -0.00016302960541012606, ""r_dir"": -7.89065777262629e-05, ""r_time"": -1.0, ""r_smooth"": 0.0, ""total"": -0.9943058009045728}"
0.75,-0.0043586999832022095,9.646631791037704,0.0,9.646631791037704,12.112504761037798,240.0,20000.0,-6.281185307179586,0.0,-1000.0,0.0043586999832022095,0.8233657638398317,0.0,9.658744056860435,normal,0.0,"{""progress_diff"": 0.0003028066455686984, ""r_progress"": 0.006056132911373968, ""r_track"": -0.00016887347149837284, ""r_dir"": -7.89065777262629e-05, ""r_time"": -1.0, ""r_smooth"": 0.0, ""total"": -0.9941916471378507}"
0.751,-0.004436401095048409,9.634259530266158,0.0,9.634259530266158,12.372504761037797,260.0,20000.0,-6.280185307179585,1.0,1000.0,0.004436401095048409,0.8568320048485542,0.0,9.646631791037684,normal,0.0,"{""progress_diff"": 0.0003093065192886213, ""r_progress"": 0.006186130385772426, ""r_track"": -0.0001749480415657486, ""r_dir"": -7.888145498503067e-05, ""r_time"": -1.0, ""r_smooth"": 0.0, ""total"": -0.9940676991107783}"
0.752,-0.004515835342710878,9.621607274857404,0.0,9.621607274857404,12.652504761037797,280.0,20000.0,-6.2781853071795855,2.0,1000.0,0.004515835342710878,0.9495874084557177,0.0,9.634259530266142,normal,0.0,"{""progress_diff"": 0.00031630638521884524, ""r_progress"": 0.006326127704376905, ""r_track"": -0.00018126905637757043, ""r_dir"": -7.883122150256621e-05, ""r_time"": -1.0, ""r_smooth"": 0.0, ""total"": -0.9939339725735032}"
0.753,-0.004597140081343065,9.60865502527966,0.0,9.60865502527966,12.952504761037797,300.0,20000.0,-6.277185307179585,1.0,-1000.0,0.004597140081343065,0.8714298820481736,0.0,9.621607274857386,normal,0.0,"{""progress_diff"": 0.00032380623944361364, ""r_progress"": 0.006476124788872273, ""r_track"": -0.0001878550837999193, ""r_dir"": -7.880611076134513e-05, ""r_time"": -1.0, ""r_smooth"": 0.0, ""total"": -0.993790536405689}"
0.754,-0.004680453506082093,9.595382782006384,0.0,9.591836734693878,13.272504761037798,320.0,20000.0,-6.277185307179585,0.0,-1000.0,0.004680453506082093,0.6819914739594896,0.0,9.608655025279642,normal,0.0,"{""progress_diff"": 0.00033180608183180915, ""r_progress"": 0.006636121636636183, ""r_track"": -0.0001947257335341881, ""r_dir"": -7.880611076134513e-05, ""r_time"": -1.0, ""r_smooth"": 0.0, ""total"": -0.9936374102076594}"
0.755,-0.004765663646283605,9.58181054472875,0.0,9.58181054472875,13.572504761037798,300.0,-20000.0,-6.2781853071795855,-1.0,-1000.0,0.004765663646283605,0.13630415944207905,0.0,9.595382782006368,normal,0.0,"{""progress_diff"": 0.0003393059319409808, ""r_progress"": 0.006786118638819616, ""r_track"": -0.00020188044435119233, ""r_dir"": -7.883122150256621e-05, ""r_time"": -1.0, ""r_smooth"": 0.0, ""total"": -0.9934945930270341}"
0.756,-0.004852882792585653,9.567918313757593,0.0,9.567918313757593,13.892504761037799,320.0,20000.0,-6.2781853071795855,0.0,1000.0,0.004852882792585652,1.2664725532616257,0.0,9.581810544728732,normal,0.0,"{""progress_diff"": 0.0003473057742788832, ""r_progress"": 0.006946115485577664, ""r_track"": -0.00020933752354287927, ""r_dir"": -7.883122150256621e-05, ""r_time"": -1.0, ""r_smooth"": 0.0, ""total"": -0.9933420532594678}"
0.757,-0.004942250740093745,9.553686089576429,0.0,9.553686089576429,14.232504761037799,340.0,20000.0,-6.279185307179586,-1.0,-1000.0,0.0049422507400937446,0.8583115721619896,0.0,9.567918313757573,normal,0.0,"{""progress_diff"": 0.0003558056045291913, ""r_progress"": 0.007116112090583826, ""r_track"": -0.0002171185989151748, ""r_dir"": -7.885633624379843e-05, ""r_time"": -1.0, ""r_smooth"": 0.0, ""total"": -0.9931798628445752}"
0.758,-0.005033879179457845,9.53909387249231,0.0,9.53909387249231,14.592504761037798,360.0,20000.0,-6.279185307179586,0.0,1000.0,0.005033879179457845,0.9227910190224361,0.0,9.55368608957641,normal,0.0,"{""progress_diff"": 0.00036480542710282116, ""r_progress"": 0.007296108542056423, ""r_track"": -0.0002252439074967039, ""r_dir"": -7.885633624379843e-05, ""r_time"": -1.0, ""r_smooth"": 0.0, ""total"": -0.9930079917016841}"
0.759,-0.00512790866576839,9.524121662993542,0.0,9.524121662993542,14.972504761037799,380.0,20000.0,-6.280185307179586,-1.0,-1000.0,0.00512790866576839,0.3304059246899823,0.0,9.539093872492295,normal,0.0,"{""progress_diff"": 0.0003743052374692857, ""r_progress"": 0.007486104749385714, ""r_track"": -0.00023373730919522265, ""r_dir"": -7.888145498503067e-05, ""r_time"": -1.0, ""r_smooth"": 0.0, ""total"": -0.9928265140147945}"
0.76,-0.005224480954091859,9.508749461576008,0.0,9.508749461576008,15.3725047610378,400.0,20000.0,-6.282185307179586,-2.0,-1000.0,0.00522448095409186,0.3671191840462759,0.0,9.524121662993522,normal,0.0,"{""progress_diff"": 0.00038430503543840366, ""r_progress"": 0.007686100708768073, ""r_track"": -0.0002426240110192764, ""r_dir"": -7.893170446748397e-05, ""r_time"": -1.0, ""r_smooth"": 0.0, ""total"": -0.9926354550067187}"
0.761,-0.005323456209323613,9.492997267755927,0.0,9.492997267755927,15.7525047610378,380.0,-20000.0,-6.283185307179586,-1.0,1000.0,0.005323456209323613,0.2971086352568623,0.0,9.508749461575988,normal,0.0,"{""progress_diff"": 0.0003938048455018883, ""r_progress"": 0.007876096910037766, ""r_track"": -0.00025190387566743227, ""r_dir"": -7.89568352087162e-05, ""r_time"": -1.0, ""r_smooth"": 0.0, ""total"": -0.9924547638008384}"
0.762,-0.005424693396382968,9.476885081041939,0.0,9.476885081041939,16.1125047610378,360.0,-20000.0,-6.283185307179586,0.0,1000.0,0.005424693396382968,2.1592322425108907,0.0,9.49299726775591,normal,0.0,"{""progress_diff"": 0.00040280466784980984, ""r_progress"": 0.008056093356996197, ""r_track"": -0.00026157598617565313, ""r_dir"": -7.89568352087162e-05, ""r_time"": -1.0, ""r_smooth"": 0.0, ""total"": -0.9922844394643882}"
0.763,-0.005528301685969967,9.460392901725209,0.0,9.460392901725209,16.4925047610378,380.0,20000.0,-6.282185307179586,1.0,1000.0,0.005528301685969967,1.830431561206143,0.0,9.476885081041921,normal,0.0,"{""progress_diff"": 0.0004123044829181799, ""r_progress"": 0.008246089658363598, ""r_track"": -0.0002716632847208745, ""r_dir"": -7.893170446748397e-05, ""r_time"": -1.0, ""r_smooth"": 0.0, ""total"": -0.9921045053308247}"
0.764,-0.005634389048808028,9.443500730089415,0.0,9.443500730089415,16.8925047610378,400.0,20000.0,-6.280185307179586,2.0,1000.0,0.005634389048808028,1.7184986745034005,0.0,9.460392901725193,normal,0.0,"{""progress_diff"": 0.0004223042908948482, ""r_progress"": 0.008446085817896964, ""r_track"": -0.00028218968847402515, ""r_dir"": -7.888145498503067e-05, ""r_time"": -1.0, ""r_smooth"": 0.0, ""total"": -0.9919149853255621}"
0.765,-0.005743096759973073,9.42618856662743,0.0,9.42618856662743,17.3125047610378,420.0,20000.0,-6.279185307179586,1.0,-1000.0,0.005743096759973073,0.8275115721619896,0.0,9.443500730089397,normal,0.0,"{""progress_diff"": 0.0004328040865496652, ""r_progress"": 0.008656081730993304, ""r_track"": -0.00029318364795033957, ""r_dir"": -7.885633624379843e-05, ""r_time"": -1.0, ""r_smooth"": 0.0, ""total"": -0.9917159582532008}"
0.766,-0.005854531790207887,9.408436411616707,0.0,9.408436411616707,17.7525047610378,440.0,20000.0,-6.277185307179586,2.0,1000.0,0.005854531790207886,1.3063471835663367,0.0,9.42618856662741,normal,0.0,"{""progress_diff"": 0.0004438038752679896, ""r_progress"": 0.008876077505359792, ""r_track"": -0.00030467148873382, ""r_dir"": -7.880611076134513e-05, ""r_time"": -1.0, ""r_smooth"": 0.0, ""total"": -0.9915074000941354}"
0.767,-0.005968836094575278,9.390224265554345,0.0,9.387755102040817,18.212504761037803,460.0,20000.0,-6.276185307179586,1.0,-1000.0,0.005968836094575278,0.8189890369912652,0.0,9.408436411616691,normal,0.0,"{""progress_diff"": 0.00045530365155910246, ""r_progress"": 0.00910607303118205, ""r_track"": -0.00031668448287915254, ""r_dir"": -7.87810040201129e-05, ""r_time"": -1.0, ""r_smooth"": 0.0, ""total"": -0.9912893924557172}"
0.768,-0.006086152948112387,9.371532128945672,0.0,9.371532128945672,18.692504761037803,480.0,20000.0,-6.276185307179586,0.0,-1000.0,0.006086152948112387,0.8141890369912652,0.0,9.390224265554327,normal,0.0,"{""progress_diff"": 0.0004673034152168354, ""r_progress"": 0.009346068304336708, ""r_track"": -0.00032925562406948536, ""r_dir"": -7.87810040201129e-05, ""r_time"": -1.0, ""r_smooth"": 0.0, ""total"": -0.9910619683237529}"
0.769,-0.006206588681574467,9.352340002064146,0.0,9.352340002064146,19.192504761037803,500.0,20000.0,-6.275185307179585,1.0,1000.0,0.006206588681574466,1.4516926768761063,0.0,9.371532128945653,normal,0.0,"{""progress_diff"": 0.00047980317203810685, ""r_progress"": 0.009596063440762137, ""r_track"": -0.0003424154938866513, ""r_dir"": -7.875590127889182e-05, ""r_time"": -1.0, ""r_smooth"": 0.0, ""total"": -0.9908251079544034}"
0.77,-0.006330248065747112,9.332627885173496,0.0,9.332627885173496,19.712504761037803,520.0,20000.0,-6.273185307179586,2.0,1000.0,0.006330248065747112,1.8712201552780388,0.0,9.352340002064128,normal,0.0,"{""progress_diff"": 0.0004928029222662778, ""r_progress"": 0.009856058445325555, ""r_track"": -0.0003561959162124004, ""r_dir"": -7.870570779642737e-05, ""r_time"": -1.0, ""r_smooth"": 0.0, ""total"": -0.9905788431786833}"
0.771,-0.006456983385679347,9.31241577774073,0.0,9.31241577774073,20.212504761037803,500.0,-20000.0,-6.270185307179585,3.0,1000.0,0.006456983385679347,0.22973568937893074,0.0,9.33262788517348,normal,0.0,"{""progress_diff"": 0.0005053026858191645, ""r_progress"": 0.01010605371638329, ""r_track"": -0.0003706011950483479, ""r_dir"": -7.863044757274183e-05, ""r_time"": -1.0, ""r_smooth"": 0.0, ""total"": -0.9903431779262378}"
0.772,-0.006586937716412152,9.291683680269939,0.0,9.291683680269939,20.732504761037802,520.0,20000.0,-6.268185307179586,2.0,-1000.0,0.006586937716412152,0.7950622765360005,0.0,9.312415777740714,normal,0.0,"{""progress_diff"": 0.0005183024367698685, ""r_progress"": 0.01036604873539737, ""r_track"": -0.00038566887537682613, ""r_dir"": -7.858029409028852e-05, ""r_time"": -1.0, ""r_smooth"": 0.0, ""total"": -0.9900982004340697}"
0.773,-0.006720004887187713,9.270451592488575,0.0,9.270451592488575,21.232504761037802,500.0,-20000.0,-6.267185307179585,1.0,-1000.0,0.006720004887187712,0.2148715266998485,0.0,9.29168368026992,normal,0.0,"{""progress_diff"": 0.0005308021945339414, ""r_progress"": 0.010616043890678828, ""r_track"": -0.0004014085838562377, ""r_dir"": -7.85552233490563e-05, ""r_time"": -1.0, ""r_smooth"": 0.0, ""total"": -0.9898639199165264}"
0.774,-0.00685603686306097,9.2487395138617,0.0,9.2487395138617,21.712504761037803,480.0,-20000.0,-6.2651853071795855,2.0,1000.0,0.00685603686306097,2.141014614065327,0.0,9.270451592488559,normal,0.0,"{""progress_diff"": 0.000542801965671913, ""r_progress"": 0.01085603931343826, ""r_track"": -0.00041782436860134147, ""r_dir"": -7.850509386659186e-05, ""r_time"": -1.0, ""r_smooth"": 0.0, ""total"": -0.9896402901490297}"
0.775,-0.006995134774887084,9.226527444630536,0.0,9.226527444630536,22.212504761037803,500.0,20000.0,-6.262185307179585,3.0,1000.0,0.006995134774887083,2.613223456336157,0.0,9.248739513861683,normal,0.0,"{""progress_diff"": 0.0005553017307791119, ""r_progress"": 0.011106034615582239, ""r_track"": -0.00043495031572297383, ""r_dir"": -7.842992964291745e-05, ""r_time"": -1.0, ""r_smooth"": 0.0, ""total"": -0.9894073456297836}"
0.776,-0.007137398073552838,9.203795385025993,0.0,9.203795385025993,22.732504761037802,520.0,20000.0,-6.258185307179586,4.0,1000.0,0.007137398073552838,1.4679764004103775,0.0,9.22652744463052,normal,0.0,"{""progress_diff"": 0.0005683014901135541, ""r_progress"": 0.011366029802271083, ""r_track"": -0.00045282178898094016, ""r_dir"": -7.832976667798858e-05, ""r_time"": -1.0, ""r_smooth"": 0.0, ""total"": -0.9891651217533879}"
0.777,-0.007282720748297037,9.180563334776567,0.0,9.180563334776567,23.232504761037802,500.0,-20000.0,-6.255185307179586,3.0,-1000.0,0.007282720748297037,0.23678138601695117,0.0,9.203795385025977,normal,0.0,"{""progress_diff"": 0.000580801256235608, ""r_progress"": 0.01161602512471216, ""r_track"": -0.0004714490799793435, ""r_dir"": -7.825468645431415e-05, ""r_time"": -1.0, ""r_smooth"": 0.0, ""total"": -0.9889336786417215}"
0.778,-0.0074312010900279574,9.156811294106106,0.0,9.156811294106106,23.7525047610378,520.0,20000.0,-6.251185307179586,4.0,1000.0,0.0074312010900279574,1.6012093610395997,0.0,9.18056333477655,normal,0.0,"{""progress_diff"": 0.0005938010167616525, ""r_progress"": 0.01187602033523305, ""r_track"": -0.0004908688856927352, ""r_dir"": -7.815463548939641e-05, ""r_time"": -1.0, ""r_smooth"": 0.0, ""total"": -0.9886930031859491}"
0.779,-0.007582734247962493,9.132559262750235,0.0,9.132559262750235,24.2525047610378,500.0,-20000.0,-6.248185307179586,3.0,-1000.0,0.007582734247962493,0.24809547061859438,0.0,9.156811294106088,normal,0.0,"{""progress_diff"": 0.0006063007838967849, ""r_progress"": 0.012126015677935698, ""r_track"": -0.0005110920771130962, ""r_dir"": -7.807963926571086e-05, ""r_time"": -1.0, ""r_smooth"": 0.0, ""total"": -0.9884631560384431}"
0.78,-0.0077374668970736525,9.107787241235167,0.0,9.107787241235167,24.7725047610378,520.0,20000.0,-6.246185307179586,2.0,-1000.0,0.0077374668970736525,0.7581636852840221,0.0,9.132559262750217,normal,0.0,"{""progress_diff"": 0.0006193005378766214, ""r_progress"": 0.012386010757532429, ""r_track"": -0.0005321635020738717, ""r_dir"": -7.802966178324646e-05, ""r_time"": -1.0, ""r_smooth"": 0.0, ""total"": -0.9882241824063247}"
0.781,-0.007895246802494626,9.082515229000323,0.0,9.082515229000323,25.2725047610378,500.0,-20000.0,-6.243185307179586,3.0,1000.0,0.007895246802494626,2.246358849886702,0.0,9.107787241235151,normal,0.0,"{""progress_diff"": 0.0006318003058710664, ""r_progress"": 0.012636006117421328, ""r_track"": -0.0005540881961982366, ""r_dir"": -7.795472555957201e-05, ""r_time"": -1.0, ""r_smooth"": 0.0, ""total"": -0.9879960368043365}"
0.782,-0.008056169975175961,9.056723226255661,0.0,9.056723226255661,25.7925047610378,520.0,20000.0,-6.239185307179587,4.0,1000.0,0.008056169975175961,1.7494847764188473,0.0,9.082515229000307,normal,0.0,"{""progress_diff"": 0.0006448000686166688, ""r_progress"": 0.012896001372333377, ""r_track"": -0.0005769055526126813, ""r_dir"": -7.785486659464318e-05, ""r_time"": -1.0, ""r_smooth"": 0.0, ""total"": -0.9877587590468739}"
0.783,-0.008220081260304194,9.030431232422941,0.0,9.030431232422941,26.2925047610378,500.0,-20000.0,-6.234185307179587,5.0,1000.0,0.008220081260304194,0.9496177226031599,0.0,9.056723226255642,normal,0.0,"{""progress_diff"": 0.0006572998458179713, ""r_progress"": 0.013145996916359426, ""r_track"": -0.0006006198748978148, ""r_dir"": -7.773013288850431e-05, ""r_time"": -1.0, ""r_smooth"": 0.0, ""total"": -0.9875323530914268}"
0.784,-0.008387073428888179,9.00361924769267,0.0,9.00361924769267,26.8125047610378,520.0,20000.0,-6.2281853071795865,6.0,1000.0,0.008387073428888179,1.4438787361416687,0.0,9.030431232422924,normal,0.0,"{""progress_diff"": 0.0006702996182567089, ""r_progress"": 0.013405992365134178, ""r_track"": -0.0006252711173472188, ""r_dir"": -7.758058444113324e-05, ""r_time"": -1.0, ""r_smooth"": 0.0, ""total"": -0.9872968593366541}"
0.785,-0.008557237331970734,8.976267272243927,0.0,8.976267272243927,27.3525047610378,540.0,20000.0,-6.221185307179587,7.0,1000.0,0.008557237331970734,1.2693008321316086,0.0,9.003619247692654,normal,0.0,"{""progress_diff"": 0.0006837993862186531, ""r_progress"": 0.013675987724373062, ""r_track"": -0.0006509005400504322, ""r_dir"": -7.740629325252996e-05, ""r_time"": -1.0, ""r_smooth"": 0.0, ""total"": -0.9870523191089299}"
0.786,-0.008730468998750077,8.948395305818076,0.0,8.948395305818076,27.8725047610378,520.0,-20000.0,-6.215185307179587,6.0,-1000.0,0.008730468998750077,0.08196135489312315,0.0,8.97626727224391,normal,0.0,"{""progress_diff"": 0.0006967991606462443, ""r_progress"": 0.013935983212924885, ""r_track"": -0.0006775207905612105, ""r_dir"": -7.72570568051589e-05, ""r_time"": -1.0, ""r_smooth"": 0.0, ""total"": -0.9868187946344414}"
0.787,-0.00890691478420564,8.919983348939311,0.0,8.919983348939311,28.4125047610378,540.0,20000.0,-6.210185307179587,5.0,-1000.0,0.00890691478420564,0.7274932632353304,0.0,8.94839530581806,normal,0.0,"{""progress_diff"": 0.0007102989219691658, ""r_progress"": 0.014205978439383316, ""r_track"": -0.0007051833864275645, ""r_dir"": -7.713280309902e-05, ""r_time"": -1.0, ""r_smooth"": 0.0, ""total"": -0.9865763377501433}"
0.788,-0.009086474117475072,8.89105140136931,0.0,8.89105140136931,28.932504761037798,520.0,-20000.0,-6.206185307179587,4.0,-1000.0,0.009086474117475072,0.3015799782284538,0.0,8.919983348939294,normal,0.0,"{""progress_diff"": 0.0007232986892500293, ""r_progress"": 0.014465973785000585, ""r_track"": -0.0007339023278892835, ""r_dir"": -7.703347213410227e-05, ""r_time"": -1.0, ""r_smooth"": 0.0, ""total"": -0.9863449620150228}"
0.789,-0.009269237409608503,8.86157946328461,0.0,8.86157946328461,29.472504761037797,540.0,20000.0,-6.201185307179587,5.0,1000.0,0.009269237409608503,1.2102148958025771,0.0,8.891051401369293,normal,0.0,"{""progress_diff"": 0.0007367984521174931, ""r_progress"": 0.014735969042349861, ""r_track"": -0.0007637223302727621, ""r_dir"": -7.690939842795237e-05, ""r_time"": -1.0, ""r_smooth"": 0.0, ""total"": -0.9861046626863509}"
0.79,-0.009455353215546533,8.831547535222487,0.0,8.831547535222487,30.032504761037796,560.0,20000.0,-6.197185307179588,4.0,-1000.0,0.009455353215546533,0.34459203575815905,0.0,8.861579463284592,normal,0.0,"{""progress_diff"": 0.0007507982015529935, ""r_progress"": 0.01501596403105987, ""r_track"": -0.000794699594939966, ""r_dir"": -7.681021146304565e-05, ""r_time"": -1.0, ""r_smooth"": 0.0, ""total"": -0.9858555457753432}"
0.791,-0.009644910306368767,8.80093561734964,0.0,8.80093561734964,30.612504761037794,580.0,20000.0,-6.192185307179588,5.0,1000.0,0.009644910306368767,1.2357841646181256,0.0,8.83154753522247,normal,0.0,"{""progress_diff"": 0.0007652979468212306, ""r_progress"": 0.015305958936424613, ""r_track"": -0.0008268826206035419, ""r_dir"": -7.668631775690674e-05, ""r_time"": -1.0, ""r_smooth"": 0.0, ""total"": -0.9855976100019358}"
0.792,-0.009837810311173034,8.769763709440996,0.0,8.769763709440996,31.172504761037793,560.0,-20000.0,-6.188185307179588,4.0,-1000.0,0.009837810311173034,0.3268447672041077,0.0,8.800935617349623,normal,0.0,"{""progress_diff"": 0.0007792976977161192, ""r_progress"": 0.015585953954322385, ""r_track"": -0.000860288993054422, ""r_dir"": -7.658727479198903e-05, ""r_time"": -1.0, ""r_smooth"": 0.0, ""total"": -0.9853509223135241}"
0.793,-0.01003420418485729,8.738011812048146,0.0,8.738011812048146,31.75250476103779,580.0,20000.0,-6.185185307179588,3.0,-1000.0,0.01003420418485729,0.6980721368126276,0.0,8.769763709440976,normal,0.0,"{""progress_diff"": 0.0007937974348212196, ""r_progress"": 0.01587594869642439, ""r_track"": -0.0008949800322080672, ""r_dir"": -7.651303456830348e-05, ""r_time"": -1.0, ""r_smooth"": 0.0, ""total"": -0.985095544370352}"
0.794,-0.01023399711645498,8.705699924967435,0.0,8.705699924967435,32.31250476103779,560.0,-20000.0,-6.183185307179588,2.0,-1000.0,0.01023399711645498,0.3390405419195671,0.0,8.738011812048128,normal,0.0,"{""progress_diff"": 0.0008077971770178438, ""r_progress"": 0.016155943540356876, ""r_track"": -0.0009309750842631895, ""r_dir"": -7.646356108583913e-05, ""r_time"": -1.0, ""r_smooth"": 0.0, ""total"": -0.9848514951049921}"
0.795,-0.010437277597050543,8.672808048363917,0.0,8.672808048363917,32.89250476103779,580.0,20000.0,-6.180185307179588,3.0,1000.0,0.010437277597050543,0.3133441932252173,0.0,8.705699924967416,normal,0.0,"{""progress_diff"": 0.00082229691508795, ""r_progress"": 0.016445938301759, ""r_track"": -0.0009683267878923835, ""r_dir"": -7.638938086216456e-05, ""r_time"": -1.0, ""r_smooth"": 0.0, ""total"": -0.9845987778669956}"
0.796,-0.010644199181494727,8.639316182804858,0.0,8.639316182804858,33.49250476103779,600.0,20000.0,-6.1781853071795885,2.0,-1000.0,0.010644199181494727,0.6817862214142708,0.0,8.672808048363898,normal,0.0,"{""progress_diff"": 0.0008372966389763592, ""r_progress"": 0.016745932779527184, ""r_track"": -0.0010071020108029603, ""r_dir"": -7.633994737970022e-05, ""r_time"": -1.0, ""r_smooth"": 0.0, ""total"": -0.9843375091786555}"
0.797,-0.010854917104607386,8.60520432886772,0.0,8.60520432886772,34.11250476103779,620.0,20000.0,-6.177185307179588,1.0,-1000.0,0.010854917104607386,0.6757453763573626,0.0,8.63931618280484,normal,0.0,"{""progress_diff"": 0.0008527963484286083, ""r_progress"": 0.017055926968572166, ""r_track"": -0.0010473708919813154, ""r_dir"": -7.631523663846805e-05, ""r_time"": -1.0, ""r_smooth"": 0.0, ""total"": -0.9840677591600476}"
0.798,-0.01106958840117464,8.57045248714098,0.0,8.57045248714098,34.75250476103779,640.0,20000.0,-6.177185307179588,0.0,-1000.0,0.011069588401174639,0.6693453763573628,0.0,8.6052043288677,normal,0.0,"{""progress_diff"": 0.0008687960431683628, ""r_progress"": 0.017375920863367256, ""r_track"": -0.0010892069988570675, ""r_dir"": -7.631523663846805e-05, ""r_time"": -1.0, ""r_smooth"": 0.0, ""total"": -0.9837896013721282}"
0.799,-0.01128812490010583,8.535080657461583,0.0,8.535080657461583,35.37250476103779,620.0,-20000.0,-6.1781853071795885,-1.0,-1000.0,0.01128812490010583,0.3704363166350265,0.0,8.570452487140962,normal,0.0,"{""progress_diff"": 0.0008842957419850084, ""r_progress"": 0.017685914839700168, ""r_track"": -0.0011326379000923489, ""r_dir"": -7.633994737970022e-05, ""r_time"": -1.0, ""r_smooth"": 0.0, ""total"": -0.9835230630077719}"
0.8,-0.011510687436113892,8.499068840441591,0.0,8.499068840441591,36.01250476103779,640.0,20000.0,-6.180185307179588,-2.0,-1000.0,0.011510687436113892,0.6562679115280871,0.0,8.535080657461563,normal,0.0,"{""progress_diff"": 0.000900295425499742, ""r_progress"": 0.01800590850999484, ""r_track"": -0.0011777415577947574, ""r_dir"": -7.638938086216456e-05, ""r_time"": -1.0, ""r_smooth"": 0.0, ""total"": -0.983248222428662}"
0.801,-0.011737438883871439,8.462397036705896,0.0,8.462397036705896,36.672504761037786,660.0,20000.0,-6.183185307179588,-3.0,-1000.0,0.011737438883871439,0.6491904466988113,0.0,8.499068840441574,normal,0.0,"{""progress_diff"": 0.0009167950933923752, ""r_progress"": 0.018335901867847504, ""r_track"": -0.001224599747134375, ""r_dir"": -7.646356108583913e-05, ""r_time"": -1.0, ""r_smooth"": 0.0, ""total"": -0.9829651614403727}"
0.802,-0.011968544278007674,8.425045246893088,0.0,8.425045246893088,37.352504761037785,680.0,20000.0,-6.187185307179588,-4.0,-1000.0,0.011968544278007675,0.3334976180298069,0.0,8.462397036705877,normal,0.0,"{""progress_diff"": 0.0009337947453201823, ""r_progress"": 0.018675894906403645, ""r_track"": -0.0012732982411967132, ""r_dir"": -7.656252405075684e-05, ""r_time"": -1.0, ""r_smooth"": 0.0, ""total"": -0.9826739658588438}"
0.803,-0.012204094829554289,8.38699347118516,0.0,8.38699347118516,38.05250476103779,700.0,20000.0,-6.190185307179588,-3.0,1000.0,0.012204094829554289,1.231333234015847,0.0,8.42504524689307,normal,0.0,"{""progress_diff"": 0.0009512943926982542, ""r_progress"": 0.019025887853965084, ""r_track"": -0.0013239104943000332, ""r_dir"": -7.663678827444239e-05, ""r_time"": -1.0, ""r_smooth"": 0.0, ""total"": -0.9823746594286094}"
0.804,-0.01244425737310411,8.348221710232151,0.0,8.348221710232151,38.77250476103779,720.0,20000.0,-6.194185307179588,-4.0,-1000.0,0.01244425737310411,0.6264397423248006,0.0,8.386993471185143,normal,0.0,"{""progress_diff"": 0.0009692940238252845, ""r_progress"": 0.01938588047650569, ""r_track"": -0.00137652925838272, ""r_dir"": -7.673586323936011e-05, ""r_time"": -1.0, ""r_smooth"": 0.0, ""total"": -0.9820673846451163}"
0.805,-0.012689122119709306,8.308709964209646,0.0,8.308709964209646,39.51250476103779,740.0,20000.0,-6.197185307179588,-3.0,1000.0,0.012689122119709306,0.7882446956316502,0.0,8.348221710232131,normal,0.0,"{""progress_diff"": 0.0009877936505625629, ""r_progress"": 0.019755873011251257, ""r_track"": -0.0014312339570568531, ""r_dir"": -7.681021146304565e-05, ""r_time"": -1.0, ""r_smooth"": 0.0, ""total"": -0.9817521711572686}"
0.806,-0.01293885778392461,8.268438233779655,0.0,8.268438233779655,40.27250476103779,760.0,20000.0,-6.201185307179587,-4.0,-1000.0,0.01293885778392461,0.6103256577231574,0.0,8.308709964209626,normal,0.0,"{""progress_diff"": 0.0010067932607498165, ""r_progress"": 0.02013586521499633, ""r_track"": -0.001488124806690013, ""r_dir"": -7.690939842795237e-05, ""r_time"": -1.0, ""r_smooth"": 0.0, ""total"": -0.9814291689901217}"
0.807,-0.013193387354434469,8.227426518849992,0.0,8.227426518849992,41.01250476103779,740.0,-20000.0,-6.206185307179587,-5.0,-1000.0,0.013193387354434467,0.4223799782284537,0.0,8.268438233779634,normal,0.0,"{""progress_diff"": 0.00102529287324149, ""r_progress"": 0.020505857464829802, ""r_track"": -0.0015472486211924557, ""r_dir"": -7.703347213410227e-05, ""r_time"": -1.0, ""r_smooth"": 0.0, ""total"": -0.9811184246284967}"
0.808,-0.013452800682298292,8.185654819593962,0.0,8.185654819593962,41.77250476103779,760.0,20000.0,-6.210185307179587,-4.0,1000.0,0.013452800682298292,1.5580390535007012,0.0,8.227426518849974,normal,0.0,"{""progress_diff"": 0.0010442924814008103, ""r_progress"": 0.020885849628016206, ""r_track"": -0.0016086919662012924, ""r_dir"": -7.713280309902e-05, ""r_time"": -1.0, ""r_smooth"": 0.0, ""total"": -0.9807999751412841}"
0.809,-0.013717022076172229,8.14314313592803,0.0,8.14314313592803,42.51250476103779,740.0,-20000.0,-6.215185307179587,-5.0,-1000.0,0.01371702207617223,0.4359475837406267,0.0,8.185654819593942,normal,0.0,"{""progress_diff"": 0.0010627920916482791, ""r_progress"": 0.021255841832965583, ""r_track"": -0.0016725039523395229, ""r_dir"": -7.72570568051589e-05, ""r_time"": -1.0, ""r_smooth"": 0.0, ""total"": -0.9804939191761791}"
0.81,-0.0139861400671429,8.099871468017017,0.0,8.099871468017017,43.27250476103779,760.0,20000.0,-6.219185307179586,-4.0,1000.0,0.0139861400671429,1.3638557844600856,0.0,8.14314313592801,normal,0.0,"{""progress_diff"": 0.0010817916977753361, ""r_progress"": 0.021635833955506723, ""r_track"": -0.0017387743464688003, ""r_dir"": -7.735653177007662e-05, ""r_time"": -1.0, ""r_smooth"": 0.0, ""total"": -0.9801802969227321}"
0.811,-0.014260241146339328,8.055819816012585,0.0,8.055819816012585,44.05250476103779,780.0,20000.0,-6.222185307179586,-3.0,1000.0,0.014260241146339328,2.3356583913868345,0.0,8.099871468017,normal,0.0,"{""progress_diff"": 0.0011012913001108293, ""r_progress"": 0.022025826002216586, ""r_track"": -0.0018075953560155482, ""r_dir"": -7.743117999376216e-05, ""r_time"": -1.0, ""r_smooth"": 0.0, ""total"": -0.9798592005337927}"
0.812,-0.014539160679129862,8.011008179277779,0.0,8.011008179277779,44.812504761037786,760.0,-20000.0,-6.224185307179586,-2.0,1000.0,0.01453916067912986,1.4224836995699457,0.0,8.055819816012566,normal,0.0,"{""progress_diff"": 0.0011202909183701815, ""r_progress"": 0.02240581836740363, ""r_track"": -0.0018789972733649412, ""r_dir"": -7.748096547622655e-05, ""r_time"": -1.0, ""r_smooth"": 0.0, ""total"": -0.9795506598714375}"
0.813,-0.014822980636734906,7.965416557935509,0.0,7.959183673469388,45.59250476103779,780.0,20000.0,-6.225185307179586,-1.0,1000.0,0.014822980636734907,2.4556707584072726,0.0,8.01100817927776,normal,0.0,"{""progress_diff"": 0.0011397905335567282, ""r_progress"": 0.022795810671134564, ""r_track"": -0.0019530733773957156, ""r_dir"": -7.75058642174477e-05, ""r_time"": -1.0, ""r_smooth"": 0.0, ""total"": -0.9792347685704786}"
0.814,-0.015111531704615867,7.919064951319306,0.0,7.919064951319306,46.352504761037785,760.0,-20000.0,-6.225185307179586,0.0,1000.0,0.015111531704615867,2.4542940609110477,0.0,7.965416557935491,normal,0.0,"{""progress_diff"": 0.0011587901654050992, ""r_progress"": 0.023175803308101983, ""r_track"": -0.0020298523596409823, ""r_dir"": -7.75058642174477e-05, ""r_time"": -1.0, ""r_smooth"": 0.0, ""total"": -0.9789315549157565}"
0.815,-0.015404985517266108,7.871933360110128,0.0,7.871933360110128,47.13250476103779,780.0,20000.0,-6.226185307179587,-1.0,-1000.0,0.015404985517266108,0.5306400031400007,0.0,7.919064951319285,normal,0.0,"{""progress_diff"": 0.0011782897802294912, ""r_progress"": 0.023565795604589823, ""r_track"": -0.002109454033663809, ""r_dir"": -7.75307669586799e-05, ""r_time"": -1.0, ""r_smooth"": 0.0, ""total"": -0.9786211891960327}"
0.816,-0.01570342024598076,7.824001784407053,0.0,7.824001784407053,47.932504761037784,800.0,20000.0,-6.226185307179587,0.0,1000.0,0.01570342024598076,0.5630893743717875,0.0,7.871933360110106,normal,0.0,"{""progress_diff"": 0.0011982893925768234, ""r_progress"": 0.02396578785153647, ""r_track"": -0.002191976954861141, ""r_dir"": -7.75307669586799e-05, ""r_time"": -1.0, ""r_smooth"": 0.0, ""total"": -0.9783037198702833}"
0.817,-0.016006911662101466,7.7752502242942185,0.0,7.7752502242942185,48.752504761037784,820.0,20000.0,-6.225185307179586,1.0,1000.0,0.016006911662101466,2.5032439656902925,0.0,7.824001784407031,normal,0.0,"{""progress_diff"": 0.001218789002820908, ""r_progress"": 0.02437578005641816, ""r_track"": -0.002277521964073955, ""r_dir"": -7.75058642174477e-05, ""r_time"": -1.0, ""r_smooth"": 0.0, ""total"": -0.9779792477718733}"
0.818,-0.01631563220010608,7.725658680457562,0.0,7.725658680457562,49.59250476103779,840.0,20000.0,-6.225185307179586,0.0,-1000.0,0.01631563220010608,0.513305939088952,0.0,7.775250224294197,normal,0.0,"{""progress_diff"": 0.0012397885959162247, ""r_progress"": 0.024795771918324494, ""r_track"": -0.0023662209252367857, ""r_dir"": -7.75058642174477e-05, ""r_time"": -1.0, ""r_smooth"": 0.0, ""total"": -0.9776479548711298}"
0.819,-0.01662965591136928,7.6752071529705646,0.0,7.6752071529705646,50.45250476103779,860.0,20000.0,-6.224185307179586,1.0,1000.0,0.01662965591136928,0.5365088501110613,0.0,7.725658680457549,normal,0.0,"{""progress_diff"": 0.0012612881871749693, ""r_progress"": 0.025225763743499385, ""r_track"": -0.002458181828715904, ""r_dir"": -7.748096547622655e-05, ""r_time"": -1.0, ""r_smooth"": 0.0, ""total"": -0.9773098990506928}"
0.82,-0.016949156870337434,7.623875642529324,0.0,7.623875642529324,51.33250476103779,880.0,20000.0,-6.224185307179586,0.0,-1000.0,0.016949156870337434,0.49606509403204396,0.0,7.67520715297055,normal,0.0,"{""progress_diff"": 0.0012832877610310378, ""r_progress"": 0.025665755220620756, ""r_track"": -0.00255354594324717, ""r_dir"": -7.748096547622655e-05, ""r_time"": -1.0, ""r_smooth"": 0.0, ""total"": -0.9769652716881027}"
0.821,-0.017274062785601774,7.571684149071317,0.0,7.571684149071317,52.19250476103779,860.0,-20000.0,-6.225185307179586,-1.0,-1000.0,0.017274062785601774,0.5311560343097077,0.0,7.623875642529306,normal,0.0,"{""progress_diff"": 0.0013047873364501195, ""r_progress"": 0.02609574672900239, ""r_track"": -0.0026523844010747748, ""r_dir"": -7.75058642174477e-05, ""r_time"": -1.0, ""r_smooth"": 0.0, ""total"": -0.9766341435362899}"
0.822,-0.01760444682855402,7.5186126726645455,0.0,7.5186126726645455,53.07250476103779,880.0,20000.0,-6.225185307179586,0.0,1000.0,0.01760444682855402,0.8631041039158476,0.0,7.571684149071302,normal,0.0,"{""progress_diff"": 0.0013267869101695196, ""r_progress"": 0.02653573820339039, ""r_track"": -0.0027548137612389834, ""r_dir"": -7.75058642174477e-05, ""r_time"": -1.0, ""r_smooth"": 0.0, ""total"": -0.976296581422066}"
0.823,-0.017940487473554978,7.46464121403255,0.0,7.46464121403255,53.97250476103779,900.0,20000.0,-6.226185307179587,-1.0,-1000.0,0.017940487473554978,0.46934678414586006,0.0,7.518612672664524,normal,0.0,"{""progress_diff"": 0.0013492864657997927, ""r_progress"": 0.026985729315995854, ""r_track"": -0.0028609874736780718, ""r_dir"": -7.75307669586799e-05, ""r_time"": -1.0, ""r_smooth"": 0.0, ""total"": -0.9759527889246409}"
0.824,-0.01828200712622679,7.409789772457269,0.0,7.409789772457269,54.85250476103779,880.0,-20000.0,-6.226185307179587,0.0,1000.0,0.01828200712622679,0.9786692335772234,0.0,7.4646412140325324,normal,0.0,"{""progress_diff"": 0.0013712860393819692, ""r_progress"": 0.027425720787639385, ""r_track"": -0.0029709491961191744, ""r_dir"": -7.75307669586799e-05, ""r_time"": -1.0, ""r_smooth"": 0.0, ""total"": -0.9756227591754385}"
0.825,-0.018629186060895014,7.354038348673504,0.0,7.346938775510204,55.75250476103779,900.0,20000.0,-6.227185307179587,-1.0,-1000.0,0.018629186060895014,0.4513876292027681,0.0,7.409789772457252,normal,0.0,"{""progress_diff"": 0.0013937855945942434, ""r_progress"": 0.02787571189188487, ""r_track"": -0.0030848584292572897, ""r_dir"": -7.755567369990104e-05, ""r_time"": -1.0, ""r_smooth"": 0.0, ""total"": -0.9752867022110723}"
0.826,-0.018982093969019478,7.297366942727487,0.0,7.297366942727487,56.67250476103779,920.0,20000.0,-6.227185307179587,0.0,1000.0,0.018982093969019478,1.9769786333798207,0.0,7.354038348673484,normal,0.0,"{""progress_diff"": 0.0014167851486504013, ""r_progress"": 0.028335702973008026, ""r_track"": -0.003202843479543872, ""r_dir"": -7.755567369990104e-05, ""r_time"": -1.0, ""r_smooth"": 0.0, ""total"": -0.9749446961802357}"
0.827,-0.01934066387908727,7.239795554589982,0.0,7.239795554589982,57.57250476103779,900.0,-20000.0,-6.228185307179587,-1.0,-1000.0,0.01934066387908727,0.41370667264129013,0.0,7.297366942727464,normal,0.0,"{""progress_diff"": 0.0014392847034376821, ""r_progress"": 0.028785694068753642, ""r_track"": -0.003324989149189609, ""r_dir"": -7.758058444113324e-05, ""r_time"": -1.0, ""r_smooth"": 0.0, ""total"": -0.9746168756648771}"
0.828,-0.01970508066533332,7.181304185024669,0.0,7.181304185024669,58.49250476103779,920.0,20000.0,-6.230185307179587,-2.0,-1000.0,0.019705080665333323,0.42351016437349237,0.0,7.239795554589961,normal,0.0,"{""progress_diff"": 0.0014622842391328605, ""r_progress"": 0.02924568478265721, ""r_track"": -0.003451468480242606, ""r_dir"": -7.763041792359764e-05, ""r_time"": -1.0, ""r_smooth"": 0.0, ""total"": -0.974283414115509}"
0.829,-0.02007541321923326,7.121872834072749,0.0,7.121872834072749,59.43250476103779,940.0,20000.0,-6.2311853071795875,-1.0,1000.0,0.02007541321923326,0.645244783486661,0.0,7.1813041850246435,normal,0.0,"{""progress_diff"": 0.001485783773797822, ""r_progress"": 0.029715675475956438, ""r_track"": -0.0035824196970930273, ""r_dir"": -7.765534066481877e-05, ""r_time"": -1.0, ""r_smooth"": 0.0, ""total"": -0.9739443995618015}"
0.83,-0.02045172767231738,7.061481501758051,0.0,7.061481501758051,60.39250476103779,960.0,20000.0,-6.2311853071795875,0.0,1000.0,0.02045172767231738,0.5397732157605258,0.0,7.121872834072732,normal,0.0,"{""progress_diff"": 0.0015097833078675515, ""r_progress"": 0.03019566615735103, ""r_track"": -0.003717983686956734, ""r_dir"": -7.765534066481877e-05, ""r_time"": -1.0, ""r_smooth"": 0.0, ""total"": -0.9735999728702706}"
0.831,-0.0208339607329999,7.0001501880745005,0.0,7.0001501880745005,61.33250476103779,940.0,-20000.0,-6.232185307179588,-1.0,-1000.0,0.0208339607329999,0.6214419497080643,0.0,7.061481501758031,normal,0.0,"{""progress_diff"": 0.0015332828420886457, ""r_progress"": 0.030665656841772915, ""r_track"": -0.0038582570651038367, ""r_dir"": -7.768026740605097e-05, ""r_time"": -1.0, ""r_smooth"": 0.0, ""total"": -0.9732702804907369}"
0.832,-0.021221927367049392,6.937898892257354,0.0,6.937898892257354,62.25250476103779,920.0,-20000.0,-6.232185307179588,0.0,1000.0,0.02122192736704939,0.9139193993464623,0.0,7.000150188074485,normal,0.0,"{""progress_diff"": 0.0015562823954287097, ""r_progress"": 0.031125647908574194, ""r_track"": -0.004003290677087287, ""r_dir"": -7.768026740605097e-05, ""r_time"": -1.0, ""r_smooth"": 0.0, ""total"": -0.9729553230359191}"
0.833,-0.02161556608284472,6.874747614311818,0.0,6.874747614311818,63.15250476103779,900.0,-20000.0,-6.233185307179588,-1.0,-1000.0,0.02161556608284472,0.31642764664027756,0.0,6.937898892257337,normal,0.0,"{""progress_diff"": 0.0015787819486383636, ""r_progress"": 0.03157563897276727, ""r_track"": -0.0041531795296162405, ""r_dir"": -7.770519814727211e-05, ""r_time"": -1.0, ""r_smooth"": 0.0, ""total"": -0.9726552457549963}"
0.834,-0.022014689966191367,6.81071635346137,0.0,6.81071635346137,64.03250476103779,880.0,-20000.0,-6.233185307179588,0.0,1000.0,0.022014689966191367,1.8348123306681858,0.0,6.874747614311801,normal,0.0,"{""progress_diff"": 0.0016007815212611964, ""r_progress"": 0.03201563042522393, ""r_track"": -0.004307969549400239, ""r_dir"": -7.770519814727211e-05, ""r_time"": -1.0, ""r_smooth"": 0.0, ""total"": -0.9723700443223235}"
0.835,-0.0224191094629461,6.745825108913033,0.0,6.745825108913033,64.89250476103778,860.0,-20000.0,-6.232185307179588,1.0,1000.0,0.022419109462946098,0.9226043624774132,0.0,6.810716353461352,normal,0.0,"{""progress_diff"": 0.0016222811137084348, ""r_progress"": 0.032445622274168695, ""r_track"": -0.0044677019476583035, ""r_dir"": -7.768026740605097e-05, ""r_time"": -1.0, ""r_smooth"": 0.0, ""total"": -0.9720997599408957}"
0.836,-0.02282888170481351,6.680053880634625,0.0,6.680053880634625,65.77250476103778,880.0,20000.0,-6.230185307179588,2.0,1000.0,0.022828881704813505,2.0647507568699854,0.0,6.745825108913017,normal,0.0,"{""progress_diff"": 0.0016442807069602106, ""r_progress"": 0.03288561413920421, ""r_track"": -0.0046325141323766104, ""r_dir"": -7.763041792359764e-05, ""r_time"": -1.0, ""r_smooth"": 0.0, ""total"": -0.971824530411096}"
0.837,-0.023244194405972543,6.613382669407658,0.0,6.613382669407658,66.67250476103779,900.0,20000.0,-6.229185307179588,1.0,-1000.0,0.02324419440597254,0.3418693193165842,0.0,6.68005388063461,normal,0.0,"{""progress_diff"": 0.0016667802806741294, ""r_progress"": 0.03333560561348259, ""r_track"": -0.004802600654067957, ""r_dir"": -7.760549918236543e-05, ""r_time"": -1.0, ""r_smooth"": 0.0, ""total"": -0.9715446005397678}"
0.838,-0.023665102738164526,6.545791475187946,0.0,6.545791475187946,67.59250476103779,920.0,20000.0,-6.227185307179588,2.0,1000.0,0.023665102738164523,0.6946763737438957,0.0,6.613382669407642,normal,0.0,"{""progress_diff"": 0.001689779855492901, ""r_progress"": 0.03379559710985802, ""r_track"": -0.004978107445403396, ""r_dir"": -7.755567369990104e-05, ""r_time"": -1.0, ""r_smooth"": 0.0, ""total"": -0.9712600660092453}"
0.839,-0.024091410027379297,6.477300297138974,0.0,6.477300297138974,68.4925047610378,900.0,-20000.0,-6.224185307179588,3.0,1000.0,0.024091410027379297,0.8070063610651548,0.0,6.545791475187926,normal,0.0,"{""progress_diff"": 0.001712279451224319, ""r_progress"": 0.03424558902448638, ""r_track"": -0.005159075885398326, ""r_dir"": -7.748096547622655e-05, ""r_time"": -1.0, ""r_smooth"": 0.0, ""total"": -0.9709909678263882}"
0.84,-0.02452330470778247,6.407889136046639,0.0,6.407889136046639,69.4125047610378,920.0,20000.0,-6.222185307179588,2.0,-1000.0,0.02452330470778247,0.31558340391822737,0.0,6.477300297138953,normal,0.0,"{""progress_diff"": 0.0017352790273084118, ""r_progress"": 0.034705580546168235, ""r_track"": -0.005345710878139964, ""r_dir"": -7.743117999376216e-05, ""r_time"": -1.0, ""r_smooth"": 0.0, ""total"": -0.9707175615119655}"
0.841,-0.024960729007683955,6.337577991938804,0.0,6.337577991938804,70.3125047610378,900.0,-20000.0,-6.221185307179588,1.0,-1000.0,0.024960729007683955,0.7129926540820752,0.0,6.40788913604662,normal,0.0,"{""progress_diff"": 0.0017577786026959918, ""r_progress"": 0.03515557205391984, ""r_track"": -0.0055381154897336474, ""r_dir"": -7.740629325252996e-05, ""r_time"": -1.0, ""r_smooth"": 0.0, ""total"": -0.9704599497290664}"
0.842,-0.0254038767611486,6.266346865634358,0.0,6.266346865634358,71.2325047610378,920.0,20000.0,-6.221185307179588,0.0,-1000.0,0.0254038767611486,0.1794701683049838,0.0,6.33757799193878,normal,0.0,"{""progress_diff"": 0.0017807781576110182, ""r_progress"": 0.035615563152220364, ""r_track"": -0.005736506262183342, ""r_dir"": -7.740629325252996e-05, ""r_time"": -1.0, ""r_smooth"": 0.0, ""total"": -0.9701983494032155}"
0.843,-0.02585294456218784,6.194175757969365,0.0,6.194175757969365,72.1725047610378,940.0,20000.0,-6.222185307179588,-1.0,-1000.0,0.02585294456218784,0.28798340391822735,0.0,6.26634686563434,normal,0.0,"{""progress_diff"": 0.0018042776916247227, ""r_progress"": 0.036085553832494455, ""r_track"": -0.0059411088225382915, ""r_dir"": -7.743117999376216e-05, ""r_time"": -1.0, ""r_smooth"": 0.0, ""total"": -0.9699329861700376}"
0.844,-0.026307985622578755,6.121044668887794,0.0,6.121044668887794,73.1325047610378,960.0,20000.0,-6.222185307179588,0.0,1000.0,0.026307985622578755,0.5796431852405944,0.0,6.194175757969347,normal,0.0,"{""progress_diff"": 0.0018282772270392655, ""r_progress"": 0.03656554454078531, ""r_track"": -0.006152089844602759, ""r_dir"": -7.743117999376216e-05, ""r_time"": -1.0, ""r_smooth"": 0.0, ""total"": -0.9696639764838112}"
0.845,-0.026769050274154167,6.0469335983157,0.0,6.0469335983157,74.1125047610378,980.0,20000.0,-6.221185307179588,1.0,1000.0,0.026769050274154167,0.9624054448635424,0.0,6.121044668887777,normal,0.0,"{""progress_diff"": 0.0018527767643021775, ""r_progress"": 0.03705553528604355, ""r_track"": -0.006369618245157274, ""r_dir"": -7.740629325252996e-05, ""r_time"": -1.0, ""r_smooth"": 0.0, ""total"": -0.9693914892523663}"
0.846,-0.027235937082994908,5.971862545387133,0.0,5.971862545387133,75.07250476103779,960.0,-20000.0,-6.219185307179588,2.0,1000.0,0.027235937082994908,1.215591666786402,0.0,6.0469335983156896,normal,0.0,"{""progress_diff"": 0.0018767763232143686, ""r_progress"": 0.03753552646428737, ""r_track"": -0.006593744611456507, ""r_dir"": -7.735653177007662e-05, ""r_time"": -1.0, ""r_smooth"": 0.0, ""total"": -0.9691355746789392}"
0.847,-0.02770844185523235,5.895851509219435,0.0,5.895851509219435,76.01250476103779,940.0,-20000.0,-6.216185307179588,3.0,1000.0,0.02770844185523235,1.8177608109296757,0.0,5.971862545387118,normal,0.0,"{""progress_diff"": 0.0019002759041922834, ""r_progress"": 0.03800551808384567, ""r_track"": -0.006824513333731483, ""r_dir"": -7.728191954639108e-05, ""r_time"": -1.0, ""r_smooth"": 0.0, ""total"": -0.9688962771694322}"
0.848,-0.028186357757044495,5.818920488914243,0.0,5.818920488914243,76.93250476103779,920.0,-20000.0,-6.212185307179588,4.0,1000.0,0.028186357757044495,1.6924132744116456,0.0,5.895851509219426,normal,0.0,"{""progress_diff"": 0.0019232755076299402, ""r_progress"": 0.0384655101525988, ""r_track"": -0.007061962343183132, ""r_dir"": -7.718249258147335e-05, ""r_time"": -1.0, ""r_smooth"": 0.0, ""total"": -0.9686736346831658}"
0.849,-0.02866972372046996,5.741049484329075,0.0,5.741049484329075,77.87250476103779,940.0,20000.0,-6.207185307179588,5.0,1000.0,0.02866972372046996,0.9649701404835974,0.0,5.81892048891423,normal,0.0,"{""progress_diff"": 0.0019467751146290402, ""r_progress"": 0.038935502292580804, ""r_track"": -0.007306249406294025, ""r_dir"": -7.705829887533447e-05, ""r_time"": -1.0, ""r_smooth"": 0.0, ""total"": -0.9684478054125886}"
0.85,-0.029158485093755904,5.662258495511583,0.0,5.662258495511583,78.79250476103779,920.0,-20000.0,-6.203185307179589,4.0,-1000.0,0.029158485093755904,0.2870084562413229,0.0,5.741049484329068,normal,0.0,"{""progress_diff"": 0.001969774720437356, ""r_progress"": 0.03939549440874712, ""r_track"": -0.007557486693002536, ""r_dir"": -7.695901591041674e-05, ""r_time"": -1.0, ""r_smooth"": 0.0, ""total"": -0.9682389513001658}"
0.851,-0.02965267876897519,5.582527522307437,0.0,5.582527522307437,79.73250476103779,940.0,20000.0,-6.198185307179589,5.0,1000.0,0.02965267876897519,1.596416438884984,0.0,5.662258495511573,normal,0.0,"{""progress_diff"": 0.001993274330103767, ""r_progress"": 0.03986548660207534, ""r_track"": -0.007815834294898062, ""r_dir"": -7.683500220427784e-05, ""r_time"": -1.0, ""r_smooth"": 0.0, ""total"": -0.968027182695027}"
0.852,-0.03015249990016739,5.5018365655437025,0.0,5.5018365655437025,80.69250476103778,960.0,20000.0,-6.194185307179589,4.0,-1000.0,0.03015249990016739,0.20723974232480039,0.0,5.582527522307423,normal,0.0,"{""progress_diff"": 0.002017273919093454, ""r_progress"": 0.04034547838186908, ""r_track"": -0.00808154000204084, ""r_dir"": -7.673586323936011e-05, ""r_time"": -1.0, ""r_smooth"": 0.0, ""total"": -0.9678127974834111}"
0.853,-0.03065773537361534,5.42020562428564,0.0,5.42020562428564,81.63250476103778,940.0,-20000.0,-6.1891853071795895,5.0,1000.0,0.03065773537361534,1.469156028350823,0.0,5.501836565543684,normal,0.0,"{""progress_diff"": 0.0020407735314516007, ""r_progress"": 0.040815470629032014, ""r_track"": -0.008354637673232223, ""r_dir"": -7.66120295332102e-05, ""r_time"": -1.0, ""r_smooth"": 0.0, ""total"": -0.9676157790737334}"
0.854,-0.031168169555642215,5.337654697584197,0.0,5.337654697584197,82.55250476103778,920.0,-20000.0,-6.183185307179589,6.0,1000.0,0.031168169555642215,1.012819907152507,0.0,5.420205624285622,normal,0.0,"{""progress_diff"": 0.0020637731675360316, ""r_progress"": 0.04127546335072063, ""r_track"": -0.008635153719548998, ""r_dir"": -7.646356108583913e-05, ""r_time"": -1.0, ""r_smooth"": 0.0, ""total"": -0.9674361539299142}"
0.855,-0.031683584412607366,5.254203784477053,0.0,5.254203784477053,83.45250476103779,900.0,-20000.0,-6.17618530717959,7.0,1000.0,0.031683584412607366,1.6036905978556582,0.0,5.337654697584178,normal,0.0,"{""progress_diff"": 0.0020862728276784814, ""r_progress"": 0.04172545655356963, ""r_track"": -0.008923106855385035, ""r_dir"": -7.629052989723588e-05, ""r_time"": -1.0, ""r_smooth"": 0.0, ""total"": -0.9672739408317126}"
0.856,-0.0322040063567499,5.1698328847505985,0.0,5.1698328847505985,84.37250476103779,920.0,20000.0,-6.16818530717959,8.0,1000.0,0.0322040063567499,1.2790889914627412,0.0,5.254203784477042,normal,0.0,"{""progress_diff"": 0.002109272493161396, ""r_progress"": 0.04218544986322792, ""r_track"": -0.009218649114894117, ""r_dir"": -7.609301996741141e-05, ""r_time"": -1.0, ""r_smooth"": 0.0, ""total"": -0.9671092922716336}"
0.857,-0.032729458560357146,5.084521998173423,0.0,5.084521998173423,85.31250476103779,940.0,20000.0,-6.159185307179589,9.0,1000.0,0.032729458560357146,1.3096906465812375,0.0,5.1698328847505834,normal,0.0,"{""progress_diff"": 0.0021327721644294195, ""r_progress"": 0.04265544328858839, ""r_track"": -0.009521932956925648, ""r_dir"": -7.587112729635478e-05, ""r_time"": -1.0, ""r_smooth"": 0.0, ""total"": -0.9669423607956336}"
0.858,-0.03325996083576477,4.998251124495924,0.0,4.998251124495924,86.27250476103778,960.0,20000.0,-6.149185307179589,10.0,1000.0,0.03325996083576477,0.9464086788115429,0.0,5.0845219981734076,normal,0.0,"{""progress_diff"": 0.0021567718419375215, ""r_progress"": 0.04313543683875043, ""r_track"": -0.009833111064858725, ""r_dir"": -7.562495988406598e-05, ""r_time"": -1.0, ""r_smooth"": 0.0, ""total"": -0.9667732991859923}"
0.859,-0.033795704017077835,4.911000264521259,0.0,4.911000264521259,87.25250476103778,980.0,20000.0,-6.140185307179589,9.0,-1000.0,0.033795704017077835,0.15023410925176275,0.0,4.9982511244959085,normal,0.0,"{""progress_diff"": 0.0021812714993666438, ""r_progress"": 0.043625429987332875, ""r_track"": -0.010152440977866052, ""r_dir"": -7.540375121300934e-05, ""r_time"": -1.0, ""r_smooth"": 0.0, ""total"": -0.9666024147417462}"
0.86,-0.034336636052494075,4.8227894183131585,0.0,4.8227894183131585,88.21250476103778,960.0,-20000.0,-6.132185307179589,8.0,-1000.0,0.034336636052494075,0.9061574440172535,0.0,4.911000264521242,normal,0.0,"{""progress_diff"": 0.002205271155202637, ""r_progress"": 0.04410542310405274, ""r_track"": -0.010480040670234987, ""r_dir"": -7.520739328317396e-05, ""r_time"": -1.0, ""r_smooth"": 0.0, ""total"": -0.9664498249594654}"
0.861,-0.03488277487437574,4.73359858561195,0.0,4.73359858561195,89.19250476103778,980.0,20000.0,-6.123185307179589,9.0,1000.0,0.03488277487437574,1.5875358893391578,0.0,4.8227894183131355,normal,0.0,"{""progress_diff"": 0.0022297708175301745, ""r_progress"": 0.04459541635060349, ""r_track"": -0.01081607095943448, ""r_dir"": -7.498679661211731e-05, ""r_time"": -1.0, ""r_smooth"": 0.0, ""total"": -0.9662956414054431}"
0.862,-0.0354338904092451,4.643447765391853,0.0,4.643447765391853,90.15250476103778,960.0,-20000.0,-6.113185307179589,10.0,1000.0,0.0354338904092451,0.7501901023004726,0.0,4.733598585611929,normal,0.0,"{""progress_diff"": 0.0022537705055022395, ""r_progress"": 0.04507541011004479, ""r_track"": -0.011160538573639037, ""r_dir"": -7.474206919982854e-05, ""r_time"": -1.0, ""r_smooth"": 0.0, ""total"": -0.9661598705327941}"
0.863,-0.0359899943895464,4.5523169573608495,0.0,4.5523169573608495,91.13250476103778,980.0,20000.0,-6.102185307179589,11.0,1000.0,0.0359899943895464,1.8795649897326836,0.0,4.643447765391841,normal,0.0,"{""progress_diff"": 0.002278270200775201, ""r_progress"": 0.04556540401550402, ""r_track"": -0.01151359729919628, ""r_dir"": -7.447333104631847e-05, ""r_time"": -1.0, ""r_smooth"": 0.0, ""total"": -0.9660226666147386}"
0.864,-0.03655127920936188,4.460186162330666,0.0,4.460186162330666,92.13250476103778,1000.0,20000.0,-6.092185307179589,10.0,-1000.0,0.03655127920936188,0.10907354652017376,0.0,4.55231695736083,normal,0.0,"{""progress_diff"": 0.0023032698757545766, ""r_progress"": 0.04606539751509153, ""r_track"": -0.011875520105250935, ""r_dir"": -7.422944363402968e-05, ""r_time"": -1.0, ""r_smooth"": 0.0, ""total"": -0.9658843520337934}"
0.865,-0.03711751011526763,4.367075379252467,0.0,4.367075379252467,93.11250476103778,980.0,-20000.0,-6.081185307179589,11.0,1000.0,0.03711751011526763,2.3659036947196768,0.0,4.4601861623306505,normal,0.0,"{""progress_diff"": 0.002327769576954797, ""r_progress"": 0.046555391539095936, ""r_track"": -0.012246307174728842, ""r_dir"": -7.39616294805088e-05, ""r_time"": -1.0, ""r_smooth"": 0.0, ""total"": -0.9657648772651134}"
0.866,-0.03768888106132494,4.272964608946203,0.0,4.272964608946203,94.11250476103778,1000.0,20000.0,-6.071185307179589,10.0,-1000.0,0.03768888106132494,0.07874854129952975,0.0,4.367075379252455,normal,0.0,"{""progress_diff"": 0.002352769257656484, ""r_progress"": 0.04705538515312968, ""r_track"": -0.012626237828041757, ""r_dir"": -7.37185820682308e-05, ""r_time"": -1.0, ""r_smooth"": 0.0, ""total"": -0.9656445712569803}"
0.867,-0.03826534591563912,4.177873851508902,0.0,4.177873851508902,95.09250476103779,980.0,-20000.0,-6.062185307179589,9.0,-1000.0,0.03826534591563912,0.9854632025436045,0.0,4.272964608946197,normal,0.0,"{""progress_diff"": 0.002377268935932597, ""r_progress"": 0.04754537871865194, ""r_track"": -0.013015437315942395, ""r_dir"": -7.350018139716337e-05, ""r_time"": -1.0, ""r_smooth"": 0.0, ""total"": -0.9655435587786876}"
0.868,-0.038846669924775444,4.081823105893547,0.0,4.081823105893547,96.05250476103778,960.0,-20000.0,-6.052185307179589,10.0,1000.0,0.038846669924775444,1.3104465957305538,0.0,4.177873851508892,normal,0.0,"{""progress_diff"": 0.0024012686403838135, ""r_progress"": 0.04802537280767627, ""r_track"": -0.013413900126617358, ""r_dir"": -7.325789398488535e-05, ""r_time"": -1.0, ""r_smooth"": 0.0, ""total"": -0.965461785212926}"
0.869,-0.039432857701264444,3.984792371772386,0.0,3.984792371772386,97.03250476103779,980.0,20000.0,-6.041185307179589,11.0,1000.0,0.03943285770126444,1.7448970250166695,0.0,4.081823105893541,normal,0.0,"{""progress_diff"": 0.002425768353029212, ""r_progress"": 0.048515367060584236, ""r_track"": -0.01382178014656151, ""r_dir"": -7.299183983136449e-05, ""r_time"": -1.0, ""r_smooth"": 0.0, ""total"": -0.9653794049258086}"
0.87,-0.040023669091729996,3.886801648072421,0.0,3.886801648072421,97.99250476103778,960.0,-20000.0,-6.029185307179589,12.0,1000.0,0.040023669091729996,0.892769292933262,0.0,3.9847923717723717,normal,0.0,"{""progress_diff"": 0.002449768092499194, ""r_progress"": 0.048995361849983876, ""r_track"": -0.014239058556127138, ""r_dir"": -7.270215093662226e-05, ""r_time"": -1.0, ""r_smooth"": 0.0, ""total"": -0.9653163988570799}"
0.871,-0.04061886178281178,3.787870933711545,0.0,3.787870933711545,98.93250476103778,940.0,-20000.0,-6.016185307179589,13.0,1000.0,0.04061886178281178,2.447870957670107,0.0,3.8868016480724066,normal,0.0,"{""progress_diff"": 0.0024732678590216883, ""r_progress"": 0.04946535718043377, ""r_track"": -0.014665706066943708, ""r_dir"": -7.238897130064793e-05, ""r_time"": -1.0, ""r_smooth"": 0.0, ""total"": -0.9652727378578105}"
0.872,-0.04121819142116069,3.6880202275996816,0.0,3.6880202275996816,99.85250476103778,920.0,-20000.0,-6.002185307179589,14.0,1000.0,0.04121819142116069,0.5088024859517907,0.0,3.787870933711538,normal,0.0,"{""progress_diff"": 0.0024962676527966465, ""r_progress"": 0.04992535305593293, ""r_track"": -0.01510168270250173, ""r_dir"": -7.205245692345221e-05, ""r_time"": -1.0, ""r_smooth"": 0.0, ""total"": -0.9652483821034923}"
0.873,-0.04181710637131645,3.5880220211113527,0.0,3.5880220211113527,100.0,900.0,-20000.0,-5.989185307179589,13.0,-1000.0,0.04181710637131645,0.45545387245236635,0.0,3.6880202275996723,normal,0.0,"{""progress_diff"": 0.002499955162208245, ""r_progress"": 0.0499991032441649, ""r_track"": -0.015543736757955508, ""r_dir"": -7.174068128747788e-05, ""r_time"": -1.0, ""r_smooth"": 0.0, ""total"": -0.9656163741950781}"
0.874,-0.04241462134652273,3.4880238062480142,0.0,3.4880238062480142,100.0,880.0,-20000.0,-5.975185307179589,14.0,1000.0,0.04241462134652273,2.1826440261496374,0.0,3.5880220211113425,normal,0.0,"{""progress_diff"": 0.00249995537158354, ""r_progress"": 0.0499991074316708, ""r_track"": -0.01599111203527912, ""r_dir"": -7.140567891027148e-05, ""r_time"": -1.0, ""r_smooth"": 0.0, ""total"": -0.9660634102825186}"
0.875,-0.04301063634843888,3.388025582433201,0.0,3.388025582433201,100.0,860.0,-20000.0,-5.960185307179589,15.0,1000.0,0.04301063634843888,1.906766466793794,0.0,3.488023806248002,normal,0.0,"{""progress_diff"": 0.0024999555953701957, ""r_progress"": 0.049999111907403915, ""r_track"": -0.016443687458645793, ""r_dir"": -7.104761779183307e-05, ""r_time"": -1.0, ""r_smooth"": 0.0, ""total"": -0.9665156231690337}"
0.876,-0.043605251375163266,3.2880273502839774,0.0,3.2880273502839774,100.0,840.0,-20000.0,-5.946185307179589,14.0,-1000.0,0.043605251375163266,0.053635215821968264,0.0,3.388025582433194,normal,0.0,"{""progress_diff"": 0.0024999558037306358, ""r_progress"": 0.049999116074612715, ""r_track"": -0.01690149286658825, ""r_dir"": -7.07142394146373e-05, ""r_time"": -1.0, ""r_smooth"": 0.0, ""total"": -0.9669730910313902}"
0.877,-0.04419836642833857,3.1880291092267785,0.0,3.1880291092267785,100.0,820.0,-20000.0,-5.9311853071795895,15.0,1000.0,0.04419836642833857,1.2301386443425664,0.0,3.2880273502839685,normal,0.0,"{""progress_diff"": 0.00249995602643005, ""r_progress"": 0.049999120528601004, ""r_track"": -0.01736440528829943, ""r_dir"": -7.035791829620945e-05, ""r_time"": -1.0, ""r_smooth"": 0.0, ""total"": -0.9674356426779946}"
0.878,-0.0447898815095811,3.0880308586925382,0.0,3.0880308586925382,100.0,800.0,-20000.0,-5.9151853071795895,16.0,1000.0,0.0447898815095811,0.9227671275352769,0.0,3.1880291092267683,normal,0.0,"{""progress_diff"": 0.0024999562633559735, ""r_progress"": 0.04999912526711947, ""r_track"": -0.017832297650153914, ""r_dir"": -6.997883443653907e-05, ""r_time"": -1.0, ""r_smooth"": 0.0, ""total"": -0.967903151217471}"
0.879,-0.04537969662047917,2.9880325981169915,0.0,2.9880325981169915,100.0,780.0,-20000.0,-5.898185307179589,17.0,1000.0,0.04537969662047917,1.7554306036101366,0.0,3.0880308586925267,normal,0.0,"{""progress_diff"": 0.0024999565143887237, ""r_progress"": 0.049999130287774474, ""r_track"": -0.018305038803259812, ""r_dir"": -6.957717983565768e-05, ""r_time"": -1.0, ""r_smooth"": 0.0, ""total"": -0.968375485695321}"
0.88,-0.04596771176259142,2.8880343269409723,0.0,2.8880343269409723,100.0,760.0,-20000.0,-5.880185307179589,18.0,1000.0,0.04596771176259142,1.9358605579339667,0.0,2.9880325981169804,normal,0.0,"{""progress_diff"": 0.002499956779400403, ""r_progress"": 0.04999913558800806, ""r_track"": -0.01878249355278832, ""r_dir"": -6.915315849354424e-05, ""r_time"": -1.0, ""r_smooth"": 0.0, ""total"": -0.9688525111232738}"
0.881,-0.0465540269340088,2.7880360457831457,0.0,2.7880360457831457,100.0,740.0,-20000.0,-5.863185307179589,17.0,-1000.0,0.0465540269340088,0.9180733132506952,0.0,2.8880343269409607,normal,0.0,"{""progress_diff"": 0.0024999570289456763, ""r_progress"": 0.049999140578913526, ""r_track"": -0.019264688211310374, ""r_dir"": -6.875388389265237e-05, ""r_time"": -1.0, ""r_smooth"": 0.0, ""total"": -0.9693343015162895}"
0.882,-0.04713854213627044,2.6880377540878455,0.0,2.6880377540878455,100.0,720.0,-20000.0,-5.845185307179589,18.0,1000.0,0.047138542136270445,1.0809173009585415,0.0,2.7880360457831372,normal,0.0,"{""progress_diff"": 0.002499957292382504, ""r_progress"": 0.049999145847650084, ""r_track"": -0.019751485819848397, ""r_dir"": -6.833238255052854e-05, ""r_time"": -1.0, ""r_smooth"": 0.0, ""total"": -0.9698206723547489}"
0.883,-0.047721157370884476,2.588039451304806,0.0,2.588039451304806,100.0,700.0,-20000.0,-5.826185307179589,19.0,1000.0,0.047721157370884476,0.348594854832993,0.0,2.688037754087837,normal,0.0,"{""progress_diff"": 0.0024999575695758836, ""r_progress"": 0.04999915139151767, ""r_track"": -0.020242745429481967, ""r_dir"": -6.788887046718311e-05, ""r_time"": -1.0, ""r_smooth"": 0.0, ""total"": -0.9703114829084315}"
0.884,-0.04830177263932647,2.488041136889462,0.0,2.488041136889462,100.0,680.0,-20000.0,-5.8061853071795895,20.0,1000.0,0.04830177263932647,1.9191166096250631,0.0,2.5880394513048017,normal,0.0,"{""progress_diff"": 0.002499957860383595, ""r_progress"": 0.049999157207671896, ""r_track"": -0.020738322134232774, ""r_dir"": -6.742357564261603e-05, ""r_time"": -1.0, ""r_smooth"": 0.0, ""total"": -0.9708065885022035}"
0.885,-0.04887954613433804,2.3881710344455556,0.0,2.3881710344455556,99.87177371193492,660.0,-20000.0,-5.78518530717959,21.0,1000.0,0.04887954613433804,1.670428688815548,0.0,2.488041136889457,normal,0.0,"{""progress_diff"": 0.002496752561097715, ""r_progress"": 0.049935051221954296, ""r_track"": -0.02123742249154561, ""r_dir"": -6.693673807681696e-05, ""r_time"": -1.0, ""r_smooth"": 0.0, ""total"": -0.9713693080076682}"
0.886,-0.049443478595247746,2.2903212886371387,0.0,2.2903212886371387,97.8513708365514,640.0,-20000.0,-5.763185307179589,22.0,1000.0,0.049443478595247746,2.895753137957729,0.0,2.3881710344455485,normal,0.0,"{""progress_diff"": 0.0024462436452102887, ""r_progress"": 0.048924872904205774, ""r_track"": -0.021730289560877525, ""r_dir"": -6.642860976977568e-05, ""r_time"": -1.0, ""r_smooth"": 0.0, ""total"": -0.9728718452664415}"
0.887,-0.04999356061395161,2.1944923305861854,0.0,2.1944923305861854,95.83053684164906,620.0,-20000.0,-5.74018530717959,23.0,1000.0,0.04999356061395161,2.4795775488698992,0.0,2.290321288637138,normal,0.0,"{""progress_diff"": 0.0023957239512739648, ""r_progress"": 0.047914479025479295, ""r_track"": -0.022216498692096482, ""r_dir"": -6.589945472152294e-05, ""r_time"": -1.0, ""r_smooth"": 0.0, ""total"": -0.9743679191213387}"
0.888,-0.05052978876775469,2.1006846101228787,0.0,2.1006846101228787,93.80925305722684,600.0,-20000.0,-5.71618530717959,24.0,1000.0,0.05052978876775469,1.9097591472668958,0.0,2.194492330586179,normal,0.0,"{""progress_diff"": 0.002345193011582758, ""r_progress"": 0.04690386023165516, ""r_track"": -0.022695640470345856, ""r_dir"": -6.534954893203821e-05, ""r_time"": -1.0, ""r_smooth"": 0.0, ""total"": -0.9758571297876227}"
0.889,-0.051052165616750536,2.0088985970286757,0.0,2.0088985970286757,91.78749956993916,580.0,-20000.0,-5.691185307179589,25.0,1000.0,0.051052165616750536,1.1107075431392952,0.0,2.100684610122869,normal,0.0,"{""progress_diff"": 0.0022946503273548746, ""r_progress"": 0.04589300654709749, ""r_track"": -0.023167321014756673, ""r_dir"": -6.477918040131145e-05, ""r_time"": -1.0, ""r_smooth"": 0.0, ""total"": -0.9773390936480605}"
0.89,-0.05156069970090721,1.919134782392654,0.0,1.919134782392654,89.76525510978516,560.0,-20000.0,-5.6651853071795895,26.0,1000.0,0.05156069970090721,0.45120586168341514,0.0,2.0088985970286757,normal,0.0,"{""progress_diff"": 0.0022440953659005336, ""r_progress"": 0.04488190731801067, ""r_track"": -0.023631162254641184, ""r_dir"": -6.418864912937299e-05, ""r_time"": -1.0, ""r_smooth"": 0.0, ""total"": -0.9788134435857598}"
0.891,-0.05205540553682216,1.8313936800943773,0.0,1.8367346938775526,87.74249692355878,540.0,-20000.0,-5.638185307179589,27.0,1000.0,0.05205540553682216,2.190143594707795,0.0,1.9191347823926534,normal,0.0,"{""progress_diff"": 0.0021935275574570534, ""r_progress"": 0.04387055114914107, ""r_track"": -0.024086802183137912, ""r_dir"": -6.357826711619258e-05, ""r_time"": -1.0, ""r_smooth"": 0.0, ""total"": -0.980279829301113}"
0.892,-0.05253630361410283,1.745675828428421,0.0,1.745675828428421,85.71920063315801,520.0,-20000.0,-5.61018530717959,28.0,1000.0,0.05253630361410283,1.3971628531667089,0.0,1.8313936800943722,normal,0.0,"{""progress_diff"": 0.002142946291649017, ""r_progress"": 0.042858925832980344, ""r_track"": -0.02453389508829506, ""r_dir"": -6.294835836178036e-05, ""r_time"": -1.0, ""r_smooth"": 0.0, ""total"": -0.9817379176136765}"
0.893,-0.05300342039132272,1.6619817918879352,0.0,1.6619817918879352,83.6953400765165,500.0,-20000.0,-5.58118530717959,29.0,1000.0,0.05300342039132272,0.9555855972099462,0.0,1.7456758284284106,normal,0.0,"{""progress_diff"": 0.00209235091351212, ""r_progress"": 0.0418470182702424, ""r_track"": -0.02497211176159364, ""r_dir"": -6.229925886615621e-05, ""r_time"": -1.0, ""r_smooth"": 0.0, ""total"": -0.9831873927502174}"
0.894,-0.053456788291494875,1.5803121631272452,0.0,1.5803121631272452,81.6708871285344,480.0,-20000.0,-5.55118530717959,30.0,1000.0,0.053456788291494875,0.9836509932767787,0.0,1.661981791887925,normal,0.0,"{""progress_diff"": 0.0020417407190171932, ""r_progress"": 0.040834814380343865, ""r_track"": -0.02540113968392625, ""r_dir"": -6.163131662930015e-05, ""r_time"": -1.0, ""r_smooth"": 0.0, ""total"": -0.9846279566202116}"
0.895,-0.053896445696995504,1.500667565126597,0.0,1.500667565126597,79.64581149890472,460.0,-20000.0,-5.52018530717959,31.0,1000.0,0.053896445696995504,0.7625091408228467,0.0,1.580312163127239,normal,0.0,"{""progress_diff"": 0.0019911149500161374, ""r_progress"": 0.03982229900032275, ""r_track"": -0.02582068318905943, ""r_dir"": -6.0944891651202415e-05, ""r_time"": -1.0, ""r_smooth"": 0.0, ""total"": -0.9860593290803878}"
0.896,-0.05432259218168104,1.4230486544379635,0.0,1.4285714285714288,77.62008050315633,440.0,-20000.0,-5.49018530717959,30.0,-1000.0,0.05432259218168104,0.12620986987187247,0.0,1.5006675651265908,normal,0.0,"{""progress_diff"": 0.0019404727672160949, ""r_progress"": 0.0388094553443219, ""r_track"": -0.026230613522997638, ""r_dir"": -6.028426941433655e-05, ""r_time"": -1.0, ""r_smooth"": 0.0, ""total"": -0.9874814424480901}"
0.897,-0.05473542110849286,1.3474561228833246,0.0,1.3474561228833246,75.59365882507541,420.0,-20000.0,-5.46118530717959,29.0,-1000.0,0.05473542110849286,0.13082536322153743,1.0,1.4230486544379488,corner,1.0,"{""progress_diff"": 0.001889813288865838, ""r_progress"": 0.03779626577731676, ""r_track"": 0.0, ""r_dir"": -2.9824544959356102e-05, ""r_time"": -1.0, ""r_smooth"": -0.24420499999999998, ""total"": -1.2064385587676425}"
0.898,-0.05513497248259509,1.2738906997074684,0.0,1.2738906997074684,73.56650819729973,400.0,-20000.0,-5.4311853071795895,30.0,1000.0,0.05513497248259509,1.0266430269016145,1.0,1.3474561228833153,corner,1.0,"{""progress_diff"": 0.0018391355793964115, ""r_progress"": 0.03678271158792823, ""r_track"": 0.0, ""r_dir"": -2.949777384092318e-05, ""r_time"": -1.0, ""r_smooth"": -0.2445, ""total"": -1.2077467861859126}"
0.899,-0.05552129223157416,1.202353155769397,0.0,1.2244897959183678,71.5385870397224,380.0,-20000.0,-5.40018530717959,31.0,1000.0,0.05552129223157416,1.859466185249857,1.0,1.273890699707458,corner,1.0,"{""progress_diff"": 0.0017884385984517914, ""r_progress"": 0.03576877196903583, ""r_track"": 0.0, ""r_dir"": -2.9162001351879213e-05, ""r_time"": -1.0, ""r_smooth"": -0.244805, ""total"": -1.209065390032316}"
0.9,-0.05589457121308076,1.1328443079679147,0.0,1.1328443079679147,69.50985009254197,360.0,-20000.0,-5.3701853071795895,30.0,-1000.0,0.05589457121308075,0.14530846304289993,1.0,1.2023531557693872,corner,1.0,"{""progress_diff"": 0.001737721195037012, ""r_progress"": 0.03475442390074024, ""r_track"": 0.0, ""r_dir"": -2.883889023344632e-05, ""r_time"": -1.0, ""r_smooth"": -0.2445, ""total"": -1.2097744149894931}"
0.901,-0.05625485904988221,1.0653650218027781,0.0,1.0653650218027781,67.48024798918375,340.0,-20000.0,-5.33918530717959,31.0,1000.0,0.05625485904988221,0.5332351652569722,1.0,1.1328443079679076,corner,1.0,"{""progress_diff"": 0.0016869821541284358, ""r_progress"": 0.033739643082568715, ""r_track"": 0.0, ""r_dir"": -2.8506899744402346e-05, ""r_time"": -1.0, ""r_smooth"": -0.244805, ""total"": -1.2110938638171758}"
0.902,-0.0566023421447438,0.9999162175392932,0.0,1.0204081632653068,65.44972669172259,320.0,-20000.0,-5.30918530717959,30.0,-1000.0,0.0566023421447438,0.15501691457150554,1.0,1.0653650218027693,corner,1.0,"{""progress_diff"": 0.0016362201065870385, ""r_progress"": 0.03272440213174077, ""r_track"": 0.0, ""r_dir"": -2.81874486259742e-05, ""r_time"": -1.0, ""r_smooth"": -0.2445, ""total"": -1.2118037853168853}"
0.903,-0.056937200578787386,0.9364988746684633,0.0,0.9364988746684633,63.418226930175635,300.0,-20000.0,-5.28018530717959,29.0,-1000.0,0.056937200578787386,0.15963240792117048,1.0,0.9999162175392868,corner,1.0,"{""progress_diff"": 0.0015854335717707668, ""r_progress"": 0.031708671435415337, ""r_track"": 0.0, ""r_dir"": -2.7880356878152478e-05, ""r_time"": -1.0, ""r_smooth"": -0.24420499999999998, ""total"": -1.2125242089214627}"
0.904,-0.05725960808129955,0.8751140378690853,0.0,0.8751140378690853,61.385683473298094,280.0,-20000.0,-5.25218530717959,28.0,-1000.0,0.05725960808129955,0.16408874632774348,1.0,0.9364988746684588,corner,1.0,"{""progress_diff"": 0.001534620919984353, ""r_progress"": 0.03069241839968706, ""r_track"": 0.0, ""r_dir"": -2.7585450500955975e-05, ""r_time"": -1.0, ""r_smooth"": -0.24392, ""total"": -1.2132551670508138}"
0.905,-0.057569613292984066,0.815762823180124,0.0,0.8163265306122458,59.352024298135234,260.0,-20000.0,-5.22318530717959,29.0,1000.0,0.057569613292984066,0.6796523837856638,1.0,0.875114037869082,corner,1.0,"{""progress_diff"": 0.0014837803672240746, ""r_progress"": 0.02967560734448149, ""r_track"": 0.0, ""r_dir"": -2.728166475313431e-05, ""r_time"": -1.0, ""r_smooth"": -0.24420499999999998, ""total"": -1.2145566743202716}"
0.906,-0.057867270638002385,0.7584464264891635,0.0,0.7584464264891635,57.317169587572934,240.0,-20000.0,-5.19318530717959,30.0,1000.0,0.057867270638002385,1.8802949531005715,1.0,0.8157628231801226,corner,1.0,"{""progress_diff"": 0.0014329099172738502, ""r_progress"": 0.028658198345477004, ""r_track"": 0.0, ""r_dir"": -2.696917363470612e-05, ""r_time"": -1.0, ""r_smooth"": -0.2445, ""total"": -1.2158687708281577}"
0.907,-0.0581527508550189,0.7031661330401191,0.0,0.7031661330401191,55.281030587053706,220.0,-20000.0,-5.16418530717959,29.0,-1000.0,0.0581527508550189,0.1780943813198303,1.0,0.758446426489165,corner,1.0,"{""progress_diff"": 0.0013820073362261764, ""r_progress"": 0.02764014672452353, ""r_track"": 0.0, ""r_dir"": -2.6668809886889116e-05, ""r_time"": -1.0, ""r_smooth"": -0.24420499999999998, ""total"": -1.2165915220853634}"
0.908,-0.05842611169172955,0.6499233265511337,0.0,0.6499233265511337,53.24350823312255,200.0,-20000.0,-5.13418530717959,30.0,1000.0,0.05842611169172955,0.3577417010354536,1.0,0.7031661330401207,corner,1.0,"{""progress_diff"": 0.001331070162224668, ""r_progress"": 0.026621403244493358, ""r_track"": 0.0, ""r_dir"": -2.6359858768456326e-05, ""r_time"": -1.0, ""r_smooth"": -0.2445, ""total"": -1.217904956614275}"
0.909,-0.05868741656590166,0.5987195018621775,0.0,0.6122448979591848,51.204491434000545,180.0,-20000.0,-5.10318530717959,31.0,1000.0,0.05868741656590166,0.6840462349339523,1.0,0.6499233265511322,corner,1.0,"{""progress_diff"": 0.0012800956172238642, ""r_progress"": 0.025601912344477284, ""r_track"": 0.0, ""r_dir"": -2.6042500279412307e-05, ""r_time"": -1.0, ""r_smooth"": -0.244805, ""total"": -1.219229130155802}"
0.91,-0.058936734516702796,0.5495562789733328,0.0,0.5495562789733328,49.16385505896397,160.0,-20000.0,-5.07118530717959,32.0,1000.0,0.058936734516702796,0.8849651752974297,1.0,0.5987195018621776,corner,1.0,"{""progress_diff"": 0.0012290805722211529, ""r_progress"": 0.024581611444423057, ""r_track"": 0.0, ""r_dir"": -2.5716920419752495e-05, ""r_time"": -1.0, ""r_smooth"": -0.24512, ""total"": -1.2205641054759968}"
0.911,-0.05917414014694673,0.502435419566164,0.0,0.502435419566164,47.12145745521294,140.0,-20000.0,-5.03818530717959,33.0,1000.0,0.05917414014694673,1.5719843990885058,1.0,0.5495562789733341,corner,1.0,"{""progress_diff"": 0.0011780214851790927, ""r_progress"": 0.023560429703581853, ""r_track"": 0.0, ""r_dir"": -2.5383311189481397e-05, ""r_time"": -1.0, ""r_smooth"": -0.245445, ""total"": -1.2219099536076077}"
0.912,-0.059399713554086166,0.45735884658514897,0.0,0.4573588465851489,45.07713738775768,120.0,-20000.0,-5.00418530717959,34.0,1000.0,0.059399713554086166,1.8831610980711242,1.0,0.5024354195661687,corner,1.0,"{""progress_diff"": 0.0011269143245253854, ""r_progress"": 0.02253828649050771, ""r_track"": 0.0, ""r_dir"": -2.5041870588594504e-05, ""r_time"": -1.0, ""r_smooth"": -0.24578, ""total"": -1.223266755380081}"
0.913,-0.0596135402471339,0.4143286676255391,0.0,0.4143286676255391,43.030710232933785,100.0,-20000.0,-4.96918530717959,35.0,1000.0,0.0596135402471339,0.10181013399096464,1.0,0.45735884658515147,corner,1.0,"{""progress_diff"": 0.011433971164628853, ""r_progress"": 0.22867942329257707, ""r_track"": 0.0, ""r_dir"": -2.469280261708743e-05, ""r_time"": -1.0, ""r_smooth"": -0.24612499999999998, ""total"": -1.01747026951004}"
