{
  "rows": [
    {
      "ablation_key": "train|kcm=True|smooth=True",
      "count": 4,
      "success_rate_mean": 1.0,
      "success_rate_std": 0.0,
      "stall_rate_mean": 0.0,
      "stall_rate_std": 0.0,
      "mean_progress_final_mean": 1.0,
      "mean_progress_final_std": 0.0,
      "max_abs_contour_error_mean": 0.06428704116954087,
      "max_abs_contour_error_std": 0.0004707857992232441,
      "mean_steps_mean": 766.925,
      "mean_steps_std": 88.15620724032996,
      "trace_rmse_error_mean": 0.028832270028232434,
      "trace_rmse_error_std": 0.00106747352786443,
      "trace_mean_velocity_mean": 46.04425962808883,
      "trace_mean_velocity_std": 4.8203972978931064,
      "trace_mean_jerk_mean": 19980.05400775315,
      "trace_mean_jerk_std": 26.65553901816701,
      "trace_mean_kcm_intervention_mean": 0.803846678310432,
      "trace_mean_kcm_intervention_std": 0.17196052200098427,
      "trace_corner_peak_abs_omega_mean": 6.283185307179586,
      "trace_corner_peak_abs_omega_std": 0.0,
      "trace_corner_mean_abs_domega_mean": 9.348445936643852,
      "trace_corner_mean_abs_domega_std": 5.347373436522155,
      "trace_corner_min_velocity_mean": 3.2513564790882796,
      "trace_corner_min_velocity_std": 1.9279582020457484,
      "trace_corner_v_drop_ratio_mean": 0.06619033352068522,
      "trace_corner_v_drop_ratio_std": 0.03825833410330134,
      "trace_recovery_mean_abs_error_mean": 0.020816407335126706,
      "trace_recovery_mean_abs_error_std": 0.0003458575223033255,
      "trace_recovery_outside_rate_mean": 0.0,
      "trace_recovery_outside_rate_std": 0.0,
      "trace_corner_count_mean": 3.0,
      "trace_corner_count_std": 0.0
    }
  ],
  "count": 1
}