{
  "rows": [
    {
      "run_id": "P0_gold_20251230_034122",
      "bundle_path": "artifacts\\P0_L2\\P0_gold_20251230_034122",
      "mode": "train",
      "enable_kcm": true,
      "smooth_weight": 0.05,
      "baseline_ref": null,
      "git_hash": "44fbb98cd29d7bf42e8d357ec1e960b7df4a5a57",
      "config_hash": "acc75056b1de60643e859cd0526e02387c63cb0fa88eea830028bb4782171a0f",
      "checkpoint_hash": "5ad2b6c63fa5f9f9b643fa286e0f661a4224e2a0ef7fc1aedb10e634fbab4df0",
      "eval_pass": true,
      "smoke_pass": true,
      "verdict_pass": true,
      "episodes": 50,
      "seed_eval": 42,
      "episode_set": null,
      "success_rate": 1.0,
      "stall_rate": 0.0,
      "mean_progress_final": 1.0,
      "max_abs_contour_error": 0.06469480202631317,
      "has_non_finite": false,
      "half_epsilon": 0.75,
      "mean_steps": 916.7,
      "max_steps": 960,
      "summary_path": "artifacts\\P0_L2\\P0_gold_20251230_034122\\eval\\run2\\summary.json",
      "summary_raw_path": "artifacts\\P0_L2\\P0_gold_20251230_034122\\eval\\run2\\summary_raw.json",
      "smoke_path": "artifacts\\P0_L2\\P0_gold_20251230_034122\\smoke\\summary.json",
      "trace_path": "artifacts\\P0_L2\\P0_gold_20251230_034122\\rollout_det\\trace.csv",
      "trace_steps": 731.0,
      "trace_rmse_error": 0.030515345944794964,
      "trace_max_abs_error": 0.06379457379489217,
      "trace_mean_velocity": 54.35044600178278,
      "trace_mean_jerk": 19935.10101034224,
      "trace_mean_kcm_intervention": 0.5061246776573661,
      "trace_corner_min_velocity": 5.050605448841465,
      "trace_corner_v_drop_ratio": 0.08563681916943465,
      "trace_corner_peak_abs_omega": 6.283185307179586,
      "trace_corner_mean_abs_domega": 18.5869314669188,
      "trace_corner_count": 3.0,
      "trace_recovery_mean_abs_error": 0.020972308097898632,
      "trace_recovery_outside_rate": 0.0,
      "ablation_key": "train|kcm=True|smooth=True"
    }
  ],
  "count": 1
}