run_id,bundle_path,trace_path,trace_steps,trace_rmse_error,trace_max_abs_error,trace_mean_velocity,trace_mean_jerk,trace_mean_kcm_intervention,trace_corner_peak_abs_omega,trace_corner_mean_abs_domega,trace_corner_min_velocity,trace_corner_v_drop_ratio,trace_recovery_mean_abs_error,trace_recovery_outside_rate,trace_corner_count
20260104_055740,artifacts\B2a\20260104_055740,artifacts\B2a\20260104_055740\rollout_det\trace.csv,908.0,0.028898551235298147,0.0638797751206166,43.78830555195624,20000.0,0.8958769830964406,6.283185307179586,6.532846715328467,4.028240326914195,0.0907830770246935,0.02125184820073156,0.0,3.0
20260104_003215,artifacts\B2a_short\20260104_003215,artifacts\B2a_short\20260104_003215\rollout_det\trace.csv,935.0,0.027648774353511662,0.06090041943136271,42.48989677749744,19985.115020670357,0.9097893763534425,6.283185307179586,6.623655913978495,0.0,0.0,0.020308942461840854,0.0,3.0
20260104_015048,artifacts\B2a_short\20260104_015048,artifacts\B2a_short\20260104_015048\rollout_det\trace.csv,913.0,0.02826640857932496,0.0638509506910836,43.54839018111885,20000.0,0.9035956761344788,6.283185307179586,5.65034965034965,3.926580140597459,0.08834143788861273,0.020732530580035786,0.0,3.0
P0_gold_20251230_034122,artifacts\P0_L2\P0_gold_20251230_034122,artifacts\P0_L2\P0_gold_20251230_034122\rollout_det\trace.csv,731.0,0.030515345944794964,0.06379457379489217,54.35044600178278,19935.10101034224,0.5061246776573661,6.283185307179586,18.5869314669188,5.050605448841465,0.08563681916943465,0.020972308097898632,0.0,3.0
