episode_idx,reward,actor_loss,critic_loss,wall_time
0,2754.5517957823563,-0.00875626876950264,0.8397514820098877,8.950171600008616
1,3119.97654544725,0.06749491393566132,1.1993874311447144,14.864399600002798
2,2891.3654423230114,0.07420548051595688,1.158815622329712,20.57391410000855
3,2895.2542933698896,0.08277955651283264,1.132491111755371,26.264725700006238
4,3221.891980927797,0.10672829300165176,1.304844617843628,35.04350460000569
5,3006.8282402109758,0.11226377636194229,1.2219741344451904,41.92137820000062
6,3302.769613929664,0.1391066312789917,1.3749526739120483,47.064162000009674
7,3002.7759194833397,0.19675369560718536,1.3784770965576172,52.96447590000753
